Salt,Temperature_C,Molality_molkg,Pressure_MPa,m_free_K,m_free_Cl,m_free_Na,m_free_Mg,m_free_SO4,m_free_NH4,m_free_Ca,m_pair_KSO4,m_pair_NaSO4,m_pair_MgSO4,I_eff,I_formal
CaCl2,5.0,7.6e-05,0.1,0.0,0.00015199524372004375,0.0,0.0,0.0,0.0,7.599522007092584e-05,0.0,0.0,0.0,0.00022803451501739338,0.000228
CaCl2,5.0,0.000755,0.1,0.0,0.0015095990030245252,0.0,0.0,0.0,0.0,0.0007545987958472925,0.0,0.0,0.0,0.002264243515751095,0.002265
CaCl2,5.0,0.00755,0.1,0.0,0.015073606218134522,0.0,0.0,0.0,0.0,0.007523604750574213,0.0,0.0,0.0,0.022597261048715123,0.02265
CaCl2,5.0,0.0755,0.1,0.0,0.1496907692150682,0.0,0.0,0.0,0.0,0.07419076133848952,0.0,0.0,0.0,0.22388158691342663,0.22649999999999998
CaCl2,5.0,0.3773,0.1,0.0,0.7149586653126437,0.0,0.0,0.0,0.0,0.3376586305426029,0.0,0.0,0.0,1.052617336195366,1.1319000000000001
CaCl2,10.0,7.6e-05,0.1,0.0,0.00015199513046549378,0.0,0.0,0.0,0.0,7.599509569065193e-05,0.0,0.0,0.0,0.0002280455994809498,0.000228
CaCl2,10.0,0.000755,0.1,0.0,0.0015095877770113402,0.0,0.0,0.0,0.0,0.0007545874710866333,0.0,0.0,0.0,0.0022642326356924407,0.002265
CaCl2,10.0,0.00755,0.1,0.0,0.015072574153336862,0.0,0.0,0.0,0.0,0.007522571963754597,0.0,0.0,0.0,0.022595208661887706,0.02265
CaCl2,10.0,0.0755,0.1,0.0,0.14961657788062682,0.0,0.0,0.0,0.0,0.07411656599205255,0.0,0.0,0.0,0.22373321317698913,0.22649999999999998
CaCl2,10.0,0.3773,0.1,0.0,0.7134167690894853,0.0,0.0,0.0,0.0,0.3361167190372668,0.0,0.0,0.0,1.0495335363379135,1.1319000000000001
CaCl2,25.0,7.6e-05,0.1,0.0,0.00015199450517019322,0.0,0.0,0.0,0.0,7.599440273161546e-05,0.0,0.0,0.0,0.00022809117984592213,0.000228
CaCl2,25.0,0.000755,0.1,0.0,0.0015095296211494575,0.0,0.0,0.0,0.0,0.0007545287114981284,0.0,0.0,0.0,0.0022641638715091964,0.002265
CaCl2,25.0,0.00755,0.1,0.0,0.015067775752251834,0.0,0.0,0.0,0.0,0.0075177691123286235,0.0,0.0,0.0,0.022585657923347952,0.02265
CaCl2,25.0,0.0755,0.1,0.0,0.14930080091570022,0.0,0.0,0.0,0.0,0.07380076464413216,0.0,0.0,0.0,0.2231016840765124,0.22649999999999998
CaCl2,25.0,0.3773,0.1,0.0,0.7068672429454965,0.0,0.0,0.0,0.0,0.3295671103718253,0.0,0.0,0.0,1.0364344288755736,1.1319000000000001
CaCl2,35.0,7.6e-05,0.1,0.0,0.00015199385321545413,0.0,0.0,0.0,0.0,7.599365385019166e-05,0.0,0.0,0.0,0.0002281337826523632,0.000228
CaCl2,35.0,0.000755,0.1,0.0,0.0015094703013307474,0.0,0.0,0.0,0.0,0.0007544685232322325,0.0,0.0,0.0,0.002264089304586256,0.002265
CaCl2,35.0,0.00755,0.1,0.0,0.015063080180562655,0.0,0.0,0.0,0.0,0.007513067124588702,0.0,0.0,0.0,0.02257630628734617,0.02265
CaCl2,35.0,0.0755,0.1,0.0,0.14900413542839686,0.0,0.0,0.0,0.0,0.07350406515441996,0.0,0.0,0.0,0.22250835976196084,0.22649999999999998
CaCl2,35.0,0.3773,0.1,0.0,0.7009561738333328,0.0,0.0,0.0,0.0,0.3236559398136522,0.0,0.0,0.0,1.0246122096695522,1.1319000000000001
CaCl2,45.0,7.6e-05,0.1,0.0,0.00015199299186136625,0.0,0.0,0.0,0.0,7.599261812942982e-05,0.0,0.0,0.0,0.00022818773481487903,0.000228
CaCl2,45.0,0.000755,0.1,0.0,0.0015093923872417456,0.0,0.0,0.0,0.0,0.000754389043468709,0.0,0.0,0.0,0.002263988647134027,0.002265
CaCl2,45.0,0.00755,0.1,0.0,0.015056982431349853,0.0,0.0,0.0,0.0,0.007506957862855212,0.0,0.0,0.0,0.022564155612623267,0.02265
CaCl2,45.0,0.0755,0.1,0.0,0.14862459701663341,0.0,0.0,0.0,0.0,0.07312446840091545,0.0,0.0,0.0,0.22174926973537432,0.22649999999999998
CaCl2,45.0,0.3773,0.1,0.0,0.6937849311769159,0.0,0.0,0.0,0.0,0.31648453955552075,0.0,0.0,0.0,1.0102695881081343,1.1319000000000001
CaCl2,70.0,7.6e-05,0.1,0.0,0.00015198964193360414,0.0,0.0,0.0,0.0,7.598807865732552e-05,0.0,0.0,0.0,0.00022837782433545435,0.000228
CaCl2,70.0,0.000755,0.1,0.0,0.0015090901347288965,0.0,0.0,0.0,0.0,0.0007540761136971561,0.0,0.0,0.0,0.0022635717798185355,0.002265
CaCl2,70.0,0.00755,0.1,0.0,0.015033454656928865,0.0,0.0,0.0,0.0,0.0074833540572178565,0.0,0.0,0.0,0.022517205954134638,0.02265
CaCl2,70.0,0.0755,0.1,0.0,0.14718923726446126,0.0,0.0,0.0,0.0,0.07168876858232479,0.0,0.0,0.0,0.2188783260378641,0.22649999999999998
CaCl2,70.0,0.3773,0.1,0.0,0.669993211202906,0.0,0.0,0.0,0.0,0.2926920377299353,0.0,0.0,0.0,0.96268541912573,1.1319000000000001
CaCl2,90.0,7.6e-05,0.1,0.0,0.00015198512680529284,0.0,0.0,0.0,0.0,7.598077223814248e-05,0.0,0.0,0.0,0.0002285869711941315,0.000228
CaCl2,90.0,0.000755,0.1,0.0,0.00150868236487854,0.0,0.0,0.0,0.0,0.0007536435102099124,0.0,0.0,0.0,0.002262946523217355,0.002265
CaCl2,90.0,0.00755,0.1,0.0,0.015001736926415028,0.0,0.0,0.0,0.0,0.007451471899576378,0.0,0.0,0.0,0.022453774461026695,0.02265
CaCl2,90.0,0.0755,0.1,0.0,0.14531936240166232,0.0,0.0,0.0,0.0,0.06981827092015223,0.0,0.0,0.0,0.2151380285297756,0.22649999999999998
CaCl2,90.0,0.3773,0.1,0.0,0.6446104144545588,0.0,0.0,0.0,0.0,0.26730800067093047,0.0,0.0,0.0,0.9119186229955181,1.1319000000000001
CaSO4,5.0,7.6e-05,0.1,0.0,0.0,0.0,0.0,7.543928694146796e-05,0.0,7.54394388283519e-05,0.0,0.0,0.0,0.00030180174430050836,0.000304
CaSO4,5.0,0.00102,0.1,0.0,0.0,0.0,0.0,0.0009612412433420111,0.0,0.0009612428451786873,0.0,0.0,0.0,0.0038450159295278013,0.00408
CaSO4,5.0,0.01245,0.1,0.0,0.0,0.0,0.0,0.01030487850144275,0.0,0.010304888590203265,0.0,0.0,0.0,0.041219595323291496,0.0498
CaSO4,10.0,7.6e-05,0.1,0.0,0.0,0.0,0.0,7.543045224839378e-05,0.0,7.543066490744639e-05,0.0,0.0,0.0,0.000301777925257969,0.000304
CaSO4,10.0,0.00102,0.1,0.0,0.0,0.0,0.0,0.0009597977511849376,0.0,0.0009597999976478139,0.0,0.0,0.0,0.003839255610372802,0.00408
CaSO4,10.0,0.01245,0.1,0.0,0.0,0.0,0.0,0.010217078084755365,0.0,0.010217092109196626,0.0,0.0,0.0,0.040868418078824215,0.0498
CaSO4,25.0,7.6e-05,0.1,0.0,0.0,0.0,0.0,7.537451469436623e-05,0.0,7.537508987138411e-05,0.0,0.0,0.0,0.0003016021938650638,0.000304
CaSO4,25.0,0.00102,0.1,0.0,0.0,0.0,0.0,0.0009527016395578284,0.0,0.0009527076907876206,0.0,0.0,0.0,0.0038109306537864327,0.00408
CaSO4,25.0,0.01245,0.1,0.0,0.0,0.0,0.0,0.009878393953926331,0.0,0.009878429962862855,0.0,0.0,0.0,0.039513798851169804,0.0498
CaSO4,35.0,7.6e-05,0.1,0.0,0.0,0.0,0.0,7.531568489918029e-05,0.0,7.531678002897531e-05,0.0,0.0,0.0,0.00030141242148172466,0.000304
CaSO4,35.0,0.00102,0.1,0.0,0.0,0.0,0.0,0.0009459566920160759,0.0,0.0009459680990026913,0.0,0.0,0.0,0.003784011425994399,0.00408
CaSO4,35.0,0.01245,0.1,0.0,0.0,0.0,0.0,0.009601560326455557,0.0,0.00960162489403578,0.0,0.0,0.0,0.03840659783913537,0.0498
CaSO4,45.0,7.6e-05,0.1,0.0,0.0,0.0,0.0,7.523952104917607e-05,0.0,7.52415674091067e-05,0.0,0.0,0.0,0.00030116637239534325,0.000304
CaSO4,45.0,0.00102,0.1,0.0,0.0,0.0,0.0,0.0009376544002856927,0.0,0.0009376753694946652,0.0,0.0,0.0,0.0037508865922005127,0.00408
CaSO4,45.0,0.01245,0.1,0.0,0.0,0.0,0.0,0.009290748728599287,0.0,0.009290860019164798,0.0,0.0,0.0,0.03716355345190531,0.0498
CaSO4,70.0,7.6e-05,0.1,0.0,0.0,0.0,0.0,7.495710288003519e-05,0.0,7.496605114266229e-05,0.0,0.0,0.0,0.0003002541089427734,0.000304
CaSO4,70.0,0.00102,0.1,0.0,0.0,0.0,0.0,0.0009094772302201048,0.0,0.0009095622061823262,0.0,0.0,0.0,0.0036385599700683616,0.00408
CaSO4,70.0,0.01245,0.1,0.0,0.0,0.0,0.0,0.008390890149852694,0.0,0.008391253224288851,0.0,0.0,0.0,0.03356513087623148,0.0498
CaSO4,90.0,7.6e-05,0.1,0.0,0.0,0.0,0.0,7.459521428557927e-05,0.0,7.462181327695493e-05,0.0,0.0,0.0,0.0002990763364103635,0.000304
CaSO4,90.0,0.00102,0.1,0.0,0.0,0.0,0.0,0.0008778601030572857,0.0,0.0008780867153480442,0.0,0.0,0.0,0.0035127182199827215,0.00408
CaSO4,90.0,0.01245,0.1,0.0,0.0,0.0,0.0,0.0075725343640363095,0.0,0.007573318091823777,0.0,0.0,0.0,0.03029340461408973,0.0498
K2SO4,5.0,0.000102,0.1,0.00020385781297133364,0.0,0.0,0.0,0.00010185757713462951,0.0,0.0,1.4218467938247924e-07,0.0,0.0,0.0003057594667992446,0.000306
K2SO4,5.0,0.00105,0.1,0.0020876410979242515,0.0,0.0,0.0,0.0010376390521775263,0.0,0.0,1.2358878819752746e-05,0.0,0.0,0.0031253253952466804,0.00315
K2SO4,5.0,0.01061,0.1,0.020488307486552577,0.0,0.0,0.0,0.00987829502946938,0.0,0.0,0.0007316922956306178,0.0,0.0,0.030366648498422036,0.03183
K2SO4,5.0,0.1048,0.1,0.18235248050802572,0.0,0.0,0.0,0.07755243435020945,0.0,0.0,0.02724751760791864,0.0,0.0,0.25990495662606017,0.3144
K2SO4,5.0,0.2029,0.1,0.3287793198353827,0.0,0.0,0.0,0.12587925656103457,0.0,0.0,0.07702067663291404,0.0,0.0,0.4546586135233683,0.6087
K2SO4,5.0,0.4783,0.1,0.6661558875735688,0.0,0.0,0.0,0.18785580031115176,0.0,0.0,0.290444104407711,0.0,0.0,0.8540117164937179,1.4349
K2SO4,10.0,0.000102,0.1,0.00020385913983678638,0.0,0.0,0.0,0.00010185880773217009,0.0,0.0,1.4085703352976383e-07,0.0,0.0,0.00030577333338805974,0.000306
K2SO4,10.0,0.00105,0.1,0.0020876967150751744,0.0,0.0,0.0,0.0010376938280879941,0.0,0.0,1.2303253813109247e-05,0.0,0.0,0.0031254471915739125,0.00315
K2SO4,10.0,0.01061,0.1,0.020483324359912243,0.0,0.0,0.0,0.009873306839142231,0.0,0.0,0.0007366753437811163,0.0,0.0,0.03035668791158114,0.03183
K2SO4,10.0,0.1048,0.1,0.1819030442048991,0.0,0.0,0.0,0.07710298039976933,0.0,0.0,0.027696953150035775,0.0,0.0,0.2590060746918389,0.3144
K2SO4,10.0,0.2029,0.1,0.3277513064657417,0.0,0.0,0.0,0.12485121984756298,0.0,0.0,0.07804868853735056,0.0,0.0,0.4526025705605442,0.6087
K2SO4,10.0,0.4783,0.1,0.6645407856787545,0.0,0.0,0.0,0.18624066775872805,0.0,0.0,0.2920592029199333,0.0,0.0,0.8507814874661005,1.4349
K2SO4,25.0,0.000102,0.1,0.00020385479151031752,0.0,0.0,0.0,0.00010185388288406887,0.0,0.0,1.4520159996685384e-07,0.0,0.0,0.00030581081954126775,0.000306
K2SO4,25.0,0.00105,0.1,0.0020871568063217344,0.0,0.0,0.0,0.0010371489051891195,0.0,0.0,1.2843124143918709e-05,0.0,0.0,0.0031244087353376297,0.00315
K2SO4,25.0,0.01,0.1,0.01928483312249508,0.0,0.0,0.0,0.009284788256490503,0.0,0.0,0.0007151662150805183,0.0,0.0,0.028569719061570534,0.03
K2SO4,25.0,0.01,56.2,0.0193267210400661,0.0,0.0,0.0,0.009326682139834164,0.0,0.0,0.0006732783225313988,0.0,0.0,0.0286535355859973,0.03
K2SO4,25.0,0.01,108.8,0.019311966830508155,0.0,0.0,0.0,0.009311932079554563,0.0,0.0,0.0006880325240031427,0.0,0.0,0.02862406768281483,0.03
K2SO4,25.0,0.01,156.5,0.01926348212971311,0.0,0.0,0.0,0.009263450280580987,0.0,0.0,0.0007365171990598123,0.0,0.0,0.028527137702801825,0.03
K2SO4,25.0,0.01,209.6,0.019172259224743613,0.0,0.0,0.0,0.00917222992420439,0.0,0.0,0.0008277400585542849,0.0,0.0,0.02834473951000671,0.03
K2SO4,25.0,0.01,235.8,0.019112052586101252,0.0,0.0,0.0,0.009112024347139933,0.0,0.0,0.0008879466687803152,0.0,0.0,0.0282243513996412,0.03
K2SO4,25.0,0.01,261.0,0.019043875728042517,0.0,0.0,0.0,0.00904384841614724,0.0,0.0,0.0009561234959037564,0.0,0.0,0.028088023042253097,0.03
K2SO4,25.0,0.01,273.4,0.01900640252672524,0.0,0.0,0.0,0.009006375642434904,0.0,0.0,0.0009935966807121633,0.0,0.0,0.028013089556061736,0.03
K2SO4,25.0,0.01,303.7,0.018903155025918286,0.0,0.0,0.0,0.008903129121040817,0.0,0.0,0.0010968441376131008,0.0,0.0,0.02780662740119724,0.03
K2SO4,25.0,0.01,369.8,0.018613288817099213,0.0,0.0,0.0,0.008613264820551754,0.0,0.0,0.0013867102329631975,0.0,0.0,0.0272269734978909,0.03
K2SO4,25.0,0.01061,0.1,0.02043016718679539,0.0,0.0,0.0,0.009820120569327292,0.0,0.0,0.0007898321101485439,0.0,0.0,0.03025038514745141,0.03183
K2SO4,25.0,0.02499,0.1,0.046777489472282004,0.0,0.0,0.0,0.021787411747710726,0.0,0.0,0.0032025088673651816,0.0,0.0,0.06856499351747343,0.07497
K2SO4,25.0,0.02499,54.0,0.04695048615376978,0.0,0.0,0.0,0.021960416230318285,0.0,0.0,0.0030295122953488646,0.0,0.0,0.06891102969775892,0.07497
K2SO4,25.0,0.02499,106.7,0.04689626880947487,0.0,0.0,0.0,0.021906205147710123,0.0,0.0,0.0030837296596747258,0.0,0.0,0.06880263992034018,0.07497
K2SO4,25.0,0.02499,172.0,0.046596145338284316,0.0,0.0,0.0,0.021606087954504923,0.0,0.0,0.003383853079228967,0.0,0.0,0.06820245351097523,0.07497
K2SO4,25.0,0.02499,243.0,0.04599827456582513,0.0,0.0,0.0,0.021008222706548906,0.0,0.0,0.0039817237252108345,0.0,0.0,0.06700678529713412,0.07497
K2SO4,25.0,0.02499,259.9,0.04581275150055351,0.0,0.0,0.0,0.020822700819380462,0.0,0.0,0.004167246751166513,0.0,0.0,0.0666357579617763,0.07497
K2SO4,25.0,0.02499,285.9,0.04549298359083119,0.0,0.0,0.0,0.02050293465032729,0.0,0.0,0.004487014593973752,0.0,0.0,0.06599625217010968,0.07497
K2SO4,25.0,0.02499,308.7,0.04517701830755373,0.0,0.0,0.0,0.020186970837895914,0.0,0.0,0.004802979812343092,0.0,0.0,0.06536434910529032,0.07497
K2SO4,25.0,0.02499,353.0,0.044463293663504884,0.0,0.0,0.0,0.01947324895865423,0.0,0.0,0.005516704314164623,0.0,0.0,0.06393695660272049,0.07497
K2SO4,25.0,0.02499,416.2,0.043204781408313006,0.0,0.0,0.0,0.018214740589336673,0.0,0.0,0.006775216330838559,0.0,0.0,0.06142002146307274,0.07497
K2SO4,25.0,0.09842,0.1,0.1695728900896434,0.0,0.0,0.0,0.07115273658317883,0.0,0.0,0.027267103426266828,0.0,0.0,0.24072570600471113,0.29525999999999997
K2SO4,25.0,0.09842,58.3,0.17076831682821308,0.0,0.0,0.0,0.07234817205865982,0.0,0.0,0.026071677420056536,0.0,0.0,0.24311660588947998,0.29525999999999997
K2SO4,25.0,0.09842,105.5,0.1703999431934873,0.0,0.0,0.0,0.07197980583982275,0.0,0.0,0.026440051336281658,0.0,0.0,0.24237990210146426,0.29525999999999997
K2SO4,25.0,0.09842,136.8,0.1696427096876801,0.0,0.0,0.0,0.07122257733321312,0.0,0.0,0.027197284925755218,0.0,0.0,0.24086546672078274,0.29525999999999997
K2SO4,25.0,0.09842,163.3,0.16872068167143855,0.0,0.0,0.0,0.07030055358826362,0.0,0.0,0.028119312963265784,0.0,0.0,0.23902143921956212,0.29525999999999997
K2SO4,25.0,0.09842,188.5,0.16762165424716294,0.0,0.0,0.0,0.06920153026024899,0.0,0.0,0.029218340372348064,0.0,0.0,0.23682341301912013,0.29525999999999997
K2SO4,25.0,0.09842,214.5,0.16627225986790914,0.0,0.0,0.0,0.06785214014921832,0.0,0.0,0.03056773470452305,0.0,0.0,0.23412465540730118,0.29525999999999997
K2SO4,25.0,0.09842,260.6,0.16336989929587706,0.0,0.0,0.0,0.06494978728134142,0.0,0.0,0.03347009512551313,0.0,0.0,0.22831999361546615,0.29525999999999997
K2SO4,25.0,0.09842,294.1,0.16087434745596302,0.0,0.0,0.0,0.06245424118040688,0.0,0.0,0.035965646808166093,0.0,0.0,0.22332893653546668,0.29525999999999997
K2SO4,25.0,0.09842,312.8,0.15934812085546693,0.0,0.0,0.0,0.06092801784506812,0.0,0.0,0.03749187330510172,0.0,0.0,0.22027651067459417,0.29525999999999997
K2SO4,25.0,0.09842,369.1,0.15422695486378118,0.0,0.0,0.0,0.055806861986374745,0.0,0.0,0.042613038921345534,0.0,0.0,0.21003426702339845,0.29525999999999997
K2SO4,25.0,0.1048,0.1,0.1795533357094534,0.0,0.0,0.0,0.07475317785860422,0.0,0.0,0.03004665739017335,0.0,0.0,0.2543065920773197,0.3144
K2SO4,25.0,0.2029,0.1,0.3225343243751113,0.0,0.0,0.0,0.1196341168268518,0.0,0.0,0.08326566235757915,0.0,0.0,0.4421685095465804,0.6087
K2SO4,25.0,0.4783,0.1,0.6553106392616032,0.0,0.0,0.0,0.17701036801434508,0.0,0.0,0.30128933028962607,0.0,0.0,0.8323210599899623,1.4349
K2SO4,35.0,0.000102,0.1,0.00020384659732295964,0.0,0.0,0.0,0.00010184486098864846,0.0,0.0,1.5339162044002808e-07,0.0,0.0,0.0003058373427720792,0.000306
K2SO4,35.0,0.00105,0.1,0.0020863379253560433,0.0,0.0,0.0,0.001036322902727683,0.0,0.0,1.366196157846867e-05,0.0,0.0,0.0031228061008926624,0.00315
K2SO4,35.0,0.01061,0.1,0.020369089256970993,0.0,0.0,0.0,0.009759003601397507,0.0,0.0,0.0008509095422040555,0.0,0.0,0.030128223577653365,0.03183
K2SO4,35.0,0.1048,0.1,0.17735491658315153,0.0,0.0,0.0,0.07255464325801515,0.0,0.0,0.03224507090298433,0.0,0.0,0.24990965888998806,0.3144
K2SO4,35.0,0.2029,0.1,0.3177916214212931,0.0,0.0,0.0,0.11489126951350197,0.0,0.0,0.0880083543560351,0.0,0.0,0.4326829766685326,0.6087
K2SO4,35.0,0.4783,0.1,0.6466936964865041,0.0,0.0,0.0,0.1683932484258304,0.0,0.0,0.30990624805000794,0.0,0.0,0.8150870115904544,1.4349
K2SO4,45.0,0.000102,0.1,0.0002038347567423248,0.0,0.0,0.0,0.00010183150863085413,0.0,0.0,1.6522615857812576e-07,0.0,0.0,0.00030586745314977853,0.000306
K2SO4,45.0,0.00105,0.1,0.002085196416369861,0.0,0.0,0.0,0.0010351685924830383,0.0,0.0,1.4803405827283154e-05,0.0,0.0,0.0031205620556269778,0.00315
K2SO4,45.0,0.01061,0.1,0.02028971330582152,0.0,0.0,0.0,0.009679561850865923,0.0,0.0,0.000930284694959586,0.0,0.0,0.02996944240260806,0.03183
K2SO4,45.0,0.1048,0.1,0.1747637572084666,0.0,0.0,0.0,0.06996330321669576,0.0,0.0,0.034836220809575956,0.0,0.0,0.2447271799817574,0.3144
K2SO4,45.0,0.2029,0.1,0.3123423848746657,0.0,0.0,0.0,0.1094418116761759,0.0,0.0,0.09345757245225307,0.0,0.0,0.4217842998046512,0.6087
K2SO4,45.0,0.4783,0.1,0.6368434143607099,0.0,0.0,0.0,0.1585427020193513,0.0,0.0,0.31975648851425004,0.0,0.0,0.7953861976822282,1.4349
K2SO4,70.0,0.000102,0.1,0.00020378870157218676,0.0,0.0,0.0,0.00010177457085661392,0.0,0.0,2.1125400421779796e-07,0.0,0.0,0.00030595802599700723,0.000306
K2SO4,70.0,0.00105,0.1,0.0020808690047092043,0.0,0.0,0.0,0.001030754260976671,0.0,0.0,1.9130502145097897e-05,0.0,0.0,0.003111985146476082,0.00315
K2SO4,70.0,0.01061,0.1,0.020010037764061683,0.0,0.0,0.0,0.009399505686812094,0.0,0.0,0.0012099556695288347,0.0,0.0,0.029409800683521628,0.03183
K2SO4,70.0,0.1048,0.1,0.16694938576382945,0.0,0.0,0.0,0.06214801096903944,0.0,0.0,0.04265053515718532,0.0,0.0,0.22909756136829842,0.3144
K2SO4,70.0,0.2029,0.1,0.29670294507063155,0.0,0.0,0.0,0.09380128023031144,0.0,0.0,0.10909690231211322,0.0,0.0,0.39050436855906984,0.6087
K2SO4,70.0,0.4783,0.1,0.6093946314198241,0.0,0.0,0.0,0.1310926689948072,0.0,0.0,0.34720502965302763,0.0,0.0,0.7404874180874638,1.4349
K2SO4,90.0,0.000102,0.1,0.0002037311993028365,0.0,0.0,0.0,0.00010168957359290914,0.0,0.0,2.687152457084328e-07,0.0,0.0,0.0003060247952904108,0.000306
K2SO4,90.0,0.00105,0.1,0.002075559641065564,0.0,0.0,0.0,0.0010252483410292292,0.0,0.0,2.443932398999581e-05,0.0,0.0,0.0031013146440883963,0.00315
K2SO4,90.0,0.01061,0.1,0.019692789488145644,0.0,0.0,0.0,0.009081547989026497,0.0,0.0,0.001527194672820868,0.0,0.0,0.028774647218184426,0.03183
K2SO4,90.0,0.1048,0.1,0.15970248819308705,0.0,0.0,0.0,0.054899584127857476,0.0,0.0,0.049897316663432924,0.0,0.0,0.2146022621625704,0.3144
K2SO4,90.0,0.2029,0.1,0.28311712076326045,0.0,0.0,0.0,0.08021370131439236,0.0,0.0,0.12268250739436554,0.0,0.0,0.36333098982929013,0.6087
K2SO4,90.0,0.4783,0.1,0.5867333383900005,0.0,0.0,0.0,0.10842945436463859,0.0,0.0,0.3698658549215897,0.0,0.0,0.6951629361530326,1.4349
KCl,5.0,0.0001,0.1,9.999998260226827e-05,9.999998268170482e-05,0.0,0.0,0.0,0.0,0.0,0.0,0.0,0.0,0.00010004376245325168,0.0001
KCl,5.0,0.001,0.1,0.0009999984500814374,0.0009999984508544714,0.0,0.0,0.0,0.0,0.0,0.0,0.0,0.0,0.0010000434170773151,0.001
KCl,5.0,0.01,0.1,0.009999867796796943,0.009999867803937091,0.0,0.0,0.0,0.0,0.0,0.0,0.0,0.0,0.009999916271783418,0.01
KCl,5.0,0.1,0.1,0.09999060258902726,0.09999060264773767,0.0,0.0,0.0,0.0,0.0,0.0,0.0,0.0,0.09999065940763087,0.1
KCl,5.0,0.5,0.1,0.49981403557571197,0.49981403581244804,0.0,0.0,0.0,0.0,0.0,0.0,0.0,0.0,0.49981409620739026,0.5
KCl,5.0,0.75,0.1,0.7495783550348775,0.7495783553694199,0.0,0.0,0.0,0.0,0.0,0.0,0.0,0.0,0.7495784134769445,0.75
KCl,5.0,1.0,0.1,0.9992165488304444,0.9992165492566105,0.0,0.0,0.0,0.0,0.0,0.0,0.0,0.0,0.9992166041223474,1.0
KCl,5.0,1.5,0.1,1.4979647501025128,1.4979647506926768,0.0,0.0,0.0,0.0,0.0,0.0,0.0,0.0,1.4979647981877546,1.5
KCl,10.0,0.0001,0.1,9.999997972470832e-05,9.999998005316272e-05,0.0,0.0,0.0,0.0,0.0,0.0,0.0,0.0,0.00010005502391880441,0.0001
KCl,10.0,0.001,0.1,0.0009999982076007306,0.0009999982107993441,0.0,0.0,0.0,0.0,0.0,0.0,0.0,0.0,0.0010000547054675362,0.001
KCl,10.0,0.01,0.1,0.009999846659819914,0.009999846689423327,0.0,0.0,0.0,0.0,0.0,0.0,0.0,0.0,0.009999907453664114,0.01
KCl,10.0,0.1,0.1,0.0999890092751219,0.09998900951957518,0.0,0.0,0.0,0.0,0.0,0.0,0.0,0.0,0.09998908030653256,0.1
KCl,10.0,0.5,0.1,0.4997817188720676,0.4997817198595756,0.0,0.0,0.0,0.0,0.0,0.0,0.0,0.0,0.4997817947856176,0.5
KCl,10.0,0.75,0.1,0.7495059698323173,0.749505971226874,0.0,0.0,0.0,0.0,0.0,0.0,0.0,0.0,0.7495060432247045,0.75
KCl,10.0,1.0,0.1,0.9990845869982391,0.9990845887731161,0.0,0.0,0.0,0.0,0.0,0.0,0.0,0.0,0.9990846566904183,1.0
KCl,20.0,0.5,0.1,0.49970136762943246,0.4997013709618626,0.0,0.0,0.0,0.0,0.0,0.0,0.0,0.0,0.49970148227899036,0.5
KCl,20.0,0.75,0.1,0.7493264078874385,0.7493264125836533,0.0,0.0,0.0,0.0,0.0,0.0,0.0,0.0,0.7493265193266425,0.75
KCl,20.0,1.0,0.1,0.9987583690542133,0.9987583750157313,0.0,0.0,0.0,0.0,0.0,0.0,0.0,0.0,0.9987584755681601,1.0
KCl,20.0,1.5,0.1,1.4968392667372339,1.4968392749386408,0.0,0.0,0.0,0.0,0.0,0.0,0.0,0.0,1.4968393616341844,1.5
KCl,25.0,0.0001,0.1,9.999996813696749e-05,9.999996978116226e-05,0.0,0.0,0.0,0.0,0.0,0.0,0.0,0.0,0.00010010169936236772,0.0001
KCl,25.0,0.001,0.1,0.0009999972549243456,0.0009999972709672262,0.0,0.0,0.0,0.0,0.0,0.0,0.0,0.0,0.001000101474606815,0.001
KCl,25.0,0.01,0.1,0.009999763369665378,0.009999763518947892,0.0,0.0,0.0,0.0,0.0,0.0,0.0,0.0,0.009999874945765843,0.01
KCl,25.0,0.05022,0.1,0.05021510921988794,0.05021510989061464,0.0,0.0,0.0,0.0,0.0,0.0,0.0,0.0,0.05021523200179091,0.05022
KCl,25.0,0.05022,25.8,0.05021563898632258,0.050215639389652275,0.0,0.0,0.0,0.0,0.0,0.0,0.0,0.0,0.05021577655418197,0.05022
KCl,25.0,0.05022,51.7,0.05021604876328157,0.0502160488243412,0.0,0.0,0.0,0.0,0.0,0.0,0.0,0.0,0.05021620216006565,0.05022
KCl,25.0,0.05022,55.4,0.05021609929152158,0.050216099296436084,0.0,0.0,0.0,0.0,0.0,0.0,0.0,0.0,0.050216255027667564,0.05022
KCl,25.0,0.05022,76.6,0.05021635721534073,0.050216356857144234,0.0,0.0,0.0,0.0,0.0,0.0,0.0,0.0,0.050216526740686315,0.05022
KCl,25.0,0.05022,102.3,0.050216609801077956,0.05021660889122812,0.0,0.0,0.0,0.0,0.0,0.0,0.0,0.0,0.05021679694236075,0.05022
KCl,25.0,0.05022,128.5,0.050216814621991984,0.050216812992192675,0.0,0.0,0.0,0.0,0.0,0.0,0.0,0.0,0.050217020769242185,0.05022
KCl,25.0,0.05022,154.2,0.05021697521755455,0.050216972687116834,0.0,0.0,0.0,0.0,0.0,0.0,0.0,0.0,0.05021720106805483,0.05022
KCl,25.0,0.05022,160.5,0.050217009476706036,0.0502170066908212,0.0,0.0,0.0,0.0,0.0,0.0,0.0,0.0,0.050217240320971634,0.05022
KCl,25.0,0.05022,184.8,0.05021712552022578,0.05021712159919989,0.0,0.0,0.0,0.0,0.0,0.0,0.0,0.0,0.05021737624236065,0.05022
KCl,25.0,0.05022,211.5,0.05021722758834239,0.050217222097831624,0.0,0.0,0.0,0.0,0.0,0.0,0.0,0.0,0.050217501300883594,0.05022
KCl,25.0,0.05022,270.5,0.05021738002935211,0.05021736944944964,0.0,0.0,0.0,0.0,0.0,0.0,0.0,0.0,0.05021770893698292,0.05022
KCl,25.0,0.1,0.1,0.09998264939926531,0.09998265064546134,0.0,0.0,0.0,0.0,0.0,0.0,0.0,0.0,0.09998277860812071,0.1
KCl,25.0,0.5,0.1,0.49965201371273066,0.4996520187591428,0.0,0.0,0.0,0.0,0.0,0.0,0.0,0.0,0.49965215232054905,0.5
KCl,25.0,1.0,0.1,0.9985590725039706,0.9985590815056496,0.0,0.0,0.0,0.0,0.0,0.0,0.0,0.0,0.9985592019744765,1.0
KCl,35.0,0.0001,0.1,9.999995727807292e-05,9.999996047297588e-05,0.0,0.0,0.0,0.0,0.0,0.0,0.0,0.0,0.00010014552712421328,0.0001
KCl,35.0,0.001,0.1,0.0009999963868160921,0.0009999964180257114,0.0,0.0,0.0,0.0,0.0,0.0,0.0,0.0,0.0010001453473994387,0.001
KCl,35.0,0.01,0.1,0.009999687243418896,0.009999687534752019,0.0,0.0,0.0,0.0,0.0,0.0,0.0,0.0,0.009999846232362998,0.01
KCl,35.0,0.1,0.1,0.09997675455555007,0.09997675700215558,0.0,0.0,0.0,0.0,0.0,0.0,0.0,0.0,0.09997693769147321,0.1
KCl,35.0,0.5,0.1,0.49953109999110645,0.4995311098955023,0.0,0.0,0.0,0.0,0.0,0.0,0.0,0.0,0.4995312969022617,0.5
KCl,35.0,1.0,0.1,0.9980734704764902,0.9980734880282291,0.0,0.0,0.0,0.0,0.0,0.0,0.0,0.0,0.9980736562614412,1.0
KCl,45.0,0.0001,0.1,9.999994315092498e-05,9.999994865729862e-05,0.0,0.0,0.0,0.0,0.0,0.0,0.0,0.0,0.00010020119438001858,0.0001
KCl,45.0,0.001,0.1,0.0009999952808141595,0.0009999953346605769,0.0,0.0,0.0,0.0,0.0,0.0,0.0,0.0,0.0010002010032246443,0.001
KCl,45.0,0.01,0.1,0.009999590042608683,0.009999590546694213,0.0,0.0,0.0,0.0,0.0,0.0,0.0,0.0,0.009999808998912185,0.01
KCl,45.0,0.1,0.1,0.09996914886134674,0.09996915311642338,0.0,0.0,0.0,0.0,0.0,0.0,0.0,0.0,0.09996939985734724,0.1
KCl,45.0,0.5,0.1,0.49937446272319436,0.49937447992266,0.0,0.0,0.0,0.0,0.0,0.0,0.0,0.0,0.49937473324222975,0.5
KCl,45.0,1.0,0.1,0.9974487555174064,0.997448785773686,0.0,0.0,0.0,0.0,0.0,0.0,0.0,0.0,0.9974490131174427,1.0
KCl,70.0,0.0001,0.1,9.999988791987307e-05,9.999990403761356e-05,0.0,0.0,0.0,0.0,0.0,0.0,0.0,0.0,0.00010039890076728316,0.0001
KCl,70.0,0.001,0.1,0.000999991086993976,0.0009999912449706301,0.0,0.0,0.0,0.0,0.0,0.0,0.0,0.0,0.0010003980293219993,0.001
KCl,70.0,0.01,0.1,0.009999220022127643,0.009999221510043321,0.0,0.0,0.0,0.0,0.0,0.0,0.0,0.0,0.009999650516424792,0.01
KCl,70.0,0.1,0.1,0.09993970201222442,0.09993971469384716,0.0,0.0,0.0,0.0,0.0,0.0,0.0,0.0,0.09994019058628519,0.1
KCl,70.0,0.5,0.1,0.4987645523450892,0.49876460318179205,0.0,0.0,0.0,0.0,0.0,0.0,0.0,0.0,0.49876508249345686,0.5
KCl,70.0,1.0,0.1,0.9950466830492678,0.9950467706301286,0.0,0.0,0.0,0.0,0.0,0.0,0.0,0.0,0.9950471983765781,1.0
KCl,90.0,0.0001,0.1,9.999981391901083e-05,9.999984560721941e-05,0.0,0.0,0.0,0.0,0.0,0.0,0.0,0.0,0.00010062039264171059,0.0001
KCl,90.0,0.001,0.1,0.0009999855901893582,0.0009999859012559107,0.0,0.0,0.0,0.0,0.0,0.0,0.0,0.0,0.0010006175212559207,0.001
KCl,90.0,0.01,0.1,0.009998732557232506,0.009998735498488592,0.0,0.0,0.0,0.0,0.0,0.0,0.0,0.0,0.00999939836437376,0.01
KCl,90.0,0.1,0.1,0.09990024553803778,0.09990027072702111,0.0,0.0,0.0,0.0,0.0,0.0,0.0,0.0,0.09990099658633494,0.1
KCl,90.0,0.5,0.1,0.4979441469254511,0.4979442467864811,0.0,0.0,0.0,0.0,0.0,0.0,0.0,0.0,0.497944967119599,0.5
KCl,90.0,1.0,0.1,0.9918646417894619,0.9918648105924366,0.0,0.0,0.0,0.0,0.0,0.0,0.0,0.0,0.9918654506658953,1.0
MgCl2,5.0,0.000119,0.1,0.0,0.0002379803024522846,0.0,0.00011897943807149122,0.0,0.0,0.0,0.0,0.0,0.0,0.00035700358292726977,0.000357
MgCl2,5.0,0.000984,0.1,0.0,0.001966863581443939,0.0,0.000982857626430472,0.0,0.0,0.0,0.0,0.0,0.0,0.002949764500208874,0.002952
MgCl2,5.0,0.01137,0.1,0.0,0.02264848334903936,0.0,0.011278447581790038,0.0,0.0,0.0,0.0,0.0,0.0,0.033926968273879275,0.03411
MgCl2,5.0,0.09942,0.1,0.0,0.195219297329709,0.0,0.09579918349471479,0.0,0.0,0.0,0.0,0.0,0.0,0.2910185072403191,0.29825999999999997
MgCl2,5.0,0.3609,0.1,0.0,0.6678480547506377,0.0,0.3069478242201515,0.0,0.0,0.0,0.0,0.0,0.0,0.9747958918903922,1.0827
MgCl2,10.0,0.000119,0.1,0.0,0.00023798080457720406,0.0,0.00011897970392894759,0.0,0.0,0.0,0.0,0.0,0.0,0.00035701560792549783,0.000357
MgCl2,10.0,0.000984,0.1,0.0,0.001966887611910186,0.0,0.000982880010377352,0.0,0.0,0.0,0.0,0.0,0.0,0.002949821918644285,0.002952
MgCl2,10.0,0.01137,0.1,0.0,0.02264923642203028,0.0,0.011279190597622647,0.0,0.0,0.0,0.0,0.0,0.0,0.03392847339428697,0.03411
MgCl2,10.0,0.09942,0.1,0.0,0.19519210358165606,0.0,0.09577195753439413,0.0,0.0,0.0,0.0,0.0,0.0,0.2909640933895871,0.29825999999999997
MgCl2,10.0,0.3609,0.1,0.0,0.6678567169838058,0.0,0.3069564220854005,0.0,0.0,0.0,0.0,0.0,0.0,0.9748131548590646,1.0827
MgCl2,25.0,0.000119,0.1,0.0,0.00023798096766094415,0.0,0.00011897869436327682,0.0,0.0,0.0,0.0,0.0,0.0,0.00035706129290201394,0.000357
MgCl2,25.0,0.000984,0.1,0.0,0.0019668835849919694,0.0,0.0009828678479647608,0.0,0.0,0.0,0.0,0.0,0.0,0.002949850583689578,0.002952
MgCl2,25.0,0.01137,0.1,0.0,0.022645615905649022,0.0,0.011275521625150326,0.0,0.0,0.0,0.0,0.0,0.0,0.03392121867075844,0.03411
MgCl2,25.0,0.09942,0.1,0.0,0.19488934713288478,0.0,0.09546904975652759,0.0,0.0,0.0,0.0,0.0,0.0,0.29035845029215906,0.29825999999999997
MgCl2,25.0,0.3609,0.1,0.0,0.6653299986636927,0.0,0.30442940872271457,0.0,0.0,0.0,0.0,0.0,0.0,0.9697594336510611,1.0827
MgCl2,35.0,0.000119,0.1,0.0,0.00023798024953217308,0.0,0.00011897659494868405,0.0,0.0,0.0,0.0,0.0,0.0,0.0003571020001008115,0.000357
MgCl2,35.0,0.000984,0.1,0.0,0.0019668330690850544,0.0,0.000982807825650527,0.0,0.0,0.0,0.0,0.0,0.0,0.0029497811627042653,0.002952
MgCl2,35.0,0.01137,0.1,0.0,0.022639265299349304,0.0,0.011269116426475276,0.0,0.0,0.0,0.0,0.0,0.0,0.03390849232336871,0.03411
MgCl2,35.0,0.09942,0.1,0.0,0.19452895019314845,0.0,0.09510848751078764,0.0,0.0,0.0,0.0,0.0,0.0,0.2896375076587636,0.29825999999999997
MgCl2,35.0,0.3609,0.1,0.0,0.6619532145618267,0.0,0.3010523110848753,0.0,0.0,0.0,0.0,0.0,0.0,0.9630055602887637,1.0827
MgCl2,45.0,0.000119,0.1,0.0,0.00023797897910481458,0.0,0.00011897317062079748,0.0,0.0,0.0,0.0,0.0,0.0,0.0003571523633163172,0.000357
MgCl2,45.0,0.000984,0.1,0.0,0.001966749779904758,0.0,0.0009827098650660045,0.0,0.0,0.0,0.0,0.0,0.0,0.0029496508314045054,0.002952
MgCl2,45.0,0.01137,0.1,0.0,0.022630018333527985,0.0,0.011259788372567728,0.0,0.0,0.0,0.0,0.0,0.0,0.03388995113209753,0.03411
MgCl2,45.0,0.09942,0.1,0.0,0.19404501412996175,0.0,0.09462431233824384,0.0,0.0,0.0,0.0,0.0,0.0,0.2886694142799728,0.29825999999999997
MgCl2,45.0,0.3609,0.1,0.0,0.6574155028296655,0.0,0.2965141559831246,0.0,0.0,0.0,0.0,0.0,0.0,0.9539297027163243,1.0827
MgCl2,70.0,0.000119,0.1,0.0,0.00023797333437857373,0.0,0.00011895588111695817,0.0,0.0,0.0,0.0,0.0,0.0,0.0003573228565977416,0.000357
MgCl2,70.0,0.000984,0.1,0.0,0.001966391390300611,0.0,0.000982274672683383,0.0,0.0,0.0,0.0,0.0,0.0,0.0029490265918603728,0.002952
MgCl2,70.0,0.01137,0.1,0.0,0.02259279607529606,0.0,0.011222178327592286,0.0,0.0,0.0,0.0,0.0,0.0,0.03381521453086397,0.03411
MgCl2,70.0,0.09942,0.1,0.0,0.19222120722064567,0.0,0.09279941552659851,0.0,0.0,0.0,0.0,0.0,0.0,0.28502075624849876,0.29825999999999997
MgCl2,70.0,0.3609,0.1,0.0,0.6412928731840326,0.0,0.28038959084318205,0.0,0.0,0.0,0.0,0.0,0.0,0.9216825332073454,1.0827
MgCl2,90.0,0.000119,0.1,0.0,0.00023796565627321416,0.0,0.00011892606448344439,0.0,0.0,0.0,0.0,0.0,0.0,0.0003574974650213475,0.000357
MgCl2,90.0,0.000984,0.1,0.0,0.001965908812463183,0.0,0.0009816542512013952,0.0,0.0,0.0,0.0,0.0,0.0,0.002948091342104478,0.002952
MgCl2,90.0,0.01137,0.1,0.0,0.022543948410761377,0.0,0.011172712261083073,0.0,0.0,0.0,0.0,0.0,0.0,0.03371697522409426,0.03411
MgCl2,90.0,0.09942,0.1,0.0,0.18995819422089535,0.0,0.09053474890218308,0.0,0.0,0.0,0.0,0.0,0.0,0.2804931085385353,0.29825999999999997
MgCl2,90.0,0.3609,0.1,0.0,0.6234893295495308,0.0,0.26258326405121446,0.0,0.0,0.0,0.0,0.0,0.0,0.886072682834442,1.0827
MgSO4,-10.0,0.3323,0.1,0.0,0.0,0.0,0.0968438234525826,0.09684385362892493,0.0,0.0,0.0,0.0,0.23545605974648734,0.38737548488039314,1.3292
MgSO4,-10.0,0.6646,0.1,0.0,0.0,0.0,0.03103141098446368,0.031031432092065707,0.0,0.0,0.0,0.0,0.6335684583114239,0.12412582627020867,2.6584
MgSO4,-10.0,0.997,0.1,0.0,0.0,0.0,0.00611085785379336,0.006110870710862622,0.0,0.0,0.0,0.0,0.9908890342714923,0.024443571465099755,3.988
MgSO4,-10.0,1.4124,0.1,0.0,0.0,0.0,0.0006441004171497172,0.0006441068425693008,0.0,0.0,0.0,0.0,1.4117558258613638,0.0025764923208777837,5.6496
MgSO4,-10.0,1.6616,0.1,0.0,0.0,0.0,0.0001575898696114668,0.0001575940007621255,0.0,0.0,0.0,0.0,1.661442353846741,0.0006304271261593932,6.6464
MgSO4,-6.0,0.0249,0.1,0.0,0.0,0.0,0.019354624051046817,0.019354641323341065,0.0,0.0,0.0,0.0,0.005545346419476369,0.07741858589734708,0.0996
MgSO4,-6.0,0.3323,0.1,0.0,0.0,0.0,0.09675414570414441,0.09675418079394933,0.0,0.0,0.0,0.0,0.23554570822637835,0.38701681700822943,1.3292
MgSO4,-6.0,0.6646,0.1,0.0,0.0,0.0,0.03223005033002304,0.032230075046870386,0.0,0.0,0.0,0.0,0.6323697839148281,0.1289204287816892,2.6584
MgSO4,-6.0,0.997,0.1,0.0,0.0,0.0,0.006642122135881834,0.006642137350754313,0.0,0.0,0.0,0.0,0.9903577390653434,0.02656866627625978,3.988
MgSO4,-6.0,1.4124,0.1,0.0,0.0,0.0,0.000742509490619882,0.0007425172079933482,0.0,0.0,0.0,0.0,1.411657393968669,0.0029701553733321854,5.6496
MgSO4,-6.0,1.6616,0.1,0.0,0.0,0.0,0.00018831062813496466,0.00018831563720126033,0.0,0.0,0.0,0.0,1.6614116148797748,0.000753331187119924,6.6464
MgSO4,-3.0,0.0249,0.1,0.0,0.0,0.0,0.01926828720066572,0.019268306638770237,0.0,0.0,0.0,0.0,0.005631678297708413,0.0770732523750395,0.0996
MgSO4,-3.0,0.3323,0.1,0.0,0.0,0.0,0.09631842591418188,0.09631846493480112,0.0,0.0,0.0,0.0,0.23598140152514696,0.3852739757704751,1.3292
MgSO4,-3.0,0.6646,0.1,0.0,0.0,0.0,0.03297908369647815,0.0329791113057249,0.0,0.0,0.0,0.0,0.6316207185881971,0.13191660256916699,2.6584
MgSO4,-3.0,0.997,0.1,0.0,0.0,0.0,0.007023845101681046,0.0070238622241677665,0.0,0.0,0.0,0.0,0.9899759875916082,0.028095592329857057,3.988
MgSO4,-3.0,1.4124,0.1,0.0,0.0,0.0,0.0008194220626420427,0.0008194308405518895,0.0,0.0,0.0,0.0,1.4115804600659865,0.0032778303731065776,5.6496
MgSO4,-3.0,1.6616,0.1,0.0,0.0,0.0,0.00021330538075479087,0.00021331111724686973,0.0,0.0,0.0,0.0,1.6613866029627906,0.000853329814327681,6.6464
MgSO4,-2.28,0.10124,0.1,0.0,0.0,0.0,0.06700659817620715,0.0670066330222933,0.0,0.0,0.0,0.0,0.03423331670717051,0.26802657700110366,0.40496
MgSO4,-2.26,0.10124,0.1,0.0,0.0,0.0,0.06700215524673704,0.0670021901180687,0.0,0.0,0.0,0.0,0.03423775954468154,0.26800880545800243,0.40496
MgSO4,-1.425,0.10124,0.1,0.0,0.0,0.0,0.06681298865840163,0.06681302459339315,0.0,0.0,0.0,0.0,0.03442692220495514,0.26725214653353196,0.40496
MgSO4,-1.19,0.10124,0.1,0.0,0.0,0.0,0.06675848551619253,0.06675852175390637,0.0,0.0,0.0,0.0,0.034481424209833605,0.26703413610248045,0.40496
MgSO4,-1.138,0.010124,0.1,0.0,0.0,0.0,0.008216006867518362,0.008216020252784433,0.0,0.0,0.0,0.0,0.001907971256196976,0.03286410944239859,0.040496
MgSO4,-1.0,0.0249,0.1,0.0,0.0,0.0,0.019198225277161248,0.019198246272843746,0.0,0.0,0.0,0.0,0.005701736442556481,0.07679301493530118,0.0996
MgSO4,-1.0,0.3323,0.1,0.0,0.0,0.0,0.09588538920116636,0.09588543094719632,0.0,0.0,0.0,0.0,0.23641441807452962,0.3835418572040367,1.3292
MgSO4,-1.0,0.6646,0.1,0.0,0.0,0.0,0.03341480253294857,0.03341483215018153,0.0,0.0,0.0,0.0,0.6311849753030284,0.13365950833012785,2.6584
MgSO4,-1.0,0.997,0.1,0.0,0.0,0.0,0.007270537561619039,0.007270556017452055,0.0,0.0,0.0,0.0,0.9897292731580546,0.02908238823770686,3.988
MgSO4,-1.0,1.4124,0.1,0.0,0.0,0.0,0.0008721147233050298,0.0008721242501602182,0.0,0.0,0.0,0.0,1.4115277508042852,0.0034886200899327184,5.6496
MgSO4,-1.0,1.6616,0.1,0.0,0.0,0.0,0.00023090992588045134,0.00023091617948660804,0.0,0.0,0.0,0.0,1.6613689849807092,0.000923763243606937,6.6464
MgSO4,-0.97,0.010124,0.1,0.0,0.0,0.0,0.00821444245342732,0.0082144559265808,0.0,0.0,0.0,0.0,0.0019095354831507128,0.0328578524390787,0.040496
MgSO4,-0.739,0.10124,0.1,0.0,0.0,0.0,0.0666523781427166,0.06665241496548491,0.0,0.0,0.0,0.0,0.03458752936045759,0.2666097107701898,0.40496
MgSO4,-0.66,0.010124,0.1,0.0,0.0,0.0,0.008211494995030646,0.00821150863160095,0.0,0.0,0.0,0.0,0.0019124825919538226,0.03284606382208787,0.040496
MgSO4,-0.645,0.10124,0.1,0.0,0.0,0.0,0.06663001699384956,0.06663005393922936,0.0,0.0,0.0,0.0,0.03460989003929263,0.26652026705194776,0.40496
MgSO4,-0.56,0.010124,0.1,0.0,0.0,0.0,0.008210527558663194,0.00821054124829306,0.0,0.0,0.0,0.0,0.0019134499143540445,0.03284219447228868,0.040496
MgSO4,-0.32,0.010124,0.1,0.0,0.0,0.0,0.008208172946320532,0.008208186763979629,0.0,0.0,0.0,0.0,0.0019158042507726476,0.03283277697897706,0.040496
MgSO4,-0.245,0.010124,0.1,0.0,0.0,0.0,0.008207427710336553,0.008207441568203605,0.0,0.0,0.0,0.0,0.0019165493998302284,0.03282979633568437,0.040496
MgSO4,-0.15,0.005,0.1,0.0,0.0,0.0,0.004233047728947486,0.0042330570336329264,0.0,0.0,0.0,0.0,0.0007669377719677764,0.01693225904005197,0.02
MgSO4,-0.15,0.005,98.1,0.0,0.0,0.0,0.004437109330374539,0.0044371146385464725,0.0,0.0,0.0,0.0,0.0005628819600874295,0.017748518512264843,0.02
MgSO4,-0.15,0.005,196.1,0.0,0.0,0.0,0.004475077014881073,0.004475080061937414,0.0,0.0,0.0,0.0,0.0005249173989741289,0.017900415394677932,0.02
MgSO4,-0.15,0.005,294.2,0.0,0.0,0.0,0.004428140013069444,0.00442814177816275,0.0,0.0,0.0,0.0,0.0005718561966202982,0.017712705524519597,0.02
MgSO4,-0.15,0.005,392.3,0.0,0.0,0.0,0.004314000892138586,0.004314001891188874,0.0,0.0,0.0,0.0,0.0006859964377624206,0.017256199600782236,0.02
MgSO4,-0.15,0.005,490.3,0.0,0.0,0.0,0.004130893196435463,0.0041308937169722065,0.0,0.0,0.0,0.0,0.0008691048847848046,0.01652383322085899,0.02
MgSO4,-0.15,0.005,588.4,0.0,0.0,0.0,0.0038722244701138433,0.003872224685209602,0.0,0.0,0.0,0.0,0.0011277741464119462,0.015489238847851833,0.02
MgSO4,-0.15,0.005,686.5,0.0,0.0,0.0,0.003537339244247043,0.0035373392677230824,0.0,0.0,0.0,0.0,0.0014626597693423228,0.014149797225540713,0.02
MgSO4,-0.15,0.005,784.6,0.0,0.0,0.0,0.0031375359163347957,0.003137535827235739,0.0,0.0,0.0,0.0,0.0018624633987253752,0.012550705108196057,0.02
MgSO4,-0.15,0.01,0.1,0.0,0.0,0.0,0.008111881697971068,0.00811189551556731,0.0,0.0,0.0,0.0,0.0018880954803304768,0.03244761230604881,0.04
MgSO4,-0.15,0.01,98.1,0.0,0.0,0.0,0.008586781148782282,0.008586789581967076,0.0,0.0,0.0,0.0,0.0014132046257820914,0.034347219334674065,0.04
MgSO4,-0.15,0.01,196.1,0.0,0.0,0.0,0.008677000703467655,0.008677005679725399,0.0,0.0,0.0,0.0,0.001322990043314274,0.03470812165423359,0.04
MgSO4,-0.15,0.01,294.2,0.0,0.0,0.0,0.008565553199398258,0.008565556108521456,0.0,0.0,0.0,0.0,0.0014344405080148085,0.03426236954040607,0.04
MgSO4,-0.15,0.01,392.3,0.0,0.0,0.0,0.008298340064972013,0.00829834171164954,0.0,0.0,0.0,0.0,0.001701655521298043,0.033193568734035436,0.04
MgSO4,-0.15,0.01,490.3,0.0,0.0,0.0,0.007879906211695901,0.007879907065180419,0.0,0.0,0.0,0.0,0.00212009064521117,0.031519900071108435,0.04
MgSO4,-0.15,0.01,588.4,0.0,0.0,0.0,0.007307457831100699,0.0073074581808333155,0.0,0.0,0.0,0.0,0.00269253993296337,0.029230190545029372,0.04
MgSO4,-0.15,0.01,686.5,0.0,0.0,0.0,0.0065933357556912835,0.006593335793848971,0.0,0.0,0.0,0.0,0.0034066626788092527,0.026373806140313222,0.04
MgSO4,-0.15,0.01,784.6,0.0,0.0,0.0,0.005772957802488861,0.00577295766170215,0.0,0.0,0.0,0.0,0.004227041136990013,0.02309242138889683,0.04
MgSO4,-0.01,0.10124,0.1,0.0,0.0,0.0,0.06647679283154208,0.0664768306111892,0.0,0.0,0.0,0.0,0.03476311096436713,0.2659073764187845,0.40496
MgSO4,0.07,0.10124,0.1,0.0,0.0,0.0,0.0664572256299052,0.06645726351538997,0.0,0.0,0.0,0.0,0.03478267775039898,0.2658291083814074,0.40496
MgSO4,0.23,0.10124,0.1,0.0,0.0,0.0,0.06641791746639482,0.06641795556404204,0.0,0.0,0.0,0.0,0.03482198507741218,0.26567187727332914,0.40496
MgSO4,0.32,0.010124,0.1,0.0,0.0,0.0,0.00820167150619012,0.008201685670003815,0.0,0.0,0.0,0.0,0.0019223049382675141,0.03280677381288324,0.040496
MgSO4,0.86,0.010124,0.1,0.0,0.0,0.0,0.008195940018054362,0.008195954479311405,0.0,0.0,0.0,0.0,0.0019280357718919742,0.03278385010092682,0.040496
MgSO4,0.89,0.10124,0.1,0.0,0.0,0.0,0.06625336744620244,0.06625340642580921,0.0,0.0,0.0,0.0,0.03498653157143789,0.26501368367821265,0.40496
MgSO4,1.475,0.010124,0.1,0.0,0.0,0.0,0.008189146190605906,0.00818916099661874,0.0,0.0,0.0,0.0,0.0019348288316029419,0.0327566774013546,0.040496
MgSO4,1.55,0.10124,0.1,0.0,0.0,0.0,0.06608506166431664,0.06608510153660191,0.0,0.0,0.0,0.0,0.035154833702470765,0.2643404672140775,0.40496
MgSO4,1.675,0.010124,0.1,0.0,0.0,0.0,0.008186877015257442,0.008186891934763803,0.0,0.0,0.0,0.0,0.0019370977520501366,0.03274760156239707,0.040496
MgSO4,1.859,0.10124,0.1,0.0,0.0,0.0,0.06600501489306398,0.06600505518688563,0.0,0.0,0.0,0.0,0.03523487872046343,0.264020283311001,0.40496
MgSO4,1.9,0.010124,0.1,0.0,0.0,0.0,0.00818428966761752,0.008184304715612524,0.0,0.0,0.0,0.0,0.0019396848098079626,0.03273725315012553,0.040496
MgSO4,2.04,0.010124,0.1,0.0,0.0,0.0,0.00818266147569883,0.008182676604074303,0.0,0.0,0.0,0.0,0.001941312819674704,0.03273074099548655,0.040496
MgSO4,2.062,0.10124,0.1,0.0,0.0,0.0,0.06595200411092776,0.06595204468290906,0.0,0.0,0.0,0.0,0.035287888335217565,0.2638082422947537,0.40496
MgSO4,2.1,0.010124,0.1,0.0,0.0,0.0,0.008181959412574158,0.008181974575499835,0.0,0.0,0.0,0.0,0.0019420148043797934,0.032727933006736744,0.040496
MgSO4,2.13,0.001012,0.1,0.0,0.0,0.0,0.0009397849856062915,0.0009397883234197572,0.0,0.0,0.0,0.0,7.221008462967852e-05,0.0037591906071302284,0.004048
MgSO4,2.529,0.10124,0.1,0.0,0.0,0.0,0.0658288030559166,0.06582884427144166,0.0,0.0,0.0,0.0,0.03541108665707378,0.26331544300071047,0.40496
MgSO4,2.702,0.001012,0.1,0.0,0.0,0.0,0.0009396603863280994,0.0009396637991458015,0.0,0.0,0.0,0.0,7.23345445939214e-05,0.0037586936031247242,0.004048
MgSO4,2.902,0.010124,0.1,0.0,0.0,0.0,0.008172333130136308,0.008172348760723754,0.0,0.0,0.0,0.0,0.001951640015362506,0.03268943146170082,0.040496
MgSO4,3.079,0.010124,0.1,0.0,0.0,0.0,0.008170148891224855,0.008170164626487335,0.0,0.0,0.0,0.0,0.0019538240118847647,0.03268069531219633,0.040496
MgSO4,3.26,0.010124,0.1,0.0,0.0,0.0,0.008167893338988862,0.008167909181838325,0.0,0.0,0.0,0.0,0.0019560793139999895,0.03267167393328146,0.040496
MgSO4,3.395,0.010124,0.1,0.0,0.0,0.0,0.008166196677526844,0.008166212600980237,0.0,0.0,0.0,0.0,0.001957775787412737,0.03266488791026567,0.040496
MgSO4,3.648,0.10124,0.1,0.0,0.0,0.0,0.06552675300453777,0.0655267957821079,0.0,0.0,0.0,0.0,0.035713129881490904,0.26210725498468634,0.40496
MgSO4,3.668,0.10124,0.1,0.0,0.0,0.0,0.06552126930707415,0.06552131211281238,0.0,0.0,0.0,0.0,0.03571861345327495,0.26208532041774363,0.40496
MgSO4,4.14,0.010124,0.1,0.0,0.0,0.0,0.008156616494189316,0.008156632867972793,0.0,0.0,0.0,0.0,0.0019673549096416295,0.03262657067221871,0.040496
MgSO4,4.22,0.001012,0.1,0.0,0.0,0.0,0.0009392759690375326,0.0009392795883875817,0.0,0.0,0.0,0.0,7.27185720021365e-05,0.003757159777635249,0.004048
MgSO4,4.352,0.010124,0.1,0.0,0.0,0.0,0.008153824180257363,0.00815384068389195,0.0,0.0,0.0,0.0,0.001970146914270798,0.03261540242931638,0.040496
MgSO4,4.45,0.001012,0.1,0.0,0.0,0.0,0.0009392111423128714,0.0009392147939136203,0.0,0.0,0.0,0.0,7.27833370073686e-05,0.0037569010720488395,0.004048
MgSO4,4.508,0.10124,0.1,0.0,0.0,0.0,0.065288364101529,0.06528840809792913,0.0,0.0,0.0,0.0,0.03595151326045095,0.26115370912160735,0.40496
MgSO4,4.62,0.10124,0.1,0.0,0.0,0.0,0.06525693469725388,0.06525697885350763,0.0,0.0,0.0,0.0,0.03598294192697954,0.26102799279908684,0.40496
MgSO4,4.63,0.010124,0.1,0.0,0.0,0.0,0.008150118927975592,0.008150135603027322,0.0,0.0,0.0,0.0,0.001973851755928556,0.032600582760678606,0.040496
MgSO4,4.94,0.010124,0.1,0.0,0.0,0.0,0.008145929443823698,0.0081459463115473,0.0,0.0,0.0,0.0,0.001978040775378172,0.03258382633550774,0.040496
MgSO4,4.996,0.10124,0.1,0.0,0.0,0.0,0.06515079240876642,0.06515083710350571,0.0,0.0,0.0,0.0,0.0360890817071696,0.26060342803393177,0.40496
MgSO4,5.0,0.0249,0.1,0.0,0.0,0.0,0.018938376533383792,0.01893840273978024,0.0,0.0,0.0,0.0,0.005961571193428751,0.07575365610117762,0.0996
MgSO4,5.0,0.3323,0.1,0.0,0.0,0.0,0.09405133638045918,0.09405138670710574,0.0,0.0,0.0,0.0,0.2382483960207592,0.3762057475633935,1.3292
MgSO4,5.0,0.6646,0.1,0.0,0.0,0.0,0.03445479617233808,0.03445483212609858,0.0,0.0,0.0,0.0,0.6301448901623453,0.13781959420712286,2.6584
MgSO4,5.0,0.997,0.1,0.0,0.0,0.0,0.00797406942637609,0.007974092136798951,0.0,0.0,0.0,0.0,0.9890256580502489,0.03189661276844382,3.988
MgSO4,5.0,1.4124,0.1,0.0,0.0,0.0,0.0010365957472471942,0.0010366077043214232,0.0,0.0,0.0,0.0,1.4113632058978434,0.0041466166372845425,5.6496
MgSO4,5.0,1.6616,0.1,0.0,0.0,0.0,0.00028827822508041713,0.0002882861747634116,0.0,0.0,0.0,0.0,1.6613115644796628,0.0011532950269158577,6.6464
MgSO4,5.14,0.10124,0.1,0.0,0.0,0.0,0.06510988861067998,0.06510993351238491,0.0,0.0,0.0,0.0,0.036129984531614354,0.26043981453995557,0.40496
MgSO4,5.35,0.10124,0.1,0.0,0.0,0.0,0.0650499891406633,0.06505003434491172,0.0,0.0,0.0,0.0,0.03618988256866216,0.26020021915425257,0.40496
MgSO4,5.409,0.001012,0.1,0.0,0.0,0.0,0.0009389228773844868,0.0009389266662030033,0.0,0.0,0.0,0.0,7.307133677488148e-05,0.0037557505744648272,0.004048
MgSO4,5.47,0.010124,0.1,0.0,0.0,0.0,0.00813862794687338,0.008138645147712138,0.0,0.0,0.0,0.0,0.0019853414609122366,0.032554622972845226,0.040496
MgSO4,5.72,0.10124,0.1,0.0,0.0,0.0,0.06494374595707667,0.06494379169641355,0.0,0.0,0.0,0.0,0.03629612318931189,0.25977525086589437,0.40496
MgSO4,5.81,0.010124,0.1,0.0,0.0,0.0,0.008133853212536157,0.008133870629525869,0.0,0.0,0.0,0.0,0.0019901156632682413,0.03253552574712577,0.040496
MgSO4,5.82,0.010124,0.1,0.0,0.0,0.0,0.008133711719852754,0.008133729143228793,0.0,0.0,0.0,0.0,0.0019902571401678323,0.032534959827063094,0.040496
MgSO4,5.822,0.010124,0.1,0.0,0.0,0.0,0.008133683412371149,0.008133700837024652,0.0,0.0,0.0,0.0,0.0019902854444917265,0.03253484660727311,0.040496
MgSO4,5.84,0.010124,0.1,0.0,0.0,0.0,0.008133428546283138,0.0081334459824368,0.0,0.0,0.0,0.0,0.001990540282146137,0.03253382723418305,0.040496
MgSO4,5.842,0.010124,0.1,0.0,0.0,0.0,0.008133400220536208,0.00813341765796799,0.0,0.0,0.0,0.0,0.0019905686047322108,0.03253371394133933,0.040496
MgSO4,5.843,0.010124,0.1,0.0,0.0,0.0,0.008133386050838366,0.008133403488909239,0.0,0.0,0.0,0.0,0.0019905827728494926,0.03253365726762023,0.040496
MgSO4,6.058,0.10124,0.1,0.0,0.0,0.0,0.06484591819199732,0.06484596442235896,0.0,0.0,0.0,0.0,0.036393948569908095,0.2593839439246987,0.40496
MgSO4,6.39,0.010124,0.1,0.0,0.0,0.0,0.008125547541043315,0.008125565331164696,0.0,0.0,0.0,0.0,0.00199842040614669,0.032502306031390045,0.040496
MgSO4,6.6,0.001012,0.1,0.0,0.0,0.0,0.0009385257994150751,0.0009385297648658282,0.0,0.0,0.0,0.0,7.346806723737853e-05,0.0037541655702820155,0.004048
MgSO4,6.743,0.10124,0.1,0.0,0.0,0.0,0.06464545552873359,0.06464550276044728,0.0,0.0,0.0,0.0,0.036594406271353956,0.25858210179111385,0.40496
MgSO4,6.745,0.10124,0.1,0.0,0.0,0.0,0.06464486599491907,0.06464491322956824,0.0,0.0,0.0,0.0,0.036594995790423614,0.25857974368107045,0.40496
MgSO4,6.775,0.010124,0.1,0.0,0.0,0.0,0.008119924448127544,0.008119942488980136,0.0,0.0,0.0,0.0,0.00200404286765642,0.03247981566684751,0.040496
MgSO4,6.88,0.010124,0.1,0.0,0.0,0.0,0.00811837588032558,0.008118393989979527,0.0,0.0,0.0,0.0,0.002005591261145708,0.032473621947998806,0.040496
MgSO4,6.982,0.001012,0.1,0.0,0.0,0.0,0.0009383895680502482,0.0009383935916246786,0.0,0.0,0.0,0.0,7.360418270748386e-05,0.0037536217358392987,0.004048
MgSO4,7.57,0.001012,0.1,0.0,0.0,0.0,0.0009381716725084738,0.0009381757869549043,0.0,0.0,0.0,0.0,7.382189550759738e-05,0.0037527518621111124,0.004048
MgSO4,7.678,0.10124,0.1,0.0,0.0,0.0,0.06436725171868381,0.06436730032985673,0.0,0.0,0.0,0.0,0.03687260302023665,0.2574692985589329,0.40496
MgSO4,8.025,0.10124,0.1,0.0,0.0,0.0,0.06426271051765256,0.06426275964424026,0.0,0.0,0.0,0.0,0.03697714151330742,0.2570511383251874,0.40496
MgSO4,8.29,0.010124,0.1,0.0,0.0,0.0,0.008096973154052499,0.008096992204873253,0.0,0.0,0.0,0.0,0.0020269915564246088,0.03238801866981451,0.040496
MgSO4,8.38,0.010124,0.1,0.0,0.0,0.0,0.008095569395037382,0.008095588507012925,0.0,0.0,0.0,0.0,0.0020283951544274666,0.032382404134005324,0.040496
MgSO4,8.46,0.10124,0.1,0.0,0.0,0.0,0.06413070177619754,0.06413075155138694,0.0,0.0,0.0,0.0,0.037109146791389304,0.2565231091776587,0.40496
MgSO4,8.565,0.010124,0.1,0.0,0.0,0.0,0.008092670009643152,0.008092689247728276,0.0,0.0,0.0,0.0,0.0020312942065936956,0.032370807625857125,0.040496
MgSO4,8.68,0.001012,0.1,0.0,0.0,0.0,0.0009377339055089598,0.0009377381961601277,0.0,0.0,0.0,0.0,7.425930270964353e-05,0.003751004116876142,0.004048
MgSO4,9.12,0.001012,0.1,0.0,0.0,0.0,0.0009375510434409717,0.0009375554056316712,0.0,0.0,0.0,0.0,7.44420166166006e-05,0.0037502740216577924,0.004048
MgSO4,9.139,0.010124,0.1,0.0,0.0,0.0,0.008083556439762633,0.008083576072553122,0.0,0.0,0.0,0.0,0.0020404067229771953,0.03233435659704818,0.040496
MgSO4,9.37,0.010124,0.1,0.0,0.0,0.0,0.008079839167666554,0.008079858960752223,0.0,0.0,0.0,0.0,0.002044123562617538,0.03231948883594372,0.040496
MgSO4,9.62,0.10124,0.1,0.0,0.0,0.0,0.06377367741363658,0.06377372893077986,0.0,0.0,0.0,0.0,0.03746616153315064,0.2550950277370847,0.40496
MgSO4,9.72,0.010124,0.1,0.0,0.0,0.0,0.008074153448904758,0.00807417348643236,0.0,0.0,0.0,0.0,0.0020498086166990314,0.0322967479929829,0.040496
MgSO4,9.76,0.001012,0.1,0.0,0.0,0.0,0.000937275829117227,0.0009372802970854608,0.0,0.0,0.0,0.0,7.4717009634218e-05,0.0037491751694611144,0.004048
MgSO4,9.95,0.010124,0.1,0.0,0.0,0.0,0.008070382360302652,0.00807040255948621,0.0,0.0,0.0,0.0,0.0020535792622394036,0.032281664987854355,0.040496
MgSO4,10.382,0.10124,0.1,0.0,0.0,0.0,0.063535373050482,0.06353542572055967,0.0,0.0,0.0,0.0,0.037704459260043836,0.25414182120315715,0.40496
MgSO4,11.041,0.001012,0.1,0.0,0.0,0.0,0.0009366929028212578,0.0009366975886415723,0.0,0.0,0.0,0.0,7.529947158659955e-05,0.0037468476117726314,0.004048
MgSO4,11.919,0.010124,0.1,0.0,0.0,0.0,0.008037003483921236,0.008037025099354575,0.0,0.0,0.0,0.0,0.0020869541340551192,0.0321481614946348,0.040496
MgSO4,12.252,0.10124,0.1,0.0,0.0,0.0,0.06293879941227717,0.0629388549343193,0.0,0.0,0.0,0.0,0.03830101548389504,0.2517555548570563,0.40496
MgSO4,12.31,0.010124,0.1,0.0,0.0,0.0,0.008030148624398888,0.008030170527752277,0.0,0.0,0.0,0.0,0.0020938081514816987,0.032120744542388946,0.040496
MgSO4,12.645,0.10124,0.1,0.0,0.0,0.0,0.06281142584140857,0.06281148196590788,0.0,0.0,0.0,0.0,0.03842838518120063,0.25124606676564054,0.40496
MgSO4,12.74,0.010124,0.1,0.0,0.0,0.0,0.008022526041154979,0.008022548263609595,0.0,0.0,0.0,0.0,0.0021014297899408785,0.03209025698253784,0.040496
MgSO4,13.06,0.001012,0.1,0.0,0.0,0.0,0.0009356906125679629,0.0009356956583263295,0.0,0.0,0.0,0.0,7.630096858397854e-05,0.0037428453616864836,0.004048
MgSO4,13.122,0.010124,0.1,0.0,0.0,0.0,0.008015681515239875,0.008015704023299522,0.0,0.0,0.0,0.0,0.0021082734598119944,0.03206288137734592,0.040496
MgSO4,13.3,0.010124,0.1,0.0,0.0,0.0,0.008012469028664516,0.008012491670478924,0.0,0.0,0.0,0.0,0.0021114855420436215,0.03205003260655956,0.040496
MgSO4,13.56,0.10124,0.1,0.0,0.0,0.0,0.06251235214484033,0.06251240967467758,0.0,0.0,0.0,0.0,0.03872744955701272,0.25004978676471895,0.40496
MgSO4,13.85,0.10124,0.1,0.0,0.0,0.0,0.06241685296254509,0.062416910938341716,0.0,0.0,0.0,0.0,0.03882294569475577,0.24966779483128235,0.40496
MgSO4,14.06,0.10124,0.1,0.0,0.0,0.0,0.06234749103810607,0.062347549336942434,0.0,0.0,0.0,0.0,0.03889230538674757,0.24939035063980672,0.40496
MgSO4,14.123,0.10124,0.1,0.0,0.0,0.0,0.062326648892484134,0.062326707288245284,0.0,0.0,0.0,0.0,0.038913146858046685,0.2493069831147264,0.40496
MgSO4,14.193,0.10124,0.1,0.0,0.0,0.0,0.06230347294098507,0.06230353144444601,0.0,0.0,0.0,0.0,0.03893632205780115,0.2492142804866292,0.40496
MgSO4,20.0,0.0249,0.1,0.0,0.0,0.0,0.01805370164806174,0.018053743716147576,0.0,0.0,0.0,0.0,0.006846185694128442,0.072215091202549,0.0996
MgSO4,20.0,0.3323,0.1,0.0,0.0,0.0,0.08733363369065347,0.08733370605426635,0.0,0.0,0.0,0.0,0.2449657735325554,0.3493353436189746,1.3292
MgSO4,20.0,0.6646,0.1,0.0,0.0,0.0,0.03570067054705092,0.03570072291996431,0.0,0.0,0.0,0.0,0.628898611051902,0.142803558572069,2.6584
MgSO4,20.0,0.997,0.1,0.0,0.0,0.0,0.009501789454587415,0.009501823543274968,0.0,0.0,0.0,0.0,0.9874975585702211,0.0380079179088269,3.988
MgSO4,20.0,1.4124,0.1,0.0,0.0,0.0,0.0014834619285425045,0.0014834806935896522,0.0,0.0,0.0,0.0,1.4109160367752596,0.005934414740638009,5.6496
MgSO4,20.0,1.6616,0.1,0.0,0.0,0.0,0.0004614149618690164,0.00046142780382015306,0.0,0.0,0.0,0.0,1.661138174129557,0.0018461193924299306,6.6464
MgSO4,24.850000000000023,0.005,0.1,0.0,0.0,0.0,0.004076801780223061,0.00407682380330487,0.0,0.0,0.0,0.0,0.0009231481470304461,0.016307405648801326,0.02
MgSO4,24.850000000000023,0.005,98.1,0.0,0.0,0.0,0.004216822373324138,0.004216833641984922,0.0,0.0,0.0,0.0,0.0007831466511072877,0.016867510728829038,0.02
MgSO4,24.850000000000023,0.005,196.1,0.0,0.0,0.0,0.004202735748588817,0.004202740178276972,0.0,0.0,0.0,0.0,0.0007972440551596851,0.01681121634622615,0.02
MgSO4,24.850000000000023,0.005,294.2,0.0,0.0,0.0,0.004090947626029363,0.004090947822444762,0.0,0.0,0.0,0.0,0.0009090386869851131,0.016364142039270533,0.02
MgSO4,24.850000000000023,0.005,392.3,0.0,0.0,0.0,0.003894853557247786,0.0038948511100046577,0.0,0.0,0.0,0.0,0.0011051369566433288,0.01557986976608594,0.02
MgSO4,24.850000000000023,0.005,490.3,0.0,0.0,0.0,0.0036182154077644265,0.003618211346415504,0.0,0.0,0.0,0.0,0.0013817779683891517,0.014473448902414423,0.02
MgSO4,24.850000000000023,0.005,588.4,0.0,0.0,0.0,0.003268226606055267,0.0032682216573210574,0.0,0.0,0.0,0.0,0.0017317687977420832,0.013073656939185737,0.02
MgSO4,24.850000000000023,0.005,686.5,0.0,0.0,0.0,0.0028635287548346893,0.0028635234647366534,0.0,0.0,0.0,0.0,0.0021364681091774777,0.011455064726947529,0.02
MgSO4,24.850000000000023,0.005,784.6,0.0,0.0,0.0,0.002432150032199516,0.002432144805805492,0.0,0.0,0.0,0.0,0.002567847884934035,0.009729790439009822,0.02
MgSO4,24.850000000000023,0.01,0.1,0.0,0.0,0.0,0.007688809279105927,0.007688841064075235,0.0,0.0,0.0,0.0,0.0023111107735282934,0.030755485782935327,0.04
MgSO4,24.850000000000023,0.01,98.1,0.0,0.0,0.0,0.00801071472826811,0.008010732196087614,0.0,0.0,0.0,0.0,0.0019892344203545076,0.03204311712541796,0.04
MgSO4,24.850000000000023,0.01,196.1,0.0,0.0,0.0,0.007977961084379046,0.007977968180421671,0.0,0.0,0.0,0.0,0.0020220054256422726,0.03191214592408219,0.04
MgSO4,24.850000000000023,0.01,294.2,0.0,0.0,0.0,0.007720955788486967,0.007720956107230876,0.0,0.0,0.0,0.0,0.002279021548237267,0.030884198810131266,0.04
MgSO4,24.850000000000023,0.01,392.3,0.0,0.0,0.0,0.007281425008785379,0.007281421044944693,0.0,0.0,0.0,0.0,0.002718559415503379,0.029126179321606098,0.04
MgSO4,24.850000000000023,0.01,490.3,0.0,0.0,0.0,0.006682535975546321,0.006682529442464116,0.0,0.0,0.0,0.0,0.003317453288050906,0.02673075758910149,0.04
MgSO4,24.850000000000023,0.01,588.4,0.0,0.0,0.0,0.005954270260002611,0.00595426238312201,0.0,0.0,0.0,0.0,0.004045722408608663,0.023817863294970935,0.04
MgSO4,24.850000000000023,0.01,686.5,0.0,0.0,0.0,0.005145195697373192,0.0051451873774062224,0.0,0.0,0.0,0.0,0.004854799392469979,0.02058177204196562,0.04
MgSO4,24.850000000000023,0.01,784.6,0.0,0.0,0.0,0.004313937594696508,0.004313929471152578,0.0,0.0,0.0,0.0,0.005686059215536573,0.01725699047574031,0.04
MgSO4,25.0,0.0249,0.1,0.0,0.0,0.0,0.01770576904329213,0.01770581675068478,0.0,0.0,0.0,0.0,0.007194086222457321,0.07082342350180203,0.0996
MgSO4,25.0,0.3323,0.1,0.0,0.0,0.0,0.08474253744529545,0.08474261631474043,0.0,0.0,0.0,0.0,0.2475566965531866,0.33897116298363805,1.3292
MgSO4,25.0,0.6646,0.1,0.0,0.0,0.0,0.03579354951191971,0.03579360680335476,0.0,0.0,0.0,0.0,0.6288055137722512,0.14317531724526075,2.6584
MgSO4,25.0,0.997,0.1,0.0,0.0,0.0,0.009940064421759478,0.009940102051181067,0.0,0.0,0.0,0.0,0.987059074405869,0.03976124590990246,3.988
MgSO4,25.0,1.4124,0.1,0.0,0.0,0.0,0.0016411840528700232,0.0016412050500383387,0.0,0.0,0.0,0.0,1.410758142717799,0.006565488776896196,5.6496
MgSO4,25.0,1.6616,0.1,0.0,0.0,0.0,0.0005282375540327633,0.0005282520509768614,0.0,0.0,0.0,0.0,1.6610712050281229,0.00211356739927298,6.6464
MgSO4,49.85000000000002,0.005,0.1,0.0,0.0,0.0,0.003816879182069138,0.0038169124074198704,0.0,0.0,0.0,0.0,0.0011829586376932721,0.015267989977424847,0.02
MgSO4,49.85000000000002,0.005,98.1,0.0,0.0,0.0,0.0039584244706725655,0.003958432568386193,0.0,0.0,0.0,0.0,0.0010414726060114195,0.015834191223766694,0.02
MgSO4,49.85000000000002,0.005,196.1,0.0,0.0,0.0,0.00393368384924616,0.003933673538836589,0.0,0.0,0.0,0.0,0.001066247958978094,0.01573531059991552,0.02
MgSO4,49.85000000000002,0.005,294.2,0.0,0.0,0.0,0.003802656253101593,0.003802633499218035,0.0,0.0,0.0,0.0,0.0011972972553278742,0.015211336056335093,0.02
MgSO4,49.85000000000002,0.005,392.3,0.0,0.0,0.0,0.0035857380612657782,0.0035857072161082494,0.0,0.0,0.0,0.0,0.0014142297442407495,0.014343850594289125,0.02
MgSO4,49.85000000000002,0.005,490.3,0.0,0.0,0.0,0.0032951157243830947,0.0032950800316175863,0.0,0.0,0.0,0.0,0.0017048618930479895,0.013181601674303059,0.02
MgSO4,49.85000000000002,0.005,588.4,0.0,0.0,0.0,0.0029455035339278506,0.002945465545783848,0.0,0.0,0.0,0.0,0.0020544810059603285,0.011783451767989781,0.02
MgSO4,49.85000000000002,0.005,686.5,0.0,0.0,0.0,0.0025591938166204817,0.0025591555923865058,0.0,0.0,0.0,0.0,0.002440795649208982,0.0102385767284643,0.02
MgSO4,49.85000000000002,0.005,784.6,0.0,0.0,0.0,0.0021623458400139755,0.002162308975418153,0.0,0.0,0.0,0.0,0.00283764712217581,0.008651621911648422,0.02
MgSO4,49.85000000000002,0.01,0.1,0.0,0.0,0.0,0.007047220739852132,0.007047265972566483,0.0,0.0,0.0,0.0,0.0029525176563334112,0.02818948430032028,0.04
MgSO4,49.85000000000002,0.01,98.1,0.0,0.0,0.0,0.007362165689437758,0.007362177637465477,0.0,0.0,0.0,0.0,0.0026376645166354823,0.029449243607358684,0.04
MgSO4,49.85000000000002,0.01,196.1,0.0,0.0,0.0,0.007306551748253721,0.007306535843918188,0.0,0.0,0.0,0.0,0.0026933348660909493,0.029226839514565266,0.04
MgSO4,49.85000000000002,0.01,294.2,0.0,0.0,0.0,0.0070159023634346965,0.007015866548122245,0.0,0.0,0.0,0.0,0.002984020587288001,0.028064358972420246,0.04
MgSO4,49.85000000000002,0.01,392.3,0.0,0.0,0.0,0.006547521195055124,0.0065474723738829935,0.0,0.0,0.0,0.0,0.0034524259939329076,0.026191012718864915,0.04
MgSO4,49.85000000000002,0.01,490.3,0.0,0.0,0.0,0.005941551256068532,0.005941494926297189,0.0,0.0,0.0,0.0,0.004058412545947205,0.02376737269462714,0.04
MgSO4,49.85000000000002,0.01,588.4,0.0,0.0,0.0,0.005239802918582769,0.005239743409565651,0.0,0.0,0.0,0.0,0.004760172481269852,0.02096068429462688,0.04
MgSO4,49.85000000000002,0.01,686.5,0.0,0.0,0.0,0.0044926502604322694,0.0044925909365144965,0.0,0.0,0.0,0.0,0.005507333263485293,0.01797244935866357,0.04
MgSO4,49.85000000000002,0.01,784.6,0.0,0.0,0.0,0.003750318939042433,0.003750262266712109,0.0,0.0,0.0,0.0,0.006249670253007354,0.015003578085616625,0.04
MgSO4,74.85000000000002,0.005,0.1,0.0,0.0,0.0,0.003487048474883044,0.0034870469491384976,0.0,0.0,0.0,0.0,0.001512464496078566,0.013949173782510052,0.02
MgSO4,74.85000000000002,0.005,98.1,0.0,0.0,0.0,0.00366871236923659,0.0036686530487085494,0.0,0.0,0.0,0.0,0.0013309722542136524,0.014675781468569864,0.02
MgSO4,74.85000000000002,0.005,196.1,0.0,0.0,0.0,0.0036635131117310643,0.0036634059241382414,0.0,0.0,0.0,0.0,0.0013362753003947534,0.014655062659307194,0.02
MgSO4,74.85000000000002,0.005,294.2,0.0,0.0,0.0,0.003543838609308279,0.0035436962372914055,0.0,0.0,0.0,0.0,0.0014560162284347185,0.0141765506371306,0.02
MgSO4,74.85000000000002,0.005,392.3,0.0,0.0,0.0,0.0033390886903580997,0.00333892227806563,0.0,0.0,0.0,0.0,0.0016608104755448038,0.013357835901306564,0.02
MgSO4,74.85000000000002,0.005,490.3,0.0,0.0,0.0,0.0030674711305456715,0.0030672900343780684,0.0,0.0,0.0,0.0,0.0019324585679644873,0.012271748225884841,0.02
MgSO4,74.85000000000002,0.005,588.4,0.0,0.0,0.0,0.0027462595896356155,0.0027460717789024283,0.0,0.0,0.0,0.0,0.0022536916108699674,0.010987387617304625,0.02
MgSO4,74.85000000000002,0.005,686.5,0.0,0.0,0.0,0.0023964189897077584,0.002396231276510645,0.0,0.0,0.0,0.0,0.0026035474564776568,0.00958862154296062,0.02
MgSO4,74.85000000000002,0.005,784.6,0.0,0.0,0.0,0.0020399612295605037,0.002039779185096384,0.0,0.0,0.0,0.0,0.0029600160091836124,0.008163508184690816,0.02
MgSO4,74.85000000000002,0.01,0.1,0.0,0.0,0.0,0.006284089811556659,0.006284087881406827,0.0,0.0,0.0,0.0,0.003715118260281179,0.02513766083428861,0.04
MgSO4,74.85000000000002,0.01,98.1,0.0,0.0,0.0,0.006671002775758626,0.006670921148792154,0.0,0.0,0.0,0.0,0.0033284727704642786,0.026685143948484046,0.04
MgSO4,74.85000000000002,0.01,196.1,0.0,0.0,0.0,0.0066597264081478215,0.006659570352637752,0.0,0.0,0.0,0.0,0.0033399187196074685,0.026640020942365842,0.04
MgSO4,74.85000000000002,0.01,294.2,0.0,0.0,0.0,0.006403787143770384,0.006403572992339491,0.0,0.0,0.0,0.0,0.0035959701918228137,0.025616381173946986,0.04
MgSO4,74.85000000000002,0.01,392.3,0.0,0.0,0.0,0.005976115947401321,0.005975861655267347,0.0,0.0,0.0,0.0,0.004023717335519962,0.023905938615732116,0.04
MgSO4,74.85000000000002,0.01,490.3,0.0,0.0,0.0,0.005426194962696338,0.005425916817827196,0.0,0.0,0.0,0.0,0.004573690552143054,0.021706616879748335,0.04
MgSO4,74.85000000000002,0.01,588.4,0.0,0.0,0.0,0.004797635106095693,0.004797346983602677,0.0,0.0,0.0,0.0,0.005202286756711862,0.019192860999673437,0.04
MgSO4,74.85000000000002,0.01,686.5,0.0,0.0,0.0,0.004135501281649502,0.0041352145873908815,0.0,0.0,0.0,0.0,0.005864445906786259,0.016544934895832586,0.04
MgSO4,74.85000000000002,0.01,784.6,0.0,0.0,0.0,0.0034809593905143934,0.003480682963172002,0.0,0.0,0.0,0.0,0.006519005386124683,0.013927509882767938,0.04
MgSO4,99.85000000000002,0.005,0.1,0.0,0.0,0.0,0.003103351818340257,0.0031031791744976023,0.0,0.0,0.0,0.0,0.001895284951608393,0.0124153368006779,0.02
MgSO4,99.85000000000002,0.005,98.1,0.0,0.0,0.0,0.003354878423095409,0.003354558498727402,0.0,0.0,0.0,0.0,0.0016442167279176654,0.013421110863300261,0.02
MgSO4,99.85000000000002,0.005,196.1,0.0,0.0,0.0,0.0033931206437055423,0.0033926673913306235,0.0,0.0,0.0,0.0,0.001606264130084767,0.013573999412331042,0.02
MgSO4,99.85000000000002,0.005,294.2,0.0,0.0,0.0,0.0033059118473061522,0.003305352058591894,0.0,0.0,0.0,0.0,0.001693663404672795,0.013225297324188878,0.02
MgSO4,99.85000000000002,0.005,392.3,0.0,0.0,0.0,0.0031319227621153687,0.0031312845177663353,0.0,0.0,0.0,0.0,0.0018677812583525557,0.012529664991995251,0.02
MgSO4,99.85000000000002,0.005,490.3,0.0,0.0,0.0,0.0028940438582593588,0.0028933531423341696,0.0,0.0,0.0,0.0,0.002105749130377873,0.011578653484125423,0.02
MgSO4,99.85000000000002,0.005,588.4,0.0,0.0,0.0,0.0026106003750648752,0.002609880647110292,0.0,0.0,0.0,0.0,0.002389255160448509,0.010445564372245442,0.02
MgSO4,99.85000000000002,0.005,686.5,0.0,0.0,0.0,0.002300642576625148,0.002299914912389904,0.0,0.0,0.0,0.0,0.0026992571992075724,0.009206604420971804,0.02
MgSO4,99.85000000000002,0.005,784.6,0.0,0.0,0.0,0.0019828029548374,0.0019820856084723556,0.0,0.0,0.0,0.0,0.0030171281219496427,0.00793631390090376,0.02
MgSO4,99.85000000000002,0.01,0.1,0.0,0.0,0.0,0.005451879586397793,0.005451675108871454,0.0,0.0,0.0,0.0,0.004545904046264147,0.021810280991955654,0.04
MgSO4,99.85000000000002,0.01,98.1,0.0,0.0,0.0,0.005962369446131128,0.005961961716233803,0.0,0.0,0.0,0.0,0.004036117446983008,0.023851594514733718,0.04
MgSO4,99.85000000000002,0.01,196.1,0.0,0.0,0.0,0.006041438253832812,0.00604082432896753,0.0,0.0,0.0,0.0,0.003957517975286588,0.024167519403908128,0.04
MgSO4,99.85000000000002,0.01,294.2,0.0,0.0,0.0,0.00586141721836498,0.005860625703910641,0.0,0.0,0.0,0.0,0.004137861392067792,0.023447350102639344,0.04
MgSO4,99.85000000000002,0.01,392.3,0.0,0.0,0.0,0.005508674973073674,0.005507747910723247,0.0,0.0,0.0,0.0,0.0044908268065075255,0.0220365454110836,0.04
MgSO4,99.85000000000002,0.01,490.3,0.0,0.0,0.0,0.005038706628496148,0.005037688086669196,0.0,0.0,0.0,0.0,0.004960950070681158,0.0201570726422277,0.04
MgSO4,99.85000000000002,0.01,588.4,0.0,0.0,0.0,0.004494870003978692,0.004493800924276593,0.0,0.0,0.0,0.0,0.005504894626635338,0.017982356275402067,0.04
MgSO4,99.85000000000002,0.01,686.5,0.0,0.0,0.0,0.003917398937416424,0.003916315416498239,0.0,0.0,0.0,0.0,0.0060824407382823395,0.0156733291087031,0.04
MgSO4,99.85000000000002,0.01,784.6,0.0,0.0,0.0,0.0033412274827426497,0.003340159643494307,0.0,0.0,0.0,0.0,0.006658664208603922,0.013369729734319317,0.04
MgSO4,124.85000000000002,0.005,0.1,0.0,0.0,0.0,0.002679240233490293,0.0026786642267750942,0.0,0.0,0.0,0.0,0.0023172204441327523,0.010720889515191442,0.02
MgSO4,124.85000000000002,0.005,98.1,0.0,0.0,0.0,0.0030227744420189043,0.0030218277143582916,0.0,0.0,0.0,0.0,0.001974781284538304,0.01209391794941763,0.02
MgSO4,124.85000000000002,0.005,196.1,0.0,0.0,0.0,0.0031230905552824466,0.0031217778007792286,0.0,0.0,0.0,0.0,0.0018752086592159292,0.012494515506688267,0.02
MgSO4,124.85000000000002,0.005,294.2,0.0,0.0,0.0,0.003083246716785194,0.0030816119061266288,0.0,0.0,0.0,0.0,0.0019155643007652554,0.012334866794007852,0.02
MgSO4,124.85000000000002,0.005,392.3,0.0,0.0,0.0,0.002951217432059165,0.0029493208314456624,0.0,0.0,0.0,0.0,0.0020479488649687272,0.011806835497930488,0.02
MgSO4,124.85000000000002,0.005,490.3,0.0,0.0,0.0,0.002754320597785513,0.0027522256487883877,0.0,0.0,0.0,0.0,0.002245094137696193,0.011019668224811069,0.02
MgSO4,124.85000000000002,0.005,588.4,0.0,0.0,0.0,0.0025119462201756517,0.0025097143644032104,0.0,0.0,0.0,0.0,0.0024876437506164057,0.010050913771797643,0.02
MgSO4,124.85000000000002,0.005,686.5,0.0,0.0,0.0,0.002241812972993854,0.0022395026913092954,0.0,0.0,0.0,0.0,0.0027579008899521053,0.008971444979163396,0.02
MgSO4,124.85000000000002,0.005,784.6,0.0,0.0,0.0,0.001960244573474439,0.001957909829469678,0.0,0.0,0.0,0.0,0.003039556880873612,0.007846562225670945,0.02
MgSO4,124.85000000000002,0.01,0.1,0.0,0.0,0.0,0.004588760483378535,0.004588112488045934,0.0,0.0,0.0,0.0,0.005405546849102847,0.018361059016541576,0.04
MgSO4,124.85000000000002,0.01,98.1,0.0,0.0,0.0,0.005253023619817382,0.005251896033298159,0.0,0.0,0.0,0.0,0.004742907164009116,0.02101634185383877,0.04
MgSO4,124.85000000000002,0.01,196.1,0.0,0.0,0.0,0.0054520911661880365,0.005450437620964321,0.0,0.0,0.0,0.0,0.00454501007890179,0.021811319577117523,0.04
MgSO4,124.85000000000002,0.01,294.2,0.0,0.0,0.0,0.00537244671482121,0.005370289606591177,0.0,0.0,0.0,0.0,0.004625505365423383,0.02149190215254791,0.04
MgSO4,124.85000000000002,0.01,392.3,0.0,0.0,0.0,0.005111867582383888,0.005109277868020163,0.0,0.0,0.0,0.0,0.004886698611943548,0.020449198014268047,0.04
MgSO4,124.85000000000002,0.01,490.3,0.0,0.0,0.0,0.004730963768828835,0.004728035587194391,0.0,0.0,0.0,0.0,0.005268040143419511,0.018925638914997073,0.04
MgSO4,124.85000000000002,0.01,588.4,0.0,0.0,0.0,0.004273331195770728,0.004270163782546688,0.0,0.0,0.0,0.0,0.005725981943878307,0.01709559515318625,0.04
MgSO4,124.85000000000002,0.01,686.5,0.0,0.0,0.0,0.0037761248680227605,0.003772814424830361,0.0,0.0,0.0,0.0,0.006223404549821283,0.015107674335974201,0.04
MgSO4,124.85000000000002,0.01,784.6,0.0,0.0,0.0,0.0032704432413770378,0.003267077601142584,0.0,0.0,0.0,0.0,0.006729236363772712,0.013086261809291398,0.04
MgSO4,149.85000000000002,0.005,0.1,0.0,0.0,0.0,0.002230056697222905,0.0022288037621828152,0.0,0.0,0.0,0.0,0.0027615086399501824,0.00892855166960581,0.02
MgSO4,149.85000000000002,0.005,98.1,0.0,0.0,0.0,0.002677448224945583,0.0026753824523961973,0.0,0.0,0.0,0.0,0.00231638580653057,0.010715457459737674,0.02
MgSO4,149.85000000000002,0.005,196.1,0.0,0.0,0.0,0.0028533887024373124,0.0028504516954608997,0.0,0.0,0.0,0.0,0.0021421568570114085,0.01141714127343349,0.02
MgSO4,149.85000000000002,0.005,294.2,0.0,0.0,0.0,0.0028715619949785335,0.002867780700869121,0.0,0.0,0.0,0.0,0.002125244194609441,0.011488366587376361,0.02
MgSO4,149.85000000000002,0.005,392.3,0.0,0.0,0.0,0.002788762443346363,0.002784223609394734,0.0,0.0,0.0,0.0,0.002208961609763884,0.011156302693003394,0.02
MgSO4,149.85000000000002,0.005,490.3,0.0,0.0,0.0,0.0026368746427221828,0.0026316949787515624,0.0,0.0,0.0,0.0,0.0023615114355789585,0.010548466692388566,0.02
MgSO4,149.85000000000002,0.005,588.4,0.0,0.0,0.0,0.002436843665329631,0.0024311498796968137,0.0,0.0,0.0,0.0,0.0025620178552546637,0.009748617512228365,0.02
MgSO4,149.85000000000002,0.005,686.5,0.0,0.0,0.0,0.0022058393517790497,0.0021997617838633247,0.0,0.0,0.0,0.0,0.0027933615387683184,0.008825423160829628,0.02
MgSO4,149.85000000000002,0.005,784.6,0.0,0.0,0.0,0.001958786780621721,0.0019524543797248472,0.0,0.0,0.0,0.0,0.003040655235502211,0.007838582183134811,0.02
MgSO4,149.85000000000002,0.01,0.1,0.0,0.0,0.0,0.003727824334161301,0.003726463408678719,0.0,0.0,0.0,0.0,0.0062588475544556885,0.01492441509454352,0.04
MgSO4,149.85000000000002,0.01,98.1,0.0,0.0,0.0,0.0045540527357818905,0.004551715159080063,0.0,0.0,0.0,0.0,0.005435834254797444,0.018225528997226376,0.04
MgSO4,149.85000000000002,0.01,196.1,0.0,0.0,0.0,0.004889630965540925,0.0048861511626834015,0.0,0.0,0.0,0.0,0.005102838808671064,0.019564567944415395,0.04
MgSO4,149.85000000000002,0.01,294.2,0.0,0.0,0.0,0.004924335205045393,0.004919654947456498,0.0,0.0,0.0,0.0,0.0050701528471728124,0.019700727967134467,0.04
MgSO4,149.85000000000002,0.01,392.3,0.0,0.0,0.0,0.004764717142592128,0.004758890709329711,0.0,0.0,0.0,0.0,0.005231317666534469,0.019060283535791162,0.04
MgSO4,149.85000000000002,0.01,490.3,0.0,0.0,0.0,0.00447619708476897,0.0044693606626338275,0.0,0.0,0.0,0.0,0.0055209939871864126,0.01790496217007835,0.04
MgSO4,149.85000000000002,0.01,588.4,0.0,0.0,0.0,0.004103535415978387,0.004095866914332635,0.0,0.0,0.0,0.0,0.0058945010743598715,0.016413814303748376,0.04
MgSO4,149.85000000000002,0.01,686.5,0.0,0.0,0.0,0.0036823869551168733,0.003674081791461565,0.0,0.0,0.0,0.0,0.006316254494907429,0.014729449802016336,0.04
MgSO4,149.85000000000002,0.01,784.6,0.0,0.0,0.0,0.0032416937496836202,0.0032329476985011084,0.0,0.0,0.0,0.0,0.006757373826639316,0.012967619637684322,0.04
NH4Cl,-10.0,0.187,0.1,0.0,0.18699990810950426,0.0,0.0,0.0,0.18699741840361775,0.0,0.0,0.0,0.0,0.1869999084234974,0.187
NH4Cl,-10.0,0.9348,0.1,0.0,0.9347991764892379,0.0,0.0,0.0,0.9347943709417901,0.0,0.0,0.0,0.0,0.9347991766324977,0.9348
NH4Cl,-10.0,1.4021,0.1,0.0,1.4020984225403637,0.0,0.0,0.0,1.402093123847335,0.0,0.0,0.0,0.0,1.40209842263888,1.4021
NH4Cl,-10.0,1.8005,0.1,0.0,1.8004975644069454,0.0,0.0,0.0,1.80049213618502,0.0,0.0,0.0,0.0,1.8004975644801,1.8005
NH4Cl,-6.0,0.187,0.1,0.0,0.18699990206691447,0.0,0.0,0.0,0.18699692472271848,0.0,0.0,0.0,0.0,0.18699990247154116,0.187
NH4Cl,-6.0,0.9348,0.1,0.0,0.9347991187968666,0.0,0.0,0.0,0.934793336094951,0.0,0.0,0.0,0.0,0.9347991189807443,0.9348
NH4Cl,-6.0,1.4021,0.1,0.0,1.4020983127031277,0.0,0.0,0.0,1.4020919027225083,0.0,0.0,0.0,0.0,1.402098312829642,1.4021
NH4Cl,-6.0,1.8005,0.1,0.0,1.8004973949135714,0.0,0.0,0.0,1.80049079136552,0.0,0.0,0.0,0.0,1.800497395007535,1.8005
NH4Cl,-3.0,0.187,0.1,0.0,0.18699989668791284,0.0,0.0,0.0,0.18699650486758063,0.0,0.0,0.0,0.0,0.18699989717151538,0.187
NH4Cl,-3.0,0.9348,0.1,0.0,0.9347990683152373,0.0,0.0,0.0,0.9347924552664244,0.0,0.0,0.0,0.0,0.9347990685345204,0.9348
NH4Cl,-3.0,1.4021,0.1,0.0,1.402098217502789,0.0,0.0,0.0,1.4020908627639146,0.0,0.0,0.0,0.0,1.4020982176538004,1.4021
NH4Cl,-3.0,1.8005,0.1,0.0,1.800497249397658,0.0,0.0,0.0,1.800489645563506,0.0,0.0,0.0,0.0,1.8004972495098888,1.8005
NH4Cl,-1.0,0.187,0.1,0.0,0.18699989268974232,0.0,0.0,0.0,0.18699619931674175,0.0,0.0,0.0,0.0,0.18699989323160227,0.187
NH4Cl,-1.0,0.9348,0.1,0.0,0.9347990311034635,0.0,0.0,0.0,0.9347918139895591,0.0,0.0,0.0,0.0,0.9347990313488748,0.9348
NH4Cl,-1.0,1.4021,0.1,0.0,1.4020981476828014,0.0,0.0,0.0,1.4020901054515518,0.0,0.0,0.0,0.0,1.4020981478519412,1.4021
NH4Cl,-1.0,1.8005,0.1,0.0,1.8004971432325974,0.0,0.0,0.0,1.8004888110331796,0.0,0.0,0.0,0.0,1.80049714335838,1.8005
NH4Cl,5.0,0.000977,0.1,0.0,0.00097699991241993,0.0,0.0,0.0,0.0009766489267353051,0.0,0.0,0.0,0.0,0.0009770055768369994,0.000977
NH4Cl,5.0,0.00965,0.1,0.0,0.009649997677808077,0.0,0.0,0.0,0.009648888786598798,0.0,0.0,0.0,0.0,0.00964999978509306,0.00965
NH4Cl,5.0,0.09765,0.1,0.0,0.09764994768900954,0.0,0.0,0.0,0.09764647520439336,0.0,0.0,0.0,0.0,0.09764994861403614,0.09765
NH4Cl,5.0,0.187,0.1,0.0,0.18699987860935435,0.0,0.0,0.0,0.18699514677350093,0.0,0.0,0.0,0.0,0.18699987935495357,0.187
NH4Cl,5.0,0.4735,0.1,0.0,0.47349958574296025,0.0,0.0,0.0,0.47349241151494115,0.0,0.0,0.0,0.0,0.47349958625566047,0.4735
NH4Cl,5.0,0.9348,0.1,0.0,0.9347989012640381,0.0,0.0,0.0,0.9347896040567869,0.0,0.0,0.0,0.0,0.9347989016009113,0.9348
NH4Cl,5.0,1.034,0.1,0.0,1.033998717060097,0.0,0.0,0.0,1.0339891160883756,0.0,0.0,0.0,0.0,1.0339987173706515,1.034
NH4Cl,5.0,1.4021,0.1,0.0,1.4020979056164125,0.0,0.0,0.0,1.4020874950842495,0.0,0.0,0.0,0.0,1.4020979058493097,1.4021
NH4Cl,5.0,1.8005,0.1,0.0,1.8004967776047447,0.0,0.0,0.0,1.8004859341859158,0.0,0.0,0.0,0.0,1.800496777778394,1.8005
NH4Cl,10.0,0.000977,0.1,0.0,0.0009769999035946215,0.0,0.0,0.0,0.0009765726627632674,0.0,0.0,0.0,0.0,0.0009770072419347988,0.000977
NH4Cl,10.0,0.00965,0.1,0.0,0.009649997434253998,0.0,0.0,0.0,0.009648646862269053,0.0,0.0,0.0,0.0,0.00965000015458626,0.00965
NH4Cl,10.0,0.09765,0.1,0.0,0.09764994168348884,0.0,0.0,0.0,0.09764570986150983,0.0,0.0,0.0,0.0,0.0976499428670117,0.09765
NH4Cl,10.0,0.4735,0.1,0.0,0.47349953563098757,0.0,0.0,0.0,0.47349077852439503,0.0,0.0,0.0,0.0,0.4734995362833476,0.4735
NH4Cl,10.0,1.034,0.1,0.0,1.0339985648282086,0.0,0.0,0.0,1.0339868118435585,0.0,0.0,0.0,0.0,1.0339985652242027,1.034
NH4Cl,20.0,0.187,0.1,0.0,0.1869998271749081,0.0,0.0,0.0,0.18699142691219542,0.0,0.0,0.0,0.0,0.1869998286440327,0.187
NH4Cl,20.0,0.9348,0.1,0.0,0.9347984333195963,0.0,0.0,0.0,0.9347817890508061,0.0,0.0,0.0,0.0,0.9347984339824413,0.9348
NH4Cl,20.0,1.4021,0.1,0.0,1.4020970435222628,0.0,0.0,0.0,1.4020782623350283,0.0,0.0,0.0,0.0,1.4020970439853286,1.4021
NH4Cl,20.0,1.8005,0.1,0.0,1.8004954915523608,0.0,0.0,0.0,1.800475759495256,0.0,0.0,0.0,0.0,1.8004954919008922,1.8005
NH4Cl,25.0,0.000977,0.1,0.0,0.0009769998662767833,0.0,0.0,0.0,0.0009762585504322077,0.0,0.0,0.0,0.0,0.0009770142261821388,0.000977
NH4Cl,25.0,0.00965,0.1,0.0,0.009649996403486018,0.0,0.0,0.0,0.009647650104877732,0.0,0.0,0.0,0.0,0.00965000167360781,0.00965
NH4Cl,25.0,0.09765,0.1,0.0,0.09764991625544203,0.0,0.0,0.0,0.09764255606566019,0.0,0.0,0.0,0.0,0.09764991849362968,0.09765
NH4Cl,25.0,0.187,0.1,0.0,0.18699980357042098,0.0,0.0,0.0,0.18698976231171727,0.0,0.0,0.0,0.0,0.18699980535519034,0.187
NH4Cl,25.0,0.4735,0.1,0.0,0.47349932390524313,0.0,0.0,0.0,0.4734840471368066,0.0,0.0,0.0,0.0,0.4734993251220371,0.4735
NH4Cl,25.0,0.9348,0.1,0.0,0.934798220026444,0.0,0.0,0.0,0.9347782901735661,0.0,0.0,0.0,0.0,0.9347982208320452,0.9348
NH4Cl,25.0,1.034,0.1,0.0,1.0339979272185886,0.0,0.0,0.0,1.0339773104940562,0.0,0.0,0.0,0.0,1.0339979279633182,1.034
NH4Cl,25.0,1.4021,0.1,0.0,1.4020966537063202,0.0,0.0,0.0,1.40207412824752,0.0,0.0,0.0,0.0,1.4020966542713151,1.4021
NH4Cl,25.0,1.8005,0.1,0.0,1.8004949147897242,0.0,0.0,0.0,1.8004712040114157,0.0,0.0,0.0,0.0,1.8004949152165186,1.8005
NH4Cl,35.0,0.000977,0.1,0.0,0.0009769998297053401,0.0,0.0,0.0,0.000975959801512306,0.0,0.0,0.0,0.0,0.0009770207245164983,0.000977
NH4Cl,35.0,0.00965,0.1,0.0,0.009649995389987478,0.0,0.0,0.0,0.009646702068690156,0.0,0.0,0.0,0.0,0.009650003010491699,0.00965
NH4Cl,35.0,0.09765,0.1,0.0,0.09764989111240917,0.0,0.0,0.0,0.09763955587850835,0.0,0.0,0.0,0.0,0.09764989430296052,0.09765
NH4Cl,35.0,0.4735,0.1,0.0,0.4734991143065907,0.0,0.0,0.0,0.4734776402744422,0.0,0.0,0.0,0.0,0.4734991160281621,0.4735
NH4Cl,35.0,1.034,0.1,0.0,1.0339973011848056,0.0,0.0,0.0,1.033968262251577,0.0,0.0,0.0,0.0,1.0339973022450697,1.034
NH4Cl,45.0,0.000977,0.1,0.0,0.0009769997801815475,0.0,0.0,0.0,0.0009755700640571004,0.0,0.0,0.0,0.0,0.0009770287648709667,0.000977
NH4Cl,45.0,0.00965,0.1,0.0,0.009649994012609084,0.0,0.0,0.0,0.009645465559901017,0.0,0.0,0.0,0.0,0.00965000452020529,0.00965
NH4Cl,45.0,0.09765,0.1,0.0,0.09764985672032449,0.0,0.0,0.0,0.09763564199632618,0.0,0.0,0.0,0.0,0.09764986106260021,0.09765
NH4Cl,45.0,0.4735,0.1,0.0,0.47349882697896784,0.0,0.0,0.0,0.47346927670569006,0.0,0.0,0.0,0.0,0.4734988293068078,0.4735
NH4Cl,45.0,1.034,0.1,0.0,1.0339964482525923,0.0,0.0,0.0,1.0339564414009283,0.0,0.0,0.0,0.0,1.033996449695513,1.034
NH4Cl,70.0,0.000977,0.1,0.0,0.0009769995659495167,0.0,0.0,0.0,0.0009740665844143461,0.0,0.0,0.0,0.0,0.0009770549244255647,0.000977
NH4Cl,70.0,0.00965,0.1,0.0,0.009649988010381813,0.0,0.0,0.0,0.009640698648546865,0.0,0.0,0.0,0.0,0.009650007798359849,0.00965
NH4Cl,70.0,0.09765,0.1,0.0,0.09764970487555336,0.0,0.0,0.0,0.0976205441345822,0.0,0.0,0.0,0.0,0.09764971282519866,0.09765
NH4Cl,70.0,0.4735,0.1,0.0,0.47349755282444833,0.0,0.0,0.0,0.47343694882652065,0.0,0.0,0.0,0.0,0.4734975570319599,0.4735
NH4Cl,70.0,1.034,0.1,0.0,1.0339927085807261,0.0,0.0,0.0,1.0339106339568107,0.0,0.0,0.0,0.0,1.0339927112317007,1.034
NH4Cl,90.0,0.000977,0.1,0.0,0.000976999228278404,0.0,0.0,0.0,0.000972126404388457,0.0,0.0,0.0,0.0,0.0009770797594491,0.000977
NH4Cl,90.0,0.00965,0.1,0.0,0.009649978467135879,0.0,0.0,0.0,0.009634551104335313,0.0,0.0,0.0,0.0,0.009650006954512234,0.00965
NH4Cl,90.0,0.09765,0.1,0.0,0.09764945989591087,0.0,0.0,0.0,0.09760104855921305,0.0,0.0,0.0,0.0,0.0976494711263319,0.09765
NH4Cl,90.0,0.4735,0.1,0.0,0.47349548898022314,0.0,0.0,0.0,0.47339503969201496,0.0,0.0,0.0,0.0,0.47349549488115306,0.4735
NH4Cl,90.0,1.034,0.1,0.0,1.0339867328227383,0.0,0.0,0.0,1.033850951171153,0.0,0.0,0.0,0.0,1.0339867365898787,1.034
Na2SO4,5.0,0.0001,0.1,0.0,0.0,0.00019991419587102685,0.0,9.991396723187543e-05,0.0,0.0,0.0,8.579894507555102e-08,0.0,0.0002998722340520343,0.00030000000000000003
Na2SO4,5.0,0.001,0.1,0.0,0.0,0.0019928837666804942,0.0,0.0009928818263519028,0.0,0.0,0.0,7.116183151633952e-06,0.0,0.0029858108238762786,0.003
Na2SO4,5.0,0.01,0.1,0.0,0.0,0.01957063184056229,0.0,0.009570619874454874,0.0,0.0,0.0,0.0004293676834280531,0.0,0.029141297765636988,0.03
Na2SO4,5.0,0.1001,0.1,0.0,0.0,0.18219095802481655,0.0,0.08209091177091647,0.0,0.0,0.0,0.018009037496792803,0.0,0.2642819115755731,0.3003
Na2SO4,5.0,0.1989,0.1,0.0,0.0,0.34094940824786985,0.0,0.14204934273093817,0.0,0.0,0.0,0.05685058277662526,0.0,0.48299878742101887,0.5967
Na2SO4,5.0,0.4999,0.1,0.0,0.0,0.7308191009280564,0.0,0.2309190064181422,0.0,0.0,0.0,0.26898087597873066,0.0,0.961738133559458,1.4997
Na2SO4,5.0,0.5,0.1,0.0,0.0,0.7309321449753331,0.0,0.23093205046020823,0.0,0.0,0.0,0.26906783192686934,0.0,0.9618642216466149,1.5
Na2SO4,5.0,0.75,0.1,0.0,0.0,0.9940949169540089,0.0,0.24409481455923412,0.0,0.0,0.0,0.5059050489472174,0.0,1.238189753623511,2.25
Na2SO4,10.0,0.0001,0.1,0.0,0.0,0.0001999138038222901,0.0,9.991348118700119e-05,0.0,0.0,0.0,8.618973509991336e-08,0.0,0.00029988266412013997,0.00030000000000000003
Na2SO4,10.0,0.001,0.1,0.0,0.0,0.0019928183977474434,0.0,0.000992815653348541,0.0,0.0,0.0,7.181539683530491e-06,0.0,0.0029856906884150242,0.003
Na2SO4,10.0,0.01,0.1,0.0,0.0,0.019561989163362395,0.0,0.009561972283325058,0.0,0.0,0.0,0.0004380102341784776,0.0,0.02912401825563572,0.03
Na2SO4,10.0,0.1001,0.1,0.0,0.0,0.18165570731625805,0.0,0.08155564312893925,0.0,0.0,0.0,0.01854428685453246,0.0,0.2632114004657071,0.3003
Na2SO4,10.0,0.1989,0.1,0.0,0.0,0.339559556706426,0.0,0.14065946677672594,0.0,0.0,0.0,0.05824043153774247,0.0,0.48021906680804916,0.5967
Na2SO4,10.0,0.4999,0.1,0.0,0.0,0.7280668706254022,0.0,0.2281667428348859,0.0,0.0,0.0,0.2717330990773934,0.0,0.9562336445937405,1.4997
Na2SO4,10.0,0.5,0.1,0.0,0.0,0.7281798155180451,0.0,0.22817968772078945,0.0,0.0,0.0,0.2718201541787448,0.0,0.9563595343697125,1.5
Na2SO4,10.0,0.75,0.1,0.0,0.0,0.991506807312284,0.0,0.24150666935840653,0.0,0.0,0.0,0.5084931479874465,0.0,1.2330135029731815,2.25
Na2SO4,20.0,0.5,0.1,0.0,0.0,0.7202150642477507,0.0,0.2202148389222094,0.0,0.0,0.0,0.27978488458438255,0.0,0.9404299452724969,1.5
Na2SO4,20.0,0.75,0.1,0.0,0.0,0.983244410901449,0.0,0.2332441696678593,0.0,0.0,0.0,0.5167555138857256,0.0,1.2164886163550603,2.25
Na2SO4,25.0,0.0001,0.1,0.0,0.0,0.00019990754913514643,0.0,9.990666234143409e-05,0.0,0.0,0.0,9.243902158616045e-08,0.0,0.0002999163479455075,0.00030000000000000003
Na2SO4,25.0,0.001,0.1,0.0,0.0,0.001992203864154108,0.0,0.0009921963137132874,0.0,0.0,0.0,7.796019273782626e-06,0.0,0.0029845032331687503,0.003
Na2SO4,25.0,0.01,0.1,0.0,0.0,0.0195117083729655,0.0,0.009511663122236702,0.0,0.0,0.0,0.0004882904406776283,0.0,0.029023469136189875,0.03
Na2SO4,25.0,0.1001,0.1,0.0,0.0,0.17925021775792446,0.0,0.07915005745986056,0.0,0.0,0.0,0.02094976969132816,0.0,0.25840035319996574,0.3003
Na2SO4,25.0,0.1989,0.1,0.0,0.0,0.3334752134693843,0.0,0.13457499663141662,0.0,0.0,0.0,0.06432476086926421,0.0,0.4680502765197124,0.5967
Na2SO4,25.0,0.4999,0.1,0.0,0.0,0.7152061866820317,0.0,0.21530589250487178,0.0,0.0,0.0,0.28459374748689537,0.0,0.9305121272599947,1.4997
Na2SO4,35.0,0.0001,0.1,0.0,0.0,0.0001999000092155172,0.0,9.989831121436966e-05,0.0,0.0,0.0,9.997362224547503e-08,0.0,0.00029994419734432725,0.00030000000000000003
Na2SO4,35.0,0.001,0.1,0.0,0.0,0.001991510463031536,0.0,0.0009914960704821003,0.0,0.0,0.0,8.489365975090395e-06,0.0,0.002983151919718074,0.003
Na2SO4,35.0,0.01,0.1,0.0,0.0,0.019461081261187334,0.0,0.00946099777428296,0.0,0.0,0.0,0.0005389169141253536,0.0,0.028922210175043987,0.03
Na2SO4,35.0,0.1001,0.1,0.0,0.0,0.1771175571401253,0.0,0.0770172782059645,0.0,0.0,0.0,0.023082422379374672,0.0,0.2541349333350195,0.3003
Na2SO4,35.0,0.1989,0.1,0.0,0.0,0.32826094287469926,0.0,0.12936057396921505,0.0,0.0,0.0,0.06953901506503543,0.0,0.45762159974343475,0.5967
Na2SO4,35.0,0.4999,0.1,0.0,0.0,0.7041384856478489,0.0,0.204237999402574,0.0,0.0,0.0,0.29566140743843816,0.0,0.9083765457608621,1.4997
Na2SO4,45.0,0.0001,0.1,0.0,0.0,0.00019989003656033463,0.0,9.988685573759123e-05,0.0,0.0,0.0,1.0993920394638035e-07,0.0,0.0002999780784356659,0.00030000000000000003
Na2SO4,45.0,0.001,0.1,0.0,0.0,0.001990608222424105,0.0,0.0009905815093839143,0.0,0.0,0.0,9.39153226801255e-06,0.0,0.0029813870538729723,0.003
Na2SO4,45.0,0.01,0.1,0.0,0.0,0.019397634974869637,0.0,0.009397486814284763,0.0,0.0,0.0,0.0006023622563298932,0.0,0.02879528967267009,0.03
Na2SO4,45.0,0.1001,0.1,0.0,0.0,0.17463665173896245,0.0,0.07453618640111828,0.0,0.0,0.0,0.025563315447144998,0.0,0.24917295590802194,0.3003
Na2SO4,45.0,0.1989,0.1,0.0,0.0,0.3223814774548308,0.0,0.12348087460406394,0.0,0.0,0.0,0.07541845511131551,0.0,0.44586245139767444,0.5967
Na2SO4,45.0,0.4999,0.1,0.0,0.0,0.6918881824009654,0.0,0.19198740840919218,0.0,0.0,0.0,0.3079116483055313,0.0,0.8838756647160695,1.4997
Na2SO4,70.0,0.0001,0.1,0.0,0.0,0.000199853739405521,0.0,9.98398748005379e-05,0.0,0.0,0.0,1.462085260377068e-07,0.0,0.00030008843681257835,0.00030000000000000003
Na2SO4,70.0,0.001,0.1,0.0,0.0,0.0019873661218084613,0.0,0.0009872554457807344,0.0,0.0,0.0,1.2633316925627786e-05,0.0,0.0029749847875895656,0.003
Na2SO4,70.0,0.01,0.1,0.0,0.0,0.019179672606518507,0.0,0.009179147906788311,0.0,0.0,0.0,0.0008203198797607483,0.0,0.028359078850756635,0.03
Na2SO4,70.0,0.1001,0.1,0.0,0.0,0.16717418345991672,0.0,0.06707275932208279,0.0,0.0,0.0,0.03302571851266601,0.0,0.23424710302224344,0.3003
Na2SO4,70.0,0.1989,0.1,0.0,0.0,0.30572518856047726,0.0,0.10682342122782135,0.0,0.0,0.0,0.09207461223155369,0.0,0.4125487458371878,0.5967
Na2SO4,70.0,0.4999,0.1,0.0,0.0,0.6588297986084325,0.0,0.1589276525114976,0.0,0.0,0.0,0.34096971977103213,0.0,0.817757557499557,1.4997
Na2SO4,90.0,0.0001,0.1,0.0,0.0,0.00019981024335109156,0.0,9.976936674182177e-05,0.0,0.0,0.0,1.8966810733602572e-07,0.0,0.0003001839070603541,0.00030000000000000003
Na2SO4,90.0,0.001,0.1,0.0,0.0,0.001983517734699,0.0,0.0009832162424852544,0.0,0.0,0.0,1.6481226154643722e-05,0.0,0.0029672438303949607,0.003
Na2SO4,90.0,0.01,0.1,0.0,0.0,0.01893468846449734,0.0,0.00893345678691871,0.0,0.0,0.0,0.0010652954588737298,0.0,0.02786845586628939,0.03
Na2SO4,90.0,0.1001,0.1,0.0,0.0,0.16019461479010633,0.0,0.060091577292192264,0.0,0.0,0.0,0.04000516961608392,0.0,0.22028637483690788,0.3003
Na2SO4,90.0,0.1989,0.1,0.0,0.0,0.29130775701341327,0.0,0.0924040918275035,0.0,0.0,0.0,0.10649181205515441,0.0,0.38371200632613667,0.5967
Na2SO4,90.0,0.4999,0.1,0.0,0.0,0.632138914691843,0.0,0.13223462891809024,0.0,0.0,0.0,0.3676600748043155,0.0,0.7643736723086589,1.4997
NaCl,-10.0,0.1711,0.1,0.0,0.16904527915423417,0.16904527855451218,0.0,0.0,0.0,0.0,0.0,0.0,0.0,0.16904530664691025,0.1711
NaCl,-10.0,0.5133,0.1,0.0,0.49783346240155074,0.49783346092781827,0.0,0.0,0.0,0.0,0.0,0.0,0.0,0.4978334901824032,0.5133
NaCl,-10.0,0.8556,0.1,0.0,0.8129483526876348,0.8129483505050865,0.0,0.0,0.0,0.0,0.0,0.0,0.0,0.8129483783889491,0.8556
NaCl,-10.0,1.2834,0.1,0.0,1.1815859361030547,1.1815859332222667,0.0,0.0,0.0,0.0,0.0,0.0,0.0,1.181585958452746,1.2834
NaCl,-10.0,1.7112,0.1,0.0,1.5140606409606925,1.514060637597328,0.0,0.0,0.0,0.0,0.0,0.0,0.0,1.5140606599394597,1.7112
NaCl,-10.0,2.5667,0.1,0.0,2.0377373976717723,2.0377373939822228,0.0,0.0,0.0,0.0,0.0,0.0,0.0,2.0377374108798585,2.5667
NaCl,-6.0,0.1711,0.1,0.0,0.1690257307295692,0.169025729895257,0.0,0.0,0.0,0.0,0.0,0.0,0.0,0.1690257648193958,0.1711
NaCl,-6.0,0.5133,0.1,0.0,0.4976709310940278,0.4976709290363768,0.0,0.0,0.0,0.0,0.0,0.0,0.0,0.4976709654502442,0.5133
NaCl,-6.0,0.8556,0.1,0.0,0.8126155348136357,0.8126155317592998,0.0,0.0,0.0,0.0,0.0,0.0,0.0,0.8126155665778193,0.8556
NaCl,-6.0,1.2834,0.1,0.0,1.1812682019458578,1.1812681979005357,0.0,0.0,0.0,0.0,0.0,0.0,0.0,1.181268229566371,1.2834
NaCl,-6.0,1.7112,0.1,0.0,1.5144107028584468,1.5144106981132803,0.0,0.0,0.0,0.0,0.0,0.0,0.0,1.5144107263180602,1.7112
NaCl,-6.0,2.5667,0.1,0.0,2.0430974606954573,2.043097455421139,0.0,0.0,0.0,0.0,0.0,0.0,0.0,2.043097477032493,2.5667
NaCl,-3.0,0.1711,0.1,0.0,0.16900176303444067,0.16900176199151576,0.0,0.0,0.0,0.0,0.0,0.0,0.0,0.16900180278259014,0.1711
NaCl,-3.0,0.5133,0.1,0.0,0.4974817376276628,0.49748173505011933,0.0,0.0,0.0,0.0,0.0,0.0,0.0,0.49748177761433543,0.5133
NaCl,-3.0,0.8556,0.1,0.0,0.8121872924999746,0.8121872886695821,0.0,0.0,0.0,0.0,0.0,0.0,0.0,0.8121873294577476,0.8556
NaCl,-3.0,1.2834,0.1,0.0,1.1806235653085482,1.180623560226442,0.0,0.0,0.0,0.0,0.0,0.0,0.0,1.1806235974507509,1.2834
NaCl,-3.0,1.7112,0.1,0.0,1.5139250416030634,1.513925035626071,0.0,0.0,0.0,0.0,0.0,0.0,0.0,1.513925068914221,1.7112
NaCl,-3.0,2.5667,0.1,0.0,2.045335571309956,2.0453355646127687,0.0,0.0,0.0,0.0,0.0,0.0,0.0,2.045335590348072,2.5667
NaCl,-1.0,0.1711,0.1,0.0,0.16898195229670082,0.16898195109743136,0.0,0.0,0.0,0.0,0.0,0.0,0.0,0.16898199618122484,0.1711
NaCl,-1.0,0.5133,0.1,0.0,0.4973279019961412,0.4973278990287766,0.0,0.0,0.0,0.0,0.0,0.0,0.0,0.49732794609416586,0.5133
NaCl,-1.0,0.8556,0.1,0.0,0.8118287637740427,0.8118287593620257,0.0,0.0,0.0,0.0,0.0,0.0,0.0,0.8118288045252287,0.8556
NaCl,-1.0,1.2834,0.1,0.0,1.1800292312325926,1.180029225373763,0.0,0.0,0.0,0.0,0.0,0.0,0.0,1.180029266680958,1.2834
NaCl,-1.0,1.7112,0.1,0.0,1.5133003567123309,1.5133003498121782,0.0,0.0,0.0,0.0,0.0,0.0,0.0,1.513300386843755,1.7112
NaCl,-1.0,2.5667,0.1,0.0,2.0461132782961635,2.046113270528737,0.0,0.0,0.0,0.0,0.0,0.0,0.0,2.046113299318658,2.5667
NaCl,0.0,6.04033,0.1,0.0,2.2957974215499974,2.2957974177619485,0.0,0.0,0.0,0.0,0.0,0.0,0.0,2.295797426030477,6.04033
NaCl,0.0,6.04033,28.5,0.0,2.3899700943527193,2.3899700922013998,0.0,0.0,0.0,0.0,0.0,0.0,0.0,2.389970100457668,6.04033
NaCl,0.0,6.04033,47.7,0.0,2.4444464092707308,2.4444464084901445,0.0,0.0,0.0,0.0,0.0,0.0,0.0,2.444446416724097,6.04033
NaCl,0.0,6.04033,99.7,0.0,2.559811294861979,2.559811299099354,0.0,0.0,0.0,0.0,0.0,0.0,0.0,2.5598113072364024,6.04033
NaCl,0.0,6.04033,136.1,0.0,2.616659881852202,2.6166598910121603,0.0,0.0,0.0,0.0,0.0,0.0,0.0,2.6166598990620704,6.04033
NaCl,0.0,6.04033,150.3,0.0,2.634250596257001,2.6342506077221532,0.0,0.0,0.0,0.0,0.0,0.0,0.0,2.634250615735574,6.04033
NaCl,0.0,6.04033,190.2,0.0,2.67158444554608,2.6715844648698535,0.0,0.0,0.0,0.0,0.0,0.0,0.0,2.671584472776382,6.04033
NaCl,0.0,6.04033,229.4,0.0,2.6930247184514524,2.6930247478756666,0.0,0.0,0.0,0.0,0.0,0.0,0.0,2.693024755674091,6.04033
NaCl,0.0,6.04033,239.7,0.0,2.6964482561162386,2.6964482886567436,0.0,0.0,0.0,0.0,0.0,0.0,0.0,2.696448296426621,6.04033
NaCl,0.0,6.04033,287.7,0.0,2.7017657568480247,2.7017658069530763,0.0,0.0,0.0,0.0,0.0,0.0,0.0,2.701765814590546,6.04033
NaCl,0.0,6.04033,328.9,0.0,2.694053571699014,2.6940536416753993,0.0,0.0,0.0,0.0,0.0,0.0,0.0,2.694053649201213,6.04033
NaCl,5.0,0.000104,0.1,0.0,0.00010399841609581408,0.00010399841450555637,0.0,0.0,0.0,0.0,0.0,0.0,0.0,0.00010404220614338165,0.000104
NaCl,5.0,0.00099,0.1,0.0,0.0009898639806847956,0.0009898639659504606,0.0,0.0,0.0,0.0,0.0,0.0,0.0,0.0009899089313597255,0.00099
NaCl,5.0,0.01,0.1,0.0,0.009988115150051845,0.009988115012915267,0.0,0.0,0.0,0.0,0.0,0.0,0.0,0.009988163552953486,0.01
NaCl,5.0,0.1,0.1,0.0,0.09916652906641932,0.09916652795547291,0.0,0.0,0.0,0.0,0.0,0.0,0.0,0.0991665853033154,0.1
NaCl,5.0,0.1711,0.1,0.0,0.16890654093831062,0.16890653917640447,0.0,0.0,0.0,0.0,0.0,0.0,0.0,0.16890659913385186,0.1711
NaCl,5.0,0.5,0.1,0.0,0.48425775594855713,0.4842577516690118,0.0,0.0,0.0,0.0,0.0,0.0,0.0,0.48425781436729787,0.5
NaCl,5.0,0.5133,0.1,0.0,0.4967510376801777,0.4967510333096512,0.0,0.0,0.0,0.0,0.0,0.0,0.0,0.496751095977048,0.5133
NaCl,5.0,0.8556,0.1,0.0,0.8104520706240589,0.8104520641211007,0.0,0.0,0.0,0.0,0.0,0.0,0.0,0.8104521244821952,0.8556
NaCl,5.0,0.9999,0.1,0.0,0.9376841917336339,0.9376841844437201,0.0,0.0,0.0,0.0,0.0,0.0,0.0,0.9376842433123536,0.9999
NaCl,5.0,1.2834,0.1,0.0,1.1775767478475336,1.1775767392001064,0.0,0.0,0.0,0.0,0.0,0.0,0.0,1.177576794739525,1.2834
NaCl,5.0,1.7112,0.1,0.0,1.510215381204629,1.5102153709910513,0.0,0.0,0.0,0.0,0.0,0.0,0.0,1.5102154211218988,1.7112
NaCl,5.0,2.5667,0.1,0.0,2.0455957608571658,2.0455957492334833,0.0,0.0,0.0,0.0,0.0,0.0,0.0,2.0455957888048903,2.5667
NaCl,10.0,0.000104,0.1,0.0,0.00010399838342619183,0.00010399838131971433,0.0,0.0,0.0,0.0,0.0,0.0,0.0,0.00010405343990590336,0.000104
NaCl,10.0,0.00099,0.1,0.0,0.0009898609920032638,0.0009898609724721921,0.0,0.0,0.0,0.0,0.0,0.0,0.0,0.0009899174680255253,0.00099
NaCl,10.0,0.01,0.1,0.0,0.009987806374913569,0.009987806192757319,0.0,0.0,0.0,0.0,0.0,0.0,0.0,0.009987867062951019,0.01
NaCl,10.0,0.1,0.1,0.0,0.0991380763112557,0.09913807482901868,0.0,0.0,0.0,0.0,0.0,0.0,0.0,0.09913814648361982,0.1
NaCl,10.0,0.5,0.1,0.0,0.48368871887062154,0.4836887131471265,0.0,0.0,0.0,0.0,0.0,0.0,0.0,0.4836887914909962,0.5
NaCl,10.0,0.9999,0.1,0.0,0.935823773001696,0.935823763254257,0.0,0.0,0.0,0.0,0.0,0.0,0.0,0.9358238371311456,0.9999
NaCl,20.0,0.1711,0.1,0.0,0.16863177216844066,0.16863176822425602,0.0,0.0,0.0,0.0,0.0,0.0,0.0,0.16863188074236551,0.1711
NaCl,20.0,0.5,0.1,0.0,0.48229176445095756,0.4822917548504213,0.0,0.0,0.0,0.0,0.0,0.0,0.0,0.4822918727393468,0.5
NaCl,20.0,0.5133,0.1,0.0,0.4946905461803891,0.4946905363762294,0.0,0.0,0.0,0.0,0.0,0.0,0.0,0.49469065423485514,0.5133
NaCl,20.0,0.75,0.1,0.0,0.7113567419552547,0.7113567287688577,0.0,0.0,0.0,0.0,0.0,0.0,0.0,0.7113568446577898,0.75
NaCl,20.0,0.8556,0.1,0.0,0.8054336328007304,0.8054336182413606,0.0,0.0,0.0,0.0,0.0,0.0,0.0,0.8054337326482532,0.8556
NaCl,20.0,1.0,0.1,0.0,0.931280675673701,0.9312806593640542,0.0,0.0,0.0,0.0,0.0,0.0,0.0,0.9312807713782224,1.0
NaCl,20.0,1.2834,0.1,0.0,1.168050951346821,1.168050932017647,0.0,0.0,0.0,0.0,0.0,0.0,0.0,1.1680510385831595,1.2834
NaCl,20.0,1.5,0.1,0.0,1.3389937325066372,1.3389937112362078,0.0,0.0,0.0,0.0,0.0,0.0,0.0,1.3389938132802808,1.5
NaCl,20.0,1.7112,0.1,0.0,1.4965309922610128,1.4965309694008888,0.0,0.0,0.0,0.0,0.0,0.0,0.0,1.4965310669113479,1.7112
NaCl,20.0,2.5667,0.1,0.0,2.0306485629920457,2.0306485366129863,0.0,0.0,0.0,0.0,0.0,0.0,0.0,2.0306486159260553,2.5667
NaCl,24.93,5.34161,0.1,0.0,2.5882000114401196,2.5881999880809845,0.0,0.0,0.0,0.0,0.0,0.0,0.0,2.588200030907203,5.34161
NaCl,24.93,5.34161,29.4,0.0,2.663055769021797,2.6630557495627523,0.0,0.0,0.0,0.0,0.0,0.0,0.0,2.663055793609829,5.34161
NaCl,24.93,5.34161,52.8,0.0,2.7134494892542813,2.7134494738600887,0.0,0.0,0.0,0.0,0.0,0.0,0.0,2.7134495187065033,5.34161
NaCl,24.93,5.34161,79.1,0.0,2.7614411007112087,2.7614410910021374,0.0,0.0,0.0,0.0,0.0,0.0,0.0,2.7614411365837848,5.34161
NaCl,24.93,5.34161,104.6,0.0,2.800278224990917,2.8002782220461144,0.0,0.0,0.0,0.0,0.0,0.0,0.0,2.800278268196143,5.34161
NaCl,24.93,5.34161,128.2,0.0,2.830252282692474,2.8302522872323173,0.0,0.0,0.0,0.0,0.0,0.0,0.0,2.830252333798035,5.34161
NaCl,24.93,5.34161,154.0,0.0,2.8571826866306544,2.8571827008583623,0.0,0.0,0.0,0.0,0.0,0.0,0.0,2.8571827477733187,5.34161
NaCl,24.93,5.39773,0.1,0.0,2.584682779014379,2.5846827559903893,0.0,0.0,0.0,0.0,0.0,0.0,0.0,2.5846827980093536,5.39773
NaCl,24.93,5.39773,26.6,0.0,2.6533964993725,2.6533964797792167,0.0,0.0,0.0,0.0,0.0,0.0,0.0,2.6533965228610334,5.39773
NaCl,24.93,5.39773,37.8,0.0,2.6791089126300016,2.6791088947987536,0.0,0.0,0.0,0.0,0.0,0.0,0.0,2.6791089382693576,5.39773
NaCl,24.93,5.39773,50.7,0.0,2.706488084123206,2.7064880685663213,0.0,0.0,0.0,0.0,0.0,0.0,0.0,2.7064881124439055,5.39773
NaCl,24.93,5.39773,77.2,0.0,2.7558500724303485,2.7558500624254982,0.0,0.0,0.0,0.0,0.0,0.0,0.0,2.7558501070135906,5.39773
NaCl,24.93,5.39773,82.6,0.0,2.764856532173922,2.7648565234547666,0.0,0.0,0.0,0.0,0.0,0.0,0.0,2.764856568168537,5.39773
NaCl,24.93,5.39773,102.6,0.0,2.7953661734774156,2.795366170009804,0.0,0.0,0.0,0.0,0.0,0.0,0.0,2.7953662151378746,5.39773
NaCl,24.93,5.39773,126.6,0.0,2.8265059899931253,2.82650599392178,0.0,0.0,0.0,0.0,0.0,0.0,0.0,2.8265060394500927,5.39773
NaCl,24.93,5.39773,153.8,0.0,2.85533869461137,2.8553387085277593,0.0,0.0,0.0,0.0,0.0,0.0,0.0,2.8553387543983964,5.39773
NaCl,24.93,5.39773,173.5,0.0,2.8723720807808752,2.8723721031171676,0.0,0.0,0.0,0.0,0.0,0.0,0.0,2.8723721491717065,5.39773
NaCl,24.93,5.39773,211.6,0.0,2.8972032342888636,2.8972032761357775,0.0,0.0,0.0,0.0,0.0,0.0,0.0,2.8972033224176865,5.39773
NaCl,24.93,5.39773,256.7,0.0,2.9145998538840368,2.9145999252942008,0.0,0.0,0.0,0.0,0.0,0.0,0.0,2.9145999716685194,5.39773
NaCl,24.93,5.39773,267.4,0.0,2.9170446173952986,2.917044697010088,0.0,0.0,0.0,0.0,0.0,0.0,0.0,2.9170447433833426,5.39773
NaCl,24.93,5.39773,316.6,0.0,2.9210119964464623,2.921012120718383,0.0,0.0,0.0,0.0,0.0,0.0,0.0,2.921012166995954,5.39773
NaCl,24.93,5.39773,354.3,0.0,2.916853863441021,2.91685403091717,0.0,0.0,0.0,0.0,0.0,0.0,0.0,2.9168540770391047,5.39773
NaCl,24.93,5.39773,392.3,0.0,2.907189141054377,2.907189361640679,0.0,0.0,0.0,0.0,0.0,0.0,0.0,2.9071894075502214,5.39773
NaCl,24.93,5.63108,0.1,0.0,2.5656104619703277,2.5656104403344577,0.0,0.0,0.0,0.0,0.0,0.0,0.0,2.5656104791196084,5.63108
NaCl,24.93,5.63108,27.3,0.0,2.637557624782444,2.637557606501871,0.0,0.0,0.0,0.0,0.0,0.0,0.0,2.637557646171798,5.63108
NaCl,24.93,5.63108,52.0,0.0,2.6929291304697993,2.6929291161277615,0.0,0.0,0.0,0.0,0.0,0.0,0.0,2.6929291564407523,5.63108
NaCl,24.93,5.63108,69.8,0.0,2.7276226775956993,2.727622666667031,0.0,0.0,0.0,0.0,0.0,0.0,0.0,2.727622707360832,5.63108
NaCl,24.93,5.63108,78.4,0.0,2.7429496142072676,2.7429496051126203,0.0,0.0,0.0,0.0,0.0,0.0,0.0,2.742949645968034,5.63108
NaCl,24.93,5.63108,103.3,0.0,2.7824725143028948,2.782472511248688,0.0,0.0,0.0,0.0,0.0,0.0,0.0,2.7824725524979685,5.63108
NaCl,24.93,5.63108,127.5,0.0,2.814567018628567,2.8145670225771395,0.0,0.0,0.0,0.0,0.0,0.0,0.0,2.8145670641155816,5.63108
NaCl,24.93,5.63108,153.6,0.0,2.8429601816518604,2.8429601945532452,0.0,0.0,0.0,0.0,0.0,0.0,0.0,2.842960236315389,5.63108
NaCl,24.93,5.63108,157.6,0.0,2.8467857541173855,2.846785768530292,0.0,0.0,0.0,0.0,0.0,0.0,0.0,2.8467858103195396,5.63108
NaCl,24.93,5.63108,201.5,0.0,2.880511621564051,2.8805116553004027,0.0,0.0,0.0,0.0,0.0,0.0,0.0,2.88051169728039,5.63108
NaCl,24.93,5.63108,243.0,0.0,2.9000782641330973,2.9000783214511308,0.0,0.0,0.0,0.0,0.0,0.0,0.0,2.9000783634634244,5.63108
NaCl,24.93,5.63108,257.9,0.0,2.9045541095417566,2.9045541768000067,0.0,0.0,0.0,0.0,0.0,0.0,0.0,2.9045542187959796,5.63108
NaCl,24.93,5.63108,305.3,0.0,2.9109439229043073,2.9109440278856087,0.0,0.0,0.0,0.0,0.0,0.0,0.0,2.910944069751942,5.63108
NaCl,24.93,5.63108,351.7,0.0,2.907048988618737,2.907049141211289,0.0,0.0,0.0,0.0,0.0,0.0,0.0,2.9070491828605256,5.63108
NaCl,24.93,5.63108,390.5,0.0,2.897184743945869,2.8971849463140593,0.0,0.0,0.0,0.0,0.0,0.0,0.0,2.8971849877307454,5.63108
NaCl,25.0,0.000104,0.1,0.0,0.00010399823380632089,0.00010399822944081536,0.0,0.0,0.0,0.0,0.0,0.0,0.0,0.00010409998511725639,0.000104
NaCl,25.0,0.00099,0.1,0.0,0.0009898475822261057,0.00098984754167174,0.0,0.0,0.0,0.0,0.0,0.0,0.0,0.0009899517557216833,0.00099
NaCl,25.0,0.01,0.1,0.0,0.009986486530095885,0.009986486149781015,0.0,0.0,0.0,0.0,0.0,0.0,0.0,0.009986597841548352,0.01
NaCl,25.0,0.02001,0.1,0.0,0.019959817313952053,0.019959816584082725,0.0,0.0,0.0,0.0,0.0,0.0,0.0,0.019959932442413536,0.02001
NaCl,25.0,0.02001,51.8,0.0,0.019966291401816178,0.01996629089803177,0.0,0.0,0.0,0.0,0.0,0.0,0.0,0.019966435867383968,0.02001
NaCl,25.0,0.02001,104.7,0.0,0.01997039236468329,0.019970392262926333,0.0,0.0,0.0,0.0,0.0,0.0,0.0,0.019970570884414146,0.02001
NaCl,25.0,0.02001,151.9,0.0,0.01997270939729648,0.019972709890595138,0.0,0.0,0.0,0.0,0.0,0.0,0.0,0.019972922113058476,0.02001
NaCl,25.0,0.02001,184.8,0.0,0.019973799600262104,0.019973800702954216,0.0,0.0,0.0,0.0,0.0,0.0,0.0,0.019974038478819525,0.02001
NaCl,25.0,0.02001,215.5,0.0,0.01997451522669944,0.019974517095020145,0.0,0.0,0.0,0.0,0.0,0.0,0.0,0.01997478038213618,0.02001
NaCl,25.0,0.02001,229.1,0.0,0.019974752672411115,0.019974754954994782,0.0,0.0,0.0,0.0,0.0,0.0,0.0,0.019975030076279744,0.02001
NaCl,25.0,0.02001,264.3,0.0,0.019975170467519676,0.019975174088282838,0.0,0.0,0.0,0.0,0.0,0.0,0.0,0.019975481411254548,0.02001
NaCl,25.0,0.02001,288.1,0.0,0.01997530968220372,0.01997531447209189,0.0,0.0,0.0,0.0,0.0,0.0,0.0,0.019975644890955768,0.02001
NaCl,25.0,0.02001,318.1,0.0,0.019975340013871783,0.01997534666117584,0.0,0.0,0.0,0.0,0.0,0.0,0.0,0.019975707763723254,0.02001
NaCl,25.0,0.02001,367.6,0.0,0.019975076310982158,0.019975087249772823,0.0,0.0,0.0,0.0,0.0,0.0,0.0,0.01997550293594621,0.02001
NaCl,25.0,0.02001,418.6,0.0,0.019974442065682815,0.01997445965663643,0.0,0.0,0.0,0.0,0.0,0.0,0.0,0.019974936889797172,0.02001
NaCl,25.0,0.05013,0.1,0.0,0.0498536190595023,0.04985361736579395,0.0,0.0,0.0,0.0,0.0,0.0,0.0,0.049853740646697994,0.05013
NaCl,25.0,0.05013,49.7,0.0,0.049887956332680054,0.0498879551356942,0.0,0.0,0.0,0.0,0.0,0.0,0.0,0.04988810781191898,0.05013
NaCl,25.0,0.05013,99.7,0.0,0.04990988842585599,0.049909888078044265,0.0,0.0,0.0,0.0,0.0,0.0,0.0,0.049910073966029325,0.05013
NaCl,25.0,0.05013,152.2,0.0,0.04992437392118825,0.04992437507617924,0.0,0.0,0.0,0.0,0.0,0.0,0.0,0.049924599973378656,0.05013
NaCl,25.0,0.05013,186.9,0.0,0.04993061572524695,0.04993061838606072,0.0,0.0,0.0,0.0,0.0,0.0,0.0,0.049930871521983,0.05013
NaCl,25.0,0.05013,196.7,0.0,0.04993199667475476,0.04993199985724787,0.0,0.0,0.0,0.0,0.0,0.0,0.0,0.04993226133439556,0.05013
NaCl,25.0,0.05013,212.7,0.0,0.049933932775460835,0.04993393691726283,0.0,0.0,0.0,0.0,0.0,0.0,0.0,0.04993421236560679,0.05013
NaCl,25.0,0.05013,240.4,0.0,0.049936440161316153,0.04993644632919685,0.0,0.0,0.0,0.0,0.0,0.0,0.0,0.049936747014391006,0.05013
NaCl,25.0,0.05013,268.0,0.0,0.04993799788047813,0.04993800662477085,0.0,0.0,0.0,0.0,0.0,0.0,0.0,0.04993833379879388,0.05013
NaCl,25.0,0.05013,310.1,0.0,0.04993881662739087,0.04993883068680583,0.0,0.0,0.0,0.0,0.0,0.0,0.0,0.0499392008819323,0.05013
NaCl,25.0,0.05013,347.0,0.0,0.04993818775065803,0.049938208275918085,0.0,0.0,0.0,0.0,0.0,0.0,0.0,0.04993861878295154,0.05013
NaCl,25.0,0.05013,416.1,0.0,0.04993409705168372,0.04993413626504062,0.0,0.0,0.0,0.0,0.0,0.0,0.0,0.04993462863764557,0.05013
NaCl,25.0,0.1,0.1,0.0,0.09902435146474596,0.09902434833552898,0.0,0.0,0.0,0.0,0.0,0.0,0.0,0.09902447849498851,0.1
NaCl,25.0,0.10045,0.1,0.0,0.0994663613796642,0.099466358238117,0.0,0.0,0.0,0.0,0.0,0.0,0.0,0.09946648844450108,0.10045
NaCl,25.0,0.10045,51.1,0.0,0.09959033517751753,0.09959033298976452,0.0,0.0,0.0,0.0,0.0,0.0,0.0,0.0995904947927074,0.10045
NaCl,25.0,0.10045,95.7,0.0,0.09966025109622258,0.09966025029259952,0.0,0.0,0.0,0.0,0.0,0.0,0.0,0.09966044282421513,0.10045
NaCl,25.0,0.10045,102.1,0.0,0.09966818494310253,0.09966818439591361,0.0,0.0,0.0,0.0,0.0,0.0,0.0,0.09966838158245923,0.10045
NaCl,25.0,0.10045,152.4,0.0,0.09971673128954579,0.0997167334434637,0.0,0.0,0.0,0.0,0.0,0.0,0.0,0.09971696942012703,0.10045
NaCl,25.0,0.10045,182.4,0.0,0.09973627292263675,0.09973627743316098,0.0,0.0,0.0,0.0,0.0,0.0,0.0,0.09973653844166161,0.10045
NaCl,25.0,0.10045,208.2,0.0,0.09974867701148973,0.09974868414393068,0.0,0.0,0.0,0.0,0.0,0.0,0.0,0.09974896782941267,0.10045
NaCl,25.0,0.10045,217.8,0.0,0.09975238452214032,0.09975239279737864,0.0,0.0,0.0,0.0,0.0,0.0,0.0,0.09975268519294198,0.10045
NaCl,25.0,0.10045,234.0,0.0,0.09975762810309546,0.099757638542312,0.0,0.0,0.0,0.0,0.0,0.0,0.0,0.09975794597022206,0.10045
NaCl,25.0,0.10045,258.8,0.0,0.09976339770356504,0.09976341210986378,0.0,0.0,0.0,0.0,0.0,0.0,0.0,0.09976374335805807,0.10045
NaCl,25.0,0.10045,307.7,0.0,0.09976780924030841,0.09976783439716823,0.0,0.0,0.0,0.0,0.0,0.0,0.0,0.09976821541183456,0.10045
NaCl,25.0,0.10045,313.5,0.0,0.09976778409507071,0.09976781084043967,0.0,0.0,0.0,0.0,0.0,0.0,0.0,0.0997681979963044,0.10045
NaCl,25.0,0.10045,364.6,0.0,0.09976312321313595,0.09976316766437991,0.0,0.0,0.0,0.0,0.0,0.0,0.0,0.09976361095985725,0.10045
NaCl,25.0,0.10045,416.8,0.0,0.09975090852624169,0.09975097999783678,0.0,0.0,0.0,0.0,0.0,0.0,0.0,0.09975148397469638,0.10045
NaCl,25.0,0.1711,0.1,0.0,0.16851623912647234,0.1685162341459088,0.0,0.0,0.0,0.0,0.0,0.0,0.0,0.16851636987162882,0.1711
NaCl,25.0,0.19709,0.1,0.0,0.1937507699409517,0.1937507643230396,0.0,0.0,0.0,0.0,0.0,0.0,0.0,0.19375090142561846,0.19709
NaCl,25.0,0.19709,24.5,0.0,0.19397416103484555,0.19397415611377813,0.0,0.0,0.0,0.0,0.0,0.0,0.0,0.19397430836625265,0.19709
NaCl,25.0,0.19709,25.2,0.0,0.19397984360305703,0.19397983870487412,0.0,0.0,0.0,0.0,0.0,0.0,0.0,0.19397999140420724,0.19709
NaCl,25.0,0.19709,52.4,0.0,0.19417465093422168,0.19417464707528587,0.0,0.0,0.0,0.0,0.0,0.0,0.0,0.19417481767329337,0.19709
NaCl,25.0,0.19709,55.5,0.0,0.1941939573853744,0.1941939536654787,0.0,0.0,0.0,0.0,0.0,0.0,0.0,0.19419412637005282,0.19709
NaCl,25.0,0.19709,79.0,0.0,0.1943241476537691,0.1943241451508176,0.0,0.0,0.0,0.0,0.0,0.0,0.0,0.19432433427204837,0.19709
NaCl,25.0,0.19709,103.3,0.0,0.19443298188198394,0.19443298099256806,0.0,0.0,0.0,0.0,0.0,0.0,0.0,0.19443318792563002,0.19709
NaCl,25.0,0.19709,111.7,0.0,0.1944654311069754,0.194465430874559,0.0,0.0,0.0,0.0,0.0,0.0,0.0,0.19446564416329895,0.19709
NaCl,25.0,0.19709,129.4,0.0,0.19452622713119055,0.19452622847632087,0.0,0.0,0.0,0.0,0.0,0.0,0.0,0.19452645549127845,0.19709
NaCl,25.0,0.19709,154.5,0.0,0.19459695622498208,0.19459696032738685,0.0,0.0,0.0,0.0,0.0,0.0,0.0,0.19459720758081628,0.19709
NaCl,25.0,0.19709,182.2,0.0,0.19465718487870026,0.19465719288543373,0.0,0.0,0.0,0.0,0.0,0.0,0.0,0.19465746351491411,0.19709
NaCl,25.0,0.19709,208.7,0.0,0.19470009597194263,0.19470010876020902,0.0,0.0,0.0,0.0,0.0,0.0,0.0,0.1947004027516786,0.19709
NaCl,25.0,0.19709,210.6,0.0,0.19470268046464773,0.19470269364115358,0.0,0.0,0.0,0.0,0.0,0.0,0.0,0.19470298934425195,0.19709
NaCl,25.0,0.19709,235.2,0.0,0.19473076262329844,0.19473078145471256,0.0,0.0,0.0,0.0,0.0,0.0,0.0,0.19473109974765762,0.19709
NaCl,25.0,0.19709,263.0,0.0,0.19475154525104374,0.19475157208462632,0.0,0.0,0.0,0.0,0.0,0.0,0.0,0.1947519168242306,0.19709
NaCl,25.0,0.19709,312.1,0.0,0.19476397370887452,0.19476402004181334,0.0,0.0,0.0,0.0,0.0,0.0,0.0,0.19476441361954416,0.19709
NaCl,25.0,0.19709,312.5,0.0,0.1947639606189953,0.19476400714446498,0.0,0.0,0.0,0.0,0.0,0.0,0.0,0.1947644011299699,0.19709
NaCl,25.0,0.19709,368.0,0.0,0.1947462744487695,0.1947463543958163,0.0,0.0,0.0,0.0,0.0,0.0,0.0,0.19474680617211204,0.19709
NaCl,25.0,0.19709,419.5,0.0,0.19470427805320656,0.1947044041552067,0.0,0.0,0.0,0.0,0.0,0.0,0.0,0.1947049109318424,0.19709
NaCl,25.0,0.19898,0.1,0.0,0.1955824187495351,0.19558241308595334,0.0,0.0,0.0,0.0,0.0,0.0,0.0,0.19558255027873875,0.19898
NaCl,25.0,0.19898,28.3,0.0,0.19584059176683136,0.19584058693309572,0.0,0.0,0.0,0.0,0.0,0.0,0.0,0.19584074171532725,0.19898
NaCl,25.0,0.19898,58.1,0.0,0.19604930332842754,0.19604929969943516,0.0,0.0,0.0,0.0,0.0,0.0,0.0,0.19604947428222969,0.19898
NaCl,25.0,0.19898,75.0,0.0,0.19614505613752553,0.19614505338337518,0.0,0.0,0.0,0.0,0.0,0.0,0.0,0.1961452397576005,0.19898
NaCl,25.0,0.19898,104.6,0.0,0.19628167860069826,0.19628167780293598,0.0,0.0,0.0,0.0,0.0,0.0,0.0,0.19628188581955242,0.19898
NaCl,25.0,0.19898,117.6,0.0,0.1963311512966095,0.1963311515618692,0.0,0.0,0.0,0.0,0.0,0.0,0.0,0.19633136948323548,0.19898
NaCl,25.0,0.19898,130.0,0.0,0.19637319143720927,0.19637319285216154,0.0,0.0,0.0,0.0,0.0,0.0,0.0,0.19637342044834757,0.19898
NaCl,25.0,0.19898,155.2,0.0,0.19644498978241165,0.1964449940054838,0.0,0.0,0.0,0.0,0.0,0.0,0.0,0.1964452419439545,0.19898
NaCl,25.0,0.19898,179.1,0.0,0.19649848088431537,0.19649848846353407,0.0,0.0,0.0,0.0,0.0,0.0,0.0,0.19649875652873805,0.19898
NaCl,25.0,0.19898,208.0,0.0,0.19654716528700023,0.19654717803543773,0.0,0.0,0.0,0.0,0.0,0.0,0.0,0.1965474714970474,0.19898
NaCl,25.0,0.19898,215.3,0.0,0.19655701367658332,0.1965570279554749,0.0,0.0,0.0,0.0,0.0,0.0,0.0,0.19655732801066528,0.19898
NaCl,25.0,0.19898,240.9,0.0,0.1965845992048797,0.196584619689221,0.0,0.0,0.0,0.0,0.0,0.0,0.0,0.19658494341492289,0.19898
NaCl,25.0,0.19898,267.8,0.0,0.19660305380035414,0.1966030824397381,0.0,0.0,0.0,0.0,0.0,0.0,0.0,0.19660343191173965,0.19898
NaCl,25.0,0.19898,307.4,0.0,0.19661316054115927,0.19661320500245322,0.0,0.0,0.0,0.0,0.0,0.0,0.0,0.1966135938404545,0.19898
NaCl,25.0,0.19898,316.5,0.0,0.19661289401348653,0.19661294287665343,0.0,0.0,0.0,0.0,0.0,0.0,0.0,0.19661334097909317,0.19898
NaCl,25.0,0.19898,369.0,0.0,0.19659452870189473,0.1965946100072087,0.0,0.0,0.0,0.0,0.0,0.0,0.0,0.19659506280350814,0.19898
NaCl,25.0,0.19898,407.2,0.0,0.19656472500812017,0.19656483933348184,0.0,0.0,0.0,0.0,0.0,0.0,0.0,0.19656533280985367,0.19898
NaCl,25.0,0.5,0.1,0.0,0.48147460689735766,0.4814745947764962,0.0,0.0,0.0,0.0,0.0,0.0,0.0,0.4814747370527448,0.5
NaCl,25.0,0.50471,0.1,0.0,0.4858542833274799,0.48585427111555285,0.0,0.0,0.0,0.0,0.0,0.0,0.0,0.48585441338374924,0.50471
NaCl,25.0,0.50471,50.3,0.0,0.48809017074761585,0.48809016214178963,0.0,0.0,0.0,0.0,0.0,0.0,0.0,0.4880903358816544,0.50471
NaCl,25.0,0.50471,108.9,0.0,0.4897028638786949,0.48970286288425086,0.0,0.0,0.0,0.0,0.0,0.0,0.0,0.4897030770732804,0.50471
NaCl,25.0,0.50471,158.8,0.0,0.49054529653033974,0.4905453065666802,0.0,0.0,0.0,0.0,0.0,0.0,0.0,0.4905455580324959,0.50471
NaCl,25.0,0.50471,193.0,0.0,0.49092635130704,0.49092637240359516,0.0,0.0,0.0,0.0,0.0,0.0,0.0,0.4909266506771904,0.50471
NaCl,25.0,0.50471,210.2,0.0,0.4910697423776645,0.491069770413235,0.0,0.0,0.0,0.0,0.0,0.0,0.0,0.4910700624835179,0.50471
NaCl,25.0,0.50471,217.4,0.0,0.49112123207664454,0.4911212633308382,0.0,0.0,0.0,0.0,0.0,0.0,0.0,0.49112156122902295,0.50471
NaCl,25.0,0.50471,262.4,0.0,0.49134200821631474,0.49134206452241463,0.0,0.0,0.0,0.0,0.0,0.0,0.0,0.49134239936643875,0.50471
NaCl,25.0,0.50471,309.0,0.0,0.49141317676732504,0.49141327021150877,0.0,0.0,0.0,0.0,0.0,0.0,0.0,0.4914136437301657,0.50471
NaCl,25.0,0.50471,345.1,0.0,0.4913757553232306,0.4913758877461503,0.0,0.0,0.0,0.0,0.0,0.0,0.0,0.49137629097800045,0.50471
NaCl,25.0,0.50471,418.9,0.0,0.49108544001582205,0.4910856898078606,0.0,0.0,0.0,0.0,0.0,0.0,0.0,0.491086151160692,0.50471
NaCl,25.0,0.5133,0.1,0.0,0.4938341803587361,0.49383416798137597,0.0,0.0,0.0,0.0,0.0,0.0,0.0,0.4938343102306422,0.5133
NaCl,25.0,0.8556,0.1,0.0,0.8033414333693198,0.8033414150145655,0.0,0.0,0.0,0.0,0.0,0.0,0.0,0.8033415534042077,0.8556
NaCl,25.0,0.9999,0.1,0.0,0.9284781841173612,0.9284781635695915,0.0,0.0,0.0,0.0,0.0,0.0,0.0,0.9284782992171875,0.9999
NaCl,25.0,1.2834,0.1,0.0,1.1640104599524066,1.164010435622102,0.0,0.0,0.0,0.0,0.0,0.0,0.0,1.1640105649706718,1.2834
NaCl,25.0,1.7112,0.1,0.0,1.4905060272155766,1.490505998461499,0.0,0.0,0.0,0.0,0.0,0.0,0.0,1.4905061172643341,1.7112
NaCl,25.0,2.5667,0.1,0.0,2.022481628741985,2.0224815955024527,0.0,0.0,0.0,0.0,0.0,0.0,0.0,2.022481692915033,2.5667
NaCl,29.93,4.34763,0.1,0.0,2.5693332881605073,2.5693332516382728,0.0,0.0,0.0,0.0,0.0,0.0,0.0,2.5693333246457506,4.34763
NaCl,29.93,4.34763,24.3,0.0,2.620837558175861,2.6208375256366123,0.0,0.0,0.0,0.0,0.0,0.0,0.0,2.620837601533436,4.34763
NaCl,29.93,4.34763,24.5,0.0,2.6212293605274155,2.6212293280264145,0.0,0.0,0.0,0.0,0.0,0.0,0.0,2.621229403945976,4.34763
NaCl,29.93,4.34763,48.5,0.0,2.6646039968053508,2.664603969574087,0.0,0.0,0.0,0.0,0.0,0.0,0.0,2.6646040480879245,4.34763
NaCl,29.93,4.34763,49.7,0.0,2.666592627534928,2.666592600603874,0.0,0.0,0.0,0.0,0.0,0.0,0.0,2.6665926792404884,4.34763
NaCl,29.93,4.34763,74.4,0.0,2.7040720443583974,2.704072024441167,0.0,0.0,0.0,0.0,0.0,0.0,0.0,2.7040721054610755,4.34763
NaCl,29.93,4.34763,75.4,0.0,2.7054576767265823,2.7054576571281563,0.0,0.0,0.0,0.0,0.0,0.0,0.0,2.7054577382388496,4.34763
NaCl,29.93,4.34763,86.3,0.0,2.719940622082802,2.719940606144625,0.0,0.0,0.0,0.0,0.0,0.0,0.0,2.7199406882166652,4.34763
NaCl,29.93,4.34763,99.9,0.0,2.736489697529738,2.736489686652292,0.0,0.0,0.0,0.0,0.0,0.0,0.0,2.7364897698525104,4.34763
NaCl,29.93,4.34763,101.4,0.0,2.738216318444268,2.7382163081598336,0.0,0.0,0.0,0.0,0.0,0.0,0.0,2.738216391479722,4.34763
NaCl,29.93,4.34763,149.2,0.0,2.7840289346798133,2.784028947266991,0.0,0.0,0.0,0.0,0.0,0.0,0.0,2.784029033929234,4.34763
NaCl,29.93,4.34763,151.6,0.0,2.785897813846056,2.78589782780061,0.0,0.0,0.0,0.0,0.0,0.0,0.0,2.7858979146076797,4.34763
NaCl,29.93,4.34763,180.8,0.0,2.8057367981722963,2.805736830645148,0.0,0.0,0.0,0.0,0.0,0.0,0.0,2.805736919051858,4.34763
NaCl,29.93,4.34763,201.8,0.0,2.816950672535402,2.816950720650229,0.0,0.0,0.0,0.0,0.0,0.0,0.0,2.8169508100325413,4.34763
NaCl,29.93,4.34763,203.2,0.0,2.817614316273322,2.8176143655054906,0.0,0.0,0.0,0.0,0.0,0.0,0.0,2.8176144549479565,4.34763
NaCl,29.93,4.34763,242.1,0.0,2.8322120877207,2.832212172082382,0.0,0.0,0.0,0.0,0.0,0.0,0.0,2.8322122629704047,4.34763
NaCl,29.93,4.34763,242.7,0.0,2.8323824060645277,2.832382491033655,0.0,0.0,0.0,0.0,0.0,0.0,0.0,2.8323825819407418,4.34763
NaCl,29.93,4.34763,278.8,0.0,2.8398625008788785,2.8398626265003837,0.0,0.0,0.0,0.0,0.0,0.0,0.0,2.839862718391878,4.34763
NaCl,29.93,4.34763,304.0,0.0,2.842102261877206,2.8421024211303445,0.0,0.0,0.0,0.0,0.0,0.0,0.0,2.8421025135356297,4.34763
NaCl,29.93,4.34763,314.5,0.0,2.8423740059766223,2.842374180660815,0.0,0.0,0.0,0.0,0.0,0.0,0.0,2.8423742732424224,4.34763
NaCl,29.93,4.34763,345.5,0.0,2.841077060692956,2.841077286312709,0.0,0.0,0.0,0.0,0.0,0.0,0.0,2.841077379297883,4.34763
NaCl,29.93,4.34763,390.1,0.0,2.834207535054691,2.8342078500040557,0.0,0.0,0.0,0.0,0.0,0.0,0.0,2.8342079433013976,4.34763
NaCl,29.93,5.37998,0.1,0.0,2.6015299495213884,2.601529920108718,0.0,0.0,0.0,0.0,0.0,0.0,0.0,2.6015299729548644,5.37998
NaCl,29.93,5.37998,24.1,0.0,2.662534770282132,2.6625347442273624,0.0,0.0,0.0,0.0,0.0,0.0,0.0,2.662534798453933,5.37998
NaCl,29.93,5.37998,49.5,0.0,2.717725210445913,2.7177251890193634,0.0,0.0,0.0,0.0,0.0,0.0,0.0,2.717725244486691,5.37998
NaCl,29.93,5.37998,71.5,0.0,2.7586783742306755,2.758678357788758,0.0,0.0,0.0,0.0,0.0,0.0,0.0,2.7586784141656238,5.37998
NaCl,29.93,5.37998,76.4,0.0,2.7670095517441893,2.7670095365444456,0.0,0.0,0.0,0.0,0.0,0.0,0.0,2.7670095931046146,5.37998
NaCl,29.93,5.37998,98.8,0.0,2.801719214099122,2.801719205232016,0.0,0.0,0.0,0.0,0.0,0.0,0.0,2.801719262547418,5.37998
NaCl,29.93,5.37998,119.8,0.0,2.829606085668049,2.82960608378031,0.0,0.0,0.0,0.0,0.0,0.0,0.0,2.82960614168979,5.37998
NaCl,29.93,5.37998,147.2,0.0,2.8599357381521915,2.8599357470480484,0.0,0.0,0.0,0.0,0.0,0.0,0.0,2.8599358055856294,5.37998
NaCl,29.93,5.37998,188.5,0.0,2.8943284502339415,2.8943284794772453,0.0,0.0,0.0,0.0,0.0,0.0,0.0,2.894328538692987,5.37998
NaCl,29.93,5.37998,198.5,0.0,2.9008319587482725,2.900831993749492,0.0,0.0,0.0,0.0,0.0,0.0,0.0,2.9008320530874565,5.37998
NaCl,29.93,5.37998,248.6,0.0,2.9241118419023624,2.924111911438018,0.0,0.0,0.0,0.0,0.0,0.0,0.0,2.924111971184721,5.37998
NaCl,29.93,5.37998,268.3,0.0,2.929443093689955,2.9294431797382003,0.0,0.0,0.0,0.0,0.0,0.0,0.0,2.9294432395658196,5.37998
NaCl,29.93,5.37998,308.9,0.0,2.9345170394173117,2.934517165671194,0.0,0.0,0.0,0.0,0.0,0.0,0.0,2.934517225551031,5.37998
NaCl,29.93,5.37998,351.5,0.0,2.932268290586667,2.9322684694927617,0.0,0.0,0.0,0.0,0.0,0.0,0.0,2.9322685292913615,5.37998
NaCl,29.93,5.37998,389.3,0.0,2.9246189531901243,2.9246191895876277,0.0,0.0,0.0,0.0,0.0,0.0,0.0,2.924619249221887,5.37998
NaCl,29.93,6.16314,0.1,0.0,2.527052016719264,2.5270519928852297,0.0,0.0,0.0,0.0,0.0,0.0,0.0,2.5270520334201567,6.16314
NaCl,29.93,6.16314,23.0,0.0,2.589028166227158,2.5890281450785015,0.0,0.0,0.0,0.0,0.0,0.0,0.0,2.5890281863007107,6.16314
NaCl,29.93,6.16314,49.9,0.0,2.6515281011318144,2.651528084013809,0.0,0.0,0.0,0.0,0.0,0.0,0.0,2.651528125878348,6.16314
NaCl,29.93,6.16314,73.1,0.0,2.6975139785364544,2.697513965724053,0.0,0.0,0.0,0.0,0.0,0.0,0.0,2.697514008020138,6.16314
NaCl,29.93,6.16314,75.4,0.0,2.70170592222238,2.7017059098815475,0.0,0.0,0.0,0.0,0.0,0.0,0.0,2.701705952214911,6.16314
NaCl,29.93,6.16314,99.1,0.0,2.7413294663998258,2.7413294594202604,0.0,0.0,0.0,0.0,0.0,0.0,0.0,2.74132950208588,6.16314
NaCl,29.93,6.16314,123.5,0.0,2.775816987315901,2.775816986882753,0.0,0.0,0.0,0.0,0.0,0.0,0.0,2.77581702980204,6.16314
NaCl,29.93,6.16314,150.2,0.0,2.8069910880184747,2.8069910960790856,0.0,0.0,0.0,0.0,0.0,0.0,0.0,2.8069911391891464,6.16314
NaCl,29.93,6.16314,158.2,0.0,2.8151056351141044,2.815105646014979,0.0,0.0,0.0,0.0,0.0,0.0,0.0,2.8151056891667885,6.16314
NaCl,29.93,6.16314,212.7,0.0,2.8570825100011588,2.8570825444064614,0.0,0.0,0.0,0.0,0.0,0.0,0.0,2.8570825876882573,6.16314
NaCl,29.93,6.16314,250.4,0.0,2.874232883010082,2.8742329386297354,0.0,0.0,0.0,0.0,0.0,0.0,0.0,2.874232981876026,6.16314
NaCl,29.93,6.16314,256.3,0.0,2.8761438754432755,2.8761439348085127,0.0,0.0,0.0,0.0,0.0,0.0,0.0,2.8761439780419025,6.16314
NaCl,29.93,6.16314,313.7,0.0,2.8850942197172964,2.88509432255735,0.0,0.0,0.0,0.0,0.0,0.0,0.0,2.8850943655828725,6.16314
NaCl,29.93,6.16314,342.3,0.0,2.883701490515203,2.8837016205080674,0.0,0.0,0.0,0.0,0.0,0.0,0.0,2.8837016633846924,6.16314
NaCl,29.93,6.16314,386.6,0.0,2.874936249689353,2.8749364305268434,0.0,0.0,0.0,0.0,0.0,0.0,0.0,2.8749364731285345,6.16314
NaCl,35.0,0.000104,0.1,0.0,0.00010399809679020754,0.00010399809017465454,0.0,0.0,0.0,0.0,0.0,0.0,0.0,0.00010414369316891803,0.000104
NaCl,35.0,0.00099,0.1,0.0,0.0009898354133676976,0.0009898353518409198,0.0,0.0,0.0,0.0,0.0,0.0,0.0,0.0009899843032522909,0.00099
NaCl,35.0,0.01,0.1,0.0,0.00998531492487665,0.009985314346040447,0.0,0.0,0.0,0.0,0.0,0.0,0.0,0.009985473478953934,0.01
NaCl,35.0,0.1,0.1,0.0,0.09892677969786598,0.0989267749069824,0.0,0.0,0.0,0.0,0.0,0.0,0.0,0.09892695922838451,0.1
NaCl,35.0,0.5,0.1,0.0,0.47961449438191556,0.4796144758313962,0.0,0.0,0.0,0.0,0.0,0.0,0.0,0.4796146772561822,0.5
NaCl,35.0,0.9999,0.1,0.0,0.9223127764646295,0.922312745178629,0.0,0.0,0.0,0.0,0.0,0.0,0.0,0.9223129383999921,0.9999
NaCl,45.0,0.000104,0.1,0.0,0.00010399793142459094,0.0001039979218164017,0.0,0.0,0.0,0.0,0.0,0.0,0.0,0.00010419921651391869,0.000104
NaCl,45.0,0.00099,0.1,0.0,0.000989820774672643,0.0009898206852200927,0.0,0.0,0.0,0.0,0.0,0.0,0.0,0.0009900263934071447,0.00099
NaCl,45.0,0.01,0.1,0.0,0.009983916132039715,0.009983915288060153,0.0,0.0,0.0,0.0,0.0,0.0,0.0,0.009984134414604232,0.01
NaCl,45.0,0.1,0.1,0.0,0.09881181408531317,0.09881180706528411,0.0,0.0,0.0,0.0,0.0,0.0,0.0,0.09881205946195487,0.1
NaCl,45.0,0.5,0.1,0.0,0.47745434450160346,0.4774543173698048,0.0,0.0,0.0,0.0,0.0,0.0,0.0,0.477454593110739,0.5
NaCl,45.0,0.9999,0.1,0.0,0.9152128657787065,0.9152128203035869,0.0,0.0,0.0,0.0,0.0,0.0,0.0,0.9152130862487564,0.9999
NaCl,70.0,0.000104,0.1,0.0,0.00010399738436578613,0.00010399736322617239,0.0,0.0,0.0,0.0,0.0,0.0,0.0,0.00010439645181673063,0.000104
NaCl,70.0,0.00099,0.1,0.0,0.0009897724918983641,0.0009897722946440582,0.0,0.0,0.0,0.0,0.0,0.0,0.0,0.0009901792000712234,0.00099
NaCl,70.0,0.01,0.1,0.0,0.009979329748396297,0.009979327876103661,0.0,0.0,0.0,0.0,0.0,0.0,0.0,0.009979758563041409,0.01
NaCl,70.0,0.1,0.1,0.0,0.09843995273259314,0.09843993702280923,0.0,0.0,0.0,0.0,0.0,0.0,0.0,0.0984404271396031,0.1
NaCl,70.0,0.5,0.1,0.0,0.47065685885299213,0.47065679874255134,0.0,0.0,0.0,0.0,0.0,0.0,0.0,0.470657333895281,0.5
NaCl,70.0,0.9999,0.1,0.0,0.8933950682553918,0.8933949693768697,0.0,0.0,0.0,0.0,0.0,0.0,0.0,0.8933954912487709,0.9999
NaCl,90.0,0.000104,0.1,0.0,0.00010399678036007861,0.0001039967449932285,0.0,0.0,0.0,0.0,0.0,0.0,0.0,0.00010461743005413279,0.000104
NaCl,90.0,0.00099,0.1,0.0,0.0009897192991312129,0.0009897189686282552,0.0,0.0,0.0,0.0,0.0,0.0,0.0,0.0009903508287871189,0.00099
NaCl,90.0,0.01,0.1,0.0,0.00997429230533614,0.009974289156450475,0.0,0.0,0.0,0.0,0.0,0.0,0.0,0.009974955067794573,0.01
NaCl,90.0,0.1,0.1,0.0,0.09803672548459935,0.0980366989694266,0.0,0.0,0.0,0.0,0.0,0.0,0.0,0.09803745070454824,0.1
NaCl,90.0,0.5,0.1,0.0,0.46357589611080524,0.4635757959970084,0.0,0.0,0.0,0.0,0.0,0.0,0.0,0.4635766165358805,0.5
NaCl,90.0,0.9999,0.1,0.0,0.8715068568795379,0.8715066950764893,0.0,0.0,0.0,0.0,0.0,0.0,0.0,0.8715075006624685,0.9999
NaCl:MgSO4 (1:1),-10.0,0.05,0.1,0.0,0.049434706758976654,0.047762554647320835,0.0382004478877446,0.03652831599908731,0.0,0.0,0.0,0.002078098262184458,0.011393570330970021,0.19929823647866876,0.25
NaCl:MgSO4 (1:1),-10.0,0.1,0.1,0.0,0.09805382078544433,0.09277018598475768,0.06818113066278794,0.06289752269591463,0.0,0.0,0.0,0.00666098488039222,0.03044146401231257,0.36158855126581224,0.5
NaCl:MgSO4 (1:1),-10.0,0.4,0.1,0.0,0.364891658830326,0.32535115786117397,0.08420125208689762,0.04466078999862893,0.0,0.0,0.0,0.06394132258412866,0.29139780623138106,0.6470166942273555,2.0
NaCl:MgSO4 (1:1),-10.0,0.7,0.1,0.0,0.5601920750177823,0.534788463164316,0.033527773507216675,0.00812420026792584,0.0,0.0,0.0,0.11556864004668042,0.5763070808591564,0.733661173578933,3.4999999999999996
NaCl:MgSO4 (1:1),-1.0,0.05,0.1,0.0,0.04946119067392462,0.047800239537614884,0.037563111632921545,0.03590218948727849,0.0,0.0,0.0,0.00203480136239279,0.012062980624622448,0.19676573403425532,0.25
NaCl:MgSO4 (1:1),-1.0,0.1,0.1,0.0,0.09814438022915652,0.09290541713885032,0.06670376584664167,0.061464840978417985,0.0,0.0,0.0,0.006504455410848186,0.03203065181746485,0.35574720706817264,0.5
NaCl:MgSO4 (1:1),-1.0,0.4,0.1,0.0,0.36711450009302704,0.32748458434012956,0.08488544506675762,0.04525558586974259,0.0,0.0,0.0,0.06161741138280573,0.2931268591887486,0.6493842742561065,2.0
NaCl:MgSO4 (1:1),-1.0,0.7,0.1,0.0,0.5678404332161925,0.5399749238724011,0.03658968955077697,0.008724239551584688,0.0,0.0,0.0,0.11079167591966249,0.5804839417218177,0.7413946694203835,3.4999999999999996
NaCl:MgSO4 (1:1),20.0,0.05,0.1,0.0,0.04944450063521344,0.04760120024159143,0.03486607239522497,0.033022830017045465,0.0,0.0,0.0,0.002205702958345462,0.014771352033570363,0.18558496881810757,0.25
NaCl:MgSO4 (1:1),20.0,0.1,0.1,0.0,0.09809830604200076,0.09240918013853922,0.060865512173456995,0.055176460701554395,0.0,0.0,0.0,0.006899559612450443,0.03792378021780362,0.33139304251114926,0.5
NaCl:MgSO4 (1:1),20.0,0.4,0.1,0.0,0.3681332946758128,0.3277523482379169,0.08264712703474972,0.04226629883418671,0.0,0.0,0.0,0.06018385204537611,0.2975493471899652,0.637763720387541,2.0
NaCl:MgSO4 (1:1),20.0,0.7,0.1,0.0,0.5741363768596267,0.5417225303039576,0.04194061854846979,0.00952690925518259,0.0,0.0,0.0,0.10768715385501948,0.5827854141305521,0.7523454280124594,3.4999999999999996
NaCl:MgSO4 (1:1),25.0,0.05,0.1,0.0,0.049430652744295256,0.04751957056511682,0.034082287385603524,0.03217127108963688,0.0,0.0,0.0,0.0022782027281293706,0.01555036889649789,0.18230522069311525,0.25
NaCl:MgSO4 (1:1),25.0,0.1,0.1,0.0,0.09805471707985916,0.09219793357974561,0.05924110614584553,0.05338440673245771,0.0,0.0,0.0,0.007078361745117779,0.03953696177636404,0.324527776998627,0.5
NaCl:MgSO4 (1:1),25.0,0.4,0.1,0.0,0.36784338122999743,0.3272438618688303,0.08169280187626518,0.04109341987405577,0.0,0.0,0.0,0.06030514446477285,0.2986007717830231,0.6331223112319282,2.0
NaCl:MgSO4 (1:1),25.0,0.7,0.1,0.0,0.5741038605381678,0.540833521635086,0.042896399822762936,0.009626223650780795,0.0,0.0,0.0,0.10791933363347664,0.582453744733895,0.7537989987767554,3.4999999999999996
