Salt,Temperature_C,Molality_molkg,Pressure_MPa,m_free_K,m_free_Cl,m_free_Na,m_free_Mg,m_free_SO4,m_free_NH4,m_free_Ca,m_pair_KSO4,m_pair_NaSO4,m_pair_MgSO4,I_eff,I_formal
CaCl2,5.0,7.6e-05,0.1,0.0,0.00015200000012022749,0.0,0.0,0.0,0.0,7.599972234438059e-05,0.0,0.0,0.0,0.00022804334850699026,0.000228
CaCl2,5.0,0.000755,0.1,0.0,0.0015100000012637708,0.0,0.0,0.0,0.0,0.0007549975678377128,0.0,0.0,0.0,0.002265041591356899,0.002265
CaCl2,5.0,0.00755,0.1,0.0,0.015100000015747139,0.0,0.0,0.0,0.0,0.007549983825037849,0.0,0.0,0.0,0.02265002554298127,0.02265
CaCl2,5.0,0.0755,0.1,0.0,0.1510000002713452,0.0,0.0,0.0,0.0,0.07549993335337195,0.0,0.0,0.0,0.2264999665864247,0.22649999999999998
CaCl2,5.0,0.3773,0.1,0.0,0.7546000025827259,0.0,0.0,0.0,0.0,0.37729983350273794,0.0,0.0,0.0,1.1318998582747617,1.1319000000000001
CaCl2,10.0,7.6e-05,0.1,0.0,0.00015200000015092269,0.0,0.0,0.0,0.0,7.599977889742364e-05,0.0,0.0,0.0,0.00022805467068312438,0.000228
CaCl2,10.0,0.000755,0.1,0.0,0.001510000001573268,0.0,0.0,0.0,0.0,0.0007549980480455974,0.0,0.0,0.0,0.0022650539287712088,0.002265
CaCl2,10.0,0.00755,0.1,0.0,0.015100000018756051,0.0,0.0,0.0,0.0,0.007549986451056556,0.0,0.0,0.0,0.022650041857014063,0.02265
CaCl2,10.0,0.0755,0.1,0.0,0.15100000029602603,0.0,0.0,0.0,0.0,0.0754999392148391,0.0,0.0,0.0,0.22649998739415897,0.22649999999999998
CaCl2,10.0,0.3773,0.1,0.0,0.7546000026626709,0.0,0.0,0.0,0.0,0.3772998396277884,0.0,0.0,0.0,1.1318998764453598,1.1319000000000001
CaCl2,25.0,7.6e-05,0.1,0.0,0.00015200000027890823,0.0,0.0,0.0,0.0,7.599988055547978e-05,0.0,0.0,0.0,0.0002281016108617571,0.000228
CaCl2,25.0,0.000755,0.1,0.0,0.0015100000028787368,0.0,0.0,0.0,0.0,0.0007549989369314735,0.0,0.0,0.0,0.002265103695024343,0.002265
CaCl2,25.0,0.00755,0.1,0.0,0.015100000032275778,0.0,0.0,0.0,0.0,0.007549992192461944,0.0,0.0,0.0,0.022650103043870582,0.02265
CaCl2,25.0,0.0755,0.1,0.0,0.15100000042650502,0.0,0.0,0.0,0.0,0.0754999585751239,0.0,0.0,0.0,0.22650007414284268,0.22649999999999998
CaCl2,25.0,0.3773,0.1,0.0,0.7546000031668478,0.0,0.0,0.0,0.0,0.3772998685805354,0.0,0.0,0.0,1.1318999716887566,1.1319000000000001
CaCl2,35.0,7.6e-05,0.1,0.0,0.00015200000039946161,0.0,0.0,0.0,0.0,7.599991675764308e-05,0.0,0.0,0.0,0.0002281457060993872,0.000228
CaCl2,35.0,0.000755,0.1,0.0,0.0015100000041159993,0.0,0.0,0.0,0.0,0.0007549992589584792,0.0,0.0,0.0,0.0022651498203339277,0.002265
CaCl2,35.0,0.00755,0.1,0.0,0.015100000045535685,0.0,0.0,0.0,0.0,0.007549994506801791,0.0,0.0,0.0,0.02265015642137312,0.02265
CaCl2,35.0,0.0755,0.1,0.0,0.15100000056952426,0.0,0.0,0.0,0.0,0.0754999694695533,0.0,0.0,0.0,0.226500148575775,0.22649999999999998
CaCl2,35.0,0.3773,0.1,0.0,0.7546000038172129,0.0,0.0,0.0,0.0,0.3772998934006671,0.0,0.0,0.0,1.1319000694931987,1.1319000000000001
CaCl2,45.0,7.6e-05,0.1,0.0,0.0001520000005526377,0.0,0.0,0.0,0.0,7.599994000376898e-05,0.0,0.0,0.0,0.00022820168836221543,0.000228
CaCl2,45.0,0.000755,0.1,0.0,0.0015100000056920298,0.0,0.0,0.0,0.0,0.00075499946661862,0.0,0.0,0.0,0.0022652081698788062,0.002265
CaCl2,45.0,0.00755,0.1,0.0,0.015100000062638634,0.0,0.0,0.0,0.0,0.007549996044746051,0.0,0.0,0.0,0.022650222374693295,0.02265
CaCl2,45.0,0.0755,0.1,0.0,0.15100000076275713,0.0,0.0,0.0,0.0,0.07549997766900177,0.0,0.0,0.0,0.22650023610191855,0.22649999999999998
CaCl2,45.0,0.3773,0.1,0.0,0.7546000047828089,0.0,0.0,0.0,0.0,0.3772999173687494,0.0,0.0,0.0,1.131900188938632,1.1319000000000001
CaCl2,70.0,7.6e-05,0.1,0.0,0.0001520000010956135,0.0,0.0,0.0,0.0,7.599997020626894e-05,0.0,0.0,0.0,0.0002284000288459654,0.000228
CaCl2,70.0,0.000755,0.1,0.0,0.0015100000112958055,0.0,0.0,0.0,0.0,0.0007549997370560795,0.0,0.0,0.0,0.0022654147032153396,0.002265
CaCl2,70.0,0.00755,0.1,0.0,0.015100000124161864,0.0,0.0,0.0,0.0,0.007549998084319356,0.0,0.0,0.0,0.022650452638347276,0.02265
CaCl2,70.0,0.0755,0.1,0.0,0.15100000148530027,0.0,0.0,0.0,0.0,0.07549998950603386,0.0,0.0,0.0,0.22650052573750057,0.22649999999999998
CaCl2,70.0,0.3773,0.1,0.0,0.7546000087251753,0.0,0.0,0.0,0.0,0.37729996016337886,0.0,0.0,0.0,1.1319005664882715,1.1319000000000001
CaCl2,90.0,7.6e-05,0.1,0.0,0.00015200000170175897,0.0,0.0,0.0,0.0,7.599998135318304e-05,0.0,0.0,0.0,0.00022862139908848942,0.000228
CaCl2,90.0,0.000755,0.1,0.0,0.001510000017572575,0.0,0.0,0.0,0.0,0.000754999837102185,0.0,0.0,0.0,0.0022656456347459625,0.002265
CaCl2,90.0,0.00755,0.1,0.0,0.015100000193746476,0.0,0.0,0.0,0.0,0.007549998849188666,0.0,0.0,0.0,0.022650709989551886,0.02265
CaCl2,90.0,0.0755,0.1,0.0,0.15100000232237992,0.0,0.0,0.0,0.0,0.07549999422149291,0.0,0.0,0.0,0.2265008432897761,0.22649999999999998
CaCl2,90.0,0.3773,0.1,0.0,0.754600013502975,0.0,0.0,0.0,0.0,0.37729997957592293,0.0,0.0,0.0,1.1319009591435354,1.1319000000000001
CaSO4,5.0,7.6e-05,0.1,0.0,0.0,0.0,0.0,7.520754623401764e-05,0.0,7.520747349981856e-05,0.0,0.0,0.0,0.00030087414583309486,0.000304
CaSO4,5.0,0.00102,0.1,0.0,0.0,0.0,0.0,0.0009340821833963996,0.0,0.000934081435559082,0.0,0.0,0.0,0.003736375605808883,0.00408
CaSO4,5.0,0.01245,0.1,0.0,0.0,0.0,0.0,0.00894248631479476,0.0,0.0089424825604116,0.0,0.0,0.0,0.03577000630384044,0.0498
CaSO4,10.0,7.6e-05,0.1,0.0,0.0,0.0,0.0,7.516639988833956e-05,0.0,7.516645763382471e-05,0.0,0.0,0.0,0.00030072109594281294,0.000304
CaSO4,10.0,0.00102,0.1,0.0,0.0,0.0,0.0,0.0009303870401949178,0.0,0.0009303876475523231,0.0,0.0,0.0,0.0037216096088560063,0.00408
CaSO4,10.0,0.01245,0.1,0.0,0.0,0.0,0.0,0.008845042420912663,0.0,0.008845046260268696,0.0,0.0,0.0,0.035380259481162024,0.0498
CaSO4,25.0,7.6e-05,0.1,0.0,0.0,0.0,0.0,7.504023624339645e-05,0.0,7.504080565034337e-05,0.0,0.0,0.0,0.00030026452552963387,0.000304
CaSO4,25.0,0.00102,0.1,0.0,0.0,0.0,0.0,0.0009194950940146176,0.0,0.0009195009953032251,0.0,0.0,0.0,0.003678103066946849,0.00408
CaSO4,25.0,0.01245,0.1,0.0,0.0,0.0,0.0,0.00857688958517965,0.0,0.008576924275867582,0.0,0.0,0.0,0.034307773583103766,0.0498
CaSO4,35.0,7.6e-05,0.1,0.0,0.0,0.0,0.0,7.495425255359833e-05,0.0,7.495540009322041e-05,0.0,0.0,0.0,0.00029996615481417643,0.000304
CaSO4,35.0,0.00102,0.1,0.0,0.0,0.0,0.0,0.0009124465443307644,0.0,0.0009124582900315507,0.0,0.0,0.0,0.003649969377726982,0.00408
CaSO4,35.0,0.01245,0.1,0.0,0.0,0.0,0.0,0.008418037072769613,0.0,0.00841810429746485,0.0,0.0,0.0,0.03367249512860187,0.0498
CaSO4,45.0,7.6e-05,0.1,0.0,0.0,0.0,0.0,7.486704702883119e-05,0.0,7.486914601952165e-05,0.0,0.0,0.0,0.00029967578362984624,0.000304
CaSO4,45.0,0.00102,0.1,0.0,0.0,0.0,0.0,0.0009056079833668552,0.0,0.0009056291273837383,0.0,0.0,0.0,0.00362269730060044,0.00408
CaSO4,45.0,0.01245,0.1,0.0,0.0,0.0,0.0,0.00827471446940935,0.0,0.008274831075731941,0.0,0.0,0.0,0.03309939514907915,0.0498
CaSO4,70.0,7.6e-05,0.1,0.0,0.0,0.0,0.0,7.464401102966469e-05,0.0,7.46521579689737e-05,0.0,0.0,0.0,0.00029899758414682104,0.000304
CaSO4,70.0,0.00102,0.1,0.0,0.0,0.0,0.0,0.0008895923515488642,0.0,0.0008896699809970892,0.0,0.0,0.0,0.0035589859524029262,0.00408
CaSO4,70.0,0.01245,0.1,0.0,0.0,0.0,0.0,0.007981422244506537,0.0,0.007981800535119776,0.0,0.0,0.0,0.0319271395971291,0.0498
CaSO4,90.0,7.6e-05,0.1,0.0,0.0,0.0,0.0,7.445774203132302e-05,0.0,7.447990356009745e-05,0.0,0.0,0.0,0.0002985096068580925,0.000304
CaSO4,90.0,0.00102,0.1,0.0,0.0,0.0,0.0,0.0008780208631765097,0.0,0.0008782185021553625,0.0,0.0,0.0,0.003513239357534868,0.00408
CaSO4,90.0,0.01245,0.1,0.0,0.0,0.0,0.0,0.0078099811132286145,0.0,0.007810834827886562,0.0,0.0,0.0,0.031242903158370278,0.0498
K2SO4,5.0,0.000102,0.1,0.00020390705950792091,0.0,0.0,0.0,0.00010190678892146433,0.0,0.0,9.294065393676072e-08,0.0,0.0,0.00030585758926212226,0.000306
K2SO4,5.0,0.00105,0.1,0.0020916787656538776,0.0,0.0,0.0,0.0010416763621959406,0.0,0.0,8.321236116695378e-06,0.0,0.0,0.003133399520408095,0.00315
K2SO4,5.0,0.01061,0.1,0.02068693655553733,0.0,0.0,0.0,0.010076921032935594,0.0,0.0,0.000533063466752473,0.0,0.0,0.030763900380121643,0.03183
K2SO4,5.0,0.1048,0.1,0.18973694814035813,0.0,0.0,0.0,0.08493688886945416,0.0,0.0,0.019863052217715445,0.0,0.0,0.2746738727416737,0.3144
K2SO4,5.0,0.2029,0.1,0.3543347369466595,0.0,0.0,0.0,0.15143465686486465,0.0,0.0,0.05146526387771958,0.0,0.0,0.5057694269010967,0.6087
K2SO4,5.0,0.4783,0.1,0.7885344593972913,0.0,0.0,0.0,0.31023434685827644,0.0,0.0,0.1680655430328624,0.0,0.0,1.0987688359388108,1.4349
K2SO4,10.0,0.000102,0.1,0.0002038975144574597,0.0,0.0,0.0,0.0001018971424811846,0.0,0.0,1.0248574599399463e-07,0.0,0.0,0.0003058496142511013,0.000306
K2SO4,10.0,0.00105,0.1,0.0020908436242291425,0.0,0.0,0.0,0.0010408403296215272,0.0,0.0,9.156378001940892e-06,0.0,0.0,0.003131739627478342,0.00315
K2SO4,10.0,0.01061,0.1,0.020638071241289427,0.0,0.0,0.0,0.010028050265523166,0.0,0.0,0.0005819287870654059,0.0,0.0,0.030666174712942664,0.03183
K2SO4,10.0,0.1048,0.1,0.18830561639345506,0.0,0.0,0.0,0.0835055381526895,0.0,0.0,0.021294384067123247,0.0,0.0,0.2718111985046849,0.3144
K2SO4,10.0,0.2029,0.1,0.35100652578380775,0.0,0.0,0.0,0.14810642071328547,0.0,0.0,0.0547934752777698,0.0,0.0,0.4991129871610596,0.6087
K2SO4,10.0,0.4783,0.1,0.779374399946992,0.0,0.0,0.0,0.30107425329271564,0.0,0.0,0.17722560318232944,0.0,0.0,1.08044868972613,1.4349
K2SO4,25.0,0.000102,0.1,0.00020386531549621765,0.0,0.0,0.0,0.00010186438515499721,0.0,0.0,1.346848806855324e-07,0.0,0.0,0.0003058312934271947,0.000306
K2SO4,25.0,0.00105,0.1,0.0020880521481968254,0.0,0.0,0.0,0.0010380440081671953,0.0,0.0,1.1947855975622233e-05,0.0,0.0,0.003126198298781809,0.00315
K2SO4,25.0,0.01,0.1,0.019330074383947283,0.0,0.0,0.0,0.00933002704458286,0.0,0.0,0.0006699256672888975,0.0,0.0,0.028660196309636152,0.03
K2SO4,25.0,0.01,56.2,0.0193201275382867,0.0,0.0,0.0,0.009320069273816475,0.0,0.0,0.0006798725241811866,0.0,0.0,0.02864031194520088,0.03
K2SO4,25.0,0.01,108.8,0.01931170245349374,0.0,0.0,0.0,0.009311632256604125,0.0,0.0,0.0006882976211784308,0.0,0.0,0.02862347178755442,0.03
K2SO4,25.0,0.01,156.5,0.019304842786801155,0.0,0.0,0.0,0.009304760196866935,0.0,0.0,0.0006951573005014317,0.0,0.0,0.028609762727738415,0.03
K2SO4,25.0,0.01,209.6,0.019298373909078105,0.0,0.0,0.0,0.009298275796314957,0.0,0.0,0.000701626194022158,0.0,0.0,0.028596837777986522,0.03
K2SO4,25.0,0.01,235.8,0.01929577881013118,0.0,0.0,0.0,0.009295672499241724,0.0,0.0,0.0007042213013190382,0.0,0.0,0.028591654361747515,0.03
K2SO4,25.0,0.01,261.0,0.019293742604795924,0.0,0.0,0.0,0.009293628220204844,0.0,0.0,0.0007062575148930544,0.0,0.0,0.02858758867290871,0.03
K2SO4,25.0,0.01,273.4,0.01929292687201492,0.0,0.0,0.0,0.009292808495924188,0.0,0.0,0.0007070732517560254,0.0,0.0,0.028585960555114868,0.03
K2SO4,25.0,0.01,303.7,0.019291512266888588,0.0,0.0,0.0,0.009291384272450855,0.0,0.0,0.0007084878667553118,0.0,0.0,0.02858313951363694,0.03
K2SO4,25.0,0.01,369.8,0.019291740875787493,0.0,0.0,0.0,0.009291594424544237,0.0,0.0,0.0007082592770965995,0.0,0.0,0.028583613224941243,0.03
K2SO4,25.0,0.01061,0.1,0.020480155399325024,0.0,0.0,0.0,0.009870106168047925,0.0,0.0,0.0007398446556136511,0.0,0.0,0.030350356067957773,0.03183
K2SO4,25.0,0.02499,0.1,0.04700229023702283,0.0,0.0,0.0,0.022012207117213398,0.0,0.0,0.0029777099170717088,0.0,0.0,0.06901458544272188,0.07497
K2SO4,25.0,0.02499,54.0,0.046946729445496375,0.0,0.0,0.0,0.021956627893488373,0.0,0.0,0.003033270741067871,0.0,0.0,0.06890346307135584,0.07497
K2SO4,25.0,0.02499,106.7,0.04689750885535374,0.0,0.0,0.0,0.02190738636672855,0.0,0.0,0.003082491367915669,0.0,0.0,0.06880502079979332,0.07497
K2SO4,25.0,0.02499,172.0,0.04684380283104854,0.0,0.0,0.0,0.021853649933105995,0.0,0.0,0.0031361974453266296,0.0,0.0,0.06869760693669245,0.07497
K2SO4,25.0,0.02499,243.0,0.04679836634550442,0.0,0.0,0.0,0.02180817525547271,0.0,0.0,0.0031816339974917924,0.0,0.0,0.06860673160195661,0.07497
K2SO4,25.0,0.02499,259.9,0.04679024424315873,0.0,0.0,0.0,0.021800043581303424,0.0,0.0,0.0031897561165617266,0.0,0.0,0.06859048683542031,0.07497
K2SO4,25.0,0.02499,285.9,0.046780225370622694,0.0,0.0,0.0,0.02179000996831657,0.0,0.0,0.0031997750149059994,0.0,0.0,0.06857044828415616,0.07497
K2SO4,25.0,0.02499,308.7,0.0467741768891793,0.0,0.0,0.0,0.0217839488332372,0.0,0.0,0.0032058235185820866,0.0,0.0,0.06855835071604578,0.07497
K2SO4,25.0,0.02499,353.0,0.04677069362332817,0.0,0.0,0.0,0.021780443019397522,0.0,0.0,0.0032093068243748595,0.0,0.0,0.0685513834662612,0.07497
K2SO4,25.0,0.02499,416.2,0.046787110746049375,0.0,0.0,0.0,0.02179683717533671,0.0,0.0,0.003192889743529572,0.0,0.0,0.06858421830515278,0.07497
K2SO4,25.0,0.09842,0.1,0.17344750425825567,0.0,0.0,0.0,0.0750273386180747,0.0,0.0,0.0233924965969748,0.0,0.0,0.24847491882596212,0.29525999999999997
K2SO4,25.0,0.09842,58.3,0.17284168862247062,0.0,0.0,0.0,0.07442148332677188,0.0,0.0,0.02399831242947621,0.0,0.0,0.2472632638130707,0.29525999999999997
K2SO4,25.0,0.09842,105.5,0.17239727284298206,0.0,0.0,0.0,0.07397703030539948,0.0,0.0,0.02444272839311597,0.0,0.0,0.24637440979054612,0.29525999999999997
K2SO4,25.0,0.09842,136.8,0.17212484018074986,0.0,0.0,0.0,0.07370457016686886,0.0,0.0,0.024715161190943948,0.0,0.0,0.2458295278174509,0.29525999999999997
K2SO4,25.0,0.09842,163.3,0.17190963453055247,0.0,0.0,0.0,0.07348933946432921,0.0,0.0,0.02493036696463891,0.0,0.0,0.2453991012987715,0.29525999999999997
K2SO4,25.0,0.09842,188.5,0.17171995156389683,0.0,0.0,0.0,0.07329963119911495,0.0,0.0,0.025120050055920082,0.0,0.0,0.2450197199733637,0.29525999999999997
K2SO4,25.0,0.09842,214.5,0.17154176391499526,0.0,0.0,0.0,0.07312141609281911,0.0,0.0,0.025298237840031584,0.0,0.0,0.24466332795576362,0.29525999999999997
K2SO4,25.0,0.09842,260.6,0.17127774141866797,0.0,0.0,0.0,0.07285734252419834,0.0,0.0,0.025562260587887766,0.0,0.0,0.24413525187202695,0.29525999999999997
K2SO4,25.0,0.09842,294.1,0.1711352813370005,0.0,0.0,0.0,0.07271484487075579,0.0,0.0,0.025704720854800907,0.0,0.0,0.24385030889453763,0.29525999999999997
K2SO4,25.0,0.09842,312.8,0.17107651028609264,0.0,0.0,0.0,0.07265605337932174,0.0,0.0,0.025763492006645756,0.0,0.0,0.24373275442500256,0.29525999999999997
K2SO4,25.0,0.09842,369.1,0.17100082096190725,0.0,0.0,0.0,0.07258030914380416,0.0,0.0,0.025839181603150126,0.0,0.0,0.24358134288038583,0.29525999999999997
K2SO4,25.0,0.1048,0.1,0.18400617151192605,0.0,0.0,0.0,0.07920600118326966,0.0,0.0,0.02559382941417192,0.0,0.0,0.2632122480773903,0.3144
K2SO4,25.0,0.2029,0.1,0.3412723127538814,0.0,0.0,0.0,0.13837208815692814,0.0,0.0,0.0645276893884858,0.0,0.0,0.47964447042153846,0.6087
K2SO4,25.0,0.4783,0.1,0.7535367167461529,0.0,0.0,0.0,0.275236409446859,0.0,0.0,0.20306328957117983,0.0,0.0,1.0287731886111113,1.4349
K2SO4,35.0,0.000102,0.1,0.0002038408327895705,0.0,0.0,0.0,0.00010183916612491124,0.0,0.0,1.5916775100132824e-07,0.0,0.0,0.0003058253879440124,0.000306
K2SO4,35.0,0.00105,0.1,0.002085955680472151,0.0,0.0,0.0,0.0010359412613917286,0.0,0.0,1.4044325563857692e-05,0.0,0.0,0.0031220420629208914,0.00315
K2SO4,35.0,0.01061,0.1,0.02036672091705139,0.0,0.0,0.0,0.00975663726675585,0.0,0.0,0.0008532791648405324,0.0,0.0,0.03012348878181054,0.03183
K2SO4,35.0,0.1048,0.1,0.1811904485879581,0.0,0.0,0.0,0.0763901740210146,0.0,0.0,0.02840955282989461,0.0,0.0,0.2575807242251234,0.3144
K2SO4,35.0,0.2029,0.1,0.3351019681204874,0.0,0.0,0.0,0.1322016102950414,0.0,0.0,0.07069803516732251,0.0,0.0,0.4673036719466477,0.6087
K2SO4,35.0,0.4783,0.1,0.7378580469646674,0.0,0.0,0.0,0.2595575634408399,0.0,0.0,0.21874196273346624,0.0,0.0,0.9974156944586758,1.4349
K2SO4,45.0,0.000102,0.1,0.00020381391795604997,0.0,0.0,0.0,0.0001018109906794657,0.0,0.0,1.8608279305542304e-07,0.0,0.0,0.0003058257769064533,0.000306
K2SO4,45.0,0.00105,0.1,0.002083676306050721,0.0,0.0,0.0,0.0010336513376560522,0.0,0.0,1.6323702406869145e-05,0.0,0.0,0.0031175262227764104,0.00315
K2SO4,45.0,0.01061,0.1,0.020248068735483286,0.0,0.0,0.0,0.009637930646359264,0.0,0.0,0.0009719313833945569,0.0,0.0,0.029886172305447396,0.03183
K2SO4,45.0,0.1048,0.1,0.1784580059489035,0.0,0.0,0.0,0.07365757609882657,0.0,0.0,0.03114199616590796,0.0,0.0,0.2521157132976639,0.3144
K2SO4,45.0,0.2029,0.1,0.3292626252327066,0.0,0.0,0.0,0.12636207118873716,0.0,0.0,0.07653737968188144,0.0,0.0,0.4556248170617257,0.6087
K2SO4,45.0,0.4783,0.1,0.7234981154073438,0.0,0.0,0.0,0.2451973753057474,0.0,0.0,0.23310189909325663,0.0,0.0,0.9686955992503707,1.4349
K2SO4,70.0,0.000102,0.1,0.00020373608396958277,0.0,0.0,0.0,0.00010172498885387022,0.0,0.0,2.6391752562563565e-07,0.0,0.0,0.0003058567802765277,0.000306
K2SO4,70.0,0.00105,0.1,0.0020772296265952595,0.0,0.0,0.0,0.0010271398369416228,0.0,0.0,2.2770391032962264e-05,0.0,0.0,0.0031047456197737847,0.00315
K2SO4,70.0,0.01061,0.1,0.01993642072753667,0.0,0.0,0.0,0.009325991181257813,0.0,0.0,0.0012835795494534523,0.0,0.0,0.029262707036499986,0.03183
K2SO4,70.0,0.1048,0.1,0.1721602912431734,0.0,0.0,0.0,0.06735911154921104,0.0,0.0,0.03743971400248703,0.0,0.0,0.23951961487445408,0.3144
K2SO4,70.0,0.2029,0.1,0.3163461313523985,0.0,0.0,0.0,0.11344464617321642,0.0,0.0,0.08945388088468242,0.0,0.0,0.4297909722786126,0.6087
K2SO4,70.0,0.4783,0.1,0.6933462462773582,0.0,0.0,0.0,0.2150443090927824,0.0,0.0,0.2632537898308173,0.0,0.0,0.9083907313965145,1.4349
K2SO4,90.0,0.000102,0.1,0.0002036633393833454,0.0,0.0,0.0,0.00010163327735420125,0.0,0.0,3.366629633934096e-07,0.0,0.0,0.000305905050017262,0.000306
K2SO4,90.0,0.00105,0.1,0.002071392540112784,0.0,0.0,0.0,0.0010211650086119734,0.0,0.0,2.8607489215882874e-05,0.0,0.0,0.003093105229647283,0.00315
K2SO4,90.0,0.01061,0.1,0.019681340724211425,0.0,0.0,0.0,0.009070389337058123,0.0,0.0,0.0015386597881678079,0.0,0.0,0.028752119184878303,0.03183
K2SO4,90.0,0.1048,0.1,0.16780034573905514,0.0,0.0,0.0,0.06299794362842764,0.0,0.0,0.04179966433822892,0.0,0.0,0.23079856095799328,0.3144
K2SO4,90.0,0.2029,0.1,0.30785184078270184,0.0,0.0,0.0,0.10494885915359312,0.0,0.0,0.0979481827564905,0.0,0.0,0.41280094981809773,0.6087
K2SO4,90.0,0.4783,0.1,0.6747626055449915,0.0,0.0,0.0,0.19645876987670302,0.0,0.0,0.28183746387483366,0.0,0.0,0.8712216025113031,1.4349
KCl,5.0,0.0001,0.1,0.00010000000007841247,0.00010000000007841247,0.0,0.0,0.0,0.0,0.0,0.0,0.0,0.0,0.00010004352386920327,0.0001
KCl,5.0,0.001,0.1,0.0010000000008021004,0.0010000000008021004,0.0,0.0,0.0,0.0,0.0,0.0,0.0,0.0,0.0010000445223610091,0.001
KCl,5.0,0.01,0.1,0.01000000000852642,0.01000000000852642,0.0,0.0,0.0,0.0,0.0,0.0,0.0,0.0,0.010000047335460543,0.01
KCl,5.0,0.1,0.1,0.10000000009701283,0.10000000009701283,0.0,0.0,0.0,0.0,0.0,0.0,0.0,0.0,0.10000005394516993,0.1
KCl,5.0,0.5,0.1,0.5000000005476294,0.5000000005476294,0.0,0.0,0.0,0.0,0.0,0.0,0.0,0.0,0.5000000613412945,0.5
KCl,5.0,0.75,0.1,0.750000000845787,0.750000000845787,0.0,0.0,0.0,0.0,0.0,0.0,0.0,0.0,0.7500000634410422,0.75
KCl,5.0,1.0,0.1,1.0000000011494072,1.0000000011494072,0.0,0.0,0.0,0.0,0.0,0.0,0.0,0.0,1.0000000649486576,1.0
KCl,5.0,1.5,0.1,1.5000000017645552,1.5000000017645552,0.0,0.0,0.0,0.0,0.0,0.0,0.0,0.0,1.500000067060404,1.5
KCl,10.0,0.0001,0.1,0.00010000000009854248,0.00010000000009854248,0.0,0.0,0.0,0.0,0.0,0.0,0.0,0.0,0.0001000546973026007,0.0001
KCl,10.0,0.001,0.1,0.0010000000010081784,0.0010000000010081784,0.0,0.0,0.0,0.0,0.0,0.0,0.0,0.0,0.0010000559611698298,0.001
KCl,10.0,0.01,0.1,0.01000000001072153,0.01000000001072153,0.0,0.0,0.0,0.0,0.0,0.0,0.0,0.0,0.010000059521874403,0.01
KCl,10.0,0.1,0.1,0.10000000012208675,0.10000000012208675,0.0,0.0,0.0,0.0,0.0,0.0,0.0,0.0,0.1000000678878209,0.1
KCl,10.0,0.5,0.1,0.5000000006896416,0.5000000006896416,0.0,0.0,0.0,0.0,0.0,0.0,0.0,0.0,0.5000000772484299,0.5
KCl,10.0,0.75,0.1,0.7500000010652912,0.7500000010652912,0.0,0.0,0.0,0.0,0.0,0.0,0.0,0.0,0.7500000799056622,0.75
KCl,10.0,1.0,0.1,1.000000001447867,1.000000001447867,0.0,0.0,0.0,0.0,0.0,0.0,0.0,0.0,1.0000000818134767,1.0
KCl,20.0,0.5,0.1,0.5000000010556026,0.5000000010556026,0.0,0.0,0.0,0.0,0.0,0.0,0.0,0.0,0.5000001182406215,0.5
KCl,20.0,0.75,0.1,0.7500000016311845,0.7500000016311845,0.0,0.0,0.0,0.0,0.0,0.0,0.0,0.0,0.7500001223523589,0.75
KCl,20.0,1.0,0.1,1.0000000022175317,1.0000000022175317,0.0,0.0,0.0,0.0,0.0,0.0,0.0,0.0,1.0000001253043251,1.0
KCl,20.0,1.5,0.1,1.5000000034059167,1.5000000034059167,0.0,0.0,0.0,0.0,0.0,0.0,0.0,0.0,1.500000129438953,1.5
KCl,25.0,0.0001,0.1,0.00010000000018234367,0.00010000000018234367,0.0,0.0,0.0,0.0,0.0,0.0,0.0,0.0,0.000100101212254712,0.0001
KCl,25.0,0.001,0.1,0.001000000001866553,0.001000000001866553,0.0,0.0,0.0,0.0,0.0,0.0,0.0,0.0,0.0010001036071574855,0.001
KCl,25.0,0.01,0.1,0.010000000019877935,0.010000000019877935,0.0,0.0,0.0,0.0,0.0,0.0,0.0,0.0,0.010000110354775188,0.01
KCl,25.0,0.05022,0.1,0.05022000010869533,0.05022000010869533,0.0,0.0,0.0,0.0,0.0,0.0,0.0,0.0,0.05022012024542375,0.05022
KCl,25.0,0.05022,25.8,0.05022000011898086,0.05022000011898086,0.0,0.0,0.0,0.0,0.0,0.0,0.0,0.0,0.05022013162390454,0.05022
KCl,25.0,0.05022,51.7,0.050220000130089815,0.050220000130089815,0.0,0.0,0.0,0.0,0.0,0.0,0.0,0.0,0.050220143913307744,0.05022
KCl,25.0,0.05022,55.4,0.050220000131740765,0.050220000131740765,0.0,0.0,0.0,0.0,0.0,0.0,0.0,0.0,0.050220145739699726,0.05022
KCl,25.0,0.05022,76.6,0.050220000141523155,0.050220000141523155,0.0,0.0,0.0,0.0,0.0,0.0,0.0,0.0,0.05022015656156497,0.05022
KCl,25.0,0.05022,102.3,0.05022000015415122,0.05022000015415122,0.0,0.0,0.0,0.0,0.0,0.0,0.0,0.0,0.05022017053151572,0.05022
KCl,25.0,0.05022,128.5,0.05022000016793757,0.05022000016793757,0.0,0.0,0.0,0.0,0.0,0.0,0.0,0.0,0.05022018578282196,0.05022
KCl,25.0,0.05022,154.2,0.05022000018238274,0.05022000018238274,0.0,0.0,0.0,0.0,0.0,0.0,0.0,0.0,0.05022020176295139,0.05022
KCl,25.0,0.05022,160.5,0.05022000018606313,0.05022000018606313,0.0,0.0,0.0,0.0,0.0,0.0,0.0,0.0,0.05022020583442001,0.05022
KCl,25.0,0.05022,184.8,0.05022000020075774,0.05022000020075774,0.0,0.0,0.0,0.0,0.0,0.0,0.0,0.0,0.05022022209049036,0.05022
KCl,25.0,0.05022,211.5,0.05022000021775074,0.05022000021775074,0.0,0.0,0.0,0.0,0.0,0.0,0.0,0.0,0.05022024088920243,0.05022
KCl,25.0,0.05022,270.5,0.05022000025746675,0.05022000025746675,0.0,0.0,0.0,0.0,0.0,0.0,0.0,0.0,0.05022028482546986,0.05022
KCl,25.0,0.1,0.1,0.10000000022697043,0.10000000022697043,0.0,0.0,0.0,0.0,0.0,0.0,0.0,0.0,0.10000012620967093,0.1
KCl,25.0,0.5,0.1,0.5000000012851272,0.5000000012851272,0.0,0.0,0.0,0.0,0.0,0.0,0.0,0.0,0.5000001439502271,0.5
KCl,25.0,1.0,0.1,1.0000000027006046,1.0000000027006046,0.0,0.0,0.0,0.0,0.0,0.0,0.0,0.0,1.0000001526009568,1.0
KCl,35.0,0.0001,0.1,0.0001000000002612112,0.0001000000002612112,0.0,0.0,0.0,0.0,0.0,0.0,0.0,0.0,0.00010014498870210735,0.0001
KCl,35.0,0.001,0.1,0.001000000002674973,0.001000000002674973,0.0,0.0,0.0,0.0,0.0,0.0,0.0,0.0,0.0010001484802930798,0.001
KCl,35.0,0.01,0.1,0.010000000028517619,0.010000000028517619,0.0,0.0,0.0,0.0,0.0,0.0,0.0,0.0,0.010000158319045029,0.01
KCl,35.0,0.1,0.1,0.1000000003262976,0.1000000003262976,0.0,0.0,0.0,0.0,0.0,0.0,0.0,0.0,0.10000018144175317,0.1
KCl,35.0,0.5,0.1,0.5000000018508648,0.5000000018508648,0.0,0.0,0.0,0.0,0.0,0.0,0.0,0.0,0.5000002073198581,0.5
KCl,35.0,1.0,0.1,1.0000000038922998,1.0000000038922998,0.0,0.0,0.0,0.0,0.0,0.0,0.0,0.0,1.0000002199391427,1.0
KCl,45.0,0.0001,0.1,0.00010000000036138417,0.00010000000036138417,0.0,0.0,0.0,0.0,0.0,0.0,0.0,0.0,0.00010020059104053196,0.0001
KCl,45.0,0.001,0.1,0.0010000000037024672,0.0010000000037024672,0.0,0.0,0.0,0.0,0.0,0.0,0.0,0.0,0.0010002055136437576,0.001
KCl,45.0,0.01,0.1,0.010000000039517709,0.010000000039517709,0.0,0.0,0.0,0.0,0.0,0.0,0.0,0.0,0.010000219387356561,0.01
KCl,45.0,0.1,0.1,0.10000000045319174,0.10000000045319174,0.0,0.0,0.0,0.0,0.0,0.0,0.0,0.0,0.10000025200276919,0.1
KCl,45.0,0.5,0.1,0.5000000025757597,0.5000000025757597,0.0,0.0,0.0,0.0,0.0,0.0,0.0,0.0,0.5000002885171133,0.5
KCl,45.0,1.0,0.1,1.0000000054210902,1.0000000054210902,0.0,0.0,0.0,0.0,0.0,0.0,0.0,0.0,1.0000003063253096,1.0
KCl,70.0,0.0001,0.1,0.0001000000007163055,0.0001000000007163055,0.0,0.0,0.0,0.0,0.0,0.0,0.0,0.0,0.00010039759480402622,0.0001
KCl,70.0,0.001,0.1,0.0010000000073481614,0.0010000000073481614,0.0,0.0,0.0,0.0,0.0,0.0,0.0,0.0,0.0010004078759829602,0.001
KCl,70.0,0.01,0.1,0.01000000007869299,0.01000000007869299,0.0,0.0,0.0,0.0,0.0,0.0,0.0,0.0,0.010000436873700088,0.01
KCl,70.0,0.1,0.1,0.10000000090839803,0.10000000090839803,0.0,0.0,0.0,0.0,0.0,0.0,0.0,0.0,0.1000005051257733,0.1
KCl,70.0,0.5,0.1,0.5000000051926661,0.5000000051926661,0.0,0.0,0.0,0.0,0.0,0.0,0.0,0.0,0.5000005816431714,0.5
KCl,70.0,1.0,0.1,1.0000000109542948,1.0000000109542948,0.0,0.0,0.0,0.0,0.0,0.0,0.0,0.0,1.0000006189857538,1.0
KCl,90.0,0.0001,0.1,0.00010000000111229898,0.00010000000111229898,0.0,0.0,0.0,0.0,0.0,0.0,0.0,0.0,0.00010061739618851464,0.0001
KCl,90.0,0.001,0.1,0.0010000000114241613,0.0010000000114241613,0.0,0.0,0.0,0.0,0.0,0.0,0.0,0.0,0.0010006341234044917,0.001
KCl,90.0,0.01,0.1,0.010000000122728822,0.010000000122728822,0.0,0.0,0.0,0.0,0.0,0.0,0.0,0.0,0.010000681343981892,0.01
KCl,90.0,0.1,0.1,0.10000000142546411,0.10000000142546411,0.0,0.0,0.0,0.0,0.0,0.0,0.0,0.0,0.10000079264665837,0.1
KCl,90.0,0.5,0.1,0.5000000081922883,0.5000000081922883,0.0,0.0,0.0,0.0,0.0,0.0,0.0,0.0,0.5000009176381568,0.5
KCl,90.0,1.0,0.1,1.000000017320074,1.000000017320074,0.0,0.0,0.0,0.0,0.0,0.0,0.0,0.0,1.0000009786918564,1.0
MgCl2,5.0,0.000119,0.1,0.0,0.00023800000019130778,0.0,0.00011899866028807995,0.0,0.0,0.0,0.0,0.0,0.0,0.0003570419373547367,0.000357
MgCl2,5.0,0.000984,0.1,0.0,0.0019680000017835366,0.0,0.0009839908691704582,0.0,0.0,0.0,0.0,0.0,0.0,0.002952032042763706,0.002952
MgCl2,5.0,0.01137,0.1,0.0,0.02274000003380866,0.0,0.011369948084005628,0.0,0.0,0.0,0.0,0.0,0.0,0.0341099787086911,0.03411
MgCl2,5.0,0.09942,0.1,0.0,0.19884000064172697,0.0,0.09941984035293615,0.0,0.0,0.0,0.0,0.0,0.0,0.2982598601649273,0.29825999999999997
MgCl2,5.0,0.3609,0.1,0.0,0.7218000044567437,0.0,0.36089967172937143,0.0,0.0,0.0,0.0,0.0,0.0,1.0826996884094475,1.0827
MgCl2,10.0,0.000119,0.1,0.0,0.00023800000024062993,0.0,0.00011899822749973041,0.0,0.0,0.0,0.0,0.0,0.0,0.00035705257468753764,0.000357
MgCl2,10.0,0.000984,0.1,0.0,0.001968000002252763,0.0,0.0009839879762887232,0.0,0.0,0.0,0.0,0.0,0.0,0.002952039491481591,0.002952
MgCl2,10.0,0.01137,0.1,0.0,0.022740000043186305,0.0,0.011369932503251839,0.0,0.0,0.0,0.0,0.0,0.0,0.03410997044182824,0.03411
MgCl2,10.0,0.09942,0.1,0.0,0.1988400008241494,0.0,0.09941979401295672,0.0,0.0,0.0,0.0,0.0,0.0,0.29825981849942346,0.29825999999999997
MgCl2,10.0,0.3609,0.1,0.0,0.7218000057291586,0.0,0.3608995773825792,0.0,0.0,0.0,0.0,0.0,0.0,1.0826995982004124,1.0827
MgCl2,25.0,0.000119,0.1,0.0,0.00023800000044686882,0.0,0.00011899603045221024,0.0,0.0,0.0,0.0,0.0,0.0,0.00035709627959663615,0.000357
MgCl2,25.0,0.000984,0.1,0.0,0.001968000004255019,0.0,0.0009839735719613192,0.0,0.0,0.0,0.0,0.0,0.0,0.002952067156221682,0.002952
MgCl2,25.0,0.01137,0.1,0.0,0.022740000085114807,0.0,0.011369858550019206,0.0,0.0,0.0,0.0,0.0,0.0,0.03410992489989072,0.03411
MgCl2,25.0,0.09942,0.1,0.0,0.19884000165528593,0.0,0.09941957960359209,0.0,0.0,0.0,0.0,0.0,0.0,0.2982596221081572,0.29825999999999997
MgCl2,25.0,0.3609,0.1,0.0,0.721800011544637,0.0,0.3608991440494041,0.0,0.0,0.0,0.0,0.0,0.0,1.0826991816504625,1.0827
MgCl2,35.0,0.000119,0.1,0.0,0.00023800000064228273,0.0,0.0001189933884342002,0.0,0.0,0.0,0.0,0.0,0.0,0.0003571365699842751,0.000357
MgCl2,35.0,0.000984,0.1,0.0,0.0019680000062088877,0.0,0.000983956700848625,0.0,0.0,0.0,0.0,0.0,0.0,0.0029520885226295636,0.002952
MgCl2,35.0,0.01137,0.1,0.0,0.022740000128509175,0.0,0.011369776894577747,0.0,0.0,0.0,0.0,0.0,0.0,0.03410986753231935,0.03411
MgCl2,35.0,0.09942,0.1,0.0,0.19884000253290002,0.0,0.09941934951595305,0.0,0.0,0.0,0.0,0.0,0.0,0.2982594073577863,0.29825999999999997
MgCl2,35.0,0.3609,0.1,0.0,0.7218000177027656,0.0,0.3608986828168021,0.0,0.0,0.0,0.0,0.0,0.0,1.0826987358226763,1.0827
MgCl2,45.0,0.000119,0.1,0.0,0.00023800000089235082,0.0,0.00011898921766010585,0.0,0.0,0.0,0.0,0.0,0.0,0.00035718654928699805,0.000357
MgCl2,45.0,0.000984,0.1,0.0,0.0019680000087866694,0.0,0.0009839307768690375,0.0,0.0,0.0,0.0,0.0,0.0,0.0029521093806837992,0.002952
MgCl2,45.0,0.01137,0.1,0.0,0.02274000018878446,0.0,0.011369657853628047,0.0,0.0,0.0,0.0,0.0,0.0,0.034109776606894585,0.03411
MgCl2,45.0,0.09942,0.1,0.0,0.1988400037694609,0.0,0.09941902152493073,0.0,0.0,0.0,0.0,0.0,0.0,0.2982590971801975,0.29825999999999997
MgCl2,45.0,0.3609,0.1,0.0,0.7218000263925656,0.0,0.3608980295573079,0.0,0.0,0.0,0.0,0.0,0.0,1.082698101891763,1.0827
MgCl2,70.0,0.000119,0.1,0.0,0.00023800000179672126,0.0,0.00011896642998465503,0.0,0.0,0.0,0.0,0.0,0.0,0.00035735189112195097,0.000357
MgCl2,70.0,0.000984,0.1,0.0,0.0019680000188234945,0.0,0.0009837982815878554,0.0,0.0,0.0,0.0,0.0,0.0,0.002952127477553001,0.002952
MgCl2,70.0,0.01137,0.1,0.0,0.022740000447014023,0.0,0.011369108898980787,0.0,0.0,0.0,0.0,0.0,0.0,0.034109309140958825,0.03411
MgCl2,70.0,0.09942,0.1,0.0,0.19884000916977898,0.0,0.0994175644962979,0.0,0.0,0.0,0.0,0.0,0.0,0.29825769332270474,0.29825999999999997
MgCl2,70.0,0.3609,0.1,0.0,0.7218000643609548,0.0,0.3608951598043501,0.0,0.0,0.0,0.0,0.0,0.0,1.0826953011284748,1.0827
MgCl2,90.0,0.000119,0.1,0.0,0.00023800000284661177,0.0,0.00011892335730581589,0.0,0.0,0.0,0.0,0.0,0.0,0.00035751060112631226,0.000357
MgCl2,90.0,0.000984,0.1,0.0,0.001968000031895856,0.0,0.0009835710435178767,0.0,0.0,0.0,0.0,0.0,0.0,0.0029520417057738,0.002952
MgCl2,90.0,0.01137,0.1,0.0,0.022740000819169867,0.0,0.011368267625963163,0.0,0.0,0.0,0.0,0.0,0.0,0.0341085351786623,0.03411
MgCl2,90.0,0.09942,0.1,0.0,0.19884001704257118,0.0,0.09941541078031804,0.0,0.0,0.0,0.0,0.0,0.0,0.2982555875182919,0.29825999999999997
MgCl2,90.0,0.3609,0.1,0.0,0.7218001195755434,0.0,0.3608909680716767,0.0,0.0,0.0,0.0,0.0,0.0,1.0826911912567354,1.0827
MgSO4,-10.0,0.3323,0.1,0.0,0.0,0.0,0.18820205636921708,0.18820210374251842,0.0,0.0,0.0,0.0,0.14409776861143694,0.7528085102160319,1.3292
MgSO4,-10.0,0.6646,0.1,0.0,0.0,0.0,0.3282594688441354,0.32825953178276146,0.0,0.0,0.0,0.0,0.33634024644327776,1.3130383017784242,2.6584
MgSO4,-10.0,0.997,0.1,0.0,0.0,0.0,0.4446316649046182,0.44463174124751725,0.0,0.0,0.0,0.0,0.5523679513127665,1.778527214236798,3.988
MgSO4,-10.0,1.4124,0.1,0.0,0.0,0.0,0.5681410101393914,0.5681411018242398,0.0,0.0,0.0,0.0,0.844258490597832,2.2725647461438965,5.6496
MgSO4,-10.0,1.6616,0.1,0.0,0.0,0.0,0.6336388523915834,0.6336389528026184,0.0,0.0,0.0,0.0,1.0279605822952327,2.5345562024660357,6.6464
MgSO4,-6.0,0.0249,0.1,0.0,0.0,0.0,0.01859192061686874,0.01859194422353604,0.0,0.0,0.0,0.0,0.006308035702391995,0.07436779416726651,0.0996
MgSO4,-6.0,0.3323,0.1,0.0,0.0,0.0,0.18013563846546324,0.1801356953011032,0.0,0.0,0.0,0.0,0.15216414590776703,0.7205429021097414,1.3292
MgSO4,-6.0,0.6646,0.1,0.0,0.0,0.0,0.3132433405090798,0.3132434154304879,0.0,0.0,0.0,0.0,0.35135631128916334,1.2529738801144439,2.6584
MgSO4,-6.0,0.997,0.1,0.0,0.0,0.0,0.423808100957394,0.42380819132288144,0.0,0.0,0.0,0.0,0.5731914321937035,1.695233074287215,3.988
MgSO4,-6.0,1.4124,0.1,0.0,0.0,0.0,0.541265850994465,0.5412659589226797,0.0,0.0,0.0,0.0,0.8711335447840473,2.1650642527015225,5.6496
MgSO4,-6.0,1.6616,0.1,0.0,0.0,0.0,0.6036291557194727,0.603629273591621,0.0,0.0,0.0,0.0,1.0579701618355428,2.4145175742643064,6.6464
MgSO4,-3.0,0.0249,0.1,0.0,0.0,0.0,0.018206062578152087,0.018206089877869563,0.0,0.0,0.0,0.0,0.006693886081575314,0.07282438067595996,0.0996
MgSO4,-3.0,0.3323,0.1,0.0,0.0,0.0,0.17428044674934604,0.1742805115636341,0.0,0.0,0.0,0.0,0.15801930193639044,0.6971221903855674,1.3292
MgSO4,-3.0,0.6646,0.1,0.0,0.0,0.0,0.30246575219698063,0.3024658371462166,0.0,0.0,0.0,0.0,0.3621338440266698,1.2098636062269728,2.6584
MgSO4,-3.0,0.997,0.1,0.0,0.0,0.0,0.4089472564204076,0.4089473584668819,0.0,0.0,0.0,0.0,0.5880522042133757,1.6357897962026138,3.988
MgSO4,-3.0,1.4124,0.1,0.0,0.0,0.0,0.5221625956068875,0.5221627170124868,0.0,0.0,0.0,0.0,0.890236708762733,2.0886513545453056,5.6496
MgSO4,-3.0,1.6616,0.1,0.0,0.0,0.0,0.5823302056763248,0.582330338009563,0.0,0.0,0.0,0.0,1.07926900998496,2.3293219105836855,6.6464
MgSO4,-2.28,0.10124,0.1,0.0,0.0,0.0,0.06274831054262586,0.06274835602859802,0.0,0.0,0.0,0.0,0.03849156659690679,0.2509934798910205,0.40496
MgSO4,-2.26,0.10124,0.1,0.0,0.0,0.0,0.06273639495205952,0.06273644047911278,0.0,0.0,0.0,0.0,0.038503482059507294,0.25094581776433766,0.40496
MgSO4,-1.425,0.10124,0.1,0.0,0.0,0.0,0.06224002164900719,0.06224006891695511,0.0,0.0,0.0,0.0,0.038999849914401155,0.24896033456350386,0.40496
MgSO4,-1.19,0.10124,0.1,0.0,0.0,0.0,0.06210072007466946,0.062100767841711806,0.0,0.0,0.0,0.0,0.039139149917696,0.24840313114639068,0.40496
MgSO4,-1.138,0.010124,0.1,0.0,0.0,0.0,0.008024795681604285,0.008024815912443153,0.0,0.0,0.0,0.0,0.0020991715252519456,0.032099284337964454,0.040496
MgSO4,-1.0,0.0249,0.1,0.0,0.0,0.0,0.01794783858054196,0.01794786859425012,0.0,0.0,0.0,0.0,0.006952104338093813,0.07179149851906462,0.0996
MgSO4,-1.0,0.3323,0.1,0.0,0.0,0.0,0.17047414825790422,0.17047421883495245,0.0,0.0,0.0,0.0,0.1618255738295841,0.6818970371419928,1.3292
MgSO4,-1.0,0.6646,0.1,0.0,0.0,0.0,0.2955112764490165,0.29551136860297705,0.0,0.0,0.0,0.0,0.369088278459999,1.1820457617437183,2.6584
MgSO4,-1.0,0.997,0.1,0.0,0.0,0.0,0.39939333238858854,0.3993934428010149,0.0,0.0,0.0,0.0,0.5976060744277976,1.5975741737520628,3.988
MgSO4,-1.0,1.4124,0.1,0.0,0.0,0.0,0.5099126622647968,0.5099127932968922,0.0,0.0,0.0,0.0,0.9024865743732691,2.0396517119203073,5.6496
MgSO4,-1.0,1.6616,0.1,0.0,0.0,0.0,0.568685494023702,0.5686856366731846,0.0,0.0,0.0,0.0,1.092913646193329,2.2747431642878597,6.6464
MgSO4,-0.97,0.010124,0.1,0.0,0.0,0.0,0.008017377668235329,0.008017398065110207,0.0,0.0,0.0,0.0,0.002106589243160253,0.032069613154057965,0.040496
MgSO4,-0.739,0.10124,0.1,0.0,0.0,0.0,0.06183388062428937,0.061833929360536395,0.0,0.0,0.0,0.0,0.039405986305646706,0.24733577895087092,0.40496
MgSO4,-0.66,0.010124,0.1,0.0,0.0,0.0,0.00800367337024403,0.008003694076490068,0.0,0.0,0.0,0.0,0.00212029298975949,0.03201479758292282,0.040496
MgSO4,-0.645,0.10124,0.1,0.0,0.0,0.0,0.06177834849690723,0.06177839743705401,0.0,0.0,0.0,0.0,0.03946151778681581,0.24711365162286913,0.40496
MgSO4,-0.56,0.010124,0.1,0.0,0.0,0.0,0.007999248181753816,0.007999268988630603,0.0,0.0,0.0,0.0,0.002124717998653172,0.031997097356339765,0.040496
MgSO4,-0.32,0.010124,0.1,0.0,0.0,0.0,0.00798861901718147,0.007988640067242026,0.0,0.0,0.0,0.0,0.0021353467287239794,0.03195458197283531,0.040496
MgSO4,-0.245,0.010124,0.1,0.0,0.0,0.0,0.007985294906527211,0.007985316033068207,0.0,0.0,0.0,0.0,0.0021386707025862384,0.0319412859312287,0.040496
MgSO4,-0.15,0.005,0.1,0.0,0.0,0.0,0.004213513958529573,0.0042135286059494775,0.0,0.0,0.0,0.0,0.000786464183379802,0.016854138088713135,0.02
MgSO4,-0.15,0.005,98.1,0.0,0.0,0.0,0.004189814048670445,0.004189835440862425,0.0,0.0,0.0,0.0,0.0008101539742996429,0.016759375770267777,0.02
MgSO4,-0.15,0.005,196.1,0.0,0.0,0.0,0.00416970056940221,0.004169730946535713,0.0,0.0,0.0,0.0,0.0008302539588080272,0.016678971435851807,0.02
MgSO4,-0.15,0.005,294.2,0.0,0.0,0.0,0.004155839402551565,0.004155880930996115,0.0,0.0,0.0,0.0,0.0008440983707909847,0.01662358829292514,0.02
MgSO4,-0.15,0.005,392.3,0.0,0.0,0.0,0.004152062554369655,0.004152115242235602,0.0,0.0,0.0,0.0,0.0008478584661336515,0.016608542735252436,0.02
MgSO4,-0.15,0.005,490.3,0.0,0.0,0.0,0.004161701511548104,0.004161760864821282,0.0,0.0,0.0,0.0,0.0008382095503646508,0.016647136252002908,0.02
MgSO4,-0.15,0.005,588.4,0.0,0.0,0.0,0.0041860455794709185,0.004186103950753011,0.0,0.0,0.0,0.0,0.0008138670569246644,0.016744508724816174,0.02
MgSO4,-0.15,0.005,686.5,0.0,0.0,0.0,0.004223502342804901,0.004223553835789747,0.0,0.0,0.0,0.0,0.0007764207314793283,0.01689429971270947,0.02
MgSO4,-0.15,0.005,784.6,0.0,0.0,0.0,0.004270285458208475,0.004270328355797277,0.0,0.0,0.0,0.0,0.0007296506034396628,0.017081386458117912,0.02
MgSO4,-0.15,0.01,0.1,0.0,0.0,0.0,0.007893119953294177,0.007893141051592138,0.0,0.0,0.0,0.0,0.002106845747899159,0.031572586133694014,0.04
MgSO4,-0.15,0.01,98.1,0.0,0.0,0.0,0.007817954873459081,0.007817985656754076,0.0,0.0,0.0,0.0,0.0021819949320484536,0.03127197412049855,0.04
MgSO4,-0.15,0.01,196.1,0.0,0.0,0.0,0.007754360160046079,0.007754403833406594,0.0,0.0,0.0,0.0,0.0022455684489711136,0.03101765944832931,0.04
MgSO4,-0.15,0.01,294.2,0.0,0.0,0.0,0.007709976569711127,0.007710036236584669,0.0,0.0,0.0,0.0,0.002289925720851827,0.030840204718301453,0.04
MgSO4,-0.15,0.01,392.3,0.0,0.0,0.0,0.007695859493840266,0.007695935180784585,0.0,0.0,0.0,0.0,0.0023040164669097265,0.030783816419111654,0.04
MgSO4,-0.15,0.01,490.3,0.0,0.0,0.0,0.007721458356159458,0.007721543659474965,0.0,0.0,0.0,0.0,0.0022784019141591223,0.03088626056215628,0.04
MgSO4,-0.15,0.01,588.4,0.0,0.0,0.0,0.007790013002382266,0.007790096996720927,0.0,0.0,0.0,0.0,0.0022098496622640243,0.03116047407437726,0.04
MgSO4,-0.15,0.01,686.5,0.0,0.0,0.0,0.007896126686681514,0.007896200922197593,0.0,0.0,0.0,0.0,0.002103752290440863,0.03158488192520829,0.04
MgSO4,-0.15,0.01,784.6,0.0,0.0,0.0,0.008027931144729229,0.00802799313474025,0.0,0.0,0.0,0.0,0.001971968165054682,0.03211204036306084,0.04
MgSO4,-0.01,0.10124,0.1,0.0,0.0,0.0,0.061403985961587845,0.0614040362963816,0.0,0.0,0.0,0.0,0.039835875884035366,0.24561620958300917,0.40496
MgSO4,0.07,0.10124,0.1,0.0,0.0,0.0,0.061356919153430604,0.06135696966606976,0.0,0.0,0.0,0.0,0.039882942123979505,0.24542794338596824,0.40496
MgSO4,0.23,0.10124,0.1,0.0,0.0,0.0,0.061262851520747306,0.06126290239052356,0.0,0.0,0.0,0.0,0.039977008614067985,0.24505167493653493,0.40496
MgSO4,0.32,0.010124,0.1,0.0,0.0,0.0,0.007960215890237978,0.007960237600428582,0.0,0.0,0.0,0.0,0.00216374867272721,0.0318409729278117,0.040496
MgSO4,0.86,0.010124,0.1,0.0,0.0,0.0,0.007936186715263681,0.007936208995796097,0.0,0.0,0.0,0.0,0.0021877768216048664,0.03174485922235559,0.040496
MgSO4,0.89,0.10124,0.1,0.0,0.0,0.0,0.060875765491272646,0.06087581785474573,0.0,0.0,0.0,0.0,0.04036408984238102,0.24350333954805947,0.40496
MgSO4,1.475,0.010124,0.1,0.0,0.0,0.0,0.00790875209162414,0.007908775036868576,0.0,0.0,0.0,0.0,0.002215210244667884,0.03163512422079528,0.040496
MgSO4,1.55,0.10124,0.1,0.0,0.0,0.0,0.06049023029386852,0.06049028418437029,0.0,0.0,0.0,0.0,0.04074962009424893,0.2419612077235042,0.40496
MgSO4,1.675,0.010124,0.1,0.0,0.0,0.0,0.007899815218264357,0.007899838383199572,0.0,0.0,0.0,0.0,0.0022241467201263593,0.03159937788253358,0.040496
MgSO4,1.859,0.10124,0.1,0.0,0.0,0.0,0.060310274914541724,0.06031032953154746,0.0,0.0,0.0,0.0,0.04092957310747831,0.24124139048588794,0.40496
MgSO4,1.9,0.010124,0.1,0.0,0.0,0.0,0.007889752667716687,0.007889776081892536,0.0,0.0,0.0,0.0,0.0022342088185914213,0.03155912899133125,0.040496
MgSO4,2.04,0.010124,0.1,0.0,0.0,0.0,0.007883487021342096,0.00788351059172317,0.0,0.0,0.0,0.0,0.0022404741812775807,0.031534067227694626,0.040496
MgSO4,2.062,0.10124,0.1,0.0,0.0,0.0,0.060192244017799997,0.06019229911613696,0.0,0.0,0.0,0.0,0.041047602431928024,0.24076926973946539,0.40496
MgSO4,2.1,0.010124,0.1,0.0,0.0,0.0,0.0078808006998707,0.007880824337461474,0.0,0.0,0.0,0.0,0.0022431603806031624,0.03152332229548282,0.040496
MgSO4,2.13,0.001012,0.1,0.0,0.0,0.0,0.0009451584483293309,0.0009451640124480756,0.0,0.0,0.0,0.0,6.683402617153798e-05,0.003780689696399771,0.004048
MgSO4,2.529,0.10124,0.1,0.0,0.0,0.0,0.05992130075800732,0.05992135697590669,0.0,0.0,0.0,0.0,0.041318542020200764,0.2396855033230652,0.40496
MgSO4,2.702,0.001012,0.1,0.0,0.0,0.0,0.00094415021123644,0.0009441559436429449,0.0,0.0,0.0,0.0,6.784202216215207e-05,0.003776658365541757,0.004048
MgSO4,2.902,0.010124,0.1,0.0,0.0,0.0,0.007844835153188153,0.00784485970453973,0.0,0.0,0.0,0.0,0.002279124261611829,0.0313794649204532,0.040496
MgSO4,3.079,0.010124,0.1,0.0,0.0,0.0,0.007836883449742905,0.007836908206656147,0.0,0.0,0.0,0.0,0.0022870755890611926,0.031347659189956974,0.040496
MgSO4,3.26,0.010124,0.1,0.0,0.0,0.0,0.00782874694120524,0.007828771909798667,0.0,0.0,0.0,0.0,0.0022952117099219894,0.03131511427165288,0.040496
MgSO4,3.395,0.010124,0.1,0.0,0.0,0.0,0.007822674967269875,0.00782270009472062,0.0,0.0,0.0,0.0,0.0023012833925962323,0.03129082721351997,0.040496
MgSO4,3.648,0.10124,0.1,0.0,0.0,0.0,0.05927547817863592,0.059275537149502955,0.0,0.0,0.0,0.0,0.04196435548580323,0.23710222938412945,0.40496
MgSO4,3.668,0.10124,0.1,0.0,0.0,0.0,0.05926397975226147,0.05926403877324423,0.0,0.0,0.0,0.0,0.04197585374514139,0.23705623597801803,0.40496
MgSO4,4.14,0.010124,0.1,0.0,0.0,0.0,0.00778911761846886,0.0077891436376995495,0.0,0.0,0.0,0.0,0.0023348391011839367,0.031156602523758556,0.040496
MgSO4,4.22,0.001012,0.1,0.0,0.0,0.0,0.0009414317486791747,0.0009414379499294396,0.0,0.0,0.0,0.0,7.055981036865343e-05,0.0037657889931143546,0.004048
MgSO4,4.352,0.010124,0.1,0.0,0.0,0.0,0.007779553799710883,0.0077795800774376304,0.0,0.0,0.0,0.0,0.0023444024428727174,0.031118348613727417,0.040496
MgSO4,4.45,0.001012,0.1,0.0,0.0,0.0,0.0009410144651671548,0.0009410207403577162,0.0,0.0,0.0,0.0,7.097698718216039e-05,0.003764120561535005,0.004048
MgSO4,4.508,0.10124,0.1,0.0,0.0,0.0,0.05878248572357959,0.058782546878674555,0.0,0.0,0.0,0.0,0.04245734062344571,0.23513027265286987,0.40496
MgSO4,4.62,0.10124,0.1,0.0,0.0,0.0,0.05871850122175875,0.05871856266574424,0.0,0.0,0.0,0.0,0.04252132415172731,0.23487433638297558,0.40496
MgSO4,4.63,0.010124,0.1,0.0,0.0,0.0,0.0077670031817625605,0.007767029801671313,0.0,0.0,0.0,0.0,0.0023569524281851577,0.03106814794956868,0.040496
MgSO4,4.94,0.010124,0.1,0.0,0.0,0.0,0.007752995700975038,0.007753022706781739,0.0,0.0,0.0,0.0,0.0023709591939884687,0.031012120065979424,0.040496
MgSO4,4.996,0.10124,0.1,0.0,0.0,0.0,0.05850407060737903,0.058504133028741266,0.0,0.0,0.0,0.0,0.042735751462512704,0.234016619814154,0.40496
MgSO4,5.0,0.0249,0.1,0.0,0.0,0.0,0.01717265466805384,0.01717269415755282,0.0,0.0,0.0,0.0,0.00772726749314599,0.06869081189679471,0.0996
MgSO4,5.0,0.3323,0.1,0.0,0.0,0.0,0.15953891043791904,0.1595390005654978,0.0,0.0,0.0,0.0,0.17276071626446443,0.6381562295776064,1.3292
MgSO4,5.0,0.6646,0.1,0.0,0.0,0.0,0.2757424873872587,0.2757426037765488,0.0,0.0,0.0,0.0,0.3888569199057081,1.1029708115446082,2.6584
MgSO4,5.0,0.997,0.1,0.0,0.0,0.0,0.37237624543085374,0.37237638384593696,0.0,0.0,0.0,0.0,0.624622969578125,1.489506084957238,3.988
MgSO4,5.0,1.4124,0.1,0.0,0.0,0.0,0.47539482463446375,0.4753949877545151,0.0,0.0,0.0,0.0,0.937004171158711,1.9015806799170412,5.6496
MgSO4,5.0,1.6616,0.1,0.0,0.0,0.0,0.5302886556965809,0.5302888326675717,0.0,0.0,0.0,0.0,1.1313102165457345,2.1211561628049727,6.6464
MgSO4,5.14,0.10124,0.1,0.0,0.0,0.0,0.058422102027270724,0.05842216482603149,0.0,0.0,0.0,0.0,0.04281771876289783,0.2336887477719852,0.40496
MgSO4,5.35,0.10124,0.1,0.0,0.0,0.0,0.058302718266576424,0.05830278161878453,0.0,0.0,0.0,0.0,0.042937100642781015,0.23321121607470433,0.40496
MgSO4,5.409,0.001012,0.1,0.0,0.0,0.0,0.0009392593545107152,0.0009392659465252195,0.0,0.0,0.0,0.0,7.27316396024545e-05,0.003757103117849847,0.004048
MgSO4,5.47,0.010124,0.1,0.0,0.0,0.0,0.00772901891800264,0.007729046594249681,0.0,0.0,0.0,0.0,0.002394934730956138,0.030916216480006975,0.040496
MgSO4,5.72,0.10124,0.1,0.0,0.0,0.0,0.058092822324273305,0.05809288666051416,0.0,0.0,0.0,0.0,0.04314699322888434,0.23237163826691518,0.40496
MgSO4,5.81,0.010124,0.1,0.0,0.0,0.0,0.007713619521563597,0.007713647635076243,0.0,0.0,0.0,0.0,0.002410333312138812,0.03085462120861281,0.040496
MgSO4,5.82,0.010124,0.1,0.0,0.0,0.0,0.007713166392125462,0.007713194518584394,0.0,0.0,0.0,0.0,0.002410786417408126,0.030852808759402748,0.040496
MgSO4,5.822,0.010124,0.1,0.0,0.0,0.0,0.007713075764846303,0.007713103893895083,0.0,0.0,0.0,0.0,0.0024108770398522045,0.030852446263997864,0.040496
MgSO4,5.84,0.010124,0.1,0.0,0.0,0.0,0.007712260098488029,0.007712288250854246,0.0,0.0,0.0,0.0,0.002411692662675064,0.030849183722019367,0.040496
MgSO4,5.842,0.010124,0.1,0.0,0.0,0.0,0.007712169466578652,0.0077121976215366785,0.0,0.0,0.0,0.0,0.0024117832897449804,0.03084882120810447,0.040496
MgSO4,5.843,0.010124,0.1,0.0,0.0,0.0,0.007712124150450572,0.007712152306704575,0.0,0.0,0.0,0.0,0.002411828603453167,0.03084863995045386,0.040496
MgSO4,6.058,0.10124,0.1,0.0,0.0,0.0,0.05790158207613623,0.057901647321292146,0.0,0.0,0.0,0.0,0.043338230363257076,0.23160668279561208,0.40496
MgSO4,6.39,0.010124,0.1,0.0,0.0,0.0,0.007687319314510581,0.007687348187053822,0.0,0.0,0.0,0.0,0.002436632099170353,0.030749424400959395,0.040496
MgSO4,6.6,0.001012,0.1,0.0,0.0,0.0,0.0009370456467885034,0.0009370526520065987,0.0,0.0,0.0,0.0,7.494474719179277e-05,0.003748252172195998,0.004048
MgSO4,6.743,0.10124,0.1,0.0,0.0,0.0,0.057515499190971174,0.05751556630762989,0.0,0.0,0.0,0.0,0.04372430679539322,0.23006236266848082,0.40496
MgSO4,6.745,0.10124,0.1,0.0,0.0,0.0,0.05751437488851012,0.05751444201069119,0.0,0.0,0.0,0.0,0.04372543107873004,0.23005786549240473,0.40496
MgSO4,6.775,0.010124,0.1,0.0,0.0,0.0,0.007669841286989178,0.007669870672604103,0.0,0.0,0.0,0.0,0.0024541091633485798,0.030679515010857975,0.040496
MgSO4,6.88,0.010124,0.1,0.0,0.0,0.0,0.0076650719009163995,0.007665101427750631,0.0,0.0,0.0,0.0,0.002458878283778766,0.03066043821554235,0.040496
MgSO4,6.982,0.001012,0.1,0.0,0.0,0.0,0.0009363276918814245,0.0009363348344106927,0.0,0.0,0.0,0.0,7.566250205699213e-05,0.0037453816373824605,0.004048
MgSO4,7.57,0.001012,0.1,0.0,0.0,0.0,0.0009352150776504598,0.0009352224362001103,0.0,0.0,0.0,0.0,7.677480097139217e-05,0.0037409331956052894,0.004048
MgSO4,7.678,0.10124,0.1,0.0,0.0,0.0,0.05699178369743924,0.05699185343300262,0.0,0.0,0.0,0.0,0.044248013164730496,0.2279675167675483,0.40496
MgSO4,8.025,0.10124,0.1,0.0,0.0,0.0,0.056798397361331084,0.0567984680879304,0.0,0.0,0.0,0.0,0.0444413960194622,0.22719397753634052,0.40496
MgSO4,8.29,0.010124,0.1,0.0,0.0,0.0,0.007600925771970764,0.007600957249662872,0.0,0.0,0.0,0.0,0.002523020721575882,0.03040386406044986,0.040496
MgSO4,8.38,0.010124,0.1,0.0,0.0,0.0,0.00759682554284401,0.007596857148550285,0.0,0.0,0.0,0.0,0.0025271207071003695,0.03038746382471955,0.040496
MgSO4,8.46,0.10124,0.1,0.0,0.0,0.0,0.05655672419930766,0.05655679618300534,0.0,0.0,0.0,0.0,0.044683064742836516,0.22622729266705208,0.40496
MgSO4,8.565,0.010124,0.1,0.0,0.0,0.0,0.0075883953184786405,0.0075884271886599046,0.0,0.0,0.0,0.0,0.002535550427648288,0.030353744334086497,0.040496
MgSO4,8.68,0.001012,0.1,0.0,0.0,0.0,0.000933090117886206,0.0009330979000374366,0.0,0.0,0.0,0.0,7.889914030324354e-05,0.0037324372869670867,0.004048
MgSO4,9.12,0.001012,0.1,0.0,0.0,0.0,0.0009322389361098678,0.0009322468920475495,0.0,0.0,0.0,0.0,7.97500667442088e-05,0.003729034164505526,0.004048
MgSO4,9.139,0.010124,0.1,0.0,0.0,0.0,0.00756222281251627,0.007562255514797285,0.0,0.0,0.0,0.0,0.0025617213437550343,0.030249058739572357,0.040496
MgSO4,9.37,0.010124,0.1,0.0,0.0,0.0,0.0075516835765516085,0.007551716618656933,0.0,0.0,0.0,0.0,0.0025722599283754173,0.03020690360599013,0.040496
MgSO4,9.62,0.10124,0.1,0.0,0.0,0.0,0.05591643292524457,0.05591650834211181,0.0,0.0,0.0,0.0,0.04532334376577017,0.2236661489537275,0.40496
MgSO4,9.72,0.010124,0.1,0.0,0.0,0.0,0.007535708601790274,0.007535742164251728,0.0,0.0,0.0,0.0,0.002588233903461927,0.030143006480463377,0.040496
MgSO4,9.76,0.001012,0.1,0.0,0.0,0.0,0.0009309919350789568,0.0009310001499093024,0.0,0.0,0.0,0.0,8.099668655240346e-05,0.0037240485426587337,0.004048
MgSO4,9.95,0.010124,0.1,0.0,0.0,0.0,0.007525206796686831,0.007525240704709676,0.0,0.0,0.0,0.0,0.0025987350431589044,0.030101001102929428,0.040496
MgSO4,10.382,0.10124,0.1,0.0,0.0,0.0,0.055499180549515574,0.05549925828638964,0.0,0.0,0.0,0.0,0.04574058775551841,0.22199715401564318,0.40496
MgSO4,11.041,0.001012,0.1,0.0,0.0,0.0,0.0009284644609658914,0.0009284732163779884,0.0,0.0,0.0,0.0,8.352336145148034e-05,0.003713943590078511,0.004048
MgSO4,11.919,0.010124,0.1,0.0,0.0,0.0,0.007435199474780007,0.007435236460849031,0.0,0.0,0.0,0.0,0.0026887363843561816,0.02974098826661867,0.040496
MgSO4,12.252,0.10124,0.1,0.0,0.0,0.0,0.0544867384027302,0.05448682205451134,0.0,0.0,0.0,0.0,0.04675300812989702,0.21794742298215902,0.40496
MgSO4,12.31,0.010124,0.1,0.0,0.0,0.0,0.007417309657175816,0.007417347280530681,0.0,0.0,0.0,0.0,0.0027066249517264025,0.029669432410443296,0.040496
MgSO4,12.645,0.10124,0.1,0.0,0.0,0.0,0.05427607927779516,0.054276164213196,0.0,0.0,0.0,0.0,0.04696366245527748,0.21710479471196542,0.40496
MgSO4,12.74,0.010124,0.1,0.0,0.0,0.0,0.007397631435017329,0.007397669769411849,0.0,0.0,0.0,0.0,0.002726301774146699,0.02959072333448332,0.040496
MgSO4,13.06,0.001012,0.1,0.0,0.0,0.0,0.0009243966183349098,0.0009244062893173389,0.0,0.0,0.0,0.0,8.758984089498421e-05,0.003697680504657449,0.004048
MgSO4,13.122,0.010124,0.1,0.0,0.0,0.0,0.007380147180879756,0.007380186155977309,0.0,0.0,0.0,0.0,0.0027437847626740953,0.029520789756439146,0.040496
MgSO4,13.3,0.010124,0.1,0.0,0.0,0.0,0.007371999430690969,0.0073720387072616295,0.0,0.0,0.0,0.0,0.002751931915930711,0.02948820037460151,0.040496
MgSO4,13.56,0.10124,0.1,0.0,0.0,0.0,0.053788505001860616,0.053788592981108996,0.0,0.0,0.0,0.0,0.04745122524321895,0.21515451723708598,0.40496
MgSO4,13.85,0.10124,0.1,0.0,0.0,0.0,0.05363482351179909,0.05363491247200167,0.0,0.0,0.0,0.0,0.04760490299890637,0.21453979763698403,0.40496
MgSO4,14.06,0.10124,0.1,0.0,0.0,0.0,0.05352379390522038,0.053523883580674156,0.0,0.0,0.0,0.0,0.04771592987272878,0.21409568385863917,0.40496
MgSO4,14.123,0.10124,0.1,0.0,0.0,0.0,0.05349052721325509,0.05349061710408933,0.0,0.0,0.0,0.0,0.04774919574015702,0.21396261849214443,0.40496
MgSO4,14.193,0.10124,0.1,0.0,0.0,0.0,0.053453587090943055,0.05345367722152531,0.0,0.0,0.0,0.0,0.04778613494375622,0.2138148595637589,0.40496
MgSO4,20.0,0.0249,0.1,0.0,0.0,0.0,0.015280824745075692,0.015280898389247566,0.0,0.0,0.0,0.0,0.009619013941419792,0.06112367756211975,0.0996
MgSO4,20.0,0.3323,0.1,0.0,0.0,0.0,0.13544564124610955,0.1354457965156987,0.0,0.0,0.0,0.0,0.19685360769641794,0.5417836955417898,1.3292
MgSO4,20.0,0.6646,0.1,0.0,0.0,0.0,0.23315404854021357,0.23315424402237192,0.0,0.0,0.0,0.0,0.43144477836301787,0.9326178329716366,2.6584
MgSO4,20.0,0.997,0.1,0.0,0.0,0.0,0.31479241627041643,0.3147926449943743,0.0,0.0,0.0,0.0,0.6822060484476455,1.2591717428349372,3.988
MgSO4,20.0,1.4124,0.1,0.0,0.0,0.0,0.40235038849558186,0.4023506540955514,0.0,0.0,0.0,0.0,1.010047669702685,1.6094041307254439,5.6496
MgSO4,20.0,1.6616,0.1,0.0,0.0,0.0,0.44924966514695425,0.44924995125167716,0.0,0.0,0.0,0.0,1.2123481663298685,1.7970015192220612,6.6464
MgSO4,24.850000000000023,0.005,0.1,0.0,0.0,0.0,0.003735161660496373,0.0037352071692895662,0.0,0.0,0.0,0.0,0.0012647617066364927,0.01494090552083164,0.02
MgSO4,24.850000000000023,0.005,98.1,0.0,0.0,0.0,0.0037020226602690167,0.003702087084859309,0.0,0.0,0.0,0.0,0.0012978686432179895,0.014808455878882989,0.02
MgSO4,24.850000000000023,0.005,196.1,0.0,0.0,0.0,0.003675719607765652,0.003675808520624424,0.0,0.0,0.0,0.0,0.0013241301494008925,0.014703381192569335,0.02
MgSO4,24.850000000000023,0.005,294.2,0.0,0.0,0.0,0.003660449165934463,0.0036605668535252996,0.0,0.0,0.0,0.0,0.0013393517773579488,0.014642461208890322,0.02
MgSO4,24.850000000000023,0.005,392.3,0.0,0.0,0.0,0.003663386310569294,0.0036635285985454165,0.0,0.0,0.0,0.0,0.0013363730012345737,0.014654349132687516,0.02
MgSO4,24.850000000000023,0.005,490.3,0.0,0.0,0.0,0.0036905626317066745,0.0036907123230731933,0.0,0.0,0.0,0.0,0.0013091844100001264,0.014763098964089708,0.02
MgSO4,24.850000000000023,0.005,588.4,0.0,0.0,0.0,0.0037433410291109995,0.003743478329922286,0.0,0.0,0.0,0.0,0.0012564274336241542,0.014974147332793541,0.02
MgSO4,24.850000000000023,0.005,686.5,0.0,0.0,0.0,0.00381719376988157,0.003817309731436204,0.0,0.0,0.0,0.0,0.001182611239182204,0.01526944308090675,0.02
MgSO4,24.850000000000023,0.005,784.6,0.0,0.0,0.0,0.0039040650034583924,0.0039041608170260755,0.0,0.0,0.0,0.0,0.0010957744026487645,0.015616819187901957,0.02
MgSO4,24.850000000000023,0.01,0.1,0.0,0.0,0.0,0.006774306838997367,0.006774369686050094,0.0,0.0,0.0,0.0,0.0032255752405891563,0.02709755893439255,0.04
MgSO4,24.850000000000023,0.01,98.1,0.0,0.0,0.0,0.006678953047177613,0.006679041876571752,0.0,0.0,0.0,0.0,0.0033208797655551597,0.02671627987795688,0.04
MgSO4,24.850000000000023,0.01,196.1,0.0,0.0,0.0,0.006603628437397921,0.006603750872392407,0.0,0.0,0.0,0.0,0.0033961405687251496,0.02641515737740827,0.04
MgSO4,24.850000000000023,0.01,294.2,0.0,0.0,0.0,0.006559041324398891,0.006559203251585821,0.0,0.0,0.0,0.0,0.0034406527026521125,0.026237015872128525,0.04
MgSO4,24.850000000000023,0.01,392.3,0.0,0.0,0.0,0.006563851567126573,0.006564047345960701,0.0,0.0,0.0,0.0,0.0034357783951321887,0.02625643512689533,0.04
MgSO4,24.850000000000023,0.01,490.3,0.0,0.0,0.0,0.006633565830601223,0.006633772024596522,0.0,0.0,0.0,0.0,0.003366044952492929,0.026535349281081564,0.04
MgSO4,24.850000000000023,0.01,588.4,0.0,0.0,0.0,0.006771147977685971,0.006771337521171942,0.0,0.0,0.0,0.0,0.003228495251660446,0.027085594512943234,0.04
MgSO4,24.850000000000023,0.01,686.5,0.0,0.0,0.0,0.006963678158938583,0.0069638387306495304,0.0,0.0,0.0,0.0,0.0030360208041760096,0.027855567720977373,0.04
MgSO4,24.850000000000023,0.01,784.6,0.0,0.0,0.0,0.007188643207496824,0.007188776351944562,0.0,0.0,0.0,0.0,0.0028111082991326974,0.028755288348549967,0.04
MgSO4,25.0,0.0249,0.1,0.0,0.0,0.0,0.014679027299126488,0.01467911622676796,0.0,0.0,0.0,0.0,0.010220769728924387,0.05871657502768196,0.0996
MgSO4,25.0,0.3323,0.1,0.0,0.0,0.0,0.12842304928475493,0.1284232317591033,0.0,0.0,0.0,0.0,0.20387601245731077,0.5136935854171822,1.3292
MgSO4,25.0,0.6646,0.1,0.0,0.0,0.0,0.22095787494570102,0.22095810290341092,0.0,0.0,0.0,0.0,0.4436406655102272,0.8838335081037303,2.6584
MgSO4,25.0,0.997,0.1,0.0,0.0,0.0,0.2984367347202144,0.29843700018276026,0.0,0.0,0.0,0.0,0.6985613608316605,1.1937494802017925,3.988
MgSO4,25.0,1.4124,0.1,0.0,0.0,0.0,0.3817148857862706,0.381715192769879,0.0,0.0,0.0,0.0,1.030682712464962,1.5268626881859877,5.6496
MgSO4,25.0,1.6616,0.1,0.0,0.0,0.0,0.4263999373680171,0.4264002674009589,0.0,0.0,0.0,0.0,1.2351973843128121,1.7056032347213184,6.6464
MgSO4,49.85000000000002,0.005,0.1,0.0,0.0,0.0,0.003246501869083379,0.003246615778923413,0.0,0.0,0.0,0.0,0.0017532687141720705,0.012986671124370748,0.02
MgSO4,49.85000000000002,0.005,98.1,0.0,0.0,0.0,0.003205957708313689,0.0032061148959134627,0.0,0.0,0.0,0.0,0.0017937249584134363,0.012824744709196529,0.02
MgSO4,49.85000000000002,0.005,196.1,0.0,0.0,0.0,0.003174258844837207,0.003174471194234788,0.0,0.0,0.0,0.0,0.0018253116699056078,0.012698268028384401,0.02
MgSO4,49.85000000000002,0.005,294.2,0.0,0.0,0.0,0.0031511281294774435,0.0031514083952248607,0.0,0.0,0.0,0.0,0.0018483042461712302,0.012606137659166527,0.02
MgSO4,49.85000000000002,0.005,392.3,0.0,0.0,0.0,0.0031385112516458336,0.0031388664699523662,0.0,0.0,0.0,0.0,0.0018607687184835034,0.012556103767449424,0.02
MgSO4,49.85000000000002,0.005,490.3,0.0,0.0,0.0,0.003139085853679381,0.0031395064297835232,0.0,0.0,0.0,0.0,0.0018600614489676986,0.012558781603337177,0.02
MgSO4,49.85000000000002,0.005,588.4,0.0,0.0,0.0,0.0031551802799188013,0.0031556344374857634,0.0,0.0,0.0,0.0,0.0018438993709773007,0.012623357062214069,0.02
MgSO4,49.85000000000002,0.005,686.5,0.0,0.0,0.0,0.003187810914177685,0.0031882559686257908,0.0,0.0,0.0,0.0,0.0018112882309899827,0.012753832519020002,0.02
MgSO4,49.85000000000002,0.005,784.6,0.0,0.0,0.0,0.0032361949882668698,0.003236598563476337,0.0,0.0,0.0,0.0,0.0017629895564663554,0.012947135524781514,0.02
MgSO4,49.85000000000002,0.01,0.1,0.0,0.0,0.0,0.005721178946118668,0.005721328473158336,0.0,0.0,0.0,0.0,0.004278473589179378,0.022885562643890377,0.04
MgSO4,49.85000000000002,0.01,98.1,0.0,0.0,0.0,0.005613689881895556,0.005613895822489863,0.0,0.0,0.0,0.0,0.004385829958056606,0.02245592484797684,0.04
MgSO4,49.85000000000002,0.01,196.1,0.0,0.0,0.0,0.005530382495374026,0.005530660280414635,0.0,0.0,0.0,0.0,0.004468968177822357,0.022123100821330028,0.04
MgSO4,49.85000000000002,0.01,294.2,0.0,0.0,0.0,0.005469710727215124,0.005470076933748428,0.0,0.0,0.0,0.0,0.004529431636109253,0.021880912927859437,0.04
MgSO4,49.85000000000002,0.01,392.3,0.0,0.0,0.0,0.005435890158824328,0.005436353976784498,0.0,0.0,0.0,0.0,0.004563022300939846,0.021746182168033732,0.04
MgSO4,49.85000000000002,0.01,490.3,0.0,0.0,0.0,0.0054350315417127214,0.005435580620962605,0.0,0.0,0.0,0.0,0.004563680462373963,0.02174323057645572,0.04
MgSO4,49.85000000000002,0.01,588.4,0.0,0.0,0.0,0.0054724695766893055,0.00547306278713941,0.0,0.0,0.0,0.0,0.0045261394963981945,0.021893235039314868,0.04
MgSO4,49.85000000000002,0.01,686.5,0.0,0.0,0.0,0.00555044765773885,0.005551029629264094,0.0,0.0,0.0,0.0,0.0044481894709289425,0.0222050886719455,0.04
MgSO4,49.85000000000002,0.01,784.6,0.0,0.0,0.0,0.005666883829538577,0.005667412444109462,0.0,0.0,0.0,0.0,0.004331880668986071,0.02267053776447427,0.04
MgSO4,74.85000000000002,0.005,0.1,0.0,0.0,0.0,0.002804372965484206,0.0028046027096990463,0.0,0.0,0.0,0.0,0.0021950165003380416,0.011218953279326519,0.02
MgSO4,74.85000000000002,0.005,98.1,0.0,0.0,0.0,0.002758370585656788,0.002758680922932091,0.0,0.0,0.0,0.0,0.002240802258637554,0.011035454780747366,0.02
MgSO4,74.85000000000002,0.005,196.1,0.0,0.0,0.0,0.002722717273330721,0.002723129131364657,0.0,0.0,0.0,0.0,0.0022761824969308787,0.01089348518396126,0.02
MgSO4,74.85000000000002,0.005,294.2,0.0,0.0,0.0,0.002690730533343849,0.002691275680888413,0.0,0.0,0.0,0.0,0.0023078103127403605,0.010766382949715098,0.02
MgSO4,74.85000000000002,0.005,392.3,0.0,0.0,0.0,0.0026553757331789786,0.0026561189695620074,0.0,0.0,0.0,0.0,0.002342630848511377,0.010626218154118822,0.02
MgSO4,74.85000000000002,0.005,490.3,0.0,0.0,0.0,0.0026084407769367576,0.002609563623974882,0.0,0.0,0.0,0.0,0.002388539972314048,0.010440880081841603,0.02
MgSO4,74.85000000000002,0.005,588.4,0.0,0.0,0.0,0.0025376605481975205,0.0025399688021994966,0.0,0.0,0.0,0.0,0.0024561090586609044,0.01016525548187444,0.02
MgSO4,74.85000000000002,0.005,686.5,0.0,0.0,0.0,0.0024058605307810516,0.0024224437040890833,0.0,0.0,0.0,0.0,0.0025489632827244593,0.009728637278928495,0.02
MgSO4,74.85000000000002,0.01,0.1,0.0,0.0,0.0,0.004831046263519215,0.004831331786653721,0.0,0.0,0.0,0.0,0.005168035775466026,0.019326058125396606,0.04
MgSO4,74.85000000000002,0.01,98.1,0.0,0.0,0.0,0.004716462842585867,0.004716847742480979,0.0,0.0,0.0,0.0,0.005282295166406354,0.018868376819964457,0.04
MgSO4,74.85000000000002,0.01,196.1,0.0,0.0,0.0,0.00462875707479483,0.004629267079778593,0.0,0.0,0.0,0.0,0.005369592736832856,0.01851837508202483,0.04
MgSO4,74.85000000000002,0.01,294.2,0.0,0.0,0.0,0.004551206101810242,0.004551880225864067,0.0,0.0,0.0,0.0,0.005446607643657663,0.018209248520632625,0.04
MgSO4,74.85000000000002,0.01,392.3,0.0,0.0,0.0,0.004467063107632546,0.004467980858446733,0.0,0.0,0.0,0.0,0.0055299536911380546,0.017874275169128217,0.04
MgSO4,74.85000000000002,0.01,490.3,0.0,0.0,0.0,0.004357546219496556,0.004358930209991081,0.0,0.0,0.0,0.0,0.005637942733699349,0.01743926561050138,0.04
MgSO4,74.85000000000002,0.01,588.4,0.0,0.0,0.0,0.004195994487805335,0.0041988322602378786,0.0,0.0,0.0,0.0,0.005794719862186073,0.0168025932093316,0.04
MgSO4,74.85000000000002,0.01,686.5,0.0,0.0,0.0,0.003916141217840627,0.003936479543635913,0.0,0.0,0.0,0.0,0.00601673686962578,0.015798294272577677,0.04
MgSO4,99.85000000000002,0.005,0.1,0.0,0.0,0.0,0.0024311766388295983,0.0024315455629752513,0.0,0.0,0.0,0.0,0.0025673218438877618,0.009727604815358244,0.02
MgSO4,99.85000000000002,0.005,98.1,0.0,0.0,0.0,0.0023805614824912056,0.0023810509778455224,0.0,0.0,0.0,0.0,0.002617439167001329,0.009526092805444971,0.02
MgSO4,99.85000000000002,0.005,196.1,0.0,0.0,0.0,0.0023424441046420576,0.0023430834516291062,0.0,0.0,0.0,0.0,0.002654937600175204,0.009374802395450863,0.02
MgSO4,99.85000000000002,0.005,294.2,0.0,0.0,0.0,0.00230569993550515,0.002306542493569407,0.0,0.0,0.0,0.0,0.0026908413756333537,0.00922942442046148,0.02
MgSO4,99.85000000000002,0.005,392.3,0.0,0.0,0.0,0.0022574220872580643,0.0022586214871715385,0.0,0.0,0.0,0.0,0.00273764047532502,0.009039119388329441,0.02
MgSO4,99.85000000000002,0.005,490.3,0.0,0.0,0.0,0.002179423960055753,0.0021817208629717564,0.0,0.0,0.0,0.0,0.002811078781473993,0.008735760420718126,0.02
MgSO4,99.85000000000002,0.005,588.4,0.0,0.0,0.0,0.0020054990672913747,0.002030196770204273,0.0,0.0,0.0,0.0,0.0028907845661452396,0.008218070437116485,0.02
MgSO4,99.85000000000002,0.01,0.1,0.0,0.0,0.0,0.00411906995728082,0.004119504010596785,0.0,0.0,0.0,0.0,0.005878670848176329,0.016480063429190946,0.04
MgSO4,99.85000000000002,0.01,98.1,0.0,0.0,0.0,0.00399858077764487,0.003999155589357451,0.0,0.0,0.0,0.0,0.005998416156121351,0.01599933884429717,0.04
MgSO4,99.85000000000002,0.01,196.1,0.0,0.0,0.0,0.003909230075005323,0.003909979789631378,0.0,0.0,0.0,0.0,0.006086842527057673,0.015643467009680275,0.04
MgSO4,99.85000000000002,0.01,294.2,0.0,0.0,0.0,0.003824724348263062,0.003825711100737083,0.0,0.0,0.0,0.0,0.006170094651088336,0.015307518441392144,0.04
MgSO4,99.85000000000002,0.01,392.3,0.0,0.0,0.0,0.003716208776475956,0.003717611370912413,0.0,0.0,0.0,0.0,0.00627640845536271,0.014877093379531846,0.04
MgSO4,99.85000000000002,0.01,490.3,0.0,0.0,0.0,0.00354526850842652,0.00354794878418618,0.0,0.0,0.0,0.0,0.006440572458961358,0.014204508311560548,0.04
MgSO4,99.85000000000002,0.01,588.4,0.0,0.0,0.0,0.0032020623507991552,0.0032309077345730143,0.0,0.0,0.0,0.0,0.006643741630259797,0.013062186847394413,0.04
MgSO4,124.85000000000002,0.005,0.1,0.0,0.0,0.0,0.002127444526015485,0.0021279006190145747,0.0,0.0,0.0,0.0,0.002869036058205245,0.008515233610203395,0.02
MgSO4,124.85000000000002,0.005,98.1,0.0,0.0,0.0,0.002071864904946194,0.0020724611678625483,0.0,0.0,0.0,0.0,0.00292351689029128,0.008294600695243457,0.02
MgSO4,124.85000000000002,0.005,196.1,0.0,0.0,0.0,0.002032352710875646,0.0020331201285057198,0.0,0.0,0.0,0.0,0.002961688046718854,0.00813860990916503,0.02
MgSO4,124.85000000000002,0.005,294.2,0.0,0.0,0.0,0.00199641928207412,0.0019974139561700966,0.0,0.0,0.0,0.0,0.002995840164746512,0.007997608299626374,0.02
MgSO4,124.85000000000002,0.005,392.3,0.0,0.0,0.0,0.001951619363152289,0.0019529991582496837,0.0,0.0,0.0,0.0,0.0030376184909656962,0.007823037260288483,0.02
MgSO4,124.85000000000002,0.005,490.3,0.0,0.0,0.0,0.0018815400124715294,0.0018840179762058594,0.0,0.0,0.0,0.0,0.0030990669153583774,0.00755592578023488,0.02
MgSO4,124.85000000000002,0.005,588.4,0.0,0.0,0.0,0.001728828076067144,0.001746699630186975,0.0,0.0,0.0,0.0,0.003129556047727285,0.00713215308524302,0.02
MgSO4,124.85000000000002,0.01,0.1,0.0,0.0,0.0,0.0035639123977580017,0.0035644227325721113,0.0,0.0,0.0,0.0,0.006430768910356278,0.014263024706604793,0.04
MgSO4,124.85000000000002,0.01,98.1,0.0,0.0,0.0,0.003435770103156214,0.0034364363176641096,0.0,0.0,0.0,0.0,0.0065572657958898,0.013752718919454633,0.04
MgSO4,124.85000000000002,0.01,196.1,0.0,0.0,0.0,0.0033463009883062593,0.0033471575768565776,0.0,0.0,0.0,0.0,0.006644726994506694,0.013397605701572175,0.04
MgSO4,124.85000000000002,0.01,294.2,0.0,0.0,0.0,0.0032665279692554324,0.003267637349205283,0.0,0.0,0.0,0.0,0.00672183521794153,0.013082179862001235,0.04
MgSO4,124.85000000000002,0.01,392.3,0.0,0.0,0.0,0.0031693597133875947,0.003170897496782393,0.0,0.0,0.0,0.0,0.006814490558322851,0.012699711350692174,0.04
MgSO4,124.85000000000002,0.01,490.3,0.0,0.0,0.0,0.003021487464797072,0.003024246931837807,0.0,0.0,0.0,0.0,0.006949492391544168,0.01212590515137276,0.04
MgSO4,124.85000000000002,0.01,588.4,0.0,0.0,0.0,0.002732916569282623,0.0027529000586090724,0.0,0.0,0.0,0.0,0.00705552173161722,0.011222425122444743,0.04
MgSO4,149.85000000000002,0.005,0.1,0.0,0.0,0.0,0.001884682954559815,0.001885074599688226,0.0,0.0,0.0,0.0,0.0031073165616522826,0.007549015098888032,0.02
MgSO4,149.85000000000002,0.005,98.1,0.0,0.0,0.0,0.0018227563365460664,0.0018232628445027136,0.0,0.0,0.0,0.0,0.003166877114728512,0.007304328404029888,0.02
MgSO4,149.85000000000002,0.005,196.1,0.0,0.0,0.0,0.0017822413877213936,0.0017828849794580097,0.0,0.0,0.0,0.0,0.0032045704684427064,0.007145872613889619,0.02
MgSO4,149.85000000000002,0.005,294.2,0.0,0.0,0.0,0.0017510512614841937,0.0017518642686206259,0.0,0.0,0.0,0.0,0.0032322755416020806,0.007025564587844596,0.02
MgSO4,149.85000000000002,0.005,392.3,0.0,0.0,0.0,0.0017214464305716757,0.0017224896054499153,0.0,0.0,0.0,0.0,0.003257150166376235,0.006913187984487174,0.02
MgSO4,149.85000000000002,0.005,490.3,0.0,0.0,0.0,0.0016863901540631872,0.001687814901472202,0.0,0.0,0.0,0.0,0.0032843741308382066,0.006782966192568313,0.02
MgSO4,149.85000000000002,0.005,588.4,0.0,0.0,0.0,0.0016367398681277588,0.0016390728725658573,0.0,0.0,0.0,0.0,0.003315392030065051,0.006608160869747961,0.02
MgSO4,149.85000000000002,0.005,686.5,0.0,0.0,0.0,0.001547859767776231,0.0015548874011464386,0.0,0.0,0.0,0.0,0.003307800849828013,0.006376014890566465,0.02
MgSO4,149.85000000000002,0.005,784.6,0.0,0.0,0.0,9.335747178974073e-05,0.00012485985867700998,0.0,0.0,0.0,0.0,1.5754711195796514e-05,0.0200804566227928,0.02
MgSO4,149.85000000000002,0.01,0.1,0.0,0.0,0.0,0.0031359555513367937,0.0031363743662663327,0.0,0.0,0.0,0.0,0.0068519111147859624,0.012558328663078622,0.04
MgSO4,149.85000000000002,0.01,98.1,0.0,0.0,0.0,0.002996267659957789,0.0029968094002894435,0.0,0.0,0.0,0.0,0.006988053290018788,0.012003796130474208,0.04
MgSO4,149.85000000000002,0.01,196.1,0.0,0.0,0.0,0.0029068010055755974,0.002907489415677353,0.0,0.0,0.0,0.0,0.007073288398238837,0.01165096767611951,0.04
MgSO4,149.85000000000002,0.01,294.2,0.0,0.0,0.0,0.0028392024514566237,0.002840072178153915,0.0,0.0,0.0,0.0,0.00713565999334703,0.011386798058713754,0.04
MgSO4,149.85000000000002,0.01,392.3,0.0,0.0,0.0,0.002776333214989596,0.0027774494866081353,0.0,0.0,0.0,0.0,0.007191438341851278,0.01114376546518388,0.04
MgSO4,149.85000000000002,0.01,490.3,0.0,0.0,0.0,0.0027035797463840212,0.0027051052557479386,0.0,0.0,0.0,0.0,0.007252460413457449,0.010866721305632161,0.04
MgSO4,149.85000000000002,0.01,588.4,0.0,0.0,0.0,0.0026036920487123496,0.0026061932433020666,0.0,0.0,0.0,0.0,0.007324455565491297,0.010500385520311416,0.04
MgSO4,149.85000000000002,0.01,686.5,0.0,0.0,0.0,0.002439941282396999,0.0024475116629580655,0.0,0.0,0.0,0.0,0.007343495335442803,0.010017837851040472,0.04
MgSO4,149.85000000000002,0.01,784.6,0.0,0.0,0.0,0.0001901000361017981,0.00025403809907091125,0.0,0.0,0.0,0.0,6.163107013365956e-05,0.02547923049170865,0.04
NH4Cl,-10.0,0.187,0.1,0.0,0.18700000000093062,0.0,0.0,0.0,0.18699754772382257,0.0,0.0,0.0,0.0,0.18700000027715136,0.187
NH4Cl,-10.0,0.9348,0.1,0.0,0.9348000000024929,0.0,0.0,0.0,0.9347942126614741,0.0,0.0,0.0,0.0,0.9348000001505172,0.9348
NH4Cl,-10.0,1.4021,0.1,0.0,1.402100000003023,0.0,0.0,0.0,1.4020924952384806,0.0,0.0,0.0,0.0,1.4021000001227018,1.4021
NH4Cl,-10.0,1.8005,0.1,0.0,1.8005000000033247,0.0,0.0,0.0,1.8004910279770783,0.0,0.0,0.0,0.0,1.8005000001058282,1.8005
NH4Cl,-6.0,0.187,0.1,0.0,0.18700000000120556,0.0,0.0,0.0,0.18699706453302165,0.0,0.0,0.0,0.0,0.18700000035905162,0.187
NH4Cl,-6.0,0.9348,0.1,0.0,0.9348000000032316,0.0,0.0,0.0,0.934793071084115,0.0,0.0,0.0,0.0,0.9348000001951149,0.9348
NH4Cl,-6.0,1.4021,0.1,0.0,1.4021000000039183,0.0,0.0,0.0,1.4020910125624375,0.0,0.0,0.0,0.0,1.402100000159043,1.4021
NH4Cl,-6.0,1.8005,0.1,0.0,1.8005000000043092,0.0,0.0,0.0,1.800489252736304,0.0,0.0,0.0,0.0,1.8005000001371505,1.8005
NH4Cl,-3.0,0.187,0.1,0.0,0.18700000000145012,0.0,0.0,0.0,0.18699665274880659,0.0,0.0,0.0,0.0,0.18700000043187684,0.187
NH4Cl,-3.0,0.9348,0.1,0.0,0.934800000003889,0.0,0.0,0.0,0.9347920979487399,0.0,0.0,0.0,0.0,0.934800000234806,0.9348
NH4Cl,-3.0,1.4021,0.1,0.0,1.402100000004715,0.0,0.0,0.0,1.4020897482172252,0.0,0.0,0.0,0.0,1.4021000001913833,1.4021
NH4Cl,-3.0,1.8005,0.1,0.0,1.8005000000051847,0.0,0.0,0.0,1.8004877384035827,0.0,0.0,0.0,0.0,1.800500000165019,1.8005
NH4Cl,-1.0,0.187,0.1,0.0,0.18700000000163308,0.0,0.0,0.0,0.18699635268944642,0.0,0.0,0.0,0.0,0.18700000048636994,0.187
NH4Cl,-1.0,0.9348,0.1,0.0,0.9348000000043812,0.0,0.0,0.0,0.9347913887010453,0.0,0.0,0.0,0.0,0.9348000002645258,0.9348
NH4Cl,-1.0,1.4021,0.1,0.0,1.4021000000053117,0.0,0.0,0.0,1.402088826488207,0.0,0.0,0.0,0.0,1.4021000002155972,1.4021
NH4Cl,-1.0,1.8005,0.1,0.0,1.80050000000584,0.0,0.0,0.0,1.8004866341553858,0.0,0.0,0.0,0.0,1.8005000001858822,1.8005
NH4Cl,5.0,0.000977,0.1,0.0,0.0009770000000991158,0.0,0.0,0.0,0.0009766538845944579,0.0,0.0,0.0,0.0,0.0009770056311645017,0.000977
NH4Cl,5.0,0.00965,0.1,0.0,0.009650000000355529,0.0,0.0,0.0,0.009648909836912382,0.0,0.0,0.0,0.0,0.009650002045328007,0.00965
NH4Cl,5.0,0.09765,0.1,0.0,0.09765000000149418,0.0,0.0,0.0,0.0976465983045027,0.0,0.0,0.0,0.0,0.09765000085081124,0.09765
NH4Cl,5.0,0.187,0.1,0.0,0.18700000000228795,0.0,0.0,0.0,0.18699531734461733,0.0,0.0,0.0,0.0,0.18700000068140726,0.187
NH4Cl,5.0,0.4735,0.1,0.0,0.4735000000041546,0.0,0.0,0.0,0.47349247324261473,0.0,0.0,0.0,0.0,0.473500000491177,0.4735
NH4Cl,5.0,0.9348,0.1,0.0,0.934800000006145,0.0,0.0,0.0,0.9347889406147992,0.0,0.0,0.0,0.0,0.9348000003710222,0.9348
NH4Cl,5.0,1.034,0.1,0.0,1.0340000000064706,0.0,0.0,0.0,1.0339882325421617,0.0,0.0,0.0,0.0,1.0340000003538097,1.034
NH4Cl,5.0,1.4021,0.1,0.0,1.402100000007449,0.0,0.0,0.0,1.4020856435562064,0.0,0.0,0.0,0.0,1.4021000003023552,1.4021
NH4Cl,5.0,1.8005,0.1,0.0,1.800500000008188,0.0,0.0,0.0,1.8004828193073645,0.0,0.0,0.0,0.0,1.8005000002606177,1.8005
NH4Cl,10.0,0.000977,0.1,0.0,0.000977000000128122,0.0,0.0,0.0,0.0009765773815854353,0.0,0.0,0.0,0.0,0.000977007279104332,0.000977
NH4Cl,10.0,0.00965,0.1,0.0,0.009650000000460153,0.0,0.0,0.0,0.009648668364050636,0.0,0.0,0.0,0.0,0.009650002647233816,0.00965
NH4Cl,10.0,0.09765,0.1,0.0,0.09765000000193752,0.0,0.0,0.0,0.0976458455407788,0.0,0.0,0.0,0.0,0.0976500011032588,0.09765
NH4Cl,10.0,0.4735,0.1,0.0,0.4735000000053949,0.0,0.0,0.0,0.4734908081732563,0.0,0.0,0.0,0.0,0.4735000006378173,0.4735
NH4Cl,10.0,1.034,0.1,0.0,1.0340000000084044,0.0,0.0,0.0,1.0339856241365144,0.0,0.0,0.0,0.0,1.034000000459555,1.034
NH4Cl,20.0,0.187,0.1,0.0,0.18700000000475514,0.0,0.0,0.0,0.18699165127600104,0.0,0.0,0.0,0.0,0.18700000141620132,0.187
NH4Cl,20.0,0.9348,0.1,0.0,0.9348000000128142,0.0,0.0,0.0,0.9347802632196808,0.0,0.0,0.0,0.0,0.9348000007737007,0.9348
NH4Cl,20.0,1.4021,0.1,0.0,1.4021000000155288,0.0,0.0,0.0,1.4020743464399088,0.0,0.0,0.0,0.0,1.4021000006303006,1.4021
NH4Cl,20.0,1.8005,0.1,0.0,1.800500000017058,0.0,0.0,0.0,1.8004692621500038,0.0,0.0,0.0,0.0,1.8005000005429235,1.8005
NH4Cl,25.0,0.000977,0.1,0.0,0.0009770000002509093,0.0,0.0,0.0,0.0009762618199978886,0.0,0.0,0.0,0.0,0.0009770142551425815,0.000977
NH4Cl,25.0,0.00965,0.1,0.0,0.009650000000904534,0.0,0.0,0.0,0.00964767213531368,0.0,0.0,0.0,0.0,0.00965000520372476,0.00965
NH4Cl,25.0,0.09765,0.1,0.0,0.0976500000038326,0.0,0.0,0.0,0.09764274192811531,0.0,0.0,0.0,0.0,0.09765000218236503,0.09765
NH4Cl,25.0,0.187,0.1,0.0,0.18700000000588501,0.0,0.0,0.0,0.1869900119243518,0.0,0.0,0.0,0.0,0.1870000017527057,0.187
NH4Cl,25.0,0.4735,0.1,0.0,0.47350000001072334,0.0,0.0,0.0,0.47348394421120904,0.0,0.0,0.0,0.0,0.4735000012677692,0.4735
NH4Cl,25.0,0.9348,0.1,0.0,0.9348000000158794,0.0,0.0,0.0,0.9347763791598364,0.0,0.0,0.0,0.0,0.9348000009587575,0.9348
NH4Cl,25.0,1.034,0.1,0.0,1.03400000001672,0.0,0.0,0.0,1.0339748581757924,0.0,0.0,0.0,0.0,1.0340000009142702,1.034
NH4Cl,25.0,1.4021,0.1,0.0,1.4021000000192414,0.0,0.0,0.0,1.402069283390715,0.0,0.0,0.0,0.0,1.4021000007809707,1.4021
NH4Cl,25.0,1.8005,0.1,0.0,1.8005000000211304,0.0,0.0,0.0,1.8004631788995134,0.0,0.0,0.0,0.0,1.8005000006725407,1.8005
NH4Cl,35.0,0.000977,0.1,0.0,0.0009770000003662565,0.0,0.0,0.0,0.0009759621587863291,0.0,0.0,0.0,0.0,0.0009770208084704554,0.000977
NH4Cl,35.0,0.00965,0.1,0.0,0.009650000001323602,0.0,0.0,0.0,0.009646726222504594,0.0,0.0,0.0,0.0,0.009650007614594277,0.00965
NH4Cl,35.0,0.09765,0.1,0.0,0.09765000000563476,0.0,0.0,0.0,0.09763979762898534,0.0,0.0,0.0,0.0,0.09765000320854536,0.09765
NH4Cl,35.0,0.4735,0.1,0.0,0.47350000001582365,0.0,0.0,0.0,0.4734774338633561,0.0,0.0,0.0,0.0,0.47350000187075963,0.4735
NH4Cl,35.0,1.034,0.1,0.0,1.0340000000246903,0.0,0.0,0.0,1.0339646306321355,0.0,0.0,0.0,0.0,1.03400000135009,1.034
NH4Cl,45.0,0.000977,0.1,0.0,0.00097700000051011,0.0,0.0,0.0,0.0009755728165004492,0.0,0.0,0.0,0.0,0.0009770289813449404,0.000977
NH4Cl,45.0,0.00965,0.1,0.0,0.009650000001847932,0.0,0.0,0.0,0.009645497657182544,0.0,0.0,0.0,0.0,0.009650010631045033,0.00965
NH4Cl,45.0,0.09765,0.1,0.0,0.09765000000790738,0.0,0.0,0.0,0.09763597664186446,0.0,0.0,0.0,0.0,0.09765000450262495,0.09765
NH4Cl,45.0,0.4735,0.1,0.0,0.4735000000222955,0.0,0.0,0.0,0.4734689865165608,0.0,0.0,0.0,0.0,0.47350000263589254,0.4735
NH4Cl,45.0,1.034,0.1,0.0,1.0340000000348162,0.0,0.0,0.0,1.0339513408467313,0.0,0.0,0.0,0.0,1.034000001903784,1.034
NH4Cl,70.0,0.000977,0.1,0.0,0.000977000000986789,0.0,0.0,0.0,0.0009740912036044612,0.0,0.0,0.0,0.0,0.0009770560633368258,0.000977
NH4Cl,70.0,0.00965,0.1,0.0,0.009650000003596507,0.0,0.0,0.0,0.00964082699133266,0.0,0.0,0.0,0.0,0.009650020690489196,0.00965
NH4Cl,70.0,0.09765,0.1,0.0,0.09765000001561652,0.0,0.0,0.0,0.09762147526874809,0.0,0.0,0.0,0.0,0.09765000889236272,0.09765
NH4Cl,70.0,0.4735,0.1,0.0,0.4735000000445464,0.0,0.0,0.0,0.47343693920548197,0.0,0.0,0.0,0.0,0.47350000526651687,0.4735
NH4Cl,70.0,1.034,0.1,0.0,1.0340000000697238,0.0,0.0,0.0,1.033900767698879,0.0,0.0,0.0,0.0,1.0340000038125665,1.034
NH4Cl,90.0,0.000977,0.1,0.0,0.0009770000014556095,0.0,0.0,0.0,0.0009722247342967341,0.0,0.0,0.0,0.0,0.0009770826988753196,0.000977
NH4Cl,90.0,0.00965,0.1,0.0,0.009650000005332275,0.0,0.0,0.0,0.009634950117405568,0.0,0.0,0.0,0.0,0.009650030676249666,0.00965
NH4Cl,90.0,0.09765,0.1,0.0,0.09765000002347074,0.0,0.0,0.0,0.09760327133342434,0.0,0.0,0.0,0.0,0.09765001336471207,0.09765
NH4Cl,90.0,0.4735,0.1,0.0,0.47350000006768217,0.0,0.0,0.0,0.47339673000330934,0.0,0.0,0.0,0.0,0.4735000080017532,0.4735
NH4Cl,90.0,1.034,0.1,0.0,1.0340000001061653,0.0,0.0,0.0,1.0338370443037923,0.0,0.0,0.0,0.0,1.0340000058052303,1.034
Na2SO4,5.0,0.0001,0.1,0.0,0.0,0.00019991906816909576,0.0,9.991880268516249e-05,0.0,0.0,0.0,8.093198955212678e-08,0.0,0.0002998816062299988,0.00030000000000000003
Na2SO4,5.0,0.001,0.1,0.0,0.0,0.0019931163489263198,0.0,0.000993114046504769,0.0,0.0,0.0,6.883652756062598e-06,0.0,0.0029862747812219636,0.003
Na2SO4,5.0,0.01,0.1,0.0,0.0,0.019557912231985622,0.0,0.009557897293534973,0.0,0.0,0.0,0.000442087788847177,0.0,0.029115852413505915,0.03
Na2SO4,5.0,0.1001,0.1,0.0,0.0,0.18227638273515417,0.0,0.08217632448869526,0.0,0.0,0.0,0.01792361760364727,0.0,0.26445274307956973,0.3003
Na2SO4,5.0,0.1989,0.1,0.0,0.0,0.34792428342640735,0.0,0.14902420398075386,0.0,0.0,0.0,0.04987571737775059,0.0,0.4969485205689341,0.5967
Na2SO4,5.0,0.4999,0.1,0.0,0.0,0.8109806941122779,0.0,0.31108058171607944,0.0,0.0,0.0,0.18881930842583783,0.0,1.122061305609389,1.4997
Na2SO4,5.0,0.5,0.1,0.0,0.0,0.8111271095651784,0.0,0.3111269971616388,0.0,0.0,0.0,0.18887289297355983,0.0,1.1222541365071914,1.5
Na2SO4,5.0,0.75,0.1,0.0,0.0,1.1659828447298375,0.0,0.41598271776720785,0.0,0.0,0.0,0.3340171594169249,0.0,1.5819655910539698,2.25
Na2SO4,10.0,0.0001,0.1,0.0,0.0,0.0001999161705807627,0.0,9.991580559824234e-05,0.0,0.0,0.0,8.382961865466858e-08,0.0,0.00029988692687218417,0.00030000000000000003
Na2SO4,10.0,0.001,0.1,0.0,0.0,0.001992879728003955,0.0,0.0009928765698891692,0.0,0.0,0.0,7.120274115831336e-06,0.0,0.0029858119675528574,0.003
Na2SO4,10.0,0.01,0.1,0.0,0.0,0.019544585034014707,0.0,0.009544564785922196,0.0,0.0,0.0,0.00045541499249176023,0.0,0.029089203147321174,0.03
Na2SO4,10.0,0.1001,0.1,0.0,0.0,0.18188499860907878,0.0,0.08178492114482544,0.0,0.0,0.0,0.018315001828259063,0.0,0.2636699637606912,0.3003
Na2SO4,10.0,0.1989,0.1,0.0,0.0,0.3469894021372477,0.0,0.1480892969632699,0.0,0.0,0.0,0.05081059890376165,0.0,0.4950787397009666,0.5967
Na2SO4,10.0,0.4999,0.1,0.0,0.0,0.8082894159058505,0.0,0.30838926781937726,0.0,0.0,0.0,0.1915105873874764,0.0,1.11667872012089,1.4997
Na2SO4,10.0,0.5,0.1,0.0,0.0,0.8084352578708013,0.0,0.3084351097747832,0.0,0.0,0.0,0.1915647454233344,0.0,1.1168704040404354,1.5
Na2SO4,10.0,0.75,0.1,0.0,0.0,1.1619088782786264,0.0,0.4119087112663157,0.0,0.0,0.0,0.33809112710485806,0.0,1.5738176244343927,2.25
Na2SO4,20.0,0.5,0.1,0.0,0.0,0.8036543899725797,0.0,0.3036541398548436,0.0,0.0,0.0,0.1963456154229546,0.0,1.1073085818919437,1.5
Na2SO4,20.0,0.75,0.1,0.0,0.0,1.1547461418042335,0.0,0.4047458605940273,0.0,0.0,0.0,0.3452538670238851,0.0,1.5594920522778704,2.25
Na2SO4,25.0,0.0001,0.1,0.0,0.0,0.0001999075276354904,0.0,9.990661457256117e-05,0.0,0.0,0.0,9.247273392478388e-08,0.0,0.0002999157245873179,0.00030000000000000003
Na2SO4,25.0,0.001,0.1,0.0,0.0,0.001992181006611618,0.0,0.000992173186188252,0.0,0.0,0.0,7.818997351512503e-06,0.0,0.0029844563595831162,0.003
Na2SO4,25.0,0.01,0.1,0.0,0.0,0.01950636696632845,0.0,0.009506318961172997,0.0,0.0,0.0,0.0004936330850802694,0.0,0.029012780621762834,0.03
Na2SO4,25.0,0.1001,0.1,0.0,0.0,0.18082852688649761,0.0,0.08072835429781232,0.0,0.0,0.0,0.019371474004171673,0.0,0.26155695598121614,0.3003
Na2SO4,25.0,0.1989,0.1,0.0,0.0,0.34452294249202936,0.0,0.14562271138103014,0.0,0.0,0.0,0.05327705964744521,0.0,0.4901457223578425,0.5967
Na2SO4,25.0,0.4999,0.1,0.0,0.0,0.8014101653773545,0.0,0.3015098444410089,0.0,0.0,0.0,0.19838984144182278,0.0,1.1029200708728366,1.4997
Na2SO4,35.0,0.0001,0.1,0.0,0.0,0.00019990182612878224,0.0,9.990019008691689e-05,0.0,0.0,0.0,9.81744010374989e-08,0.0,0.00029994739294895225,0.00030000000000000003
Na2SO4,35.0,0.001,0.1,0.0,0.0,0.0019917264083293912,0.0,0.0009917125304281476,0.0,0.0,0.0,8.27359740235264e-06,0.0,0.002983584133461018,0.003
Na2SO4,35.0,0.01,0.1,0.0,0.0,0.019482484527576015,0.0,0.009482402364828972,0.0,0.0,0.0,0.0005175155491430161,0.0,0.028965017685702924,0.03
Na2SO4,35.0,0.1001,0.1,0.0,0.0,0.18022240355655808,0.0,0.08012212097960833,0.0,0.0,0.0,0.019977597821125497,0.0,0.26034462461488544,0.3003
Na2SO4,35.0,0.1989,0.1,0.0,0.0,0.3431542041627412,0.0,0.1442538290980675,0.0,0.0,0.0,0.054645799166862324,0.0,0.48740812444921783,0.5967
Na2SO4,35.0,0.4999,0.1,0.0,0.0,0.7977671672757474,0.0,0.29786665082205144,0.0,0.0,0.0,0.20203284339011415,0.0,1.0956338991158672,1.4997
Na2SO4,45.0,0.0001,0.1,0.0,0.0,0.00019989618860024062,0.0,9.989331442841745e-05,0.0,0.0,0.0,1.0381213394331088e-07,0.0,0.00029999035914053896,0.00030000000000000003
Na2SO4,45.0,0.001,0.1,0.0,0.0,0.0019912823755307125,0.0,0.0009912582952289369,0.0,0.0,0.0,8.717632498099334e-06,0.0,0.002982739415003705,0.003
Na2SO4,45.0,0.01,0.1,0.0,0.0,0.019459977211837974,0.0,0.00945984055863359,0.0,0.0,0.0,0.0005400228997191931,0.0,0.02891999077741008,0.03
Na2SO4,45.0,0.1001,0.1,0.0,0.0,0.17969433005478172,0.0,0.07959388083120747,0.0,0.0,0.0,0.02050567202398024,0.0,0.25928833904528403,0.3003
Na2SO4,45.0,0.1989,0.1,0.0,0.0,0.34199941962257324,0.0,0.14309882825560094,0.0,0.0,0.0,0.05580058543074164,0.0,0.48509836414070817,0.5967
Na2SO4,45.0,0.4999,0.1,0.0,0.0,0.7948343580720676,0.0,0.29493354994272664,0.0,0.0,0.0,0.20496565819294846,0.0,1.0897680110068546,1.4997
Na2SO4,70.0,0.0001,0.1,0.0,0.0,0.0001998824491307198,0.0,9.987154713561017e-05,0.0,0.0,0.0,1.175523345365936e-07,0.0,0.0003001497202670158,0.00030000000000000003
Na2SO4,70.0,0.001,0.1,0.0,0.0,0.0019902261173035964,0.0,0.0009901389927892312,0.0,0.0,0.0,9.773899414656087e-06,0.0,0.0029807419734406756,0.003
Na2SO4,70.0,0.01,0.1,0.0,0.0,0.019410149098505067,0.0,0.009409716118510306,0.0,0.0,0.0,0.0005898511633014192,0.0,0.028820158960837325,0.03
Na2SO4,70.0,0.1001,0.1,0.0,0.0,0.17870992547833353,0.0,0.07860864714499848,0.0,0.0,0.0,0.02149007985111779,0.0,0.2573187745642965,0.3003
Na2SO4,70.0,0.1989,0.1,0.0,0.0,0.3400116298102029,0.0,0.14110997512447923,0.0,0.0,0.0,0.05778838330422698,0.0,0.4811217867003603,0.5967
Na2SO4,70.0,0.4999,0.1,0.0,0.0,0.7904034158291727,0.0,0.29050118750746856,0.0,0.0,0.0,0.20939662681131474,0.0,1.0809047636195674,1.4997
Na2SO4,90.0,0.0001,0.1,0.0,0.0,0.00019987190474832502,0.0,9.984234288161166e-05,0.0,0.0,0.0,1.2809755102756573e-07,0.0,0.0003003227997931997,0.00030000000000000003
Na2SO4,90.0,0.001,0.1,0.0,0.0,0.0019894447583737817,0.0,0.0009892227196649935,0.0,0.0,0.0,1.0555269416577038e-05,0.0,0.002979216718097676,0.003
Na2SO4,90.0,0.01,0.1,0.0,0.0,0.01937731893096536,0.0,0.009376347032520589,0.0,0.0,0.0,0.0006226815577044918,0.0,0.02875405051865492,0.03
Na2SO4,90.0,0.1001,0.1,0.0,0.0,0.17825913573433155,0.0,0.07815646304517367,0.0,0.0,0.0,0.021940874799135483,0.0,0.25641585179992776,0.3003
Na2SO4,90.0,0.1989,0.1,0.0,0.0,0.33930419893816827,0.0,0.1404007714236337,0.0,0.0,0.0,0.05849582716049566,0.0,0.47970519751956825,0.5967
Na2SO4,90.0,0.4999,0.1,0.0,0.0,0.7896435451088958,0.0,0.28973896290577816,0.0,0.0,0.0,0.21015654026438288,0.0,1.079382708192624,1.4997
NaCl,-10.0,0.1711,0.1,0.0,0.17110000007970108,0.17110000007970108,0.0,0.0,0.0,0.0,0.0,0.0,0.0,0.17110002593537255,0.1711
NaCl,-10.0,0.5133,0.1,0.0,0.513300000259689,0.513300000259689,0.0,0.0,0.0,0.0,0.0,0.0,0.0,0.513300028341424,0.5133
NaCl,-10.0,0.8556,0.1,0.0,0.8556000004485942,0.8556000004485942,0.0,0.0,0.0,0.0,0.0,0.0,0.0,0.8556000295507019,0.8556
NaCl,-10.0,1.2834,0.1,0.0,1.283400000689671,1.283400000689671,0.0,0.0,0.0,0.0,0.0,0.0,0.0,1.283400030517485,1.2834
NaCl,-10.0,1.7112,0.1,0.0,1.7112000009328716,1.7112000009328716,0.0,0.0,0.0,0.0,0.0,0.0,0.0,1.7112000311924362,1.7112
NaCl,-10.0,2.5667,0.1,0.0,2.5667000014188126,2.5667000014188126,0.0,0.0,0.0,0.0,0.0,0.0,0.0,2.5667000321013616,2.5667
NaCl,-6.0,0.1711,0.1,0.0,0.17110000009924986,0.17110000009924986,0.0,0.0,0.0,0.0,0.0,0.0,0.0,0.1711000322967123,0.1711
NaCl,-6.0,0.5133,0.1,0.0,0.5133000003234747,0.5133000003234747,0.0,0.0,0.0,0.0,0.0,0.0,0.0,0.5133000353027408,0.5133
NaCl,-6.0,0.8556,0.1,0.0,0.8556000005588447,0.8556000005588447,0.0,0.0,0.0,0.0,0.0,0.0,0.0,0.8556000368133497,0.8556
NaCl,-6.0,1.2834,0.1,0.0,1.2834000008592426,1.2834000008592426,0.0,0.0,0.0,0.0,0.0,0.0,0.0,1.2834000380209314,1.2834
NaCl,-6.0,1.7112,0.1,0.0,1.711200001162303,1.711200001162303,0.0,0.0,0.0,0.0,0.0,0.0,0.0,1.7112000388639448,1.7112
NaCl,-6.0,2.5667,0.1,0.0,2.566700001767878,2.566700001767878,0.0,0.0,0.0,0.0,0.0,0.0,0.0,2.566700039999157,2.5667
NaCl,-3.0,0.1711,0.1,0.0,0.17110000011623328,0.17110000011623328,0.0,0.0,0.0,0.0,0.0,0.0,0.0,0.17110003782323768,0.1711
NaCl,-3.0,0.5133,0.1,0.0,0.5133000003789124,0.5133000003789124,0.0,0.0,0.0,0.0,0.0,0.0,0.0,0.5133000413529907,0.5133
NaCl,-3.0,0.8556,0.1,0.0,0.8556000006546833,0.8556000006546833,0.0,0.0,0.0,0.0,0.0,0.0,0.0,0.8556000431266252,0.8556
NaCl,-3.0,1.2834,0.1,0.0,1.2834000010066675,1.2834000010066675,0.0,0.0,0.0,0.0,0.0,0.0,0.0,1.2834000445443907,1.2834
NaCl,-3.0,1.7112,0.1,0.0,1.7112000013617872,1.7112000013617872,0.0,0.0,0.0,0.0,0.0,0.0,0.0,1.711200045534099,1.7112
NaCl,-3.0,2.5667,0.1,0.0,2.5667000020714146,2.5667000020714146,0.0,0.0,0.0,0.0,0.0,0.0,0.0,2.5667000468668375,2.5667
NaCl,-1.0,0.1711,0.1,0.0,0.17110000012875715,0.17110000012875715,0.0,0.0,0.0,0.0,0.0,0.0,0.0,0.17110004189860764,0.1711
NaCl,-1.0,0.5133,0.1,0.0,0.5133000004198058,0.5133000004198058,0.0,0.0,0.0,0.0,0.0,0.0,0.0,0.5133000458159445,0.5133
NaCl,-1.0,0.8556,0.1,0.0,0.8556000007253881,0.8556000007253881,0.0,0.0,0.0,0.0,0.0,0.0,0.0,0.8556000477842286,0.8556
NaCl,-1.0,1.2834,0.1,0.0,1.283400001115441,1.283400001115441,0.0,0.0,0.0,0.0,0.0,0.0,0.0,1.283400049357537,1.2834
NaCl,-1.0,1.7112,0.1,0.0,1.7112000015089808,1.7112000015089808,0.0,0.0,0.0,0.0,0.0,0.0,0.0,1.7112000504558047,1.7112
NaCl,-1.0,2.5667,0.1,0.0,2.5667000022954047,2.5667000022954047,0.0,0.0,0.0,0.0,0.0,0.0,0.0,2.566700051934725,2.5667
NaCl,0.0,6.04033,0.1,0.0,6.040330005604408,6.040330005604408,0.0,0.0,0.0,0.0,0.0,0.0,0.0,6.040330057104814,6.04033
NaCl,0.0,6.04033,28.5,0.0,6.040330006220702,6.040330006220702,0.0,0.0,0.0,0.0,0.0,0.0,0.0,6.040330063384413,6.04033
NaCl,0.0,6.04033,47.7,0.0,6.040330006665853,6.040330006665853,0.0,0.0,0.0,0.0,0.0,0.0,0.0,6.040330067920173,6.04033
NaCl,0.0,6.04033,99.7,0.0,6.0403300079995494,6.0403300079995494,0.0,0.0,0.0,0.0,0.0,0.0,0.0,6.040330081509561,6.04033
NaCl,0.0,6.04033,136.1,0.0,6.040330009055746,6.040330009055746,0.0,0.0,0.0,0.0,0.0,0.0,0.0,6.040330092271438,6.04033
NaCl,0.0,6.04033,150.3,0.0,6.0403300094970325,6.0403300094970325,0.0,0.0,0.0,0.0,0.0,0.0,0.0,6.040330096767814,6.04033
NaCl,0.0,6.04033,190.2,0.0,6.040330010826344,6.040330010826344,0.0,0.0,0.0,0.0,0.0,0.0,0.0,6.040330110312531,6.04033
NaCl,0.0,6.04033,229.4,0.0,6.0403300122546915,6.0403300122546915,0.0,0.0,0.0,0.0,0.0,0.0,0.0,6.040330124866343,6.04033
NaCl,0.0,6.04033,239.7,0.0,6.040330012647747,6.040330012647747,0.0,0.0,0.0,0.0,0.0,0.0,0.0,6.040330128871293,6.04033
NaCl,0.0,6.04033,287.7,0.0,6.040330014548102,6.040330014548102,0.0,0.0,0.0,0.0,0.0,0.0,0.0,6.040330148234532,6.04033
NaCl,0.0,6.04033,328.9,0.0,6.040330016207204,6.040330016207204,0.0,0.0,0.0,0.0,0.0,0.0,0.0,6.040330165139547,6.04033
NaCl,5.0,0.000104,0.1,0.0,0.0001040000000815666,0.0001040000000815666,0.0,0.0,0.0,0.0,0.0,0.0,0.0,0.0001040435332888958,0.000104
NaCl,5.0,0.00099,0.1,0.0,0.0009900000007939528,0.0009900000007939528,0.0,0.0,0.0,0.0,0.0,0.0,0.0,0.000990044515253986,0.00099
NaCl,5.0,0.01,0.1,0.0,0.01000000000852642,0.01000000000852642,0.0,0.0,0.0,0.0,0.0,0.0,0.0,0.010000047335460543,0.01
NaCl,5.0,0.1,0.1,0.0,0.10000000009701283,0.10000000009701283,0.0,0.0,0.0,0.0,0.0,0.0,0.0,0.10000005394516993,0.1
NaCl,5.0,0.1711,0.1,0.0,0.17110000017267737,0.17110000017267737,0.0,0.0,0.0,0.0,0.0,0.0,0.0,0.17110005619060137,0.1711
NaCl,5.0,0.5,0.1,0.0,0.5000000005476294,0.5000000005476294,0.0,0.0,0.0,0.0,0.0,0.0,0.0,0.5000000613412945,0.5
NaCl,5.0,0.5133,0.1,0.0,0.513300000563294,0.513300000563294,0.0,0.0,0.0,0.0,0.0,0.0,0.0,0.5133000614756471,0.5133
NaCl,5.0,0.8556,0.1,0.0,0.8556000009735371,0.8556000009735371,0.0,0.0,0.0,0.0,0.0,0.0,0.0,0.8556000641308004,0.8556
NaCl,5.0,0.9999,0.1,0.0,0.9999000011492851,0.9999000011492851,0.0,0.0,0.0,0.0,0.0,0.0,0.0,0.9999000649481333,0.9999
NaCl,5.0,1.2834,0.1,0.0,1.2834000014972644,1.2834000014972644,0.0,0.0,0.0,0.0,0.0,0.0,0.0,1.2834000662529754,1.2834
NaCl,5.0,1.7112,0.1,0.0,1.7112000020257288,1.7112000020257288,0.0,0.0,0.0,0.0,0.0,0.0,0.0,1.7112000677343213,1.7112
NaCl,5.0,2.5667,0.1,0.0,2.5667000030818796,2.5667000030818796,0.0,0.0,0.0,0.0,0.0,0.0,0.0,2.566700069729121,2.5667
NaCl,10.0,0.000104,0.1,0.0,0.00010400000010250651,0.00010400000010250651,0.0,0.0,0.0,0.0,0.0,0.0,0.0,0.00010405470922550343,0.000104
NaCl,10.0,0.00099,0.1,0.0,0.000990000000997936,0.000990000000997936,0.0,0.0,0.0,0.0,0.0,0.0,0.0,0.0009900559521739028,0.00099
NaCl,10.0,0.01,0.1,0.0,0.01000000001072153,0.01000000001072153,0.0,0.0,0.0,0.0,0.0,0.0,0.0,0.010000059521874403,0.01
NaCl,10.0,0.1,0.1,0.0,0.10000000012208675,0.10000000012208675,0.0,0.0,0.0,0.0,0.0,0.0,0.0,0.1000000678878209,0.1
NaCl,10.0,0.5,0.1,0.0,0.5000000006896416,0.5000000006896416,0.0,0.0,0.0,0.0,0.0,0.0,0.0,0.5000000772484299,0.5
NaCl,10.0,0.9999,0.1,0.0,0.9999000014477127,0.9999000014477127,0.0,0.0,0.0,0.0,0.0,0.0,0.0,0.9999000818128129,0.9999
NaCl,20.0,0.1711,0.1,0.0,0.1711000003323611,0.1711000003323611,0.0,0.0,0.0,0.0,0.0,0.0,0.0,0.1711001081529947,0.1711
NaCl,20.0,0.5,0.1,0.0,0.5000000010556026,0.5000000010556026,0.0,0.0,0.0,0.0,0.0,0.0,0.0,0.5000001182406215,0.5
NaCl,20.0,0.5133,0.1,0.0,0.5133000010858352,0.5133000010858352,0.0,0.0,0.0,0.0,0.0,0.0,0.0,0.513300118503724,0.5133
NaCl,20.0,0.75,0.1,0.0,0.7500000016311845,0.7500000016311845,0.0,0.0,0.0,0.0,0.0,0.0,0.0,0.7500001223523589,0.75
NaCl,20.0,0.8556,0.1,0.0,0.8556000018778716,0.8556000018778716,0.0,0.0,0.0,0.0,0.0,0.0,0.0,0.8556001237029555,0.8556
NaCl,20.0,1.0,0.1,0.0,1.0000000022175317,1.0000000022175317,0.0,0.0,0.0,0.0,0.0,0.0,0.0,1.0000001253043251,1.0
NaCl,20.0,1.2834,0.1,0.0,1.283400002889491,1.283400002889491,0.0,0.0,0.0,0.0,0.0,0.0,0.0,1.2834001278580907,1.2834
NaCl,20.0,1.5,0.1,0.0,1.5000000034059167,1.5000000034059167,0.0,0.0,0.0,0.0,0.0,0.0,0.0,1.500000129438953,1.5
NaCl,20.0,1.7112,0.1,0.0,1.7112000039105892,1.7112000039105892,0.0,0.0,0.0,0.0,0.0,0.0,0.0,1.7112001307584297,1.7112
NaCl,20.0,2.5667,0.1,0.0,2.5667000059518914,2.5667000059518914,0.0,0.0,0.0,0.0,0.0,0.0,0.0,2.566700134664623,2.5667
NaCl,24.93,5.34161,0.1,0.0,5.341610014971692,5.341610014971692,0.0,0.0,0.0,0.0,0.0,0.0,0.0,5.341610170546874,5.34161
NaCl,24.93,5.34161,29.4,0.0,5.341610016515395,5.341610016515395,0.0,0.0,0.0,0.0,0.0,0.0,0.0,5.341610188131635,5.34161
NaCl,24.93,5.34161,52.8,0.0,5.341610017835514,5.341610017835514,0.0,0.0,0.0,0.0,0.0,0.0,0.0,5.341610203169492,5.34161
NaCl,24.93,5.34161,79.1,0.0,5.341610019418486,5.341610019418486,0.0,0.0,0.0,0.0,0.0,0.0,0.0,5.341610221201593,5.34161
NaCl,24.93,5.34161,104.6,0.0,5.341610021060207,5.341610021060207,0.0,0.0,0.0,0.0,0.0,0.0,0.0,5.341610239902931,5.34161
NaCl,24.93,5.34161,128.2,0.0,5.341610022678175,5.341610022678175,0.0,0.0,0.0,0.0,0.0,0.0,0.0,5.341610258333651,5.34161
NaCl,24.93,5.34161,154.0,0.0,5.341610024558024,5.341610024558024,0.0,0.0,0.0,0.0,0.0,0.0,0.0,5.341610279747563,5.34161
NaCl,24.93,5.39773,0.1,0.0,5.3977300151210885,5.3977300151210885,0.0,0.0,0.0,0.0,0.0,0.0,0.0,5.39773017061505,5.39773
NaCl,24.93,5.39773,26.6,0.0,5.397730016525891,5.397730016525891,0.0,0.0,0.0,0.0,0.0,0.0,0.0,5.39773018646579,5.39773
NaCl,24.93,5.39773,37.8,0.0,5.397730017149321,5.397730017149321,0.0,0.0,0.0,0.0,0.0,0.0,0.0,5.397730193500116,5.39773
NaCl,24.93,5.39773,50.7,0.0,5.397730017890233,5.397730017890233,0.0,0.0,0.0,0.0,0.0,0.0,0.0,5.397730201860009,5.39773
NaCl,24.93,5.39773,77.2,0.0,5.397730019492634,5.397730019492634,0.0,0.0,0.0,0.0,0.0,0.0,0.0,5.397730219940302,5.39773
NaCl,24.93,5.39773,82.6,0.0,5.397730019832953,5.397730019832953,0.0,0.0,0.0,0.0,0.0,0.0,0.0,5.397730223780195,5.39773
NaCl,24.93,5.39773,102.6,0.0,5.397730021135751,5.397730021135751,0.0,0.0,0.0,0.0,0.0,0.0,0.0,5.397730238479999,5.39773
NaCl,24.93,5.39773,126.6,0.0,5.397730022789847,5.397730022789847,0.0,0.0,0.0,0.0,0.0,0.0,0.0,5.397730257143564,5.39773
NaCl,24.93,5.39773,153.8,0.0,5.397730024786943,5.397730024786943,0.0,0.0,0.0,0.0,0.0,0.0,0.0,5.397730279677335,5.39773
NaCl,24.93,5.39773,173.5,0.0,5.397730026313817,5.397730026313817,0.0,0.0,0.0,0.0,0.0,0.0,0.0,5.397730296905419,5.39773
NaCl,24.93,5.39773,211.6,0.0,5.397730029442754,5.397730029442754,0.0,0.0,0.0,0.0,0.0,0.0,0.0,5.397730332210012,5.39773
NaCl,24.93,5.39773,256.7,0.0,5.39773003336672,5.39773003336672,0.0,0.0,0.0,0.0,0.0,0.0,0.0,5.3977303764851055,5.39773
NaCl,24.93,5.39773,267.4,0.0,5.397730034313724,5.397730034313724,0.0,0.0,0.0,0.0,0.0,0.0,0.0,5.397730387170375,5.39773
NaCl,24.93,5.39773,316.6,0.0,5.397730038584723,5.397730038584723,0.0,0.0,0.0,0.0,0.0,0.0,0.0,5.397730435361151,5.39773
NaCl,24.93,5.39773,354.3,0.0,5.397730041543384,5.397730041543384,0.0,0.0,0.0,0.0,0.0,0.0,0.0,5.397730468744462,5.39773
NaCl,24.93,5.39773,392.3,0.0,5.397730043972849,5.397730043972849,0.0,0.0,0.0,0.0,0.0,0.0,0.0,5.397730496156727,5.39773
NaCl,24.93,5.63108,0.1,0.0,5.631080015738734,5.631080015738734,0.0,0.0,0.0,0.0,0.0,0.0,0.0,5.631080170877287,5.63108
NaCl,24.93,5.63108,27.3,0.0,5.631080017240375,5.631080017240375,0.0,0.0,0.0,0.0,0.0,0.0,0.0,5.631080187180772,5.63108
NaCl,24.93,5.63108,52.0,0.0,5.631080018699046,5.631080018699046,0.0,0.0,0.0,0.0,0.0,0.0,0.0,5.63108020301774,5.63108
NaCl,24.93,5.63108,69.8,0.0,5.631080019809913,5.631080019809913,0.0,0.0,0.0,0.0,0.0,0.0,0.0,5.6310802150785575,5.63108
NaCl,24.93,5.63108,78.4,0.0,5.631080020365369,5.631080020365369,0.0,0.0,0.0,0.0,0.0,0.0,0.0,5.631080221109203,5.63108
NaCl,24.93,5.63108,103.3,0.0,5.631080022045373,5.631080022045373,0.0,0.0,0.0,0.0,0.0,0.0,0.0,5.631080239349211,5.63108
NaCl,24.93,5.63108,127.5,0.0,5.631080023784168,5.631080023784168,0.0,0.0,0.0,0.0,0.0,0.0,0.0,5.631080258227511,5.63108
NaCl,24.93,5.63108,153.6,0.0,5.631080025779588,5.631080025779588,0.0,0.0,0.0,0.0,0.0,0.0,0.0,5.631080279892021,5.63108
NaCl,24.93,5.63108,157.6,0.0,5.631080026096389,5.631080026096389,0.0,0.0,0.0,0.0,0.0,0.0,0.0,5.631080283331553,5.63108
NaCl,24.93,5.63108,201.5,0.0,5.631080029754704,5.631080029754704,0.0,0.0,0.0,0.0,0.0,0.0,0.0,5.63108032305033,5.63108
NaCl,24.93,5.63108,243.0,0.0,5.631080033464429,5.631080033464429,0.0,0.0,0.0,0.0,0.0,0.0,0.0,5.631080363327241,5.63108
NaCl,24.93,5.63108,257.9,0.0,5.631080034831492,5.631080034831492,0.0,0.0,0.0,0.0,0.0,0.0,0.0,5.631080378169602,5.63108
NaCl,24.93,5.63108,305.3,0.0,5.631080039154941,5.631080039154941,0.0,0.0,0.0,0.0,0.0,0.0,0.0,5.631080425109792,5.63108
NaCl,24.93,5.63108,351.7,0.0,5.631080043028531,5.631080043028531,0.0,0.0,0.0,0.0,0.0,0.0,0.0,5.631080467165819,5.63108
NaCl,24.93,5.63108,390.5,0.0,5.631080045648453,5.631080045648453,0.0,0.0,0.0,0.0,0.0,0.0,0.0,5.631080495610611,5.63108
NaCl,25.0,0.000104,0.1,0.0,0.00010400000018967973,0.00010400000018967973,0.0,0.0,0.0,0.0,0.0,0.0,0.0,0.0001041012348441021,0.000104
NaCl,25.0,0.00099,0.1,0.0,0.0009900000018475837,0.0009900000018475837,0.0,0.0,0.0,0.0,0.0,0.0,0.0,0.0009901035901103117,0.00099
NaCl,25.0,0.01,0.1,0.0,0.010000000019877935,0.010000000019877935,0.0,0.0,0.0,0.0,0.0,0.0,0.0,0.010000110354775188,0.01
NaCl,25.0,0.02001,0.1,0.0,0.02001000004106325,0.02001000004106325,0.0,0.0,0.0,0.0,0.0,0.0,0.0,0.020010113947393326,0.02001
NaCl,25.0,0.02001,51.8,0.0,0.020010000049224236,0.020010000049224236,0.0,0.0,0.0,0.0,0.0,0.0,0.0,0.02001013659349475,0.02001
NaCl,25.0,0.02001,104.7,0.0,0.02001000005883932,0.02001000005883932,0.0,0.0,0.0,0.0,0.0,0.0,0.0,0.020010163274637182,0.02001
NaCl,25.0,0.02001,151.9,0.0,0.0200100000686261,0.0200100000686261,0.0,0.0,0.0,0.0,0.0,0.0,0.0,0.020010190432199232,0.02001
NaCl,25.0,0.02001,184.8,0.0,0.020010000076138727,0.020010000076138727,0.0,0.0,0.0,0.0,0.0,0.0,0.0,0.020010211279171363,0.02001
NaCl,25.0,0.02001,215.5,0.0,0.020010000083614657,0.020010000083614657,0.0,0.0,0.0,0.0,0.0,0.0,0.0,0.020010232024305623,0.02001
NaCl,25.0,0.02001,229.1,0.0,0.020010000087045694,0.020010000087045694,0.0,0.0,0.0,0.0,0.0,0.0,0.0,0.020010241545184493,0.02001
NaCl,25.0,0.02001,264.3,0.0,0.02001000009614332,0.02001000009614332,0.0,0.0,0.0,0.0,0.0,0.0,0.0,0.02001026679039479,0.02001
NaCl,25.0,0.02001,288.1,0.0,0.02001000010234065,0.02001000010234065,0.0,0.0,0.0,0.0,0.0,0.0,0.0,0.020010283987507066,0.02001
NaCl,25.0,0.02001,318.1,0.0,0.02001000010996334,0.02001000010996334,0.0,0.0,0.0,0.0,0.0,0.0,0.0,0.020010305139905635,0.02001
NaCl,25.0,0.02001,367.6,0.0,0.02001000012122149,0.02001000012122149,0.0,0.0,0.0,0.0,0.0,0.0,0.0,0.020010336380409974,0.02001
NaCl,25.0,0.02001,418.6,0.0,0.02001000012960924,0.02001000012960924,0.0,0.0,0.0,0.0,0.0,0.0,0.0,0.020010359655774933,0.02001
NaCl,25.0,0.05013,0.1,0.0,0.050130000108487976,0.050130000108487976,0.0,0.0,0.0,0.0,0.0,0.0,0.0,0.050130120231310735,0.05013
NaCl,25.0,0.05013,49.7,0.0,0.05013000012895807,0.05013000012895807,0.0,0.0,0.0,0.0,0.0,0.0,0.0,0.05013014291719587,0.05013
NaCl,25.0,0.05013,99.7,0.0,0.05013000015254324,0.05013000015254324,0.0,0.0,0.0,0.0,0.0,0.0,0.0,0.050130169055366824,0.05013
NaCl,25.0,0.05013,152.2,0.0,0.05013000018088136,0.05013000018088136,0.0,0.0,0.0,0.0,0.0,0.0,0.0,0.050130200460950305,0.05013
NaCl,25.0,0.05013,186.9,0.0,0.05013000020167985,0.05013000020167985,0.0,0.0,0.0,0.0,0.0,0.0,0.0,0.05013022351078074,0.05013
NaCl,25.0,0.05013,196.7,0.0,0.050130000207833744,0.050130000207833744,0.0,0.0,0.0,0.0,0.0,0.0,0.0,0.05013023033081006,0.05013
NaCl,25.0,0.05013,212.7,0.0,0.050130000218118274,0.050130000218118274,0.0,0.0,0.0,0.0,0.0,0.0,0.0,0.05013024172859156,0.05013
NaCl,25.0,0.05013,240.4,0.0,0.050130000236502194,0.050130000236502194,0.0,0.0,0.0,0.0,0.0,0.0,0.0,0.05013026210249835,0.05013
NaCl,25.0,0.05013,268.0,0.0,0.050130000255270556,0.050130000255270556,0.0,0.0,0.0,0.0,0.0,0.0,0.0,0.05013028290243408,0.05013
NaCl,25.0,0.05013,310.1,0.0,0.05013000028370721,0.05013000028370721,0.0,0.0,0.0,0.0,0.0,0.0,0.0,0.05013031441724414,0.05013
NaCl,25.0,0.05013,347.0,0.0,0.05013000030689802,0.05013000030689802,0.0,0.0,0.0,0.0,0.0,0.0,0.0,0.05013034011835836,0.05013
NaCl,25.0,0.05013,416.1,0.0,0.050130000339694905,0.050130000339694905,0.0,0.0,0.0,0.0,0.0,0.0,0.0,0.050130376465353496,0.05013
NaCl,25.0,0.1,0.1,0.0,0.10000000022697043,0.10000000022697043,0.0,0.0,0.0,0.0,0.0,0.0,0.0,0.10000012620967093,0.1
NaCl,25.0,0.10045,0.1,0.0,0.10045000022806658,0.10045000022806658,0.0,0.0,0.0,0.0,0.0,0.0,0.0,0.10045012625209432,0.10045
NaCl,25.0,0.10045,51.1,0.0,0.10045000027209404,0.10045000027209404,0.0,0.0,0.0,0.0,0.0,0.0,0.0,0.10045015062462005,0.10045
NaCl,25.0,0.10045,95.7,0.0,0.1004500003158324,0.1004500003158324,0.0,0.0,0.0,0.0,0.0,0.0,0.0,0.1004501748371019,0.10045
NaCl,25.0,0.10045,102.1,0.0,0.1004500003225456,0.1004500003225456,0.0,0.0,0.0,0.0,0.0,0.0,0.0,0.10045017855336677,0.10045
NaCl,25.0,0.10045,152.4,0.0,0.10045000037935263,0.10045000037935263,0.0,0.0,0.0,0.0,0.0,0.0,0.0,0.10045021000035075,0.10045
NaCl,25.0,0.10045,182.4,0.0,0.100450000416664,0.100450000416664,0.0,0.0,0.0,0.0,0.0,0.0,0.0,0.10045023065501818,0.10045
NaCl,25.0,0.10045,208.2,0.0,0.10045000045064893,0.10045000045064893,0.0,0.0,0.0,0.0,0.0,0.0,0.0,0.10045024946823122,0.10045
NaCl,25.0,0.10045,217.8,0.0,0.10045000046368682,0.10045000046368682,0.0,0.0,0.0,0.0,0.0,0.0,0.0,0.1004502566856937,0.10045
NaCl,25.0,0.10045,234.0,0.0,0.1004500004860876,0.1004500004860876,0.0,0.0,0.0,0.0,0.0,0.0,0.0,0.10045026908622023,0.10045
NaCl,25.0,0.10045,258.8,0.0,0.10045000052107711,0.10045000052107711,0.0,0.0,0.0,0.0,0.0,0.0,0.0,0.10045028845555694,0.10045
NaCl,25.0,0.10045,307.7,0.0,0.10045000059013334,0.10045000059013334,0.0,0.0,0.0,0.0,0.0,0.0,0.0,0.10045032668341734,0.10045
NaCl,25.0,0.10045,313.5,0.0,0.1004500005980926,0.1004500005980926,0.0,0.0,0.0,0.0,0.0,0.0,0.0,0.1004503310894596,0.10045
NaCl,25.0,0.10045,364.6,0.0,0.10045000066254575,0.10045000066254575,0.0,0.0,0.0,0.0,0.0,0.0,0.0,0.10045036676915378,0.10045
NaCl,25.0,0.10045,416.8,0.0,0.10045000071070727,0.10045000071070727,0.0,0.0,0.0,0.0,0.0,0.0,0.0,0.10045039343018916,0.10045
NaCl,25.0,0.1711,0.1,0.0,0.1711000004044029,0.1711000004044029,0.0,0.0,0.0,0.0,0.0,0.0,0.0,0.17110013159595214,0.1711
NaCl,25.0,0.19709,0.1,0.0,0.19709000047098468,0.19709000047098468,0.0,0.0,0.0,0.0,0.0,0.0,0.0,0.19709013311382928,0.19709
NaCl,25.0,0.19709,24.5,0.0,0.19709000051263514,0.19709000051263514,0.0,0.0,0.0,0.0,0.0,0.0,0.0,0.1970901448854468,0.19709
NaCl,25.0,0.19709,25.2,0.0,0.19709000051387038,0.19709000051387038,0.0,0.0,0.0,0.0,0.0,0.0,0.0,0.19709014523456642,0.19709
NaCl,25.0,0.19709,52.4,0.0,0.19709000056369197,0.19709000056369197,0.0,0.0,0.0,0.0,0.0,0.0,0.0,0.19709015931557206,0.19709
NaCl,25.0,0.19709,55.5,0.0,0.19709000056960221,0.19709000056960221,0.0,0.0,0.0,0.0,0.0,0.0,0.0,0.19709016098597726,0.19709
NaCl,25.0,0.19709,79.0,0.0,0.19709000061602683,0.19709000061602683,0.0,0.0,0.0,0.0,0.0,0.0,0.0,0.19709017410691437,0.19709
NaCl,25.0,0.19709,103.3,0.0,0.19709000066717544,0.19709000066717544,0.0,0.0,0.0,0.0,0.0,0.0,0.0,0.19709018856299038,0.19709
NaCl,25.0,0.19709,111.7,0.0,0.1970900006856307,0.1970900006856307,0.0,0.0,0.0,0.0,0.0,0.0,0.0,0.19709019377898374,0.19709
NaCl,25.0,0.19709,129.4,0.0,0.1970900007258561,0.1970900007258561,0.0,0.0,0.0,0.0,0.0,0.0,0.0,0.19709020514783004,0.19709
NaCl,25.0,0.19709,154.5,0.0,0.19709000078604724,0.19709000078604724,0.0,0.0,0.0,0.0,0.0,0.0,0.0,0.19709022215958444,0.19709
NaCl,25.0,0.19709,182.2,0.0,0.19709000085670128,0.19709000085670128,0.0,0.0,0.0,0.0,0.0,0.0,0.0,0.1970902421284455,0.19709
NaCl,25.0,0.19709,208.7,0.0,0.19709000092814005,0.19709000092814005,0.0,0.0,0.0,0.0,0.0,0.0,0.0,0.19709026231909826,0.19709
NaCl,25.0,0.19709,210.6,0.0,0.19709000093339157,0.19709000093339157,0.0,0.0,0.0,0.0,0.0,0.0,0.0,0.1970902638033337,0.19709
NaCl,25.0,0.19709,235.2,0.0,0.19709000100268445,0.19709000100268445,0.0,0.0,0.0,0.0,0.0,0.0,0.0,0.19709028338749288,0.19709
NaCl,25.0,0.19709,263.0,0.0,0.197090001083035,0.197090001083035,0.0,0.0,0.0,0.0,0.0,0.0,0.0,0.19709030609686418,0.19709
NaCl,25.0,0.19709,312.1,0.0,0.1970900012243876,0.1970900012243876,0.0,0.0,0.0,0.0,0.0,0.0,0.0,0.1970903460471871,0.19709
NaCl,25.0,0.19709,312.5,0.0,0.19709000122550627,0.19709000122550627,0.0,0.0,0.0,0.0,0.0,0.0,0.0,0.1970903463633476,0.19709
NaCl,25.0,0.19709,368.0,0.0,0.19709000136779153,0.19709000136779153,0.0,0.0,0.0,0.0,0.0,0.0,0.0,0.19709038657725295,0.19709
NaCl,25.0,0.19709,419.5,0.0,0.19709000146219885,0.19709000146219885,0.0,0.0,0.0,0.0,0.0,0.0,0.0,0.19709041325948534,0.19709
NaCl,25.0,0.19898,0.1,0.0,0.19898000047585598,0.19898000047585598,0.0,0.0,0.0,0.0,0.0,0.0,0.0,0.19898013321767344,0.19898
NaCl,25.0,0.19898,28.3,0.0,0.198980000524735,0.198980000524735,0.0,0.0,0.0,0.0,0.0,0.0,0.0,0.19898014690152574,0.19898
NaCl,25.0,0.19898,58.1,0.0,0.19898000058052823,0.19898000058052823,0.0,0.0,0.0,0.0,0.0,0.0,0.0,0.19898016252105377,0.19898
NaCl,25.0,0.19898,75.0,0.0,0.1989800006141904,0.1989800006141904,0.0,0.0,0.0,0.0,0.0,0.0,0.0,0.1989801719449156,0.19898
NaCl,25.0,0.19898,104.6,0.0,0.1989800006769117,0.1989800006769117,0.0,0.0,0.0,0.0,0.0,0.0,0.0,0.19898018950396862,0.19898
NaCl,25.0,0.19898,117.6,0.0,0.1989800007060375,0.1989800007060375,0.0,0.0,0.0,0.0,0.0,0.0,0.0,0.19898019765784927,0.19898
NaCl,25.0,0.19898,130.0,0.0,0.198980000734743,0.198980000734743,0.0,0.0,0.0,0.0,0.0,0.0,0.0,0.19898020569406677,0.19898
NaCl,25.0,0.19898,155.2,0.0,0.1989800007958881,0.1989800007958881,0.0,0.0,0.0,0.0,0.0,0.0,0.0,0.19898022281185973,0.19898
NaCl,25.0,0.19898,179.1,0.0,0.19898000085731096,0.19898000085731096,0.0,0.0,0.0,0.0,0.0,0.0,0.0,0.19898024000742318,0.19898
NaCl,25.0,0.19898,208.0,0.0,0.19898000093573143,0.19898000093573143,0.0,0.0,0.0,0.0,0.0,0.0,0.0,0.19898026196152307,0.19898
NaCl,25.0,0.19898,215.3,0.0,0.19898000095617818,0.19898000095617818,0.0,0.0,0.0,0.0,0.0,0.0,0.0,0.1989802676856573,0.19898
NaCl,25.0,0.19898,240.9,0.0,0.1989800010294979,0.1989800010294979,0.0,0.0,0.0,0.0,0.0,0.0,0.0,0.19898028821180108,0.19898
NaCl,25.0,0.19898,267.8,0.0,0.1989800011082722,0.1989800011082722,0.0,0.0,0.0,0.0,0.0,0.0,0.0,0.19898031026495913,0.19898
NaCl,25.0,0.19898,307.4,0.0,0.19898000122360737,0.19898000122360737,0.0,0.0,0.0,0.0,0.0,0.0,0.0,0.19898034255346903,0.19898
NaCl,25.0,0.19898,316.5,0.0,0.19898000124932888,0.19898000124932888,0.0,0.0,0.0,0.0,0.0,0.0,0.0,0.19898034975431028,0.19898
NaCl,25.0,0.19898,369.0,0.0,0.1989800013840826,0.1989800013840826,0.0,0.0,0.0,0.0,0.0,0.0,0.0,0.19898038747910668,0.19898
NaCl,25.0,0.19898,407.2,0.0,0.1989800014587736,0.1989800014587736,0.0,0.0,0.0,0.0,0.0,0.0,0.0,0.19898040838913772,0.19898
NaCl,25.0,0.5,0.1,0.0,0.5000000012851272,0.5000000012851272,0.0,0.0,0.0,0.0,0.0,0.0,0.0,0.5000001439502271,0.5
NaCl,25.0,0.50471,0.1,0.0,0.5047100012981603,0.5047100012981603,0.0,0.0,0.0,0.0,0.0,0.0,0.0,0.5047101440652304,0.50471
NaCl,25.0,0.50471,50.3,0.0,0.5047100015400011,0.5047100015400011,0.0,0.0,0.0,0.0,0.0,0.0,0.0,0.5047101709038743,0.50471
NaCl,25.0,0.50471,108.9,0.0,0.5047100018659756,0.5047100018659756,0.0,0.0,0.0,0.0,0.0,0.0,0.0,0.5047102070793534,0.50471
NaCl,25.0,0.50471,158.8,0.0,0.5047100021850691,0.5047100021850691,0.0,0.0,0.0,0.0,0.0,0.0,0.0,0.5047102424912246,0.50471
NaCl,25.0,0.50471,193.0,0.0,0.5047100024261097,0.5047100024261097,0.0,0.0,0.0,0.0,0.0,0.0,0.0,0.5047102692410643,0.50471
NaCl,25.0,0.50471,210.2,0.0,0.504710002553545,0.504710002553545,0.0,0.0,0.0,0.0,0.0,0.0,0.0,0.5047102833833729,0.50471
NaCl,25.0,0.50471,217.4,0.0,0.5047100026079634,0.5047100026079634,0.0,0.0,0.0,0.0,0.0,0.0,0.0,0.5047102894225386,0.50471
NaCl,25.0,0.50471,262.4,0.0,0.5047100029582089,0.5047100029582089,0.0,0.0,0.0,0.0,0.0,0.0,0.0,0.5047103282915442,0.50471
NaCl,25.0,0.50471,309.0,0.0,0.5047100033228084,0.5047100033228084,0.0,0.0,0.0,0.0,0.0,0.0,0.0,0.5047103687534825,0.50471
NaCl,25.0,0.50471,345.1,0.0,0.5047100035859566,0.5047100035859566,0.0,0.0,0.0,0.0,0.0,0.0,0.0,0.5047103979567489,0.50471
NaCl,25.0,0.50471,418.9,0.0,0.5047100039870746,0.5047100039870746,0.0,0.0,0.0,0.0,0.0,0.0,0.0,0.5047104424714057,0.50471
NaCl,25.0,0.5133,0.1,0.0,0.5133000013219507,0.5133000013219507,0.0,0.0,0.0,0.0,0.0,0.0,0.0,0.5133001442724452,0.5133
NaCl,25.0,0.8556,0.1,0.0,0.8556000022867862,0.8556000022867862,0.0,0.0,0.0,0.0,0.0,0.0,0.0,0.8556001506398182,0.8556
NaCl,25.0,0.9999,0.1,0.0,0.9999000027003174,0.9999000027003174,0.0,0.0,0.0,0.0,0.0,0.0,0.0,0.9999001525996998,0.9999
NaCl,25.0,1.2834,0.1,0.0,1.2834000035193387,1.2834000035193387,0.0,0.0,0.0,0.0,0.0,0.0,0.0,1.2834001557284547,1.2834
NaCl,25.0,1.7112,0.1,0.0,1.711200004763596,1.711200004763596,0.0,0.0,0.0,0.0,0.0,0.0,0.0,1.7112001592804313,1.7112
NaCl,25.0,2.5667,0.1,0.0,2.566700007251309,2.566700007251309,0.0,0.0,0.0,0.0,0.0,0.0,0.0,2.566700164064618,2.5667
NaCl,29.93,4.34763,0.1,0.0,4.34763001481308,4.34763001481308,0.0,0.0,0.0,0.0,0.0,0.0,0.0,4.347630203931763,4.34763
NaCl,29.93,4.34763,24.3,0.0,4.347630016045597,4.347630016045597,0.0,0.0,0.0,0.0,0.0,0.0,0.0,4.347630220899832,4.34763
NaCl,29.93,4.34763,24.5,0.0,4.3476300160561046,4.3476300160561046,0.0,0.0,0.0,0.0,0.0,0.0,0.0,4.347630221044497,4.34763
NaCl,29.93,4.34763,48.5,0.0,4.347630017356992,4.347630017356992,0.0,0.0,0.0,0.0,0.0,0.0,0.0,4.347630238953804,4.34763
NaCl,29.93,4.34763,49.7,0.0,4.34763001742416,4.34763001742416,0.0,0.0,0.0,0.0,0.0,0.0,0.0,4.347630239878521,4.34763
NaCl,29.93,4.34763,74.4,0.0,4.347630018853711,4.347630018853711,0.0,0.0,0.0,0.0,0.0,0.0,0.0,4.347630259559159,4.34763
NaCl,29.93,4.34763,75.4,0.0,4.34763001891352,4.34763001891352,0.0,0.0,0.0,0.0,0.0,0.0,0.0,4.347630260382545,4.34763
NaCl,29.93,4.34763,86.3,0.0,4.347630019575484,4.347630019575484,0.0,0.0,0.0,0.0,0.0,0.0,0.0,4.3476302694958,4.34763
NaCl,29.93,4.34763,99.9,0.0,4.347630020427728,4.347630020427728,0.0,0.0,0.0,0.0,0.0,0.0,0.0,4.347630281228639,4.34763
NaCl,29.93,4.34763,101.4,0.0,4.347630020523545,4.347630020523545,0.0,0.0,0.0,0.0,0.0,0.0,0.0,4.347630282547763,4.34763
NaCl,29.93,4.34763,149.2,0.0,4.34763002377191,4.34763002377191,0.0,0.0,0.0,0.0,0.0,0.0,0.0,4.347630327268018,4.34763
NaCl,29.93,4.34763,151.6,0.0,4.34763002394508,4.34763002394508,0.0,0.0,0.0,0.0,0.0,0.0,0.0,4.347630329652068,4.34763
NaCl,29.93,4.34763,180.8,0.0,4.347630026127735,4.347630026127735,0.0,0.0,0.0,0.0,0.0,0.0,0.0,4.347630359700684,4.34763
NaCl,29.93,4.34763,201.8,0.0,4.34763002777955,4.34763002777955,0.0,0.0,0.0,0.0,0.0,0.0,0.0,4.347630382441233,4.34763
NaCl,29.93,4.34763,203.2,0.0,4.347630027891917,4.347630027891917,0.0,0.0,0.0,0.0,0.0,0.0,0.0,4.347630383988191,4.34763
NaCl,29.93,4.34763,242.1,0.0,4.347630031106775,4.347630031106775,0.0,0.0,0.0,0.0,0.0,0.0,0.0,4.347630428247152,4.34763
NaCl,29.93,4.34763,242.7,0.0,4.347630031157501,4.347630031157501,0.0,0.0,0.0,0.0,0.0,0.0,0.0,4.347630428945502,4.34763
NaCl,29.93,4.34763,278.8,0.0,4.34763003423734,4.34763003423734,0.0,0.0,0.0,0.0,0.0,0.0,0.0,4.347630471345646,4.34763
NaCl,29.93,4.34763,304.0,0.0,4.347630036373722,4.347630036373722,0.0,0.0,0.0,0.0,0.0,0.0,0.0,4.347630500757241,4.34763
NaCl,29.93,4.34763,314.5,0.0,4.347630037245387,4.347630037245387,0.0,0.0,0.0,0.0,0.0,0.0,0.0,4.347630512757449,4.34763
NaCl,29.93,4.34763,345.5,0.0,4.34763003969814,4.34763003969814,0.0,0.0,0.0,0.0,0.0,0.0,0.0,4.347630546524533,4.34763
NaCl,29.93,4.34763,390.1,0.0,4.3476300427005565,4.3476300427005565,0.0,0.0,0.0,0.0,0.0,0.0,0.0,4.347630587858811,4.34763
NaCl,29.93,5.37998,0.1,0.0,5.3799800181940585,5.3799800181940585,0.0,0.0,0.0,0.0,0.0,0.0,0.0,5.379980205905426,5.37998
NaCl,29.93,5.37998,24.1,0.0,5.379980019692069,5.379980019692069,0.0,0.0,0.0,0.0,0.0,0.0,0.0,5.379980222858677,5.37998
NaCl,29.93,5.37998,49.5,0.0,5.379980021381,5.379980021381,0.0,0.0,0.0,0.0,0.0,0.0,0.0,5.379980241972607,5.37998
NaCl,29.93,5.37998,71.5,0.0,5.379980022935399,5.379980022935399,0.0,0.0,0.0,0.0,0.0,0.0,0.0,5.3799802595640145,5.37998
NaCl,29.93,5.37998,76.4,0.0,5.379980023293718,5.379980023293718,0.0,0.0,0.0,0.0,0.0,0.0,0.0,5.379980263619176,5.37998
NaCl,29.93,5.37998,98.8,0.0,5.379980024990216,5.379980024990216,0.0,0.0,0.0,0.0,0.0,0.0,0.0,5.379980282818748,5.37998
NaCl,29.93,5.37998,119.8,0.0,5.379980026670678,5.379980026670678,0.0,0.0,0.0,0.0,0.0,0.0,0.0,5.379980301836845,5.37998
NaCl,29.93,5.37998,147.2,0.0,5.379980028998336,5.379980028998336,0.0,0.0,0.0,0.0,0.0,0.0,0.0,5.379980328179372,5.37998
NaCl,29.93,5.37998,188.5,0.0,5.379980032793657,5.379980032793657,0.0,0.0,0.0,0.0,0.0,0.0,0.0,5.379980371131696,5.37998
NaCl,29.93,5.37998,198.5,0.0,5.379980033761409,5.379980033761409,0.0,0.0,0.0,0.0,0.0,0.0,0.0,5.379980382083912,5.37998
NaCl,29.93,5.37998,248.6,0.0,5.3799800388347006,5.3799800388347006,0.0,0.0,0.0,0.0,0.0,0.0,0.0,5.379980439499258,5.37998
NaCl,29.93,5.37998,268.3,0.0,5.379980040893596,5.379980040893596,0.0,0.0,0.0,0.0,0.0,0.0,0.0,5.3799804628001375,5.37998
NaCl,29.93,5.37998,308.9,0.0,5.379980045108527,5.379980045108527,0.0,0.0,0.0,0.0,0.0,0.0,0.0,5.379980510501282,5.37998
NaCl,29.93,5.37998,351.5,0.0,5.3799800492207925,5.3799800492207925,0.0,0.0,0.0,0.0,0.0,0.0,0.0,5.379980557040519,5.37998
NaCl,29.93,5.37998,389.3,0.0,5.3799800522864265,5.3799800522864265,0.0,0.0,0.0,0.0,0.0,0.0,0.0,5.379980591734843,5.37998
NaCl,29.93,6.16314,0.1,0.0,6.163140020670545,6.163140020670545,0.0,0.0,0.0,0.0,0.0,0.0,0.0,6.1631402068327485,6.16314
NaCl,29.93,6.16314,23.0,0.0,6.163140022290217,6.163140022290217,0.0,0.0,0.0,0.0,0.0,0.0,0.0,6.163140223039452,6.16314
NaCl,29.93,6.16314,49.9,0.0,6.1631400243180785,6.1631400243180785,0.0,0.0,0.0,0.0,0.0,0.0,0.0,6.163140243330553,6.16314
NaCl,29.93,6.16314,73.1,0.0,6.163140026182822,6.163140026182822,0.0,0.0,0.0,0.0,0.0,0.0,0.0,6.163140261989467,6.16314
NaCl,29.93,6.16314,75.4,0.0,6.163140026373805,6.163140026373805,0.0,0.0,0.0,0.0,0.0,0.0,0.0,6.163140263900479,6.16314
NaCl,29.93,6.16314,99.1,0.0,6.163140028408619,6.163140028408619,0.0,0.0,0.0,0.0,0.0,0.0,0.0,6.1631402842611465,6.16314
NaCl,29.93,6.16314,123.5,0.0,6.163140030635133,6.163140030635133,0.0,0.0,0.0,0.0,0.0,0.0,0.0,6.163140306540004,6.16314
NaCl,29.93,6.16314,150.2,0.0,6.163140033229272,6.163140033229272,0.0,0.0,0.0,0.0,0.0,0.0,0.0,6.16314033249737,6.16314
NaCl,29.93,6.16314,158.2,0.0,6.1631400340387525,6.1631400340387525,0.0,0.0,0.0,0.0,0.0,0.0,0.0,6.163140340597156,6.16314
NaCl,29.93,6.16314,212.7,0.0,6.16314003992463,6.16314003992463,0.0,0.0,0.0,0.0,0.0,0.0,0.0,6.163140399492173,6.16314
NaCl,29.93,6.16314,250.4,0.0,6.163140044299536,6.163140044299536,0.0,0.0,0.0,0.0,0.0,0.0,0.0,6.1631404432681824,6.16314
NaCl,29.93,6.16314,256.3,0.0,6.163140044997513,6.163140044997513,0.0,0.0,0.0,0.0,0.0,0.0,0.0,6.163140450252255,6.16314
NaCl,29.93,6.16314,313.7,0.0,6.1631400517512525,6.1631400517512525,0.0,0.0,0.0,0.0,0.0,0.0,0.0,6.163140517831231,6.16314
NaCl,29.93,6.16314,342.3,0.0,6.163140054906395,6.163140054906395,0.0,0.0,0.0,0.0,0.0,0.0,0.0,6.163140549402092,6.16314
NaCl,29.93,6.16314,386.6,0.0,6.1631400591115995,6.1631400591115995,0.0,0.0,0.0,0.0,0.0,0.0,0.0,6.163140591480044,6.16314
NaCl,35.0,0.000104,0.1,0.0,0.0001040000002717213,0.0001040000002717213,0.0,0.0,0.0,0.0,0.0,0.0,0.0,0.00010414502163059146,0.000104
NaCl,35.0,0.00099,0.1,0.0,0.0009900000026477802,0.0009900000026477802,0.0,0.0,0.0,0.0,0.0,0.0,0.0,0.000990148455438033,0.00099
NaCl,35.0,0.01,0.1,0.0,0.010000000028517619,0.010000000028517619,0.0,0.0,0.0,0.0,0.0,0.0,0.0,0.010000158319045029,0.01
NaCl,35.0,0.1,0.1,0.0,0.1000000003262976,0.1000000003262976,0.0,0.0,0.0,0.0,0.0,0.0,0.0,0.10000018144175317,0.1
NaCl,35.0,0.5,0.1,0.0,0.5000000018508648,0.5000000018508648,0.0,0.0,0.0,0.0,0.0,0.0,0.0,0.5000002073198581,0.5
NaCl,35.0,0.9999,0.1,0.0,0.9999000038918852,0.9999000038918852,0.0,0.0,0.0,0.0,0.0,0.0,0.0,0.9999002199373087,0.9999
NaCl,45.0,0.000104,0.1,0.0,0.00010400000037592646,0.00010400000037592646,0.0,0.0,0.0,0.0,0.0,0.0,0.0,0.00010420063745493327,0.000104
NaCl,45.0,0.00099,0.1,0.0,0.000990000003664818,0.000990000003664818,0.0,0.0,0.0,0.0,0.0,0.0,0.0,0.000990205478598951,0.00099
NaCl,45.0,0.01,0.1,0.0,0.010000000039517709,0.010000000039517709,0.0,0.0,0.0,0.0,0.0,0.0,0.0,0.010000219387356561,0.01
NaCl,45.0,0.1,0.1,0.0,0.10000000045319174,0.10000000045319174,0.0,0.0,0.0,0.0,0.0,0.0,0.0,0.10000025200276919,0.1
NaCl,45.0,0.5,0.1,0.0,0.5000000025757597,0.5000000025757597,0.0,0.0,0.0,0.0,0.0,0.0,0.0,0.5000002885171133,0.5
NaCl,45.0,0.9999,0.1,0.0,0.9999000054205122,0.9999000054205122,0.0,0.0,0.0,0.0,0.0,0.0,0.0,0.9999003063227214,0.9999
NaCl,70.0,0.000104,0.1,0.0,0.00010400000074513915,0.00010400000074513915,0.0,0.0,0.0,0.0,0.0,0.0,0.0,0.00010439769166961802,0.000104
NaCl,70.0,0.00099,0.1,0.0,0.000990000007273375,0.000990000007273375,0.0,0.0,0.0,0.0,0.0,0.0,0.0,0.000990407802765333,0.00099
NaCl,70.0,0.01,0.1,0.0,0.01000000007869299,0.01000000007869299,0.0,0.0,0.0,0.0,0.0,0.0,0.0,0.010000436873700088,0.01
NaCl,70.0,0.1,0.1,0.0,0.10000000090839803,0.10000000090839803,0.0,0.0,0.0,0.0,0.0,0.0,0.0,0.1000005051257733,0.1
NaCl,70.0,0.5,0.1,0.0,0.5000000051926661,0.5000000051926661,0.0,0.0,0.0,0.0,0.0,0.0,0.0,0.5000005816431714,0.5
NaCl,70.0,0.9999,0.1,0.0,0.9999000109531225,0.9999000109531225,0.0,0.0,0.0,0.0,0.0,0.0,0.0,0.9999006189803252,0.9999
NaCl,90.0,0.000104,0.1,0.0,0.00010400000115708587,0.00010400000115708587,0.0,0.0,0.0,0.0,0.0,0.0,0.0,0.00010461755364952734,0.000104
NaCl,90.0,0.00099,0.1,0.0,0.0009900000113077965,0.0009900000113077965,0.0,0.0,0.0,0.0,0.0,0.0,0.0,0.0009906340042350663,0.00099
NaCl,90.0,0.01,0.1,0.0,0.010000000122728822,0.010000000122728822,0.0,0.0,0.0,0.0,0.0,0.0,0.0,0.010000681343981892,0.01
NaCl,90.0,0.1,0.1,0.0,0.10000000142546411,0.10000000142546411,0.0,0.0,0.0,0.0,0.0,0.0,0.0,0.10000079264665837,0.1
NaCl,90.0,0.5,0.1,0.0,0.5000000081922883,0.5000000081922883,0.0,0.0,0.0,0.0,0.0,0.0,0.0,0.5000009176381568,0.5
NaCl,90.0,0.9999,0.1,0.0,0.9999000173182155,0.9999000173182155,0.0,0.0,0.0,0.0,0.0,0.0,0.0,0.9999009786829787,0.9999
NaCl:MgSO4 (1:1),-10.0,0.05,0.1,0.0,0.050000000061717426,0.04793570469543318,0.037796897385605356,0.03573262806768222,0.0,0.0,0.0,0.0020642953662843473,0.012203050376984022,0.19705911948113133,0.25
NaCl:MgSO4 (1:1),-10.0,0.1,0.1,0.0,0.10000000017210976,0.09404189729610916,0.07149191229483472,0.0655338436771654,0.0,0.0,0.0,0.005958102876000684,0.028508007632069877,0.3740516076465379,0.5
NaCl:MgSO4 (1:1),-10.0,0.4,0.1,0.0,0.4000000015773523,0.35338766669607,0.24591535856570915,0.19930308918499023,0.0,0.0,0.0,0.046612334881282476,0.15408443589482612,1.2904371159597083,2.0
NaCl:MgSO4 (1:1),-10.0,0.7,0.1,0.0,0.7000000041692588,0.5960346576263255,0.39410527943726825,0.290140026604288,0.0,0.0,0.0,0.10396534654293346,0.3058944034433186,2.0684909468508628,3.4999999999999996
NaCl:MgSO4 (1:1),-1.0,0.05,0.1,0.0,0.05000000010058717,0.04791580139877455,0.03555367465575541,0.03346951632363515,0.0,0.0,0.0,0.0020841987018127227,0.014446240319148198,0.18804649372245308,0.25
NaCl:MgSO4 (1:1),-1.0,0.1,0.1,0.0,0.10000000027964244,0.09403661838403128,0.06679815786764125,0.06083482872897785,0.0,0.0,0.0,0.005963381895611261,0.03320171236729997,0.3552661286906323,0.5
NaCl:MgSO4 (1:1),-1.0,0.4,0.1,0.0,0.4000000025196311,0.35432193879768165,0.22749651833637183,0.1818185542217193,0.0,0.0,0.0,0.04567806372194955,0.17250315429488824,1.2186304972725872,2.0
NaCl:MgSO4 (1:1),-1.0,0.7,0.1,0.0,0.7000000065786576,0.5991077676510896,0.3638796578146223,0.26298756042142885,0.0,0.0,0.0,0.10089223892756806,0.33611984293845515,1.953734964701558,3.4999999999999996
NaCl:MgSO4 (1:1),20.0,0.05,0.1,0.0,0.05000000027899888,0.04792978979560029,0.030532642537376205,0.028462530335287138,0.0,0.0,0.0,0.002070210483398692,0.019467117363181567,0.16799065574659228,0.25
NaCl:MgSO4 (1:1),20.0,0.1,0.1,0.0,0.10000000077654951,0.0941796159738851,0.05671828343422371,0.05089802465477321,0.0,0.0,0.0,0.0058203848026644935,0.04328135298752049,0.31523304798660795,0.5
NaCl:MgSO4 (1:1),20.0,0.4,0.1,0.0,0.4000000068643851,0.3571285500556525,0.19097703188654164,0.14810580577055849,0.0,0.0,0.0,0.04287145680873266,0.20902207685009566,1.0781666347175085,2.0
NaCl:MgSO4 (1:1),20.0,0.7,0.1,0.0,0.7000000176034309,0.606893465020262,0.3055609911523954,0.21245476233286936,0.0,0.0,0.0,0.09310655258316902,0.39443767524222334,1.7360329204296912,3.4999999999999996
NaCl:MgSO4 (1:1),25.0,0.05,0.1,0.0,0.0500000003486166,0.04794250362513503,0.029427270611867156,0.027369892306665082,0.0,0.0,0.0,0.002057496723481669,0.02057242719344389,0.1635947131922619,0.25
NaCl:MgSO4 (1:1),25.0,0.1,0.1,0.0,0.10000000097198732,0.09423592609717203,0.05456821684007702,0.0488042930612911,0.0,0.0,0.0,0.0057640748748153834,0.045431326092937,0.30674556028692856,0.5
NaCl:MgSO4 (1:1),25.0,0.4,0.1,0.0,0.40000000858256807,0.35785858363772904,0.1836141380658908,0.14147298776689562,0.0,0.0,0.0,0.04214142494483914,0.21638474660940793,1.0501754512116572,2.0
NaCl:MgSO4 (1:1),25.0,0.7,0.1,0.0,0.7000000219532942,0.6087576143840585,0.29400555360753555,0.20276353063297298,0.0,0.0,0.0,0.09124240756923595,0.405992782852616,1.6935399312106905,3.4999999999999996
