Salt,Temperature_C,Molality_molkg,Pressure_MPa,m_free_K,m_free_Cl,m_free_Na,m_free_Mg,m_free_SO4,m_free_NH4,m_free_Ca,m_pair_KSO4,m_pair_NaSO4,m_pair_MgSO4,I_eff,I_formal
CaCl2,5.0,7.6e-05,0.1,0.0,0.00015199519723033375,0.0,0.0,0.0,0.0,7.59951733996876e-05,0.0,0.0,0.0,0.00022803431554489819,0.000228
CaCl2,5.0,0.000755,0.1,0.0,0.001509586681930214,0.0,0.0,0.0,0.0,0.0007545864697334014,0.0,0.0,0.0,0.0022642185287570812,0.002265
CaCl2,5.0,0.00755,0.1,0.0,0.015071219000165687,0.0,0.0,0.0,0.0,0.007521217426310636,0.0,0.0,0.0,0.022592485444959124,0.02265
CaCl2,5.0,0.0755,0.1,0.0,0.14953749076497683,0.0,0.0,0.0,0.0,0.07403748191644077,0.0,0.0,0.0,0.22357502771959498,0.22649999999999998
CaCl2,5.0,0.3773,0.1,0.0,0.7287915818659246,0.0,0.0,0.0,0.0,0.3514915489803311,0.0,0.0,0.0,1.0802831822280554,1.1319000000000001
CaCl2,10.0,7.6e-05,0.1,0.0,0.0001519950952363598,0.0,0.0,0.0,0.0,7.59950602659823e-05,0.0,0.0,0.0,0.00022804542982147837,0.000228
CaCl2,10.0,0.000755,0.1,0.0,0.0015095783348156974,0.0,0.0,0.0,0.0,0.0007545780234284757,0.0,0.0,0.0,0.0022642134265533497,0.002265
CaCl2,10.0,0.00755,0.1,0.0,0.015070721221957158,0.0,0.0,0.0,0.0,0.0075207189156754235,0.0,0.0,0.0,0.022591501673098986,0.02265
CaCl2,10.0,0.0755,0.1,0.0,0.14952436042077882,0.0,0.0,0.0,0.0,0.07402434762334104,0.0,0.0,0.0,0.22354877647287877,0.22649999999999998
CaCl2,10.0,0.3773,0.1,0.0,0.7290232736267654,0.0,0.0,0.0,0.0,0.3517232284789838,0.0,0.0,0.0,1.0807465646178398,1.1319000000000001
CaCl2,25.0,7.6e-05,0.1,0.0,0.00015199450428035236,0.0,0.0,0.0,0.0,7.599440182957702e-05,0.0,0.0,0.0,0.0002280911744422686,0.000228
CaCl2,25.0,0.000755,0.1,0.0,0.0015095289918526677,0.0,0.0,0.0,0.0,0.0007545280812983663,0.0,0.0,0.0,0.0022641625811435848,0.002265
CaCl2,25.0,0.00755,0.1,0.0,0.015067580679661947,0.0,0.0,0.0,0.0,0.007517574008256794,0.0,0.0,0.0,0.022585267593801413,0.02265
CaCl2,25.0,0.0755,0.1,0.0,0.14940738482688562,0.0,0.0,0.0,0.0,0.07390734969033606,0.0,0.0,0.0,0.22331485582428784,0.22649999999999998
CaCl2,25.0,0.3773,0.1,0.0,0.7285386939255137,0.0,0.0,0.0,0.0,0.3512385870763836,0.0,0.0,0.0,1.0797773847512377,1.1319000000000001
CaCl2,35.0,7.6e-05,0.1,0.0,0.00015199388090404218,0.0,0.0,0.0,0.0,7.599368222234418e-05,0.0,0.0,0.0,0.00022813400455686656,0.000228
CaCl2,35.0,0.000755,0.1,0.0,0.0015094770406719057,0.0,0.0,0.0,0.0,0.0007544752798109747,0.0,0.0,0.0,0.002264103295359171,0.002265
CaCl2,35.0,0.00755,0.1,0.0,0.015064291793249298,0.0,0.0,0.0,0.0,0.007514279054045597,0.0,0.0,0.0,0.022578731357197422,0.02265
CaCl2,35.0,0.0755,0.1,0.0,0.14928485938090608,0.0,0.0,0.0,0.0,0.073784795157854,0.0,0.0,0.0,0.22306982294294897,0.22649999999999998
CaCl2,35.0,0.3773,0.1,0.0,0.7278439662225189,0.0,0.0,0.0,0.0,0.35054378724041757,0.0,0.0,0.0,1.0783878933166073,1.1319000000000001
CaCl2,45.0,7.6e-05,0.1,0.0,0.00015199305415994428,0.0,0.0,0.0,0.0,7.599268294701657e-05,0.0,0.0,0.0,0.0002281883148206752,0.000228
CaCl2,45.0,0.000755,0.1,0.0,0.0015094080686066749,0.0,0.0,0.0,0.0,0.0007544047901811006,0.0,0.0,0.0,0.00226402147040262,0.002265
CaCl2,45.0,0.00755,0.1,0.0,0.015059910209576052,0.0,0.0,0.0,0.0,0.007509886862484169,0.0,0.0,0.0,0.022570016908270055,0.02265
CaCl2,45.0,0.0755,0.1,0.0,0.14911813201791183,0.0,0.0,0.0,0.0,0.07361801997728303,0.0,0.0,0.0,0.22273637635493598,0.22649999999999998
CaCl2,45.0,0.3773,0.1,0.0,0.7266438399345313,0.0,0.0,0.0,0.0,0.3493435530113623,0.0,0.0,0.0,1.0759875743289753,1.1319000000000001
CaCl2,70.0,7.6e-05,0.1,0.0,0.00015198984288741806,0.0,0.0,0.0,0.0,7.59883025010223e-05,0.0,0.0,0.0,0.00022838022542992498,0.000228
CaCl2,70.0,0.000755,0.1,0.0,0.0015091416769849855,0.0,0.0,0.0,0.0,0.0007541282497820812,0.0,0.0,0.0,0.0022636817652713554,0.002265
CaCl2,70.0,0.00755,0.1,0.0,0.015043263785262585,0.0,0.0,0.0,0.0,0.007493173439664899,0.0,0.0,0.0,0.02253685661865984,0.02265
CaCl2,70.0,0.0755,0.1,0.0,0.14850694205714773,0.0,0.0,0.0,0.0,0.07300656607877401,0.0,0.0,0.0,0.22151390419886674,0.22649999999999998
CaCl2,70.0,0.3773,0.1,0.0,0.7221509994455982,0.0,0.0,0.0,0.0,0.3448501996954818,0.0,0.0,0.0,1.0670015083618527,1.1319000000000001
CaCl2,90.0,7.6e-05,0.1,0.0,0.0001519855351716101,0.0,0.0,0.0,0.0,7.598127061998697e-05,0.0,0.0,0.0,0.00022859226924635458,0.000228
CaCl2,90.0,0.000755,0.1,0.0,0.0015087874489604772,0.0,0.0,0.0,0.0,0.000753750877058597,0.0,0.0,0.0,0.0022631734296473783,0.002265
CaCl2,90.0,0.00755,0.1,0.0,0.01502170065774021,0.0,0.0,0.0,0.0,0.007471470398340173,0.0,0.0,0.0,0.02249378985378737,0.02265
CaCl2,90.0,0.0755,0.1,0.0,0.14776251724470899,0.0,0.0,0.0,0.0,0.07226167154018548,0.0,0.0,0.0,0.2200247366845772,0.22649999999999998
CaCl2,90.0,0.3773,0.1,0.0,0.7169268770532784,0.0,0.0,0.0,0.0,0.3396252846749687,0.0,0.0,0.0,1.0565525911583415,1.1319000000000001
CaSO4,5.0,7.6e-05,0.1,0.0,0.0,0.0,0.0,7.54266650656649e-05,0.0,7.542681823405269e-05,0.0,0.0,0.0,0.00030175113731522614,0.000304
CaSO4,5.0,0.00102,0.1,0.0,0.0,0.0,0.0,0.0009568025310847697,0.0,0.0009568041769732906,0.0,0.0,0.0,0.003827260744361145,0.00408
CaSO4,5.0,0.01245,0.1,0.0,0.0,0.0,0.0,0.009922459206205061,0.0,0.009922469853240997,0.0,0.0,0.0,0.03968991833359688,0.0498
CaSO4,10.0,7.6e-05,0.1,0.0,0.0,0.0,0.0,7.542094878707634e-05,0.0,7.542116278912866e-05,0.0,0.0,0.0,0.00030173980044201777,0.000304
CaSO4,10.0,0.00102,0.1,0.0,0.0,0.0,0.0,0.0009563947058874723,0.0,0.0009563969996742351,0.0,0.0,0.0,0.00382564312813271,0.00408
CaSO4,10.0,0.01245,0.1,0.0,0.0,0.0,0.0,0.009922962405318283,0.0,0.009922977036605168,0.0,0.0,0.0,0.03969195577869359,0.0498
CaSO4,25.0,7.6e-05,0.1,0.0,0.0,0.0,0.0,7.537415193223883e-05,0.0,7.537472732826481e-05,0.0,0.0,0.0,0.0003016007383345353,0.000304
CaSO4,25.0,0.00102,0.1,0.0,0.0,0.0,0.0,0.0009523370551988603,0.0,0.0009523431285738047,0.0,0.0,0.0,0.0038094723196548342,0.00408
CaSO4,25.0,0.01245,0.1,0.0,0.0,0.0,0.0,0.009842509048014347,0.0,0.009842545559086157,0.0,0.0,0.0,0.03937026041006851,0.0498
CaSO4,35.0,7.6e-05,0.1,0.0,0.0,0.0,0.0,7.53224800537471e-05,0.0,7.532357132887964e-05,0.0,0.0,0.0,0.00030143978132951354,0.000304
CaSO4,35.0,0.00102,0.1,0.0,0.0,0.0,0.0,0.0009479153848827191,0.0,0.0009479267120766733,0.0,0.0,0.0,0.003791846599807621,0.00408
CaSO4,35.0,0.01245,0.1,0.0,0.0,0.0,0.0,0.009753493799079426,0.0,0.009753558383677708,0.0,0.0,0.0,0.039014333302485854,0.0498
CaSO4,45.0,7.6e-05,0.1,0.0,0.0,0.0,0.0,7.525449895686504e-05,0.0,7.52565306767799e-05,0.0,0.0,0.0,0.0003012267637237905,0.000304
CaSO4,45.0,0.00102,0.1,0.0,0.0,0.0,0.0,0.0009421670926148812,0.0,0.0009421877239944468,0.0,0.0,0.0,0.003768938199845983,0.00408
CaSO4,45.0,0.01245,0.1,0.0,0.0,0.0,0.0,0.009633965521651541,0.0,0.009634075934908672,0.0,0.0,0.0,0.038536422110148155,0.0498
CaSO4,70.0,7.6e-05,0.1,0.0,0.0,0.0,0.0,7.50013976379734e-05,0.0,7.501020628444055e-05,0.0,0.0,0.0,0.0003004331748725937,0.000304
CaSO4,70.0,0.00102,0.1,0.0,0.0,0.0,0.0,0.0009222245905862825,0.0,0.0009223068107560127,0.0,0.0,0.0,0.0036895494196780374,0.00408
CaSO4,70.0,0.01245,0.1,0.0,0.0,0.0,0.0,0.009248900864659324,0.0,0.009249261646126897,0.0,0.0,0.0,0.03699717559202865,0.0498
CaSO4,90.0,7.6e-05,0.1,0.0,0.0,0.0,0.0,7.467800929283686e-05,0.0,7.470403474617502e-05,0.0,0.0,0.0,0.0002994109799476357,0.000304
CaSO4,90.0,0.00102,0.1,0.0,0.0,0.0,0.0,0.0008996516492303498,0.0,0.0008998698216651026,0.0,0.0,0.0,0.003599876463167594,0.00408
CaSO4,90.0,0.01245,0.1,0.0,0.0,0.0,0.0,0.008860945569314627,0.0,0.008861740088258551,0.0,0.0,0.0,0.03544707198727876,0.0498
K2SO4,5.0,0.000102,0.1,0.00020385618693043354,0.0,0.0,0.0,0.00010185594905236668,0.0,0.0,1.4381071290725112e-07,0.0,0.0,0.000305756088532041,0.000306
K2SO4,5.0,0.00105,0.1,0.00208718875763854,0.0,0.0,0.0,0.0010371866554392056,0.0,0.0,1.2811218873087721e-05,0.0,0.0,0.0031244202341659017,0.00315
K2SO4,5.0,0.01061,0.1,0.02041609753964887,0.0,0.0,0.0,0.00980608422297542,0.0,0.0,0.000803902235691048,0.0,0.0,0.03022222622745893,0.03183
K2SO4,5.0,0.1048,0.1,0.18057618665051528,0.0,0.0,0.0,0.07577613805526302,0.0,0.0,0.02902381142150558,0.0,0.0,0.2563523651606854,0.3144
K2SO4,5.0,0.2029,0.1,0.33098151102895323,0.0,0.0,0.0,0.12808144666374371,0.0,0.0,0.07481848555252894,0.0,0.0,0.4590629962104496,0.6087
K2SO4,5.0,0.4783,0.1,0.7128220964795103,0.0,0.0,0.0,0.23452200909879184,0.0,0.0,0.24377789675921477,0.0,0.0,0.9473441408655938,1.4349
K2SO4,10.0,0.000102,0.1,0.00020385794106776088,0.0,0.0,0.0,0.00010185760681610183,0.0,0.0,1.420557953747454e-07,0.0,0.0,0.00030577081790216995,0.000306
K2SO4,10.0,0.00105,0.1,0.0020873563505437805,0.0,0.0,0.0,0.0010373534030184907,0.0,0.0,1.2643618116395327e-05,0.0,0.0,0.0031247659998175524,0.00315
K2SO4,10.0,0.01061,0.1,0.020427720174824,0.0,0.0,0.0,0.00981770172498614,0.0,0.0,0.0007922795219459268,0.0,0.0,0.030245477140110905,0.03183
K2SO4,10.0,0.1048,0.1,0.18100378165816156,0.0,0.0,0.0,0.07620371571396246,0.0,0.0,0.028596215680010934,0.0,0.0,0.25720754675200785,0.3144
K2SO4,10.0,0.2029,0.1,0.3320472032938051,0.0,0.0,0.0,0.1291471165542221,0.0,0.0,0.07375279194596636,0.0,0.0,0.4611943666018839,0.6087
K2SO4,10.0,0.4783,0.1,0.7160002717722943,0.0,0.0,0.0,0.2377001553353619,0.0,0.0,0.2405997186713119,0.0,0.0,0.9537004695756834,1.4349
K2SO4,25.0,0.000102,0.1,0.0002038547379338328,0.0,0.0,0.0,0.00010185382898570167,0.0,0.0,1.4525517656881192e-07,0.0,0.0,0.000305810707117435,0.000306
K2SO4,25.0,0.00105,0.1,0.002087117536932532,0.0,0.0,0.0,0.0010371096129863637,0.0,0.0,1.2882393540137548e-05,0.0,0.0,0.003124330122729219,0.00315
K2SO4,25.0,0.01,0.1,0.019275691159565393,0.0,0.0,0.0,0.009275645769045972,0.0,0.0,0.0007243081782902398,0.0,0.0,0.028551434258377095,0.03
K2SO4,25.0,0.01,56.2,0.01930657126530553,0.0,0.0,0.0,0.009306531475588693,0.0,0.0,0.0006934280930784162,0.0,0.0,0.028613233823049644,0.03
K2SO4,25.0,0.01,108.8,0.019282131088905988,0.0,0.0,0.0,0.009282095209274976,0.0,0.0,0.0007178682581586831,0.0,0.0,0.028564392681289855,0.03
K2SO4,25.0,0.01,156.5,0.019224114119320252,0.0,0.0,0.0,0.00922408099213845,0.0,0.0,0.000775885199372579,0.0,0.0,0.02844839691855113,0.03
K2SO4,25.0,0.01,209.6,0.019120576354242372,0.0,0.0,0.0,0.009120545667229208,0.0,0.0,0.000879422916180834,0.0,0.0,0.02824136753448698,0.03
K2SO4,25.0,0.01,235.8,0.019053600826531555,0.0,0.0,0.0,0.00905357116974686,0.0,0.0,0.0009463984141945935,0.0,0.0,0.02810744090789731,0.03
K2SO4,25.0,0.01,261.0,0.018978008556129435,0.0,0.0,0.0,0.008977979800770603,0.0,0.0,0.0010219906523426376,0.0,0.0,0.027956280953914052,0.03
K2SO4,25.0,0.01,273.4,0.018936536620384394,0.0,0.0,0.0,0.00893650828174071,0.0,0.0,0.0010634625708999788,0.0,0.0,0.027873349595605633,0.03
K2SO4,25.0,0.01,303.7,0.018822617552496614,0.0,0.0,0.0,0.008822590173862265,0.0,0.0,0.0011773815931948415,0.0,0.0,0.027645543271658215,0.03
K2SO4,25.0,0.01,369.8,0.018506636306073156,0.0,0.0,0.0,0.00850661085051171,0.0,0.0,0.0014933627229977834,0.0,0.0,0.02701365702168681,0.03
K2SO4,25.0,0.01061,0.1,0.020419907433564328,0.0,0.0,0.0,0.009809860260779993,0.0,0.0,0.0008000918637248472,0.0,0.0,0.03022986472336226,0.03183
K2SO4,25.0,0.02499,0.1,0.046741960467842694,0.0,0.0,0.0,0.021751881764539207,0.0,0.0,0.003238037878126652,0.0,0.0,0.068493934226711,0.07497
K2SO4,25.0,0.02499,54.0,0.04685019808908599,0.0,0.0,0.0,0.02186012642153166,0.0,0.0,0.0031298003483282467,0.0,0.0,0.06871045004467174,0.07497
K2SO4,25.0,0.02499,106.7,0.04673840582834849,0.0,0.0,0.0,0.021748339826039364,0.0,0.0,0.0032415926168365234,0.0,0.0,0.0684869081227351,0.07497
K2SO4,25.0,0.02499,172.0,0.04636424350001196,0.0,0.0,0.0,0.021374183270415282,0.0,0.0,0.0036157548818456066,0.0,0.0,0.06773864108896917,0.07497
K2SO4,25.0,0.02499,243.0,0.04567495020799544,0.0,0.0,0.0,0.020684895214841376,0.0,0.0,0.004305048037178008,0.0,0.0,0.06636012464432031,0.07497
K2SO4,25.0,0.02499,259.9,0.0454649088000536,0.0,0.0,0.0,0.02047485494790746,0.0,0.0,0.004515089403508285,0.0,0.0,0.06594005982966439,0.07497
K2SO4,25.0,0.02499,285.9,0.045104452862479986,0.0,0.0,0.0,0.02011440071142859,0.0,0.0,0.004875545270534176,0.0,0.0,0.06521917669518439,0.07497
K2SO4,25.0,0.02499,308.7,0.044751780586476386,0.0,0.0,0.0,0.01976172989952362,0.0,0.0,0.005228217478811207,0.0,0.0,0.06451385852853593,0.07497
K2SO4,25.0,0.02499,353.0,0.04396659042926794,0.0,0.0,0.0,0.018976542570500292,0.0,0.0,0.006013407489670275,0.0,0.0,0.06294353293307708,0.07497
K2SO4,25.0,0.02499,416.2,0.04260077377157962,0.0,0.0,0.0,0.01761073000470085,0.0,0.0,0.007379223903854924,0.0,0.0,0.060211985836502585,0.07497
K2SO4,25.0,0.09842,0.1,0.1708485798386332,0.0,0.0,0.0,0.07242842787883791,0.0,0.0,0.02599141393034444,0.0,0.0,0.24327708991469968,0.29525999999999997
K2SO4,25.0,0.09842,58.3,0.17124094932500666,0.0,0.0,0.0,0.07282080500417606,0.0,0.0,0.025599044999529745,0.0,0.0,0.24406187239107813,0.29525999999999997
K2SO4,25.0,0.09842,105.5,0.1703159575658067,0.0,0.0,0.0,0.07189581953710548,0.0,0.0,0.02652403694307847,0.0,0.0,0.24221192906068115,0.29525999999999997
K2SO4,25.0,0.09842,136.8,0.16922271326032876,0.0,0.0,0.0,0.07080257949835833,0.0,0.0,0.027617281283855585,0.0,0.0,0.2400254696837259,0.29525999999999997
K2SO4,25.0,0.09842,163.3,0.1680194291694737,0.0,0.0,0.0,0.06959929908122899,0.0,0.0,0.028820565360930424,0.0,0.0,0.23761892787448186,0.29525999999999997
K2SO4,25.0,0.09842,188.5,0.1666569371687812,0.0,0.0,0.0,0.0682368106522937,0.0,0.0,0.030183057317771066,0.0,0.0,0.23489397042122045,0.29525999999999997
K2SO4,25.0,0.09842,214.5,0.1650490809055064,0.0,0.0,0.0,0.0666289581834956,0.0,0.0,0.031790913510425484,0.0,0.0,0.23167828694113557,0.29525999999999997
K2SO4,25.0,0.09842,260.6,0.16169710044182672,0.0,0.0,0.0,0.06327698475598263,0.0,0.0,0.03514289378965769,0.0,0.0,0.22497438169333184,0.29525999999999997
K2SO4,25.0,0.09842,294.1,0.15885582562801534,0.0,0.0,0.0,0.060435715327385356,0.0,0.0,0.03798416842231548,0.0,0.0,0.2192918758130161,0.29525999999999997
K2SO4,25.0,0.09842,312.8,0.15716049144715252,0.0,0.0,0.0,0.05874038428449535,0.0,0.0,0.03967950249147543,0.0,0.0,0.21590123339984668,0.29525999999999997
K2SO4,25.0,0.09842,369.1,0.15157490379296104,0.0,0.0,0.0,0.05315480663816512,0.0,0.0,0.04526508975240961,0.0,0.0,0.2047301424679204,0.29525999999999997
K2SO4,25.0,0.1048,0.1,0.18112056598410908,0.0,0.0,0.0,0.07632041004282773,0.0,0.0,0.028479427407961642,0.0,0.0,0.2574410577302708,0.3144
K2SO4,25.0,0.2029,0.1,0.33266094528727286,0.0,0.0,0.0,0.12976074511994332,0.0,0.0,0.07313904263296166,0.0,0.0,0.46242176656454076,0.6087
K2SO4,25.0,0.4783,0.1,0.7192077521590255,0.0,0.0,0.0,0.24090749362722594,0.0,0.0,0.2373922226963603,0.0,0.0,0.9601153134659663,1.4349
K2SO4,35.0,0.000102,0.1,0.0002038473637744831,0.0,0.0,0.0,0.00010184563379613137,0.0,0.0,1.5262518576258492e-07,0.0,0.0,0.00030583907574597625,0.000306
K2SO4,35.0,0.00105,0.1,0.002086514398065127,0.0,0.0,0.0,0.001036499503321175,0.0,0.0,1.348548946094624e-05,0.0,0.0,0.00312315979727964,0.00315
K2SO4,35.0,0.01061,0.1,0.02039131803568063,0.0,0.0,0.0,0.009781233314570772,0.0,0.0,0.0008286807859190859,0.0,0.0,0.03017268398012644,0.03183
K2SO4,35.0,0.1048,0.1,0.1806756029678161,0.0,0.0,0.0,0.07587533851588948,0.0,0.0,0.028924385511748165,0.0,0.0,0.2565510491383787,0.3144
K2SO4,35.0,0.2029,0.1,0.3320316109968398,0.0,0.0,0.0,0.12913127654768103,0.0,0.0,0.07376836778191545,0.0,0.0,0.46116298734101135,0.6087
K2SO4,35.0,0.4783,0.1,0.7193750266185024,0.0,0.0,0.0,0.24107460350844306,0.0,0.0,0.23722492880040605,0.0,0.0,0.9604497183998257,1.4349
K2SO4,45.0,0.000102,0.1,0.00020383641441044933,0.0,0.0,0.0,0.00010183319036369383,0.0,0.0,1.6356854068175233e-07,0.0,0.0,0.0003058713256050334,0.000306
K2SO4,45.0,0.00105,0.1,0.002085606540251719,0.0,0.0,0.0,0.001035579235710185,0.0,0.0,1.4393283791017927e-05,0.0,0.0,0.003121384648098659,0.00315
K2SO4,45.0,0.01061,0.1,0.020346423604936048,0.0,0.0,0.0,0.009736276505399643,0.0,0.0,0.0008735744711322538,0.0,0.0,0.030082873212472293,0.03183
K2SO4,45.0,0.1048,0.1,0.1798255005717311,0.0,0.0,0.0,0.07502506767187184,0.0,0.0,0.029774479938753335,0.0,0.0,0.2548507038658693,0.3144
K2SO4,45.0,0.2029,0.1,0.3305166763809165,0.0,0.0,0.0,0.12761613679268088,0.0,0.0,0.07528328753027336,0.0,0.0,0.45813293841549985,0.6087
K2SO4,45.0,0.4783,0.1,0.7173600562483855,0.0,0.0,0.0,0.2390593874407832,0.0,0.0,0.23923986751727044,0.0,0.0,0.9564195542453336,1.4349
K2SO4,70.0,0.000102,0.1,0.0002037933647453402,0.0,0.0,0.0,0.00010177946285056261,0.0,0.0,2.0659111726648763e-07,0.0,0.0,0.0003059699627927249,0.000306
K2SO4,70.0,0.00105,0.1,0.002082057347307498,0.0,0.0,0.0,0.0010319471187119887,0.0,0.0,1.7942172094410684e-05,0.0,0.0,0.0031143752575461476,0.00315
K2SO4,70.0,0.01061,0.1,0.020174398070691782,0.0,0.0,0.0,0.009563895912804144,0.0,0.0,0.0010455959569456402,0.0,0.0,0.029738576528938486,0.03183
K2SO4,70.0,0.1048,0.1,0.17657693408166364,0.0,0.0,0.0,0.07177564296015711,0.0,0.0,0.033023001846804005,0.0,0.0,0.24835278491678112,0.3144
K2SO4,70.0,0.2029,0.1,0.3245188476661717,0.0,0.0,0.0,0.12161728557961331,0.0,0.0,0.08128103368659795,0.0,0.0,0.44613632546780313,0.6087
K2SO4,70.0,0.4783,0.1,0.7076528564401577,0.0,0.0,0.0,0.22935099657549463,0.0,0.0,0.24894689451525928,0.0,0.0,0.9370040246256984,1.4349
K2SO4,90.0,0.000102,0.1,0.0002037395989780064,0.0,0.0,0.0,0.00010169891046617622,0.0,0.0,2.603163802311183e-07,0.0,0.0,0.0003060480028191899,0.000306
K2SO4,90.0,0.00105,0.1,0.0020776931412461773,0.0,0.0,0.0,0.0010273973701513883,0.0,0.0,2.230586658392876e-05,0.0,0.0,0.0031056183387886778,0.00315
K2SO4,90.0,0.01061,0.1,0.019973568868605306,0.0,0.0,0.0,0.009362408529530363,0.0,0.0,0.0012464174031348487,0.0,0.0,0.029336336099658567,0.03183
K2SO4,90.0,0.1048,0.1,0.17303285684160463,0.0,0.0,0.0,0.0682301206551903,0.0,0.0,0.036566994386473504,0.0,0.0,0.24126323660963286,0.3144
K2SO4,90.0,0.2029,0.1,0.31797382707458427,0.0,0.0,0.0,0.11507057541036049,0.0,0.0,0.08782589995957346,0.0,0.0,0.4330446443940403,0.6087
K2SO4,90.0,0.4783,0.1,0.6963309993242226,0.0,0.0,0.0,0.218027216456464,0.0,0.0,0.26026843764807833,0.0,0.0,0.9143584361680931,1.4349
KCl,5.0,0.0001,0.1,9.999998254834655e-05,9.99999826278835e-05,0.0,0.0,0.0,0.0,0.0,0.0,0.0,0.0,0.00010004369229054187,0.0001
KCl,5.0,0.001,0.1,0.0009999984349196194,0.000999998435694157,0.0,0.0,0.0,0.0,0.0,0.0,0.0,0.0,0.0010000431790560278,0.001
KCl,5.0,0.01,0.1,0.00999986414561294,0.009999864152709877,0.0,0.0,0.0,0.0,0.0,0.0,0.0,0.0,0.009999911930049997,0.01
KCl,5.0,0.1,0.1,0.09999021815063347,0.09999021821056576,0.0,0.0,0.0,0.0,0.0,0.0,0.0,0.0,0.09999027357515156,0.1
KCl,5.0,0.5,0.1,0.4998360125153966,0.4998360129166839,0.0,0.0,0.0,0.0,0.0,0.0,0.0,0.0,0.49983607617179665,0.5
KCl,5.0,0.75,0.1,0.7496761510016814,0.7496761517328611,0.0,0.0,0.0,0.0,0.0,0.0,0.0,0.0,0.7496762165306371,0.75
KCl,5.0,1.0,0.1,0.9994807717326519,0.9994807728683747,0.0,0.0,0.0,0.0,0.0,0.0,0.0,0.0,0.9994808383353693,1.0
KCl,5.0,1.5,0.1,1.4990104725178715,1.4990104746280157,0.0,0.0,0.0,0.0,0.0,0.0,0.0,0.0,1.4990105400520553,1.5
KCl,10.0,0.0001,0.1,9.999997967859856e-05,9.999998000740493e-05,0.0,0.0,0.0,0.0,0.0,0.0,0.0,0.0,0.0001000549587182767,0.0001
KCl,10.0,0.001,0.1,0.000999998194674564,0.000999998197881744,0.0,0.0,0.0,0.0,0.0,0.0,0.0,0.0,0.0010000544843574305,0.001
KCl,10.0,0.01,0.1,0.009999843556582032,0.009999843586293545,0.0,0.0,0.0,0.0,0.0,0.0,0.0,0.0,0.009999903701115778,0.01
KCl,10.0,0.1,0.1,0.09998873566274827,0.09998873590908838,0.0,0.0,0.0,0.0,0.0,0.0,0.0,0.0,0.09998880549542724,0.1
KCl,10.0,0.5,0.1,0.4998097764566617,0.4998097775859766,0.0,0.0,0.0,0.0,0.0,0.0,0.0,0.0,0.4998098566008269,0.5
KCl,10.0,0.75,0.1,0.7496223563345836,0.7496223580778612,0.0,0.0,0.0,0.0,0.0,0.0,0.0,0.0,0.7496224387236112,0.75
KCl,10.0,1.0,0.1,0.9993912373021727,0.9993912397129319,0.0,0.0,0.0,0.0,0.0,0.0,0.0,0.0,0.9993913209030646,1.0
KCl,20.0,0.5,0.1,0.49974523255892006,0.49974523591106773,0.0,0.0,0.0,0.0,0.0,0.0,0.0,0.0,0.4997453547954484,0.5
KCl,20.0,0.75,0.1,0.7494888741192409,0.749488878946099,0.0,0.0,0.0,0.0,0.0,0.0,0.0,0.0,0.7494889994165539,0.75
KCl,20.0,1.0,0.1,0.9991671113509529,0.9991671176362198,0.0,0.0,0.0,0.0,0.0,0.0,0.0,0.0,0.9991672380668242,1.0
KCl,20.0,1.5,0.1,1.498359347749497,1.498359356927561,0.0,0.0,0.0,0.0,0.0,0.0,0.0,0.0,1.4983594748018392,1.5
KCl,25.0,0.0001,0.1,9.999996813671476e-05,9.99999697808437e-05,0.0,0.0,0.0,0.0,0.0,0.0,0.0,0.0,0.00010010169793834568,0.0001
KCl,25.0,0.001,0.1,0.0009999972547243081,0.0009999972707612713,0.0,0.0,0.0,0.0,0.0,0.0,0.0,0.0,0.0010001014616347888,0.001
KCl,25.0,0.01,0.1,0.009999763386517013,0.009999763535358856,0.0,0.0,0.0,0.0,0.0,0.0,0.0,0.0,0.009999874886934702,0.01
KCl,25.0,0.05022,0.1,0.05021513872397005,0.050215139387880685,0.0,0.0,0.0,0.0,0.0,0.0,0.0,0.0,0.05021526153852676,0.05022
KCl,25.0,0.05022,25.8,0.05021563761849202,0.05021563801680861,0.0,0.0,0.0,0.0,0.0,0.0,0.0,0.0,0.05021577478966163,0.05022
KCl,25.0,0.05022,51.7,0.05021602423115559,0.050216024286960655,0.0,0.0,0.0,0.0,0.0,0.0,0.0,0.0,0.050216176738549195,0.05022
KCl,25.0,0.05022,55.4,0.05021607205090385,0.05021607205033197,0.0,0.0,0.0,0.0,0.0,0.0,0.0,0.0,0.05021622682454219,0.05022
KCl,25.0,0.05022,76.6,0.05021631565350326,0.050216315287412466,0.0,0.0,0.0,0.0,0.0,0.0,0.0,0.0,0.05021648376125056,0.05022
KCl,25.0,0.05022,102.3,0.0502165543443748,0.05021655342078665,0.0,0.0,0.0,0.0,0.0,0.0,0.0,0.0,0.05021673946466615,0.05022
KCl,25.0,0.05022,128.5,0.05021674845919726,0.050216746805731766,0.0,0.0,0.0,0.0,0.0,0.0,0.0,0.0,0.05021695193156846,0.05022
KCl,25.0,0.05022,154.2,0.05021689957745021,0.050216897008345356,0.0,0.0,0.0,0.0,0.0,0.0,0.0,0.0,0.05021712202469117,0.05022
KCl,25.0,0.05022,160.5,0.05021693200027021,0.0502169291712143,0.0,0.0,0.0,0.0,0.0,0.0,0.0,0.0,0.05021715926278265,0.05022
KCl,25.0,0.05022,184.8,0.05021704104381379,0.05021703705807558,0.0,0.0,0.0,0.0,0.0,0.0,0.0,0.0,0.050217287441079395,0.05022
KCl,25.0,0.05022,211.5,0.05021713655576372,0.05021713096845293,0.0,0.0,0.0,0.0,0.0,0.0,0.0,0.0,0.05021740507219512,0.05022
KCl,25.0,0.05022,270.5,0.05021727695957711,0.05021726616927534,0.0,0.0,0.0,0.0,0.0,0.0,0.0,0.0,0.050217598518396384,0.05022
KCl,25.0,0.1,0.1,0.0999829637451031,0.09998296497213048,0.0,0.0,0.0,0.0,0.0,0.0,0.0,0.0,0.09998309352766858,0.1
KCl,25.0,0.5,0.1,0.49970594917136224,0.49970595412193636,0.0,0.0,0.0,0.0,0.0,0.0,0.0,0.0,0.49970609759461637,0.5
KCl,25.0,1.0,0.1,0.9990284018356085,0.9990284108985299,0.0,0.0,0.0,0.0,0.0,0.0,0.0,0.0,0.9990285552119096,1.0
KCl,35.0,0.0001,0.1,9.999995734037383e-05,9.99999605326869e-05,0.0,0.0,0.0,0.0,0.0,0.0,0.0,0.0,0.00010014563845573739,0.0001
KCl,35.0,0.001,0.1,0.0009999964035982923,0.0009999964347242399,0.0,0.0,0.0,0.0,0.0,0.0,0.0,0.0,0.0010001457006489803,0.001
KCl,35.0,0.01,0.1,0.009999691479739949,0.009999691768368252,0.0,0.0,0.0,0.0,0.0,0.0,0.0,0.0,0.00999985144111127,0.01
KCl,35.0,0.1,0.1,0.09997786971237546,0.09997787208332168,0.0,0.0,0.0,0.0,0.0,0.0,0.0,0.0,0.0999780564934655,0.1
KCl,35.0,0.5,0.1,0.4996167361242004,0.4996167454799882,0.0,0.0,0.0,0.0,0.0,0.0,0.0,0.0,0.49961695023382,0.5
KCl,35.0,1.0,0.1,0.9987227071128612,0.9987227237447462,0.0,0.0,0.0,0.0,0.0,0.0,0.0,0.0,0.9987229282314855,1.0
KCl,45.0,0.0001,0.1,9.999994331072397e-05,9.999994880860893e-05,0.0,0.0,0.0,0.0,0.0,0.0,0.0,0.0,0.00010020149639249543,0.0001
KCl,45.0,0.001,0.1,0.0009999953235844729,0.0009999953771674972,0.0,0.0,0.0,0.0,0.0,0.0,0.0,0.0,0.0010002019738570727,0.001
KCl,45.0,0.01,0.1,0.009999600730761185,0.009999601227064281,0.0,0.0,0.0,0.0,0.0,0.0,0.0,0.0,0.009999822436065023,0.01
KCl,45.0,0.1,0.1,0.09997146785991823,0.09997147192231726,0.0,0.0,0.0,0.0,0.0,0.0,0.0,0.0,0.09997172752494646,0.1
KCl,45.0,0.5,0.1,0.4995042120246104,0.49950422784159515,0.0,0.0,0.0,0.0,0.0,0.0,0.0,0.0,0.4995045102753693,0.5
KCl,45.0,1.0,0.1,0.998333536103735,0.9983335637539167,0.0,0.0,0.0,0.0,0.0,0.0,0.0,0.0,0.9983338438628653,1.0
KCl,70.0,0.0001,0.1,9.99998885886361e-05,9.999990465295254e-05,0.0,0.0,0.0,0.0,0.0,0.0,0.0,0.0,0.00010040021091752398,0.0001
KCl,70.0,0.001,0.1,0.0009999912618986354,0.0009999914182521328,0.0,0.0,0.0,0.0,0.0,0.0,0.0,0.0,0.0010004022639199604,0.001
KCl,70.0,0.01,0.1,0.009999263570355686,0.009999265012758132,0.0,0.0,0.0,0.0,0.0,0.0,0.0,0.0,0.009999706264959768,0.01
KCl,70.0,0.1,0.1,0.09994812045281387,0.09994813212018207,0.0,0.0,0.0,0.0,0.0,0.0,0.0,0.0,0.09994864395710006,0.1
KCl,70.0,0.5,0.1,0.4991026277616908,0.49910267196241453,0.0,0.0,0.0,0.0,0.0,0.0,0.0,0.0,0.49910323500448583,0.5
KCl,70.0,1.0,0.1,0.9969617277882663,0.9969618028973907,0.0,0.0,0.0,0.0,0.0,0.0,0.0,0.0,0.9969623563682184,1.0
KCl,90.0,0.0001,0.1,9.99998154694359e-05,9.999984700899172e-05,0.0,0.0,0.0,0.0,0.0,0.0,0.0,0.0,0.00010062329016472394,0.0001
KCl,90.0,0.001,0.1,0.00099998598918442,0.0009999862957565,0.0,0.0,0.0,0.0,0.0,0.0,0.0,0.0,0.0010006269115211339,0.001
KCl,90.0,0.01,0.1,0.009998831815563,0.009998834632272214,0.0,0.0,0.0,0.0,0.0,0.0,0.0,0.0,0.009999524749850448,0.01
KCl,90.0,0.1,0.1,0.09991894919504199,0.09991897170380998,0.0,0.0,0.0,0.0,0.0,0.0,0.0,0.0,0.09991977631465013,0.1
KCl,90.0,0.5,0.1,0.4986159404038273,0.4986160237644016,0.0,0.0,0.0,0.0,0.0,0.0,0.0,0.0,0.49861691051199314,0.5
KCl,90.0,1.0,0.1,0.9953314313983725,0.9953315702891898,0.0,0.0,0.0,0.0,0.0,0.0,0.0,0.0,0.9953324411252641,1.0
MgCl2,5.0,0.000119,0.1,0.0,0.00023798006265735125,0.0,0.00011897919047503119,0.0,0.0,0.0,0.0,0.0,0.0,0.0003570029585645427,0.000357
MgCl2,5.0,0.000984,0.1,0.0,0.001966824305223628,0.0,0.000982818208188414,0.0,0.0,0.0,0.0,0.0,0.0,0.0029496853552187104,0.002952
MgCl2,5.0,0.01137,0.1,0.0,0.022639020150102374,0.0,0.011268982482316621,0.0,0.0,0.0,0.0,0.0,0.0,0.033908038226324475,0.03411
MgCl2,5.0,0.09942,0.1,0.0,0.19487375693627226,0.0,0.09545363558541438,0.0,0.0,0.0,0.0,0.0,0.0,0.29032741762337394,0.29825999999999997
MgCl2,5.0,0.3609,0.1,0.0,0.6807127441146824,0.0,0.31981249695534947,0.0,0.0,0.0,0.0,0.0,0.0,1.0005252574370305,1.0827
MgCl2,10.0,0.000119,0.1,0.0,0.0002379806317831558,0.0,0.00011897952379548877,0.0,0.0,0.0,0.0,0.0,0.0,0.0003570151272821038,0.000357
MgCl2,10.0,0.000984,0.1,0.0,0.0019668590610974757,0.0,0.0009828513252012634,0.0,0.0,0.0,0.0,0.0,0.0,0.0029497642589378596,0.002952
MgCl2,10.0,0.01137,0.1,0.0,0.022642328715555778,0.0,0.011272281098685059,0.0,0.0,0.0,0.0,0.0,0.0,0.03391465454878752,0.03411
MgCl2,10.0,0.09942,0.1,0.0,0.19503697352122323,0.0,0.09561682129280176,0.0,0.0,0.0,0.0,0.0,0.0,0.29065382639826215,0.29825999999999997
MgCl2,10.0,0.3609,0.1,0.0,0.6828562371319861,0.0,0.32195593169904446,0.0,0.0,0.0,0.0,0.0,0.0,1.004812189429955,1.0827
MgCl2,25.0,0.000119,0.1,0.0,0.0002379809642720641,0.0,0.00011897869072907357,0.0,0.0,0.0,0.0,0.0,0.0,0.0003570612802000466,0.000357
MgCl2,25.0,0.000984,0.1,0.0,0.0019668822782611534,0.0,0.0009828665309336668,0.0,0.0,0.0,0.0,0.0,0.0,0.0029498479171336427,0.002952
MgCl2,25.0,0.01137,0.1,0.0,0.022645324877463544,0.0,0.011275230479705337,0.0,0.0,0.0,0.0,0.0,0.0,0.033920636336835945,0.03411
MgCl2,25.0,0.09942,0.1,0.0,0.19525902072758436,0.0,0.09583872978524512,0.0,0.0,0.0,0.0,0.0,0.0,0.2910978073357905,0.29825999999999997
MgCl2,25.0,0.3609,0.1,0.0,0.6867211268594872,0.0,0.3258205740165597,0.0,0.0,0.0,0.0,0.0,0.0,1.012541737996027,1.0827
MgCl2,35.0,0.000119,0.1,0.0,0.00023798036083934844,0.0,0.00011897672161306197,0.0,0.0,0.0,0.0,0.0,0.0,0.0003571024508684579,0.000357
MgCl2,35.0,0.000984,0.1,0.0,0.001966850301925953,0.0,0.0009828253168597386,0.0,0.0,0.0,0.0,0.0,0.0,0.0029498165517013284,0.002952
MgCl2,35.0,0.01137,0.1,0.0,0.022643571933925532,0.0,0.011273426248933686,0.0,0.0,0.0,0.0,0.0,0.0,0.03391711129414591,0.03411
MgCl2,35.0,0.09942,0.1,0.0,0.1952854278591153,0.0,0.09586499191347743,0.0,0.0,0.0,0.0,0.0,0.0,0.29115049894161726,0.29825999999999997
MgCl2,35.0,0.3609,0.1,0.0,0.6883357738438061,0.0,0.3274349727458711,0.0,0.0,0.0,0.0,0.0,0.0,1.0157707989975635,1.0827
MgCl2,45.0,0.000119,0.1,0.0,0.00023797921227365835,0.0,0.00011897345161105612,0.0,0.0,0.0,0.0,0.0,0.0,0.0003571534629803915,0.000357
MgCl2,45.0,0.000984,0.1,0.0,0.001966786756565382,0.0,0.0009827476446666284,0.0,0.0,0.0,0.0,0.0,0.0,0.0029497274881997927,0.002952
MgCl2,45.0,0.01137,0.1,0.0,0.02263926364828122,0.0,0.011269043073524606,0.0,0.0,0.0,0.0,0.0,0.0,0.033908458118477806,0.03411
MgCl2,45.0,0.09942,0.1,0.0,0.1952239003394183,0.0,0.09580326135728648,0.0,0.0,0.0,0.0,0.0,0.0,0.2910272671979495,0.29825999999999997
MgCl2,45.0,0.3609,0.1,0.0,0.6891671086396591,0.0,0.3282659754981438,0.0,0.0,0.0,0.0,0.0,0.0,1.0174331549636133,1.0827
MgCl2,70.0,0.000119,0.1,0.0,0.00023797397819149316,0.0,0.00011895683472518809,0.0,0.0,0.0,0.0,0.0,0.0,0.0003573270545010371,0.000357
MgCl2,70.0,0.000984,0.1,0.0,0.0019664949496068424,0.0,0.000982383095329639,0.0,0.0,0.0,0.0,0.0,0.0,0.0029492474426715065,0.002952
MgCl2,70.0,0.01137,0.1,0.0,0.02261871689445728,0.0,0.01124814769101907,0.0,0.0,0.0,0.0,0.0,0.0,0.033867133826364235,0.03411
MgCl2,70.0,0.09942,0.1,0.0,0.19480181283139622,0.0,0.09538029510702778,0.0,0.0,0.0,0.0,0.0,0.0,0.29018229486692065,0.29825999999999997
MgCl2,70.0,0.3609,0.1,0.0,0.6893820818334777,0.0,0.32847960710117624,0.0,0.0,0.0,0.0,0.0,0.0,1.0178618209898513,1.0827
MgCl2,90.0,0.000119,0.1,0.0,0.00023796682790243836,0.0,0.0001189282175431747,0.0,0.0,0.0,0.0,0.0,0.0,0.00035750668263378045,0.000357
MgCl2,90.0,0.000984,0.1,0.0,0.0019660977631703385,0.0,0.0009818572688299729,0.0,0.0,0.0,0.0,0.0,0.0,0.002948503930640032,0.002952
MgCl2,90.0,0.01137,0.1,0.0,0.022590984838071423,0.0,0.011219872102873747,0.0,0.0,0.0,0.0,0.0,0.0,0.03381123101676509,0.03411
MgCl2,90.0,0.09942,0.1,0.0,0.19420212610557194,0.0,0.09477933981952719,0.0,0.0,0.0,0.0,0.0,0.0,0.28898172768701025,0.29825999999999997
MgCl2,90.0,0.3609,0.1,0.0,0.6881223137141306,0.0,0.3272180432123782,0.0,0.0,0.0,0.0,0.0,0.0,1.0153405519120422,1.0827
MgSO4,-10.0,0.3323,0.1,0.0,0.0,0.0,0.16321831010583995,0.16321836187233071,0.0,0.0,0.0,0.0,0.169081543663223,0.6528735049867957,1.3292
MgSO4,-10.0,0.6646,0.1,0.0,0.0,0.0,0.23092219470849285,0.2309222784609894,0.0,0.0,0.0,0.0,0.43367752836316775,0.9236892358004827,2.6584
MgSO4,-10.0,0.997,0.1,0.0,0.0,0.0,0.23945051230330122,0.239450632111126,0.0,0.0,0.0,0.0,0.7575490602346292,0.9578027299837228,3.988
MgSO4,-10.0,1.4124,0.1,0.0,0.0,0.0,0.2094765039197165,0.2094766791229309,0.0,0.0,0.0,0.0,1.2029228479709866,0.8379070344176175,5.6496
MgSO4,-10.0,1.6616,0.1,0.0,0.0,0.0,0.18339191190356763,0.18339212800414442,0.0,0.0,0.0,0.0,1.478207287959044,0.7335689069655575,6.6464
MgSO4,-6.0,0.0249,0.1,0.0,0.0,0.0,0.01774346664998427,0.017743484446317556,0.0,0.0,0.0,0.0,0.007156501865373189,0.07097395768239562,0.0996
MgSO4,-6.0,0.3323,0.1,0.0,0.0,0.0,0.16501570545975452,0.16501576682640695,0.0,0.0,0.0,0.0,0.16728411213104574,0.6600631461082169,1.3292
MgSO4,-6.0,0.6646,0.1,0.0,0.0,0.0,0.23391079941244347,0.2339108994459746,0.0,0.0,0.0,0.0,0.4306888533441086,0.9356437610943418,2.6584
MgSO4,-6.0,0.997,0.1,0.0,0.0,0.0,0.24284528594387553,0.2428454295286464,0.0,0.0,0.0,0.0,0.7541541767321823,0.9713819857402018,3.988
MgSO4,-6.0,1.4124,0.1,0.0,0.0,0.0,0.21264261712569987,0.21264282748677074,0.0,0.0,0.0,0.0,1.199756566978616,0.8505717307209434,5.6496
MgSO4,-6.0,1.6616,0.1,0.0,0.0,0.0,0.1862291599642392,0.18622941957660558,0.0,0.0,0.0,0.0,1.4753698323155455,0.7449182009213547,6.6464
MgSO4,-3.0,0.0249,0.1,0.0,0.0,0.0,0.01780024414088614,0.017800264111187174,0.0,0.0,0.0,0.0,0.007099719226698143,0.07120108164245868,0.0996
MgSO4,-3.0,0.3323,0.1,0.0,0.0,0.0,0.16581103243038062,0.1658111017412039,0.0,0.0,0.0,0.0,0.16648875242437064,0.6632445064517315,1.3292
MgSO4,-3.0,0.6646,0.1,0.0,0.0,0.0,0.23523786156070164,0.23523797515944078,0.0,0.0,0.0,0.0,0.42936172748113227,0.9409521037489439,2.6584
MgSO4,-3.0,0.997,0.1,0.0,0.0,0.0,0.24435583980081613,0.2443560032603299,0.0,0.0,0.0,0.0,0.7526435233027869,0.9774243438868374,3.988
MgSO4,-3.0,1.4124,0.1,0.0,0.0,0.0,0.2140535269738843,0.21405376677410737,0.0,0.0,0.0,0.0,1.1983455050831104,0.8562155858975444,5.6496
MgSO4,-3.0,1.6616,0.1,0.0,0.0,0.0,0.1874942097744788,0.18749450584139443,0.0,0.0,0.0,0.0,1.4741045944320204,0.7499786675734136,6.6464
MgSO4,-2.28,0.10124,0.1,0.0,0.0,0.0,0.06380209719270953,0.06380213534980468,0.0,0.0,0.0,0.0,0.037437811032745794,0.25520858539094354,0.40496
MgSO4,-2.26,0.10124,0.1,0.0,0.0,0.0,0.06380312691101908,0.06380316509671285,0.0,0.0,0.0,0.0,0.037436781217511574,0.25521270445112587,0.40496
MgSO4,-1.425,0.10124,0.1,0.0,0.0,0.0,0.06384159100527978,0.0638416303972112,0.0,0.0,0.0,0.0,0.03739831298566606,0.2553665687741381,0.40496
MgSO4,-1.19,0.10124,0.1,0.0,0.0,0.0,0.06385085528384742,0.06385089501955427,0.0,0.0,0.0,0.0,0.037389047510015413,0.25540362817501794,0.40496
MgSO4,-1.138,0.010124,0.1,0.0,0.0,0.0,0.00781908650005062,0.007819100278428946,0.0,0.0,0.0,0.0,0.0023048905266939957,0.03127642846268882,0.040496
MgSO4,-1.0,0.0249,0.1,0.0,0.0,0.0,0.01782230220509065,0.01782232373205805,0.0,0.0,0.0,0.0,0.007077657268583697,0.07128932423228455,0.0996
MgSO4,-1.0,0.3323,0.1,0.0,0.0,0.0,0.16612102934428838,0.16612110430976718,0.0,0.0,0.0,0.0,0.16617873059431598,0.664484533203836,1.3292
MgSO4,-1.0,0.6646,0.1,0.0,0.0,0.0,0.23575589470386726,0.23575601801220877,0.0,0.0,0.0,0.0,0.42884364580288026,0.9430243066965045,2.6584
MgSO4,-1.0,0.997,0.1,0.0,0.0,0.0,0.24494602918856231,0.24494620691023888,0.0,0.0,0.0,0.0,0.7520532580598127,0.9797852083874274,3.988
MgSO4,-1.0,1.4124,0.1,0.0,0.0,0.0,0.21460513870362574,0.2146053996583247,0.0,0.0,0.0,0.0,1.1977937775429597,0.8584221946267621,5.6496
MgSO4,-1.0,1.6616,0.1,0.0,0.0,0.0,0.18798891216870423,0.18798923444245214,0.0,0.0,0.0,0.0,1.473609748810552,0.7519576776804594,6.6464
MgSO4,-0.97,0.010124,0.1,0.0,0.0,0.0,0.00781960033807225,0.007819614203927733,0.0,0.0,0.0,0.0,0.002304376497613281,0.03127848446799222,0.040496
MgSO4,-0.739,0.10124,0.1,0.0,0.0,0.0,0.06386676894334475,0.06386680934405957,0.0,0.0,0.0,0.0,0.037373131512015906,0.25546728726437284,0.40496
MgSO4,-0.66,0.010124,0.1,0.0,0.0,0.0,0.007820474006114778,0.007820488034553904,0.0,0.0,0.0,0.0,0.0023035024727873134,0.03128198035704243,0.040496
MgSO4,-0.645,0.10124,0.1,0.0,0.0,0.0,0.06386978133641208,0.06386982187659818,0.0,0.0,0.0,0.0,0.037370118624649444,0.2554793377749522,0.40496
MgSO4,-0.56,0.010124,0.1,0.0,0.0,0.0,0.007820735451600775,0.007820749532809495,0.0,0.0,0.0,0.0,0.0023032409110280336,0.03128302653473924,0.040496
MgSO4,-0.32,0.010124,0.1,0.0,0.0,0.0,0.007821322852039785,0.007821337060539365,0.0,0.0,0.0,0.0,0.0023026532291575827,0.03128537709273291,0.040496
MgSO4,-0.245,0.010124,0.1,0.0,0.0,0.0,0.007821494905936545,0.007821509154401,0.0,0.0,0.0,0.0,0.0023024810866213653,0.031286065609013584,0.040496
MgSO4,-0.15,0.005,0.1,0.0,0.0,0.0,0.00410729626708684,0.004107305861344807,0.0,0.0,0.0,0.0,0.0008926886088681533,0.016429253324364994,0.02
MgSO4,-0.15,0.005,98.1,0.0,0.0,0.0,0.0043081655185489955,0.004308171137586748,0.0,0.0,0.0,0.0,0.0006918251810998325,0.01723274230854235,0.02
MgSO4,-0.15,0.005,196.1,0.0,0.0,0.0,0.004334402314268459,0.004334405588531303,0.0,0.0,0.0,0.0,0.0006655916395037959,0.017337713903838883,0.02
MgSO4,-0.15,0.005,294.2,0.0,0.0,0.0,0.004264791504943287,0.004264793412932297,0.0,0.0,0.0,0.0,0.0007352043691468476,0.017059306669116054,0.02
MgSO4,-0.15,0.005,392.3,0.0,0.0,0.0,0.0041179345137100035,0.004117935592358777,0.0,0.0,0.0,0.0,0.0008820625804074572,0.016471926766454793,0.02
MgSO4,-0.15,0.005,490.3,0.0,0.0,0.0,0.0038955932112199653,0.0038955937688347955,0.0,0.0,0.0,0.0,0.001104404711123773,0.015582623130304365,0.02
MgSO4,-0.15,0.005,588.4,0.0,0.0,0.0,0.003603086048742523,0.0036030862742955716,0.0,0.0,0.0,0.0,0.001396912470843385,0.014412671626286844,0.02
MgSO4,-0.15,0.005,686.5,0.0,0.0,0.0,0.003242151200786217,0.0032421512221601956,0.0,0.0,0.0,0.0,0.0017578477581525478,0.012969027428756425,0.02
MgSO4,-0.15,0.005,784.6,0.0,0.0,0.0,0.0028308769824306724,0.002830876887507271,0.0,0.0,0.0,0.0,0.0021691223046174874,0.011324046815672142,0.02
MgSO4,-0.15,0.01,0.1,0.0,0.0,0.0,0.007734185687705279,0.007734199894001722,0.0,0.0,0.0,0.0,0.0022657903818716764,0.030936828747557103,0.04
MgSO4,-0.15,0.01,98.1,0.0,0.0,0.0,0.008179848263802745,0.008179857238523472,0.0,0.0,0.0,0.0,0.0018201363748228472,0.03271948701297261,0.04
MgSO4,-0.15,0.01,196.1,0.0,0.0,0.0,0.008227456161682365,0.008227461571614539,0.0,0.0,0.0,0.0,0.0017725336676668107,0.032909940275187205,0.04
MgSO4,-0.15,0.01,294.2,0.0,0.0,0.0,0.00804882728512204,0.008048830475686317,0.0,0.0,0.0,0.0,0.0019511657499128175,0.03219545964339739,0.04
MgSO4,-0.15,0.01,392.3,0.0,0.0,0.0,0.007694446679873046,0.007694448484407232,0.0,0.0,0.0,0.0,0.002305548440225613,0.030777985549124028,0.04
MgSO4,-0.15,0.01,490.3,0.0,0.0,0.0,0.00718317888495378,0.0071831798124047976,0.0,0.0,0.0,0.0,0.0028168176647524103,0.028732977509201237,0.04
MgSO4,-0.15,0.01,588.4,0.0,0.0,0.0,0.006543385374002225,0.006543385745416525,0.0,0.0,0.0,0.0,0.0034566122093807445,0.026173882961503366,0.04
MgSO4,-0.15,0.01,686.5,0.0,0.0,0.0,0.005791492795003931,0.005791492831226794,0.0,0.0,0.0,0.0,0.004208505541851174,0.023166411120626514,0.04
MgSO4,-0.15,0.01,784.6,0.0,0.0,0.0,0.004974497824088363,0.0049744976749154365,0.0,0.0,0.0,0.0,0.005025501067326427,0.019898551780428604,0.04
MgSO4,-0.01,0.10124,0.1,0.0,0.0,0.0,0.06388743929072971,0.06388748078087321,0.0,0.0,0.0,0.0,0.03735245726768377,0.2555499760272826,0.40496
MgSO4,0.07,0.10124,0.1,0.0,0.0,0.0,0.0638969047545505,0.06389694635805991,0.0,0.0,0.0,0.0,0.03734299138306866,0.25558783867589635,0.40496
MgSO4,0.23,0.10124,0.1,0.0,0.0,0.0,0.06391777994845937,0.0639178217770968,0.0,0.0,0.0,0.0,0.03732211534713314,0.25567134103719236,0.40496
MgSO4,0.32,0.010124,0.1,0.0,0.0,0.0,0.007823609817432674,0.00782362436737787,0.0,0.0,0.0,0.0,0.0023003655008807062,0.03129452754293227,0.040496
MgSO4,0.86,0.010124,0.1,0.0,0.0,0.0,0.007826076282225657,0.007826091123089584,0.0,0.0,0.0,0.0,0.0022978983770663847,0.031304395632054456,0.040496
MgSO4,0.89,0.10124,0.1,0.0,0.0,0.0,0.06400086630782725,0.06400090907161038,0.0,0.0,0.0,0.0,0.03723902544377808,0.2560036931204145,0.40496
MgSO4,1.475,0.010124,0.1,0.0,0.0,0.0,0.007828561399865545,0.00782857657743597,0.0,0.0,0.0,0.0,0.0022954124873444167,0.03131433869991562,0.040496
MgSO4,1.55,0.10124,0.1,0.0,0.0,0.0,0.06407921556008095,0.06407925926923266,0.0,0.0,0.0,0.0,0.0371606725312466,0.2563170969467244,0.40496
MgSO4,1.675,0.010124,0.1,0.0,0.0,0.0,0.007829297121741484,0.007829312410043775,0.0,0.0,0.0,0.0,0.002294676509343205,0.03131728244546541,0.040496
MgSO4,1.859,0.10124,0.1,0.0,0.0,0.0,0.06411431693404479,0.06411436108922364,0.0,0.0,0.0,0.0,0.03712556940263766,0.25645750569429776,0.40496
MgSO4,1.9,0.010124,0.1,0.0,0.0,0.0,0.007830083114153254,0.007830098527751907,0.0,0.0,0.0,0.0,0.0022938902257864453,0.031320427388349205,0.040496
MgSO4,2.04,0.010124,0.1,0.0,0.0,0.0,0.007830550129512101,0.007830565621458997,0.0,0.0,0.0,0.0,0.002293423027651803,0.03132229605961672,0.040496
MgSO4,2.062,0.10124,0.1,0.0,0.0,0.0,0.06413684008495155,0.06413688453431587,0.0,0.0,0.0,0.0,0.0371030450845262,0.2565476004552485,0.40496
MgSO4,2.1,0.010124,0.1,0.0,0.0,0.0,0.007830745141789767,0.007830760667405085,0.0,0.0,0.0,0.0,0.0022932279366590547,0.03132307637108897,0.040496
MgSO4,2.13,0.001012,0.1,0.0,0.0,0.0,0.0009337585064231525,0.00093376192526664,0.0,0.0,0.0,0.0,7.823643157503897e-05,0.003735084493725086,0.004048
MgSO4,2.529,0.10124,0.1,0.0,0.0,0.0,0.06418706588509233,0.0641871110146714,0.0,0.0,0.0,0.0,0.03705281655500563,0.2567485086828443,0.40496
MgSO4,2.702,0.001012,0.1,0.0,0.0,0.0,0.0009337839338625107,0.0009337874270984454,0.0,0.0,0.0,0.0,7.821086469533728e-05,0.003735187595068759,0.004048
MgSO4,2.902,0.010124,0.1,0.0,0.0,0.0,0.00783306126124974,0.007833077242110036,0.0,0.0,0.0,0.0,0.0022909107426664047,0.03133234441426476,0.040496
MgSO4,3.079,0.010124,0.1,0.0,0.0,0.0,0.00783350094776638,0.007833517030401702,0.0,0.0,0.0,0.0,0.002290470813306375,0.031334103961982836,0.040496
MgSO4,3.26,0.010124,0.1,0.0,0.0,0.0,0.007833924398160842,0.007833940585357212,0.0,0.0,0.0,0.0,0.00229004711241353,0.03133579858891762,0.040496
MgSO4,3.395,0.010124,0.1,0.0,0.0,0.0,0.007834223155960942,0.00783423942146439,0.0,0.0,0.0,0.0,0.002289748166340459,0.0313369942394119,0.040496
MgSO4,3.648,0.10124,0.1,0.0,0.0,0.0,0.06429868610709642,0.06429873288542257,0.0,0.0,0.0,0.0,0.03694118953518746,0.2571950019870442,0.40496
MgSO4,3.668,0.10124,0.1,0.0,0.0,0.0,0.06430057214360167,0.0643006189516299,0.0,0.0,0.0,0.0,0.036939303373793496,0.25720254635982004,0.40496
MgSO4,4.14,0.010124,0.1,0.0,0.0,0.0,0.007835614237180905,0.007835630939719038,0.0,0.0,0.0,0.0,0.0022883560236938993,0.03134256203923076,0.040496
MgSO4,4.22,0.001012,0.1,0.0,0.0,0.0,0.0009337919132996026,0.0009337956111217178,0.0,0.0,0.0,0.0,7.820249545818062e-05,0.003735223353303726,0.004048
MgSO4,4.352,0.010124,0.1,0.0,0.0,0.0,0.007835931881220622,0.007835948709632588,0.0,0.0,0.0,0.0,0.002288038070552983,0.031343833622156925,0.040496
MgSO4,4.45,0.001012,0.1,0.0,0.0,0.0,0.0009337858808311828,0.0009337896105664296,0.0,0.0,0.0,0.0,7.820846627650529e-05,0.00373519982437176,0.004048
MgSO4,4.508,0.10124,0.1,0.0,0.0,0.0,0.06437645327605572,0.06437650133865294,0.0,0.0,0.0,0.0,0.036863416885224445,0.2575060805700326,0.40496
MgSO4,4.62,0.10124,0.1,0.0,0.0,0.0,0.06438608670031423,0.06438613493120704,0.0,0.0,0.0,0.0,0.03685378273022324,0.25754461558115127,0.40496
MgSO4,4.63,0.010124,0.1,0.0,0.0,0.0,0.007836297023208299,0.007836314017690242,0.0,0.0,0.0,0.0,0.0022876725184082587,0.03134529552247272,0.040496
MgSO4,4.94,0.010124,0.1,0.0,0.0,0.0,0.007836636375632429,0.007836653556646112,0.0,0.0,0.0,0.0,0.002287332702079491,0.031346654434302894,0.040496
MgSO4,4.996,0.10124,0.1,0.0,0.0,0.0,0.06441761320661744,0.0644176620041958,0.0,0.0,0.0,0.0,0.036822253741579006,0.2576707260587071,0.40496
MgSO4,5.0,0.0249,0.1,0.0,0.0,0.0,0.01788955717566073,0.017889583761422106,0.0,0.0,0.0,0.0,0.007010388212837666,0.07155838010633683,0.0996
MgSO4,5.0,0.3323,0.1,0.0,0.0,0.0,0.16982379387486043,0.16982388439062085,0.0,0.0,0.0,0.0,0.16247588246931682,0.6792957163529385,1.3292
MgSO4,5.0,0.6646,0.1,0.0,0.0,0.0,0.24620828074893325,0.24620842757892505,0.0,0.0,0.0,0.0,0.418391108368393,0.9848340577735887,2.6584
MgSO4,5.0,0.997,0.1,0.0,0.0,0.0,0.2617369173507087,0.26173712498815416,0.0,0.0,0.0,0.0,0.7352621492640906,1.046949049808385,3.988
MgSO4,5.0,1.4124,0.1,0.0,0.0,0.0,0.2361215330088749,0.2361218295061537,0.0,0.0,0.0,0.0,1.1762770754013958,0.9444881612069529,5.6496
MgSO4,5.0,1.6616,0.1,0.0,0.0,0.0,0.21048368535783563,0.21048404504432658,0.0,0.0,0.0,0.0,1.4511146161935897,0.8419372174658051,6.6464
MgSO4,5.14,0.10124,0.1,0.0,0.0,0.0,0.06442935851476522,0.06442940753005078,0.0,0.0,0.0,0.0,0.036810507470744463,0.25771770901320123,0.40496
MgSO4,5.35,0.10124,0.1,0.0,0.0,0.0,0.06444616484162403,0.0644462141750587,0.0,0.0,0.0,0.0,0.036793699727919404,0.25778493684850246,0.40496
MgSO4,5.409,0.001012,0.1,0.0,0.0,0.0,0.000933741105011323,0.0009337449704296553,0.0,0.0,0.0,0.0,7.825297739952871e-05,0.003735023282010162,0.004048
MgSO4,5.47,0.010124,0.1,0.0,0.0,0.0,0.007837054037636633,0.007837071540830083,0.0,0.0,0.0,0.0,0.0022869142307192026,0.03134832769094825,0.040496
MgSO4,5.72,0.10124,0.1,0.0,0.0,0.0,0.06447485707806239,0.06447490697390706,0.0,0.0,0.0,0.0,0.03676500496152219,0.25789971029685904,0.40496
MgSO4,5.81,0.010124,0.1,0.0,0.0,0.0,0.007837216129862969,0.007837233841898389,0.0,0.0,0.0,0.0,0.0022867516083104064,0.0313489777604826,0.040496
MgSO4,5.82,0.010124,0.1,0.0,0.0,0.0,0.007837219665219889,0.007837237383423165,0.0,0.0,0.0,0.0,0.002286748057228354,0.031348991952252776,0.040496
MgSO4,5.822,0.010124,0.1,0.0,0.0,0.0,0.007837220362038202,0.007837238081475224,0.0,0.0,0.0,0.0,0.002286747357264105,0.031348994749596744,0.040496
MgSO4,5.84,0.010124,0.1,0.0,0.0,0.0,0.007837226517910348,0.007837244248453697,0.0,0.0,0.0,0.0,0.002286741173064945,0.0313490194637553,0.040496
MgSO4,5.842,0.010124,0.1,0.0,0.0,0.0,0.00783722719304085,0.007837244924818519,0.0,0.0,0.0,0.0,0.0022867404947854966,0.03134902217435547,0.040496
MgSO4,5.843,0.010124,0.1,0.0,0.0,0.0,0.007837227523158624,0.007837245255553484,0.0,0.0,0.0,0.0,0.002286740163093119,0.03134902349986592,0.040496
MgSO4,6.058,0.10124,0.1,0.0,0.0,0.0,0.06450005882917585,0.0645001092408048,0.0,0.0,0.0,0.0,0.0367398008595029,0.2580005214693835,0.40496
MgSO4,6.39,0.010124,0.1,0.0,0.0,0.0,0.007837306286688335,0.00783732435885063,0.0,0.0,0.0,0.0,0.002286660526832555,0.03134934133850076,0.040496
MgSO4,6.6,0.001012,0.1,0.0,0.0,0.0,0.0009336430908097136,0.0009336471306565936,0.0,0.0,0.0,0.0,7.835064509195057e-05,0.0037346345321716727,0.004048
MgSO4,6.743,0.10124,0.1,0.0,0.0,0.0,0.06454824723346954,0.06454829869602365,0.0,0.0,0.0,0.0,0.03669160757192131,0.25819328369676364,0.40496
MgSO4,6.745,0.10124,0.1,0.0,0.0,0.0,0.064548382356296,0.06454843382192911,0.0,0.0,0.0,0.0,0.036691472434600365,0.25819382421353193,0.40496
MgSO4,6.775,0.010124,0.1,0.0,0.0,0.0,0.00783723915612179,0.007837257470005236,0.0,0.0,0.0,0.0,0.0022867270292660337,0.03134907480986379,0.040496
MgSO4,6.88,0.010124,0.1,0.0,0.0,0.0,0.007837203571796151,0.007837221951970931,0.0,0.0,0.0,0.0,0.0022867624402631128,0.03134893302116569,0.040496
MgSO4,6.982,0.001012,0.1,0.0,0.0,0.0,0.0009336020922861497,0.0009336061894769774,0.0,0.0,0.0,0.0,7.839152814712035e-05,0.0037344716290508354,0.004048
MgSO4,7.57,0.001012,0.1,0.0,0.0,0.0,0.0009335302028994327,0.0009335343896903458,0.0,0.0,0.0,0.0,7.846323555561207e-05,0.0037341857800627766,0.004048
MgSO4,7.678,0.10124,0.1,0.0,0.0,0.0,0.06460798324427439,0.06460803615257307,0.0,0.0,0.0,0.0,0.03663186463097041,0.25843223985242714,0.40496
MgSO4,8.025,0.10124,0.1,0.0,0.0,0.0,0.06462843551122673,0.06462848895911243,0.0,0.0,0.0,0.0,0.036611409712039016,0.25851405352332163,0.40496
MgSO4,8.29,0.010124,0.1,0.0,0.0,0.0,0.00783602996339625,0.007836049248810479,0.0,0.0,0.0,0.0,0.002287933634868275,0.031344246160842464,0.040496
MgSO4,8.38,0.010124,0.1,0.0,0.0,0.0,0.007835912192827714,0.007835931536961445,0.0,0.0,0.0,0.0,0.0022880512457843553,0.031343775575188505,0.040496
MgSO4,8.46,0.10124,0.1,0.0,0.0,0.0,0.06465279781118187,0.06465285193762879,0.0,0.0,0.0,0.0,0.036587044024761026,0.2586115085775689,0.40496
MgSO4,8.565,0.010124,0.1,0.0,0.0,0.0,0.00783565438445072,0.007835673849633991,0.0,0.0,0.0,0.0,0.002288308723831347,0.03134274536756507,0.040496
MgSO4,8.68,0.001012,0.1,0.0,0.0,0.0,0.0009333663485000442,0.00093337070884972,0.0,0.0,0.0,0.0,7.862673197397292e-05,0.003733533686089751,0.004048
MgSO4,9.12,0.001012,0.1,0.0,0.0,0.0,0.0009332915197489516,0.0009332959504977459,0.0,0.0,0.0,0.0,7.870141342789857e-05,0.0037332357247173865,0.004048
MgSO4,9.139,0.010124,0.1,0.0,0.0,0.0,0.007834721580460282,0.007834741424182532,0.0,0.0,0.0,0.0,0.0022892404842154495,0.03133901737821325,0.040496
MgSO4,9.37,0.010124,0.1,0.0,0.0,0.0,0.00783429030919687,0.007834310306507842,0.0,0.0,0.0,0.0,0.002289671327396532,0.03133729361043801,0.040496
MgSO4,9.62,0.10124,0.1,0.0,0.0,0.0,0.06471103275004751,0.06471108869637136,0.0,0.0,0.0,0.0,0.03652879970140988,0.2588444644110674,0.40496
MgSO4,9.72,0.010124,0.1,0.0,0.0,0.0,0.00783357685456754,0.00783359708593829,0.0,0.0,0.0,0.0,0.0022903841244137184,0.0313344418085182,0.040496
MgSO4,9.76,0.001012,0.1,0.0,0.0,0.0,0.0009331729680051858,0.0009331775027768617,0.0,0.0,0.0,0.0,7.881974527657214e-05,0.003732763523929546,0.004048
MgSO4,9.95,0.010124,0.1,0.0,0.0,0.0,0.007833069115083123,0.007833089501141649,0.0,0.0,0.0,0.0,0.0022908914257766537,0.031332412189459515,0.040496
MgSO4,10.382,0.10124,0.1,0.0,0.0,0.0,0.06474415480070159,0.06474421194948228,0.0,0.0,0.0,0.0,0.036495671197825055,0.25897696355358496,0.40496
MgSO4,11.041,0.001012,0.1,0.0,0.0,0.0,0.0009329021841598561,0.0009329069329185099,0.0,0.0,0.0,0.0,7.909006818777017e-05,0.0037316845391332986,0.004048
MgSO4,11.919,0.010124,0.1,0.0,0.0,0.0,0.007827506737818554,0.00782752847567529,0.0,0.0,0.0,0.0,0.002296449850955032,0.031310174596168035,0.040496
MgSO4,12.252,0.10124,0.1,0.0,0.0,0.0,0.06480918075484705,0.06480924087089408,0.0,0.0,0.0,0.0,0.03643062838261491,0.2592370955404121,0.40496
MgSO4,12.31,0.010124,0.1,0.0,0.0,0.0,0.00782615269845865,0.007826174710399748,0.0,0.0,0.0,0.0,0.0022978030609455695,0.03130476090374137,0.040496
MgSO4,12.645,0.10124,0.1,0.0,0.0,0.0,0.06482004245733582,0.06482010319884578,0.0,0.0,0.0,0.0,0.03641976294288582,0.25928054851740145,0.40496
MgSO4,12.74,0.010124,0.1,0.0,0.0,0.0,0.007824571920820002,0.007824594236244261,0.0,0.0,0.0,0.0,0.0022993829087346786,0.03129844054274143,0.040496
MgSO4,13.06,0.001012,0.1,0.0,0.0,0.0,0.0009323891333389492,0.000932394234935354,0.0,0.0,0.0,0.0,7.960233287934498e-05,0.0037296392542398916,0.004048
MgSO4,13.122,0.010124,0.1,0.0,0.0,0.0,0.007823088390625321,0.007823110977424491,0.0,0.0,0.0,0.0,0.0023008655970014453,0.03129250889890076,0.040496
MgSO4,13.3,0.010124,0.1,0.0,0.0,0.0,0.007822372008651081,0.0078223947224595,0.0,0.0,0.0,0.0,0.002301581581488228,0.03128964453629346,0.040496
MgSO4,13.56,0.10124,0.1,0.0,0.0,0.0,0.06484173481785585,0.06484179701646162,0.0,0.0,0.0,0.0,0.03639806160799808,0.2593673326611671,0.40496
MgSO4,13.85,0.10124,0.1,0.0,0.0,0.0,0.06484758463216729,0.0648476472925849,0.0,0.0,0.0,0.0,0.036392208867695154,0.2593907366799077,0.40496
MgSO4,14.06,0.10124,0.1,0.0,0.0,0.0,0.06485151896563217,0.06485158196039637,0.0,0.0,0.0,0.0,0.03638827239035871,0.25940647749283674,0.40496
MgSO4,14.123,0.10124,0.1,0.0,0.0,0.0,0.06485265024144293,0.06485271333649525,0.0,0.0,0.0,0.0,0.03638714046724919,0.2594110036449236,0.40496
MgSO4,14.193,0.10124,0.1,0.0,0.0,0.0,0.06485388083759987,0.06485394404407331,0.0,0.0,0.0,0.0,0.0363859091496206,0.25941592719771644,0.40496
MgSO4,20.0,0.0249,0.1,0.0,0.0,0.0,0.01781028348709044,0.01781032497224328,0.0,0.0,0.0,0.0,0.00708960280517453,0.07124141812463007,0.0996
MgSO4,20.0,0.3323,0.1,0.0,0.0,0.0,0.1770090341355827,0.1770091635109314,0.0,0.0,0.0,0.0,0.15529030652500797,0.7080371311910304,1.3292
MgSO4,20.0,0.6646,0.1,0.0,0.0,0.0,0.2719529521218708,0.2719531535078795,0.0,0.0,0.0,0.0,0.39264586477334634,1.0878134576517808,2.6584
MgSO4,20.0,0.997,0.1,0.0,0.0,0.0,0.30839840873857227,0.3083986782087967,0.0,0.0,0.0,0.0,0.6885998709616176,1.2335959572175554,3.988
MgSO4,20.0,1.4124,0.1,0.0,0.0,0.0,0.30281882984277037,0.3028191843550053,0.0,0.0,0.0,0.0,1.1095787568986444,1.2112785224123264,5.6496
MgSO4,20.0,1.6616,0.1,0.0,0.0,0.0,0.28420480521694746,0.2842052130276903,0.0,0.0,0.0,0.0,1.3773923553579617,1.1368229759964252,6.6464
MgSO4,24.850000000000023,0.005,0.1,0.0,0.0,0.0,0.004065887216595425,0.004065909025031121,0.0,0.0,0.0,0.0,0.0009340626680933139,0.01626374693454882,0.02
MgSO4,24.850000000000023,0.005,98.1,0.0,0.0,0.0,0.004176219898649634,0.004176231137315971,0.0,0.0,0.0,0.0,0.0008237487182391822,0.016705099732623137,0.02
MgSO4,24.850000000000023,0.005,196.1,0.0,0.0,0.0,0.004138518551015258,0.004138522956388881,0.0,0.0,0.0,0.0,0.0008614607977812818,0.01655434468623964,0.02
MgSO4,24.850000000000023,0.005,294.2,0.0,0.0,0.0,0.00400196637576885,0.0040019664870121424,0.0,0.0,0.0,0.0,0.0009980195583694999,0.01600821158540166,0.02
MgSO4,24.850000000000023,0.005,392.3,0.0,0.0,0.0,0.0037788777962545657,0.0037788752084974104,0.0,0.0,0.0,0.0,0.0012211124444376001,0.015115958012935934,0.02
MgSO4,24.850000000000023,0.005,490.3,0.0,0.0,0.0,0.003475665398306285,0.0034756611734413985,0.0,0.0,0.0,0.0,0.0015243278024526339,0.01390323625350303,0.02
MgSO4,24.850000000000023,0.005,588.4,0.0,0.0,0.0,0.0031153885886348555,0.003115383494651378,0.0,0.0,0.0,0.0,0.0018846067254204228,0.01246228849740924,0.02
MgSO4,24.850000000000023,0.005,686.5,0.0,0.0,0.0,0.002709344429584558,0.002709339033435147,0.0,0.0,0.0,0.0,0.0022906523961545035,0.010838306712997455,0.02
MgSO4,24.850000000000023,0.005,784.6,0.0,0.0,0.0,0.002285118536252429,0.002285113247277994,0.0,0.0,0.0,0.0,0.0027148793693724626,0.009141638555584706,0.02
MgSO4,24.850000000000023,0.01,0.1,0.0,0.0,0.0,0.007659648162850509,0.007659679428213853,0.0,0.0,0.0,0.0,0.002340271851227825,0.030638840358283164,0.04
MgSO4,24.850000000000023,0.01,98.1,0.0,0.0,0.0,0.007887207519197552,0.007887224807889464,0.0,0.0,0.0,0.0,0.0021127409054143035,0.031549086728759286,0.04
MgSO4,24.850000000000023,0.01,196.1,0.0,0.0,0.0,0.007781054376482527,0.007781061359144587,0.0,0.0,0.0,0.0,0.0022189112924587908,0.03112451517895251,0.04
MgSO4,24.850000000000023,0.01,294.2,0.0,0.0,0.0,0.007452964700090663,0.007452964826631852,0.0,0.0,0.0,0.0,0.0025470119394794977,0.02981222692719225,0.04
MgSO4,24.850000000000023,0.01,392.3,0.0,0.0,0.0,0.006943635066826503,0.0069436308316139905,0.0,0.0,0.0,0.0,0.003056348869737967,0.027775007514011858,0.04
MgSO4,24.850000000000023,0.01,490.3,0.0,0.0,0.0,0.00628467763664774,0.006284670810505418,0.0,0.0,0.0,0.0,0.003715311328136107,0.025139306954572584,0.04
MgSO4,24.850000000000023,0.01,588.4,0.0,0.0,0.0,0.005545711752906701,0.0055457036300027305,0.0,0.0,0.0,0.0,0.0044542807752345134,0.022183606857773205,0.04
MgSO4,24.850000000000023,0.01,686.5,0.0,0.0,0.0,0.00474950105981585,0.004749492573045334,0.0,0.0,0.0,0.0,0.005250493978685444,0.018998965168141424,0.04
MgSO4,24.850000000000023,0.01,784.6,0.0,0.0,0.0,0.003949821134843577,0.003949812925124968,0.0,0.0,0.0,0.0,0.006050175666272768,0.015800489246638034,0.04
MgSO4,25.0,0.0249,0.1,0.0,0.0,0.0,0.01772388802107565,0.017723934637964296,0.0,0.0,0.0,0.0,0.00717596743726491,0.07089589768946379,0.0996
MgSO4,25.0,0.3323,0.1,0.0,0.0,0.0,0.1785585997197159,0.1785587407915056,0.0,0.0,0.0,0.0,0.1537405705139343,0.7142356068241391,1.3292
MgSO4,25.0,0.6646,0.1,0.0,0.0,0.0,0.27929823290428846,0.2792984503296309,0.0,0.0,0.0,0.0,0.3853003055270889,1.117194907338622,2.6584
MgSO4,25.0,0.997,0.1,0.0,0.0,0.0,0.3232595870465599,0.323259873314384,0.0,0.0,0.0,0.0,0.6737383246860137,1.2930410869380002,3.988
MgSO4,25.0,1.4124,0.1,0.0,0.0,0.0,0.3262057056614586,0.3262060727280539,0.0,0.0,0.0,0.0,1.086191425373498,1.304826523017852,5.6496
MgSO4,25.0,1.6616,0.1,0.0,0.0,0.0,0.31135535531813674,0.31135577039598916,0.0,0.0,0.0,0.0,1.3502413102047843,1.2454257045044628,6.6464
MgSO4,49.85000000000002,0.005,0.1,0.0,0.0,0.0,0.003932691032818342,0.003932722647865408,0.0,0.0,0.0,0.0,0.001067152083495293,0.015731234903667558,0.02
MgSO4,49.85000000000002,0.005,98.1,0.0,0.0,0.0,0.004029454621996434,0.004029461726608536,0.0,0.0,0.0,0.0,0.0009704451295469772,0.016118312535115902,0.02
MgSO4,49.85000000000002,0.005,196.1,0.0,0.0,0.0,0.003977448001777922,0.003977437150536636,0.0,0.0,0.0,0.0,0.0010224850074440246,0.01591036907006046,0.02
MgSO4,49.85000000000002,0.005,294.2,0.0,0.0,0.0,0.0038252638248925134,0.0038252406912616618,0.0,0.0,0.0,0.0,0.0011746901611650738,0.015301767490728698,0.02
MgSO4,49.85000000000002,0.005,392.3,0.0,0.0,0.0,0.003588913786231748,0.003588882574600271,0.0,0.0,0.0,0.0,0.0014110541785150562,0.014356552517069342,0.02
MgSO4,49.85000000000002,0.005,490.3,0.0,0.0,0.0,0.003279611208720242,0.0032795751355321518,0.0,0.0,0.0,0.0,0.0017203664489462277,0.013119579332709465,0.02
MgSO4,49.85000000000002,0.005,588.4,0.0,0.0,0.0,0.002927753163086569,0.0029277148512571517,0.0,0.0,0.0,0.0,0.0020722314128216474,0.011712444702113838,0.02
MgSO4,49.85000000000002,0.005,686.5,0.0,0.0,0.0,0.002541829156325531,0.002541790671497869,0.0,0.0,0.0,0.0,0.0024581603426627953,0.01016911131846187,0.02
MgSO4,49.85000000000002,0.005,784.6,0.0,0.0,0.0,0.0021461556166668364,0.0021461185492999044,0.0,0.0,0.0,0.0,0.002853837373026857,0.008586852810721603,0.02
MgSO4,49.85000000000002,0.01,0.1,0.0,0.0,0.0,0.007389509155443144,0.007389551511751163,0.0,0.0,0.0,0.0,0.0026102388446508635,0.029558631155997602,0.04
MgSO4,49.85000000000002,0.01,98.1,0.0,0.0,0.0,0.007576593225432288,0.0075766029901809945,0.0,0.0,0.0,0.0,0.0024232421499509626,0.03030695182947488,0.04
MgSO4,49.85000000000002,0.01,196.1,0.0,0.0,0.0,0.007437961644032055,0.007437944357048142,0.0,0.0,0.0,0.0,0.002561927394820861,0.029752479587420378,0.04
MgSO4,49.85000000000002,0.01,294.2,0.0,0.0,0.0,0.007082160575269208,0.007082123769933819,0.0,0.0,0.0,0.0,0.0029177633877302297,0.028329391785037246,0.04
MgSO4,49.85000000000002,0.01,392.3,0.0,0.0,0.0,0.006556260842012786,0.0065562111594236125,0.0,0.0,0.0,0.0,0.0034436867293058697,0.026225968446845466,0.04
MgSO4,49.85000000000002,0.01,490.3,0.0,0.0,0.0,0.005898755275186893,0.005898698152432707,0.0,0.0,0.0,0.0,0.0041012086708532855,0.023596181274138196,0.04
MgSO4,49.85000000000002,0.01,588.4,0.0,0.0,0.0,0.005192694547735928,0.00519263438437959,0.0,0.0,0.0,0.0,0.004807280969019527,0.020772241317735324,0.04
MgSO4,49.85000000000002,0.01,686.5,0.0,0.0,0.0,0.0044481815163039465,0.004448121674649504,0.0,0.0,0.0,0.0,0.005551802102922282,0.017794562976786103,0.04
MgSO4,49.85000000000002,0.01,784.6,0.0,0.0,0.0,0.003710121952800459,0.003710064882578325,0.0,0.0,0.0,0.0,0.006289867311952943,0.014842776387630565,0.04
MgSO4,74.85000000000002,0.005,0.1,0.0,0.0,0.0,0.0037467666905418298,0.003746761320949807,0.0,0.0,0.0,0.0,0.0012527736048650476,0.014988034111027355,0.02
MgSO4,74.85000000000002,0.005,98.1,0.0,0.0,0.0,0.0038681964287614356,0.003868135232107159,0.0,0.0,0.0,0.0,0.0011315052657325318,0.015473721149296855,0.02
MgSO4,74.85000000000002,0.005,196.1,0.0,0.0,0.0,0.003829117416975308,0.003829010325838058,0.0,0.0,0.0,0.0,0.0011706808056727344,0.01531749582400407,0.02
MgSO4,74.85000000000002,0.005,294.2,0.0,0.0,0.0,0.0036874595926266918,0.0036873182608653694,0.0,0.0,0.0,0.0,0.0013124006112304428,0.014751058220342289,0.02
MgSO4,74.85000000000002,0.005,392.3,0.0,0.0,0.0,0.0034646862616158317,0.003464520941820737,0.0,0.0,0.0,0.0,0.0015352157180847162,0.013860253693816509,0.02
MgSO4,74.85000000000002,0.005,490.3,0.0,0.0,0.0,0.0031751122227799676,0.0031749317926833835,0.0,0.0,0.0,0.0,0.0018248188923839005,0.012702341193481159,0.02
MgSO4,74.85000000000002,0.005,588.4,0.0,0.0,0.0,0.002852092649122576,0.002851905089326898,0.0,0.0,0.0,0.0,0.0021478593205736295,0.011410754859803373,0.02
MgSO4,74.85000000000002,0.005,686.5,0.0,0.0,0.0,0.0024987375627559287,0.002498549570037082,0.0,0.0,0.0,0.0,0.0025012292765851383,0.009997938801216043,0.02
MgSO4,74.85000000000002,0.005,784.6,0.0,0.0,0.0,0.002134996392747544,0.002134813537321782,0.0,0.0,0.0,0.0,0.0028649810282712997,0.008543701070533722,0.02
MgSO4,74.85000000000002,0.01,0.1,0.0,0.0,0.0,0.007020212718073107,0.007020202559768274,0.0,0.0,0.0,0.0,0.0029790433965048023,0.028082120108878228,0.04
MgSO4,74.85000000000002,0.01,98.1,0.0,0.0,0.0,0.007249384492995833,0.0072492965997105275,0.0,0.0,0.0,0.0,0.002750122855975565,0.0289986612446639,0.04
MgSO4,74.85000000000002,0.01,196.1,0.0,0.0,0.0,0.007138526954444886,0.007138367842252913,0.0,0.0,0.0,0.0,0.0028611369637580827,0.02855523407110234,0.04
MgSO4,74.85000000000002,0.01,294.2,0.0,0.0,0.0,0.006810864621623229,0.006810649497201523,0.0,0.0,0.0,0.0,0.003188903031330989,0.027244715520885796,0.04
MgSO4,74.85000000000002,0.01,392.3,0.0,0.0,0.0,0.006321192299801166,0.006320937658283803,0.0,0.0,0.0,0.0,0.003678646343005041,0.02528627518318422,0.04
MgSO4,74.85000000000002,0.01,490.3,0.0,0.0,0.0,0.005710908833181032,0.005710630078802386,0.0,0.0,0.0,0.0,0.004288979357981294,0.022845505097223263,0.04
MgSO4,74.85000000000002,0.01,588.4,0.0,0.0,0.0,0.0050680991137346506,0.005067809811037008,0.0,0.0,0.0,0.0,0.004931824176092213,0.020274757961797018,0.04
MgSO4,74.85000000000002,0.01,686.5,0.0,0.0,0.0,0.00438880593595692,0.004388517271474895,0.0,0.0,0.0,0.0,0.005611141971609545,0.01755820439994267,0.04
MgSO4,74.85000000000002,0.01,784.6,0.0,0.0,0.0,0.003709732591636215,0.003709453425556079,0.0,0.0,0.0,0.0,0.006290232518684984,0.014842665062558429,0.04
MgSO4,99.85000000000002,0.005,0.1,0.0,0.0,0.0,0.003515821569825051,0.0035156363100918167,0.0,0.0,0.0,0.0,0.0014829083271916648,0.014065155421840338,0.02
MgSO4,99.85000000000002,0.005,98.1,0.0,0.0,0.0,0.003691802129315362,0.003691476158591657,0.0,0.0,0.0,0.0,0.0013073596076828592,0.01476879087018935,0.02
MgSO4,99.85000000000002,0.005,196.1,0.0,0.0,0.0,0.0036856940542801804,0.0036852424855112363,0.0,0.0,0.0,0.0,0.001313732790582162,0.0147443234834632,0.02
MgSO4,99.85000000000002,0.005,294.2,0.0,0.0,0.0,0.00357043252526468,0.003569879252272921,0.0,0.0,0.0,0.0,0.0014291675081111554,0.014283444545510395,0.02
MgSO4,99.85000000000002,0.005,392.3,0.0,0.0,0.0,0.0033746805294097033,0.0033740499910801455,0.0,0.0,0.0,0.0,0.001625037313093512,0.013500783099373338,0.02
MgSO4,99.85000000000002,0.005,490.3,0.0,0.0,0.0,0.00311556730980171,0.0031148828004827008,0.0,0.0,0.0,0.0,0.0018842330011744329,0.012464848166996202,0.02
MgSO4,99.85000000000002,0.005,588.4,0.0,0.0,0.0,0.0028283106170895462,0.002827594543233835,0.0,0.0,0.0,0.0,0.002171548854767675,0.011316528339556481,0.02
MgSO4,99.85000000000002,0.005,686.5,0.0,0.0,0.0,0.0025106744105057952,0.00250994681733293,0.0,0.0,0.0,0.0,0.0024892273077066402,0.01004687937481338,0.02
MgSO4,99.85000000000002,0.005,784.6,0.0,0.0,0.0,0.0021788218720119245,0.0021781007311117906,0.0,0.0,0.0,0.0,0.0028211100317911404,0.008720565120997031,0.02
MgSO4,99.85000000000002,0.01,0.1,0.0,0.0,0.0,0.006574840284244437,0.006574606861382015,0.0,0.0,0.0,0.0,0.0034230980239336167,0.02630199685434838,0.04
MgSO4,99.85000000000002,0.01,98.1,0.0,0.0,0.0,0.0069046542486131705,0.006904222174423232,0.0,0.0,0.0,0.0,0.003093951810429016,0.02762066155386401,0.04
MgSO4,99.85000000000002,0.01,196.1,0.0,0.0,0.0,0.006861798359607603,0.006861170238663345,0.0,0.0,0.0,0.0,0.0031372362317993257,0.027448955135756608,0.04
MgSO4,99.85000000000002,0.01,294.2,0.0,0.0,0.0,0.006592909298679551,0.00659211230881127,0.0,0.0,0.0,0.0,0.003406416081914161,0.026373369802914996,0.04
MgSO4,99.85000000000002,0.01,392.3,0.0,0.0,0.0,0.006163632646516927,0.006162704113461538,0.0,0.0,0.0,0.0,0.0038358950187322295,0.024656465735461437,0.04
MgSO4,99.85000000000002,0.01,490.3,0.0,0.0,0.0,0.005618117459901724,0.005617097169679869,0.0,0.0,0.0,0.0,0.0043815526899725985,0.022474828169159432,0.04
MgSO4,99.85000000000002,0.01,588.4,0.0,0.0,0.0,0.005047860608058488,0.005046786299716856,0.0,0.0,0.0,0.0,0.004951911011555117,0.02019446120096971,0.04
MgSO4,99.85000000000002,0.01,686.5,0.0,0.0,0.0,0.004436205282303733,0.00443511121131227,0.0,0.0,0.0,0.0,0.005563637687003926,0.01774872908892127,0.04
MgSO4,99.85000000000002,0.01,784.6,0.0,0.0,0.0,0.003813337959488301,0.0038122538558630313,0.0,0.0,0.0,0.0,0.006186555042625993,0.015258381986525963,0.04
MgSO4,124.85000000000002,0.005,0.1,0.0,0.0,0.0,0.003238456952539805,0.003237832717490228,0.0,0.0,0.0,0.0,0.0017582408104513641,0.012957551836161181,0.02
MgSO4,124.85000000000002,0.005,98.1,0.0,0.0,0.0,0.0034976952245018367,0.003496712140343621,0.0,0.0,0.0,0.0,0.0015000638421457818,0.013993467720696007,0.02
MgSO4,124.85000000000002,0.005,196.1,0.0,0.0,0.0,0.003541487242704218,0.003540158993356358,0.0,0.0,0.0,0.0,0.0014569546312327396,0.01416807999697678,0.02
MgSO4,124.85000000000002,0.005,294.2,0.0,0.0,0.0,0.003464487355803232,0.0034628552497510032,0.0,0.0,0.0,0.0,0.0015344142113059341,0.01385990766861096,0.02
MgSO4,124.85000000000002,0.005,392.3,0.0,0.0,0.0,0.0033041539534166475,0.003302269495809934,0.0,0.0,0.0,0.0,0.0016950658252297194,0.013218735066635208,0.02
MgSO4,124.85000000000002,0.005,490.3,0.0,0.0,0.0,0.003080891222190685,0.0030788087846185617,0.0,0.0,0.0,0.0,0.0019185532001815585,0.012326154659573181,0.02
MgSO4,124.85000000000002,0.005,588.4,0.0,0.0,0.0,0.002832340980569927,0.0028301156287105713,0.0,0.0,0.0,0.0,0.002167265406585138,0.01133275101657135,0.02
MgSO4,124.85000000000002,0.005,686.5,0.0,0.0,0.0,0.0025515357291856474,0.0025492206110717223,0.0,0.0,0.0,0.0,0.002448186466331135,0.01021064633852848,0.02
MgSO4,124.85000000000002,0.005,784.6,0.0,0.0,0.0,0.0022516136033139287,0.002249259873024005,0.0,0.0,0.0,0.0,0.00274819152405554,0.009012402675469789,0.02
MgSO4,124.85000000000002,0.01,0.1,0.0,0.0,0.0,0.0060545279570810165,0.006053785314310427,0.0,0.0,0.0,0.0,0.003940137264234078,0.02422377580163068,0.04
MgSO4,124.85000000000002,0.01,98.1,0.0,0.0,0.0,0.006537218579522599,0.0065359951582646585,0.0,0.0,0.0,0.0,0.003459053995735445,0.02615281118470218,0.04
MgSO4,124.85000000000002,0.01,196.1,0.0,0.0,0.0,0.006593179512516457,0.006591447706139236,0.0,0.0,0.0,0.0,0.003404175525637505,0.026375502093669706,0.04
MgSO4,124.85000000000002,0.01,294.2,0.0,0.0,0.0,0.006404466341386311,0.006402254208253833,0.0,0.0,0.0,0.0,0.0035936518866808015,0.02561995769882092,0.04
MgSO4,124.85000000000002,0.01,392.3,0.0,0.0,0.0,0.006049913033419243,0.006047284999191407,0.0,0.0,0.0,0.0,0.003948752093822467,0.024201476901305065,0.04
MgSO4,124.85000000000002,0.01,490.3,0.0,0.0,0.0,0.0055775178719854246,0.005574557101018357,0.0,0.0,0.0,0.0,0.004421540421997436,0.02231203560958362,0.04
MgSO4,124.85000000000002,0.01,588.4,0.0,0.0,0.0,0.005083744981844662,0.005080536876435581,0.0,0.0,0.0,0.0,0.004915597377752678,0.020337508431295673,0.04
MgSO4,124.85000000000002,0.01,686.5,0.0,0.0,0.0,0.00454074566596041,0.0045373779256252895,0.0,0.0,0.0,0.0,0.005458797873116974,0.018166486118227146,0.04
MgSO4,124.85000000000002,0.01,784.6,0.0,0.0,0.0,0.0039735679384627605,0.003970124276181677,0.0,0.0,0.0,0.0,0.0060261173755804245,0.015899159439790148,0.04
MgSO4,149.85000000000002,0.005,0.1,0.0,0.0,0.0,0.002911577438030822,0.002910184420413639,0.0,0.0,0.0,0.0,0.0020804234553362467,0.011654177123393205,0.02
MgSO4,149.85000000000002,0.005,98.1,0.0,0.0,0.0,0.003281893606628791,0.0032796880635449074,0.0,0.0,0.0,0.0,0.0017124420003477667,0.013132753724415632,0.02
MgSO4,149.85000000000002,0.005,196.1,0.0,0.0,0.0,0.0033921691353497505,0.0033891227614273427,0.0,0.0,0.0,0.0,0.0016037806300007223,0.01357195313269304,0.02
MgSO4,149.85000000000002,0.005,294.2,0.0,0.0,0.0,0.0033633507807448197,0.003359500739457754,0.0,0.0,0.0,0.0,0.0016337381766679453,0.013455427652620042,0.02
MgSO4,149.85000000000002,0.005,392.3,0.0,0.0,0.0,0.003244484684766255,0.0032399088299771947,0.0,0.0,0.0,0.0,0.0017534197261146565,0.012979287201234294,0.02
MgSO4,149.85000000000002,0.005,490.3,0.0,0.0,0.0,0.0030604112092033338,0.0030552083100282472,0.0,0.0,0.0,0.0,0.0019380817070975464,0.012242850084200186,0.02
MgSO4,149.85000000000002,0.005,588.4,0.0,0.0,0.0,0.0028522987809910124,0.0028465751031350895,0.0,0.0,0.0,0.0,0.0021466252174522677,0.01141079806074108,0.02
MgSO4,149.85000000000002,0.005,686.5,0.0,0.0,0.0,0.0026090901984244463,0.0026029591397342274,0.0,0.0,0.0,0.0,0.0023901444307672217,0.010438889573702714,0.02
MgSO4,149.85000000000002,0.005,784.6,0.0,0.0,0.0,0.0023416302424557212,0.0023352087917485977,0.0,0.0,0.0,0.0,0.002657828006943333,0.009370510496648035,0.02
MgSO4,149.85000000000002,0.01,0.1,0.0,0.0,0.0,0.005455267542708116,0.005453664876502322,0.0,0.0,0.0,0.0,0.004531947571009811,0.021833548914289392,0.04
MgSO4,149.85000000000002,0.01,98.1,0.0,0.0,0.0,0.006139005726972496,0.006136386167648817,0.0,0.0,0.0,0.0,0.0038516543198883137,0.02456447066614928,0.04
MgSO4,149.85000000000002,0.01,196.1,0.0,0.0,0.0,0.006322672762752205,0.006318911682873182,0.0,0.0,0.0,0.0,0.0036704694199375053,0.025296016096491944,0.04
MgSO4,149.85000000000002,0.01,294.2,0.0,0.0,0.0,0.006230789474835431,0.006225857865483771,0.0,0.0,0.0,0.0,0.003764191428610405,0.024926094672248995,0.04
MgSO4,149.85000000000002,0.01,392.3,0.0,0.0,0.0,0.005960697079680138,0.005954654826599153,0.0,0.0,0.0,0.0,0.004035660327653862,0.023844022567998516,0.04
MgSO4,149.85000000000002,0.01,490.3,0.0,0.0,0.0,0.00556633511697961,0.005559305186215481,0.0,0.0,0.0,0.0,0.004431048377724138,0.02226555020866105,0.04
MgSO4,149.85000000000002,0.01,588.4,0.0,0.0,0.0,0.005151729298222314,0.00514385241132304,0.0,0.0,0.0,0.0,0.004846418303275104,0.020606797957254713,0.04
MgSO4,149.85000000000002,0.01,686.5,0.0,0.0,0.0,0.004678840752077378,0.0046702883655678285,0.0,0.0,0.0,0.0,0.005319858648446268,0.018715611199319505,0.04
MgSO4,149.85000000000002,0.01,784.6,0.0,0.0,0.0,0.004168684606028042,0.004159636277366695,0.0,0.0,0.0,0.0,0.00583040901316358,0.016676046385744204,0.04
NH4Cl,-10.0,0.187,0.1,0.0,0.1869999012267796,0.0,0.0,0.0,0.18699741866924718,0.0,0.0,0.0,0.0,0.18699990151521378,0.187
NH4Cl,-10.0,0.9348,0.1,0.0,0.9347994136600242,0.0,0.0,0.0,0.9347943946728102,0.0,0.0,0.0,0.0,0.9347994138438227,0.9348
NH4Cl,-10.0,1.4021,0.1,0.0,1.4020991666175961,0.0,0.0,0.0,1.4020933062997956,0.0,0.0,0.0,0.0,1.4020991667795817,1.4021
NH4Cl,-10.0,1.8005,0.1,0.0,1.8004990002495336,0.0,0.0,0.0,1.8004925959306048,0.0,0.0,0.0,0.0,1.8004990003980201,1.8005
NH4Cl,-6.0,0.187,0.1,0.0,0.1869998963203432,0.0,0.0,0.0,0.18699692630509396,0.0,0.0,0.0,0.0,0.18699989669773348,0.187
NH4Cl,-6.0,0.9348,0.1,0.0,0.9347993820050579,0.0,0.0,0.0,0.9347933528090453,0.0,0.0,0.0,0.0,0.9347993822445576,0.9348
NH4Cl,-6.0,1.4021,0.1,0.0,1.4020991205381426,0.0,0.0,0.0,1.4020920719510794,0.0,0.0,0.0,0.0,1.4020991207489581,1.4021
NH4Cl,-6.0,1.8005,0.1,0.0,1.8004989442793715,0.0,0.0,0.0,1.8004912363323275,0.0,0.0,0.0,0.0,1.8004989444724924,1.8005
NH4Cl,-3.0,0.187,0.1,0.0,0.18699989183189336,0.0,0.0,0.0,0.18699650752856414,0.0,0.0,0.0,0.0,0.18699989228797698,0.187
NH4Cl,-3.0,0.9348,0.1,0.0,0.9347993536287958,0.0,0.0,0.0,0.9347924661005085,0.0,0.0,0.0,0.0,0.9347993539175099,0.9348
NH4Cl,-3.0,1.4021,0.1,0.0,1.4020990794525883,0.0,0.0,0.0,1.402091021246771,0.0,0.0,0.0,0.0,1.4020990797065298,1.4021
NH4Cl,-3.0,1.8005,0.1,0.0,1.8004988945103728,0.0,0.0,0.0,1.8004900789152876,0.0,0.0,0.0,0.0,1.8004988947429053,1.8005
NH4Cl,-1.0,0.187,0.1,0.0,0.18699988845658314,0.0,0.0,0.0,0.1869962027489722,0.0,0.0,0.0,0.0,0.18699988897132644,0.187
NH4Cl,-1.0,0.9348,0.1,0.0,0.9347993324852237,0.0,0.0,0.0,0.9347918205747648,0.0,0.0,0.0,0.0,0.9347993328105959,0.9348
NH4Cl,-1.0,1.4021,0.1,0.0,1.402099048915732,0.0,0.0,0.0,1.4020902562724211,0.0,0.0,0.0,0.0,1.4020990492017886,1.4021
NH4Cl,-1.0,1.8005,0.1,0.0,1.8004988575668535,0.0,0.0,0.0,1.8004892362151284,0.0,0.0,0.0,0.0,1.8004988578287313,1.8005
NH4Cl,5.0,0.000977,0.1,0.0,0.0009769999115666719,0.0,0.0,0.0,0.0009766489295665052,0.0,0.0,0.0,0.0,0.0009770055215158786,0.000977
NH4Cl,5.0,0.00965,0.1,0.0,0.009649997613024541,0.0,0.0,0.0,0.0096488894326241,0.0,0.0,0.0,0.0,0.009649999662985633,0.00965
NH4Cl,5.0,0.09765,0.1,0.0,0.0976499454131605,0.0,0.0,0.0,0.09764648214398232,0.0,0.0,0.0,0.0,0.09764994629547236,0.09765
NH4Cl,5.0,0.187,0.1,0.0,0.18699987635868895,0.0,0.0,0.0,0.1869951545755171,0.0,0.0,0.0,0.0,0.18699987708224405,0.187
NH4Cl,5.0,0.4735,0.1,0.0,0.47349963030904535,0.0,0.0,0.0,0.47349240570884504,0.0,0.0,0.0,0.0,0.47349963086184044,0.4735
NH4Cl,5.0,0.9348,0.1,0.0,0.9347992453396392,0.0,0.0,0.0,0.9347896061592124,0.0,0.0,0.0,0.0,0.9347992457896621,0.9348
NH4Cl,5.0,1.034,0.1,0.0,1.0339991691981514,0.0,0.0,0.0,1.0339891335127593,0.0,0.0,0.0,0.0,1.0339991696336321,1.034
NH4Cl,5.0,1.4021,0.1,0.0,1.4020989121450471,0.0,0.0,0.0,1.4020876332991092,0.0,0.0,0.0,0.0,1.402098912536915,1.4021
NH4Cl,5.0,1.8005,0.1,0.0,1.8004986806208454,0.0,0.0,0.0,1.800486347145402,0.0,0.0,0.0,0.0,1.8004986809767445,1.8005
NH4Cl,10.0,0.000977,0.1,0.0,0.0009769999028992184,0.0,0.0,0.0,0.0009765726745355377,0.0,0.0,0.0,0.0,0.0009770071889494633,0.000977
NH4Cl,10.0,0.00965,0.1,0.0,0.009649997381232263,0.0,0.0,0.0,0.009648647702711914,0.0,0.0,0.0,0.0,0.009650000046465289,0.00965
NH4Cl,10.0,0.09765,0.1,0.0,0.09764994005612482,0.0,0.0,0.0,0.09764571978450005,0.0,0.0,0.0,0.0,0.09764994120274784,0.09765
NH4Cl,10.0,0.4735,0.1,0.0,0.47349959032318095,0.0,0.0,0.0,0.47349077953183505,0.0,0.0,0.0,0.0,0.47349959103641037,0.4735
NH4Cl,10.0,1.034,0.1,0.0,1.0339990664546124,0.0,0.0,0.0,1.033986829316364,0.0,0.0,0.0,0.0,1.0339990670101642,1.034
NH4Cl,20.0,0.187,0.1,0.0,0.18699983188222843,0.0,0.0,0.0,0.1869914547077147,0.0,0.0,0.0,0.0,0.18699983337951712,0.187
NH4Cl,20.0,0.9348,0.1,0.0,0.9347989163328357,0.0,0.0,0.0,0.9347818121066139,0.0,0.0,0.0,0.0,0.9347989172240998,0.9348
NH4Cl,20.0,1.4021,0.1,0.0,1.4020983841302206,0.0,0.0,0.0,1.4020784133302513,0.0,0.0,0.0,0.0,1.402098384885147,1.4021
NH4Cl,20.0,1.8005,0.1,0.0,1.8004979837069224,0.0,0.0,0.0,1.800476200926416,0.0,0.0,0.0,0.0,1.8004979843766922,1.8005
NH4Cl,25.0,0.000977,0.1,0.0,0.0009769998662528584,0.0,0.0,0.0,0.0009762586215947231,0.0,0.0,0.0,0.0,0.0009770142241038032,0.000977
NH4Cl,25.0,0.00965,0.1,0.0,0.009649996400782714,0.0,0.0,0.0,0.009647651829859516,0.0,0.0,0.0,0.0,0.009650001667771038,0.00965
NH4Cl,25.0,0.09765,0.1,0.0,0.09764991743540984,0.0,0.0,0.0,0.09764257998598286,0.0,0.0,0.0,0.0,0.09764991969983816,0.09765
NH4Cl,25.0,0.187,0.1,0.0,0.18699981158071474,0.0,0.0,0.0,0.18698980053863623,0.0,0.0,0.0,0.0,0.1869998134272317,0.187
NH4Cl,25.0,0.4735,0.1,0.0,0.4734994210650726,0.0,0.0,0.0,0.4734840910265893,0.0,0.0,0.0,0.0,0.4734994224456614,0.4735
NH4Cl,25.0,0.9348,0.1,0.0,0.9347987639013619,0.0,0.0,0.0,0.9347783347924092,0.0,0.0,0.0,0.0,0.9347987649851701,0.9348
NH4Cl,25.0,1.034,0.1,0.0,1.0339986260564669,0.0,0.0,0.0,1.0339773676176307,0.0,0.0,0.0,0.0,1.0339986270970871,1.034
NH4Cl,25.0,1.4021,0.1,0.0,1.4020981361943654,0.0,0.0,0.0,1.4020743037404497,0.0,0.0,0.0,0.0,1.402098137104086,1.4021
NH4Cl,25.0,1.8005,0.1,0.0,1.8004976523311924,0.0,0.0,0.0,1.8004716812229729,0.0,0.0,0.0,0.0,1.8004976531320724,1.8005
NH4Cl,35.0,0.000977,0.1,0.0,0.000976999830468943,0.0,0.0,0.0,0.0009759599563121563,0.0,0.0,0.0,0.0,0.0009770208199757903,0.000977
NH4Cl,35.0,0.00965,0.1,0.0,0.009649995447452887,0.0,0.0,0.0,0.009646704746273854,0.0,0.0,0.0,0.0,0.009650003166174155,0.00965
NH4Cl,35.0,0.09765,0.1,0.0,0.09764989582777385,0.0,0.0,0.0,0.09763959546420571,0.0,0.0,0.0,0.0,0.09764989915777995,0.09765
NH4Cl,35.0,0.4735,0.1,0.0,0.4734992652488093,0.0,0.0,0.0,0.47347774680458327,0.0,0.0,0.0,0.0,0.4734992672743661,0.4735
NH4Cl,35.0,1.034,0.1,0.0,1.033998233998962,0.0,0.0,0.0,1.0339684227607937,0.0,0.0,0.0,0.0,1.0339982355139898,1.034
NH4Cl,45.0,0.000977,0.1,0.0,0.0009769997821301689,0.0,0.0,0.0,0.0009755703500039068,0.0,0.0,0.0,0.0,0.0009770290265718974,0.000977
NH4Cl,45.0,0.00965,0.1,0.0,0.009649994160849114,0.0,0.0,0.0,0.009645469584457323,0.0,0.0,0.0,0.0,0.00965000493916766,0.00965
NH4Cl,45.0,0.09765,0.1,0.0,0.09764986674030873,0.0,0.0,0.0,0.09763570435328785,0.0,0.0,0.0,0.0,0.09764987140700335,0.09765
NH4Cl,45.0,0.4735,0.1,0.0,0.473499054956011,0.0,0.0,0.0,0.47346948511140624,0.0,0.0,0.0,0.0,0.47349905778928797,0.4735
NH4Cl,45.0,1.034,0.1,0.0,1.0339977004422325,0.0,0.0,0.0,1.0339567915077714,0.0,0.0,0.0,0.0,1.033997702545927,1.034
NH4Cl,70.0,0.000977,0.1,0.0,0.000976999574364579,0.0,0.0,0.0,0.0009740674977145623,0.0,0.0,0.0,0.0,0.0009770560273194631,0.000977
NH4Cl,70.0,0.00965,0.1,0.0,0.009649988657616555,0.0,0.0,0.0,0.009640708666880046,0.0,0.0,0.0,0.0,0.009650009588042904,0.00965
NH4Cl,70.0,0.09765,0.1,0.0,0.09764974415844599,0.0,0.0,0.0,0.09762071356581281,0.0,0.0,0.0,0.0,0.0976497533481983,0.09765
NH4Cl,70.0,0.4735,0.1,0.0,0.4734981847518678,0.0,0.0,0.0,0.4734377205089907,0.0,0.0,0.0,0.0,0.4734981903766332,0.4735
NH4Cl,70.0,1.034,0.1,0.0,1.0339955190298291,0.0,0.0,0.0,1.0339122016343878,0.0,0.0,0.0,0.0,1.0339955231963218,1.034
NH4Cl,90.0,0.000977,0.1,0.0,0.0009769992494715139,0.0,0.0,0.0,0.0009721282174783045,0.0,0.0,0.0,0.0,0.000977082055427683,0.000977
NH4Cl,90.0,0.00965,0.1,0.0,0.00964998010514475,0.0,0.0,0.0,0.009634570093976383,0.0,0.0,0.0,0.0,0.009650010964495932,0.00965
NH4Cl,90.0,0.09765,0.1,0.0,0.09764955716708115,0.0,0.0,0.0,0.0976013898479471,0.0,0.0,0.0,0.0,0.09764957092149751,0.09765
NH4Cl,90.0,0.4735,0.1,0.0,0.4734968855649227,0.0,0.0,0.0,0.4733968422531313,0.0,0.0,0.0,0.0,0.4734968941148997,0.4735
NH4Cl,90.0,1.034,0.1,0.0,1.0339923088523628,0.0,0.0,0.0,1.0338549675526971,0.0,0.0,0.0,0.0,1.0339923152422412,1.034
Na2SO4,5.0,0.0001,0.1,0.0,0.0,0.00019991322508103903,0.0,9.991299446403315e-05,0.0,0.0,0.0,8.676972011930625e-08,0.0,0.0002998701675829549,0.00030000000000000003
Na2SO4,5.0,0.001,0.1,0.0,0.0,0.001992628577929296,0.0,0.0009926265843987387,0.0,0.0,0.0,7.371371451803454e-06,0.0,0.002985299979730454,0.003
Na2SO4,5.0,0.01,0.1,0.0,0.0,0.019527596833513548,0.0,0.009527584013908647,0.0,0.0,0.0,0.00047240267654387666,0.0,0.029055225404016907,0.03
Na2SO4,5.0,0.1001,0.1,0.0,0.0,0.18082577374579092,0.0,0.08072572486057826,0.0,0.0,0.0,0.019374221640469855,0.0,0.2615515390588115,0.3003
Na2SO4,5.0,0.1989,0.1,0.0,0.0,0.343188450787018,0.0,0.14428838483293718,0.0,0.0,0.0,0.05461154044743011,0.0,0.4874768739391964,0.5967
Na2SO4,5.0,0.4999,0.1,0.0,0.0,0.7879382838308262,0.0,0.28803819267382064,0.0,0.0,0.0,0.21186169629809964,0.0,1.0759765111555786,1.4997
Na2SO4,5.0,0.5,0.1,0.0,0.0,0.7880770001125152,0.0,0.2880769089501827,0.0,0.0,0.0,0.2119229800130393,0.0,1.0761539437127499,1.5
Na2SO4,5.0,0.75,0.1,0.0,0.0,1.1213595100827876,0.0,0.3713594087717658,0.0,0.0,0.0,0.3786404621711323,0.0,1.492718951685098,2.25
Na2SO4,10.0,0.0001,0.1,0.0,0.0,0.00019991307867512416,0.0,9.991275395842346e-05,0.0,0.0,0.0,8.691486863223203e-08,0.0,0.0002998810971017284,0.00030000000000000003
Na2SO4,10.0,0.001,0.1,0.0,0.0,0.001992624206264831,0.0,0.000992621404810579,0.0,0.0,0.0,7.375730753343026e-06,0.0,0.00298530185650266,0.003
Na2SO4,10.0,0.01,0.1,0.0,0.0,0.01952856257976956,0.0,0.009528544777489125,0.0,0.0,0.0,0.0004714368046606406,0.0,0.029057162715706502,0.03
Na2SO4,10.0,0.1001,0.1,0.0,0.0,0.18095355562356266,0.0,0.08085348919394737,0.0,0.0,0.0,0.019246438477546857,0.0,0.26180709414507963,0.3003
Na2SO4,10.0,0.1989,0.1,0.0,0.0,0.3436370429252614,0.0,0.1447369539707686,0.0,0.0,0.0,0.05416294580715588,0.0,0.4883740433332189,0.5967
Na2SO4,10.0,0.4999,0.1,0.0,0.0,0.7900753358975208,0.0,0.29017521449535183,0.0,0.0,0.0,0.20972463835235097,0.0,1.0802505919723102,1.4997
Na2SO4,10.0,0.5,0.1,0.0,0.0,0.7902147324237884,0.0,0.2902146110149237,0.0,0.0,0.0,0.20978524182166441,0.0,1.0804293850169917,1.5
Na2SO4,10.0,0.75,0.1,0.0,0.0,1.1253364546279803,0.0,0.3753363206965651,0.0,0.0,0.0,0.3746635092657425,0.0,1.5006728145096166,2.25
Na2SO4,20.0,0.5,0.1,0.0,0.0,0.7912107225971657,0.0,0.29121051405319404,0.0,0.0,0.0,0.20878923482772496,0.0,1.082421293814996,1.5
Na2SO4,20.0,0.75,0.1,0.0,0.0,1.1284339072491432,0.0,0.3784336808730776,0.0,0.0,0.0,0.3715660326395175,0.0,1.5068676414933069,2.25
Na2SO4,25.0,0.0001,0.1,0.0,0.0,0.00019990751773916194,0.0,9.990663063479387e-05,0.0,0.0,0.0,9.247041805307123e-08,0.0,0.0002999162799885261,0.00030000000000000003
Na2SO4,25.0,0.001,0.1,0.0,0.0,0.001992182278682288,0.0,0.000992174706987914,0.0,0.0,0.0,7.817604779845324e-06,0.0,0.002984459992215159,0.003
Na2SO4,25.0,0.01,0.1,0.0,0.0,0.01950571788826991,0.0,0.00950567208656809,0.0,0.0,0.0,0.0004942809268557854,0.0,0.029011487254131572,0.03
Na2SO4,25.0,0.1001,0.1,0.0,0.0,0.18048438178976717,0.0,0.08038422404290974,0.0,0.0,0.0,0.019715606187383772,0.0,0.26086868718389444,0.3003
Na2SO4,25.0,0.1989,0.1,0.0,0.0,0.3428718038310263,0.0,0.14397159799218395,0.0,0.0,0.0,0.05492817287516146,0.0,0.48684347707524533,0.5967
Na2SO4,25.0,0.4999,0.1,0.0,0.0,0.7903141467742771,0.0,0.2904138775577416,0.0,0.0,0.0,0.209485798940589,0.0,1.0807280900189604,1.4997
Na2SO4,35.0,0.0001,0.1,0.0,0.0,0.00019990050725003083,0.0,9.989881543008466e-05,0.0,0.0,0.0,9.94756132669618e-08,0.0,0.0002999453914506006,0.00030000000000000003
Na2SO4,35.0,0.001,0.1,0.0,0.0,0.0019916207358832323,0.0,0.000991606465246543,0.0,0.0,0.0,8.379094011307879e-06,0.0,0.0029833731961006384,0.003
Na2SO4,35.0,0.01,0.1,0.0,0.0,0.019476023631419707,0.0,0.00947594108440438,0.0,0.0,0.0,0.00052397457911489,0.0,0.028952097735069477,0.03
Na2SO4,35.0,0.1001,0.1,0.0,0.0,0.17980222665134307,0.0,0.07970195848989799,0.0,0.0,0.0,0.020397754566337665,0.0,0.25950429209263387,0.3003
Na2SO4,35.0,0.1989,0.1,0.0,0.0,0.34157458770562515,0.0,0.1426742431135095,0.0,0.0,0.0,0.056225375765898755,0.0,0.48424892911815276,0.5967
Na2SO4,35.0,0.4999,0.1,0.0,0.0,0.7888793573151616,0.0,0.28897891618789573,0.0,0.0,0.0,0.21092055742919025,0.0,1.0778583587936128,1.4997
Na2SO4,45.0,0.0001,0.1,0.0,0.0,0.0001998911333940249,0.0,9.988797598037189e-05,0.0,0.0,0.0,1.0884243978964875e-07,0.0,0.00029998082331874086,0.00030000000000000003
Na2SO4,45.0,0.001,0.1,0.0,0.0,0.0019908673198229957,0.0,0.0009908411014721355,0.0,0.0,0.0,9.132437367860077e-06,0.0,0.0029819075240826217,0.003
Na2SO4,45.0,0.01,0.1,0.0,0.0,0.019435828200062333,0.0,0.009435684426358566,0.0,0.0,0.0,0.0005641691376758867,0.0,0.02887168629889721,0.03
Na2SO4,45.0,0.1001,0.1,0.0,0.0,0.178828078804291,0.0,0.07872763881126169,0.0,0.0,0.0,0.021371892347905787,0.0,0.25755585202895015,0.3003
Na2SO4,45.0,0.1989,0.1,0.0,0.0,0.3395911028662843,0.0,0.14069054579094967,0.0,0.0,0.0,0.05820884092081563,0.0,0.4802817716133858,0.5967
Na2SO4,45.0,0.4999,0.1,0.0,0.0,0.7855126420650324,0.0,0.2856119437477635,0.0,0.0,0.0,0.21428722689611615,0.0,1.0711246921430588,1.4997
Na2SO4,70.0,0.0001,0.1,0.0,0.0,0.00019985694494254583,0.0,9.98433031478742e-05,0.0,0.0,0.0,1.4300331985510307e-07,0.0,0.0003000974278478505,0.00030000000000000003
Na2SO4,70.0,0.001,0.1,0.0,0.0,0.001988144961265409,0.0,0.0009880386117192624,0.0,0.0,0.0,1.1854491499992493e-05,0.0,0.0029765554846874166,0.003
Na2SO4,70.0,0.01,0.1,0.0,0.0,0.01929509399275299,0.0,0.00929459988281452,0.0,0.0,0.0,0.0007048991911148534,0.0,0.02858997744921633,0.03
Na2SO4,70.0,0.1001,0.1,0.0,0.0,0.1755903157006379,0.0,0.07548899575715257,0.0,0.0,0.0,0.024609606497512673,0.0,0.2510795161337776,0.3003
Na2SO4,70.0,0.1989,0.1,0.0,0.0,0.3330229281634286,0.0,0.13412130589434235,0.0,0.0,0.0,0.06477692121985207,0.0,0.46714442120152544,0.5967
Na2SO4,70.0,0.4999,0.1,0.0,0.0,0.7736246014372313,0.0,0.27372264668723506,0.0,0.0,0.0,0.22617505438797603,0.0,1.0473474114238588,1.4997
Na2SO4,90.0,0.0001,0.1,0.0,0.0,0.00019981613162959092,0.0,9.977616856989786e-05,0.0,0.0,0.0,1.8378066087389168e-07,0.0,0.0003002020094751366,0.00030000000000000003
Na2SO4,90.0,0.001,0.1,0.0,0.0,0.001984946904549066,0.0,0.0009846604088195403,0.0,0.0,0.0,1.5052098649949013e-05,0.0,0.0029701378712147647,0.003
Na2SO4,90.0,0.01,0.1,0.0,0.0,0.01913845621337969,0.0,0.009137309003817503,0.0,0.0,0.0,0.0008615299260109113,0.0,0.028276124923714455,0.03
Na2SO4,90.0,0.1001,0.1,0.0,0.0,0.17231186087483633,0.0,0.0722090481494064,0.0,0.0,0.0,0.027887979653522375,0.0,0.24452116262598228,0.3003
Na2SO4,90.0,0.1989,0.1,0.0,0.0,0.3265119059105865,0.0,0.1276085081487459,0.0,0.0,0.0,0.07128778951598899,0.0,0.4541206479003357,0.5967
Na2SO4,90.0,0.4999,0.1,0.0,0.0,0.7616498720047845,0.0,0.2617458653457668,0.0,0.0,0.0,0.2381494503870745,0.0,1.0233959453164718,1.4997
NaCl,-10.0,0.1711,0.1,0.0,0.16888089079311772,0.1688808901597159,0.0,0.0,0.0,0.0,0.0,0.0,0.0,0.16888091702748412,0.1711
NaCl,-10.0,0.5133,0.1,0.0,0.4987157370361502,0.4987157353774574,0.0,0.0,0.0,0.0,0.0,0.0,0.0,0.4987157654025345,0.5133
NaCl,-10.0,0.8556,0.1,0.0,0.8217362780354837,0.8217362753829334,0.0,0.0,0.0,0.0,0.0,0.0,0.0,0.821736306944381,0.8556
NaCl,-10.0,1.2834,0.1,0.0,1.2185985729745918,1.2185985690684646,0.0,0.0,0.0,0.0,0.0,0.0,0.0,1.218598601786819,1.2834
NaCl,-10.0,1.7112,0.1,0.0,1.609837297022432,1.6098372918547816,0.0,0.0,0.0,0.0,0.0,0.0,0.0,1.6098373253185418,1.7112
NaCl,-10.0,2.5667,0.1,0.0,2.3806754912515293,2.380675483601212,0.0,0.0,0.0,0.0,0.0,0.0,0.0,2.3806755179309502,2.5667
NaCl,-6.0,0.1711,0.1,0.0,0.1688930379290668,0.16889303705635625,0.0,0.0,0.0,0.0,0.0,0.0,0.0,0.1688930707121817,0.1711
NaCl,-6.0,0.5133,0.1,0.0,0.49879318494521935,0.4987931826913147,0.0,0.0,0.0,0.0,0.0,0.0,0.0,0.49879322034875395,0.5133
NaCl,-6.0,0.8556,0.1,0.0,0.8219122574240205,0.8219122538716256,0.0,0.0,0.0,0.0,0.0,0.0,0.0,0.8219122934815177,0.8556
NaCl,-6.0,1.2834,0.1,0.0,1.218928380747586,1.2189283755957085,0.0,0.0,0.0,0.0,0.0,0.0,0.0,1.21892841667202,1.2834
NaCl,-6.0,1.7112,0.1,0.0,1.6103447847099048,1.6103447779761744,0.0,0.0,0.0,0.0,0.0,0.0,0.0,1.610344819989788,1.7112
NaCl,-6.0,2.5667,0.1,0.0,2.3815845711454213,2.381584561347176,0.0,0.0,0.0,0.0,0.0,0.0,0.0,2.3815846044265894,2.5667
NaCl,-3.0,0.1711,0.1,0.0,0.1688916522670692,0.16889165118318783,0.0,0.0,0.0,0.0,0.0,0.0,0.0,0.16889169070864735,0.1711
NaCl,-3.0,0.5133,0.1,0.0,0.4987843491908073,0.4987843464118705,0.0,0.0,0.0,0.0,0.0,0.0,0.0,0.4987843906720517,0.5133
NaCl,-3.0,0.8556,0.1,0.0,0.8218921787061443,0.8218921743609255,0.0,0.0,0.0,0.0,0.0,0.0,0.0,0.8218922209356668,0.8556
NaCl,-3.0,1.2834,0.1,0.0,1.2188907473305277,1.218890741083019,0.0,0.0,0.0,0.0,0.0,0.0,0.0,1.2188907893938714,1.2834
NaCl,-3.0,1.7112,0.1,0.0,1.610286872754589,1.6102868646460182,0.0,0.0,0.0,0.0,0.0,0.0,0.0,1.6102869140614091,1.7112
NaCl,-3.0,2.5667,0.1,0.0,2.3814808211482683,2.3814808094706543,0.0,0.0,0.0,0.0,0.0,0.0,0.0,2.381480860125628,2.5667
NaCl,-1.0,0.1711,0.1,0.0,0.16888651760221882,0.16888651636090085,0.0,0.0,0.0,0.0,0.0,0.0,0.0,0.16888656020146348,0.1711
NaCl,-1.0,0.5133,0.1,0.0,0.4987516099188632,0.49875160674867364,0.0,0.0,0.0,0.0,0.0,0.0,0.0,0.4987516558644283,0.5133
NaCl,-1.0,0.8556,0.1,0.0,0.8218177848234917,0.8218177798879647,0.0,0.0,0.0,0.0,0.0,0.0,0.0,0.8218178315856385,0.8556
NaCl,-1.0,1.2834,0.1,0.0,1.218751318803212,1.2187513117409177,0.0,0.0,0.0,0.0,0.0,0.0,0.0,1.2187513653739999,1.2834
NaCl,-1.0,1.7112,0.1,0.0,1.6100723229481069,1.610072313818332,0.0,0.0,0.0,0.0,0.0,0.0,0.0,1.6100723686795724,1.7112
NaCl,-1.0,2.5667,0.1,0.0,2.3810964756509323,2.3810964625803344,0.0,0.0,0.0,0.0,0.0,0.0,0.0,2.381096518809509,2.5667
NaCl,0.0,6.04033,0.1,0.0,5.452055497597556,5.452055470940953,0.0,0.0,0.0,0.0,0.0,0.0,0.0,5.452055529797232,6.04033
NaCl,0.0,6.04033,28.5,0.0,5.366987255483381,5.366987228122733,0.0,0.0,0.0,0.0,0.0,0.0,0.0,5.366987287943719,6.04033
NaCl,0.0,6.04033,47.7,0.0,5.311045326322374,5.311045298969986,0.0,0.0,0.0,0.0,0.0,0.0,0.0,5.3110453594115405,6.04033
NaCl,0.0,6.04033,99.7,0.0,5.1812204628109315,5.181220437800964,0.0,0.0,0.0,0.0,0.0,0.0,0.0,5.181220499966644,6.04033
NaCl,0.0,6.04033,136.1,0.0,5.127103065675914,5.127103044546862,0.0,0.0,0.0,0.0,0.0,0.0,0.0,5.12710310854648,6.04033
NaCl,0.0,6.04033,150.3,0.0,5.1025065102891185,5.102506491230985,0.0,0.0,0.0,0.0,0.0,0.0,0.0,5.102506555646789,6.04033
NaCl,0.0,6.04033,190.2,0.0,5.089971926620436,5.08997191524536,0.0,0.0,0.0,0.0,0.0,0.0,0.0,5.089971982882621,6.04033
NaCl,0.0,6.04033,229.4,0.0,5.1376630288141065,5.137663028273607,0.0,0.0,0.0,0.0,0.0,0.0,0.0,5.137663102099852,6.04033
NaCl,0.0,6.04033,239.7,0.0,5.154388481548643,5.154388484528974,0.0,0.0,0.0,0.0,0.0,0.0,0.0,5.15438856036168,6.04033
NaCl,0.0,6.04033,287.7,0.0,5.2223917114484655,5.222391735332763,0.0,0.0,0.0,0.0,0.0,0.0,0.0,5.222391821011181,6.04033
NaCl,0.0,6.04033,328.9,0.0,5.345952984144723,5.34595303390359,0.0,0.0,0.0,0.0,0.0,0.0,0.0,5.345953136657937,6.04033
NaCl,5.0,0.000104,0.1,0.0,0.00010399841095289486,0.00010399840936011578,0.0,0.0,0.0,0.0,0.0,0.0,0.0,0.00010404212949701236,0.000104
NaCl,5.0,0.00099,0.1,0.0,0.0009898626603862338,0.0009898626455852547,0.0,0.0,0.0,0.0,0.0,0.0,0.0,0.0009899073892884742,0.00099
NaCl,5.0,0.01,0.1,0.0,0.009987792285072902,0.009987792146392388,0.0,0.0,0.0,0.0,0.0,0.0,0.0,0.009987839996661784,0.01
NaCl,5.0,0.1,0.1,0.0,0.0991330822342077,0.09913308110250796,0.0,0.0,0.0,0.0,0.0,0.0,0.0,0.09913313706491861,0.1
NaCl,5.0,0.1711,0.1,0.0,0.16885516998847586,0.16885516819039142,0.0,0.0,0.0,0.0,0.0,0.0,0.0,0.16885522709645123,0.1711
NaCl,5.0,0.5,0.1,0.0,0.4858122529805163,0.4858122485369804,0.0,0.0,0.0,0.0,0.0,0.0,0.0,0.4858123142344547,0.5
NaCl,5.0,0.5133,0.1,0.0,0.4984721009949875,0.4984720964523253,0.0,0.0,0.0,0.0,0.0,0.0,0.0,0.4984721623223889,0.5133
NaCl,5.0,0.8556,0.1,0.0,0.8209777689133123,0.8209777619213485,0.0,0.0,0.0,0.0,0.0,0.0,0.0,0.8209778310663194,0.8556
NaCl,5.0,0.9999,0.1,0.0,0.955260337346395,0.9552603293637475,0.0,0.0,0.0,0.0,0.0,0.0,0.0,0.9552603994420834,0.9999
NaCl,5.0,1.2834,0.1,0.0,1.216676876039447,1.216676866160471,0.0,0.0,0.0,0.0,0.0,0.0,0.0,1.2166769376176663,1.2834
NaCl,5.0,1.7112,0.1,0.0,1.6060929426170805,1.6060929299812603,0.0,0.0,0.0,0.0,0.0,0.0,0.0,1.6060930027743379,1.7112
NaCl,5.0,2.5667,0.1,0.0,2.371091472913764,2.3710914551186075,0.0,0.0,0.0,0.0,0.0,0.0,0.0,2.3710915290936763,2.5667
NaCl,10.0,0.000104,0.1,0.0,0.00010399837956007748,0.00010399837745115729,0.0,0.0,0.0,0.0,0.0,0.0,0.0,0.00010405336958551508,0.000104
NaCl,10.0,0.00099,0.1,0.0,0.0009898599992836936,0.0009898599796890149,0.0,0.0,0.0,0.0,0.0,0.0,0.0,0.000989916268139617,0.00099
NaCl,10.0,0.01,0.1,0.0,0.009987565307698282,0.009987565124147875,0.0,0.0,0.0,0.0,0.0,0.0,0.0,0.00998762534565703,0.01
NaCl,10.0,0.1,0.1,0.0,0.09911732169421328,0.0991173201975867,0.0,0.0,0.0,0.0,0.0,0.0,0.0,0.09911739065820913,0.1
NaCl,10.0,0.5,0.1,0.0,0.48547799250395235,0.4854779866701855,0.0,0.0,0.0,0.0,0.0,0.0,0.0,0.48547806919447084,0.5
NaCl,10.0,0.9999,0.1,0.0,0.9538453012374744,0.9538452908623676,0.0,0.0,0.0,0.0,0.0,0.0,0.0,0.9538453785166667,0.9999
NaCl,20.0,0.1711,0.1,0.0,0.16869197353293655,0.16869196962889219,0.0,0.0,0.0,0.0,0.0,0.0,0.0,0.16869208277292616,0.1711
NaCl,20.0,0.5,0.1,0.0,0.4845769334247482,0.4845769239194006,0.0,0.0,0.0,0.0,0.0,0.0,0.0,0.4845770492777953,0.5
NaCl,20.0,0.5133,0.1,0.0,0.49717144245990386,0.4971714327488188,0.0,0.0,0.0,0.0,0.0,0.0,0.0,0.49717155839711435,0.5133
NaCl,20.0,0.75,0.1,0.0,0.7193424132606813,0.7193424000460522,0.0,0.0,0.0,0.0,0.0,0.0,0.0,0.7193425296140392,0.75
NaCl,20.0,0.8556,0.1,0.0,0.8173427392041027,0.8173427245039923,0.0,0.0,0.0,0.0,0.0,0.0,0.0,0.8173428552672253,0.8556
NaCl,20.0,1.0,0.1,0.0,0.9503308826739921,0.9503308660031552,0.0,0.0,0.0,0.0,0.0,0.0,0.0,0.9503309980239915,1.0
NaCl,20.0,1.2834,0.1,0.0,1.2081775569151514,1.2081775365453709,0.0,0.0,0.0,0.0,0.0,0.0,0.0,1.208177670123714,1.2834
NaCl,20.0,1.5,0.1,0.0,1.402660972959424,1.4026609498906804,0.0,0.0,0.0,0.0,0.0,0.0,0.0,1.402661084085532,1.5
NaCl,20.0,1.7112,0.1,0.0,1.5903110746679887,1.590311049062248,0.0,0.0,0.0,0.0,0.0,0.0,0.0,1.5903111835175705,1.7112
NaCl,20.0,2.5667,0.1,0.0,2.332682861990472,2.332682826969571,0.0,0.0,0.0,0.0,0.0,0.0,0.0,2.3326829603413097,2.5667
NaCl,24.93,5.34161,0.1,0.0,4.509556013324834,4.509555945545851,0.0,0.0,0.0,0.0,0.0,0.0,0.0,4.509556085768873,5.34161
NaCl,24.93,5.34161,29.4,0.0,4.477556629946603,4.477556560415194,0.0,0.0,0.0,0.0,0.0,0.0,0.0,4.47755670781182,5.34161
NaCl,24.93,5.34161,52.8,0.0,4.451929203000249,4.4519291329927935,0.0,0.0,0.0,0.0,0.0,0.0,0.0,4.451929285895355,5.34161
NaCl,24.93,5.34161,79.1,0.0,4.4250201146510015,4.425020045309598,0.0,0.0,0.0,0.0,0.0,0.0,0.0,4.425020204233615,5.34161
NaCl,24.93,5.34161,104.6,0.0,4.401463149710658,4.401463082429895,0.0,0.0,0.0,0.0,0.0,0.0,0.0,4.401463247028197,5.34161
NaCl,24.93,5.34161,128.2,0.0,4.38383860498598,4.38383854103573,0.0,0.0,0.0,0.0,0.0,0.0,0.0,4.383838710913822,5.34161
NaCl,24.93,5.34161,154.0,0.0,4.362176526694371,4.362176468122349,0.0,0.0,0.0,0.0,0.0,0.0,0.0,4.362176643111787,5.34161
NaCl,24.93,5.39773,0.1,0.0,4.551321437428666,4.551321369311294,0.0,0.0,0.0,0.0,0.0,0.0,0.0,4.551321509118473,5.39773
NaCl,24.93,5.39773,26.6,0.0,4.520894589785638,4.520894519977921,0.0,0.0,0.0,0.0,0.0,0.0,0.0,4.520894666190887,5.39773
NaCl,24.93,5.39773,37.8,0.0,4.508888523307008,4.5088884530949365,0.0,0.0,0.0,0.0,0.0,0.0,0.0,4.508888602010179,5.39773
NaCl,24.93,5.39773,50.7,0.0,4.493449465970661,4.493449395525893,0.0,0.0,0.0,0.0,0.0,0.0,0.0,4.493449547365188,5.39773
NaCl,24.93,5.39773,77.2,0.0,4.465260871593312,4.4652608016530255,0.0,0.0,0.0,0.0,0.0,0.0,0.0,4.465260959509161,5.39773
NaCl,24.93,5.39773,82.6,0.0,4.460221700422347,4.460221630761993,0.0,0.0,0.0,0.0,0.0,0.0,0.0,4.460221789854803,5.39773
NaCl,24.93,5.39773,102.6,0.0,4.440447381771479,4.440447313697464,0.0,0.0,0.0,0.0,0.0,0.0,0.0,4.440447477121259,5.39773
NaCl,24.93,5.39773,126.6,0.0,4.422208441354492,4.422208376477018,0.0,0.0,0.0,0.0,0.0,0.0,0.0,4.422208545262109,5.39773
NaCl,24.93,5.39773,153.8,0.0,4.398527759669212,4.398527700281572,0.0,0.0,0.0,0.0,0.0,0.0,0.0,4.3985278743900595,5.39773
NaCl,24.93,5.39773,173.5,0.0,4.388482498211253,4.388482444210355,0.0,0.0,0.0,0.0,0.0,0.0,0.0,4.388482622599614,5.39773
NaCl,24.93,5.39773,211.6,0.0,4.372450462478267,4.372450422672126,0.0,0.0,0.0,0.0,0.0,0.0,0.0,4.372450609118243,5.39773
NaCl,24.93,5.39773,256.7,0.0,4.370871460967409,4.3708714456004145,0.0,0.0,0.0,0.0,0.0,0.0,0.0,4.370871642955576,5.39773
NaCl,24.93,5.39773,267.4,0.0,4.369185041144719,4.369185032971716,0.0,0.0,0.0,0.0,0.0,0.0,0.0,4.369185232653312,5.39773
NaCl,24.93,5.39773,316.6,0.0,4.373562008555266,4.373562041775332,0.0,0.0,0.0,0.0,0.0,0.0,0.0,4.373562253646499,5.39773
NaCl,24.93,5.39773,354.3,0.0,4.397864836624762,4.397864912974373,0.0,0.0,0.0,0.0,0.0,0.0,0.0,4.39786513779233,5.39773
NaCl,24.93,5.39773,392.3,0.0,4.417860764152989,4.417860896068987,0.0,0.0,0.0,0.0,0.0,0.0,0.0,4.417861133769383,5.39773
NaCl,24.93,5.63108,0.1,0.0,4.723970913042623,4.723970843584887,0.0,0.0,0.0,0.0,0.0,0.0,0.0,4.723970981656577,5.63108
NaCl,24.93,5.63108,27.3,0.0,4.687578210982327,4.687578139599717,0.0,0.0,0.0,0.0,0.0,0.0,0.0,4.687578283960935,5.63108
NaCl,24.93,5.63108,52.0,0.0,4.655076541689025,4.655076469486681,0.0,0.0,0.0,0.0,0.0,0.0,0.0,4.655076619347608,5.63108
NaCl,24.93,5.63108,69.8,0.0,4.633241166466853,4.633241094328018,0.0,0.0,0.0,0.0,0.0,0.0,0.0,4.63324124807329,5.63108
NaCl,24.93,5.63108,78.4,0.0,4.622627367866297,4.622627295972228,0.0,0.0,0.0,0.0,0.0,0.0,0.0,4.622627451523304,5.63108
NaCl,24.93,5.63108,103.3,0.0,4.5947348960535495,4.594734825754257,0.0,0.0,0.0,0.0,0.0,0.0,0.0,4.594734986485859,5.63108
NaCl,24.93,5.63108,127.5,0.0,4.573302556918421,4.573302489553173,0.0,0.0,0.0,0.0,0.0,0.0,0.0,4.573302655397875,5.63108
NaCl,24.93,5.63108,153.6,0.0,4.547231002816556,4.54723094031286,0.0,0.0,0.0,0.0,0.0,0.0,0.0,4.547231110960318,5.63108
NaCl,24.93,5.63108,157.6,0.0,4.545100205407722,4.5451001438204095,0.0,0.0,0.0,0.0,0.0,0.0,0.0,4.545100315334036,5.63108
NaCl,24.93,5.63108,201.5,0.0,4.516224455400202,4.5162244071697515,0.0,0.0,0.0,0.0,0.0,0.0,0.0,4.516224587024359,5.63108
NaCl,24.93,5.63108,243.0,0.0,4.516937683788372,4.516937654592311,0.0,0.0,0.0,0.0,0.0,0.0,0.0,4.516937844526011,5.63108
NaCl,24.93,5.63108,257.9,0.0,4.515130621000787,4.515130600419535,0.0,0.0,0.0,0.0,0.0,0.0,0.0,4.51513079361982,5.63108
NaCl,24.93,5.63108,305.3,0.0,4.50936322208173,4.509363236239011,0.0,0.0,0.0,0.0,0.0,0.0,0.0,4.50936343941646,5.63108
NaCl,24.93,5.63108,351.7,0.0,4.544536641847497,4.544536703890843,0.0,0.0,0.0,0.0,0.0,0.0,0.0,4.544536922796809,5.63108
NaCl,24.93,5.63108,390.5,0.0,4.568255138521012,4.568255253582392,0.0,0.0,0.0,0.0,0.0,0.0,0.0,4.568255485512756,5.63108
NaCl,25.0,0.000104,0.1,0.0,0.00010399823380261896,0.00010399822943726002,0.0,0.0,0.0,0.0,0.0,0.0,0.0,0.00010409998363370295,0.000104
NaCl,25.0,0.00099,0.1,0.0,0.0009898475816858406,0.0009898475411435094,0.0,0.0,0.0,0.0,0.0,0.0,0.0,0.0009899517425335945,0.00099
NaCl,25.0,0.01,0.1,0.0,0.00998649448906302,0.009986494109685431,0.0,0.0,0.0,0.0,0.0,0.0,0.0,0.00998660572548354,0.01
NaCl,25.0,0.02001,0.1,0.0,0.019959909063951637,0.019959908337304655,0.0,0.0,0.0,0.0,0.0,0.0,0.0,0.019960024101818165,0.02001
NaCl,25.0,0.02001,51.8,0.0,0.019966020349429146,0.019966019846977285,0.0,0.0,0.0,0.0,0.0,0.0,0.0,0.019966164127971833,0.02001
NaCl,25.0,0.02001,104.7,0.0,0.019969872797334757,0.01996987269836493,0.0,0.0,0.0,0.0,0.0,0.0,0.0,0.01997004986899402,0.02001
NaCl,25.0,0.02001,151.9,0.0,0.019972025115676095,0.01997202561764074,0.0,0.0,0.0,0.0,0.0,0.0,0.0,0.01997223557549935,0.02001
NaCl,25.0,0.02001,184.8,0.0,0.019973021376378346,0.019973022495643217,0.0,0.0,0.0,0.0,0.0,0.0,0.0,0.019973257368743984,0.02001
NaCl,25.0,0.02001,215.5,0.0,0.019973659092548123,0.019973660988723878,0.0,0.0,0.0,0.0,0.0,0.0,0.0,0.019973920721900497,0.02001
NaCl,25.0,0.02001,229.1,0.0,0.01997386599765013,0.019973868314540174,0.0,0.0,0.0,0.0,0.0,0.0,0.0,0.019974139582271157,0.02001
NaCl,25.0,0.02001,264.3,0.0,0.019974201387900417,0.01997420506530055,0.0,0.0,0.0,0.0,0.0,0.0,0.0,0.019974507676312137,0.02001
NaCl,25.0,0.02001,288.1,0.0,0.019974281781245183,0.019974286648695622,0.0,0.0,0.0,0.0,0.0,0.0,0.0,0.019974611702269118,0.02001
NaCl,25.0,0.02001,318.1,0.0,0.01997424691695183,0.019974253675907588,0.0,0.0,0.0,0.0,0.0,0.0,0.0,0.019974608563153994,0.02001
NaCl,25.0,0.02001,367.6,0.0,0.019973879051555784,0.019973890183924033,0.0,0.0,0.0,0.0,0.0,0.0,0.0,0.019974298113584983,0.02001
NaCl,25.0,0.02001,418.6,0.0,0.0199731328485216,0.01997315076520338,0.0,0.0,0.0,0.0,0.0,0.0,0.0,0.019973618421795424,0.02001
NaCl,25.0,0.05013,0.1,0.0,0.0498556250406833,0.04985562336214381,0.0,0.0,0.0,0.0,0.0,0.0,0.0,0.04985574666994755,0.05013
NaCl,25.0,0.05013,49.7,0.0,0.049886844390520324,0.04988684320061656,0.0,0.0,0.0,0.0,0.0,0.0,0.0,0.04988699502474466,0.05013
NaCl,25.0,0.05013,99.7,0.0,0.049906636246457046,0.04990663590707926,0.0,0.0,0.0,0.0,0.0,0.0,0.0,0.04990681983658099,0.05013
NaCl,25.0,0.05013,152.2,0.0,0.04991951202014986,0.04991951320110566,0.0,0.0,0.0,0.0,0.0,0.0,0.0,0.04991973475689428,0.05013
NaCl,25.0,0.05013,186.9,0.0,0.04992490284625751,0.04992490555807292,0.0,0.0,0.0,0.0,0.0,0.0,0.0,0.049925154309898585,0.05013
NaCl,25.0,0.05013,196.7,0.0,0.04992604240346462,0.04992604564671052,0.0,0.0,0.0,0.0,0.0,0.0,0.0,0.04992630241201222,0.05013
NaCl,25.0,0.05013,212.7,0.0,0.04992766681920905,0.04992767104008384,0.0,0.0,0.0,0.0,0.0,0.0,0.0,0.04992794126504713,0.05013
NaCl,25.0,0.05013,240.4,0.0,0.04992965854967813,0.04992966483784398,0.0,0.0,0.0,0.0,0.0,0.0,0.0,0.049929959352729356,0.05013
NaCl,25.0,0.05013,268.0,0.0,0.049930680379391225,0.049930689300484464,0.0,0.0,0.0,0.0,0.0,0.0,0.0,0.04993100924413485,0.05013
NaCl,25.0,0.05013,310.1,0.0,0.04993070006713755,0.049930714427539144,0.0,0.0,0.0,0.0,0.0,0.0,0.0,0.04993107559181903,0.05013
NaCl,25.0,0.05013,347.0,0.0,0.0499295064024255,0.04992952738138945,0.0,0.0,0.0,0.0,0.0,0.0,0.0,0.04992992721964004,0.05013
NaCl,25.0,0.05013,416.1,0.0,0.04992428931743408,0.04992432943929724,0.0,0.0,0.0,0.0,0.0,0.0,0.0,0.04992480755287959,0.05013
NaCl,25.0,0.1,0.1,0.0,0.09904290506160138,0.09904290197677382,0.0,0.0,0.0,0.0,0.0,0.0,0.0,0.09904303269383119,0.1
NaCl,25.0,0.10045,0.1,0.0,0.09948518065419035,0.09948517755732855,0.0,0.0,0.0,0.0,0.0,0.0,0.0,0.09948530832740549,0.10045
NaCl,25.0,0.10045,51.1,0.0,0.09959245924857821,0.09959245707772305,0.0,0.0,0.0,0.0,0.0,0.0,0.0,0.09959261825635575,0.10045
NaCl,25.0,0.10045,95.7,0.0,0.09965235749096413,0.09965235669638026,0.0,0.0,0.0,0.0,0.0,0.0,0.0,0.09965254731190505,0.10045
NaCl,25.0,0.10045,102.1,0.0,0.0996590872234671,0.09965908668585709,0.0,0.0,0.0,0.0,0.0,0.0,0.0,0.09965928175172814,0.10045
NaCl,25.0,0.10045,152.4,0.0,0.09969972224861387,0.09969972443581963,0.0,0.0,0.0,0.0,0.0,0.0,0.0,0.09969995653517144,0.10045
NaCl,25.0,0.10045,182.4,0.0,0.09971555911912061,0.09971556369787062,0.0,0.0,0.0,0.0,0.0,0.0,0.0,0.09971581966073431,0.10045
NaCl,25.0,0.10045,208.2,0.0,0.09972508611943556,0.09972509336679519,0.0,0.0,0.0,0.0,0.0,0.0,0.0,0.0997253709066311,0.10045
NaCl,25.0,0.10045,217.8,0.0,0.09972795211736005,0.09972796052882037,0.0,0.0,0.0,0.0,0.0,0.0,0.0,0.09972824638085652,0.10045
NaCl,25.0,0.10045,234.0,0.0,0.09973175834252203,0.09973176896038237,0.0,0.0,0.0,0.0,0.0,0.0,0.0,0.09973206913324506,0.10045
NaCl,25.0,0.10045,258.8,0.0,0.09973527615734556,0.09973529082569024,0.0,0.0,0.0,0.0,0.0,0.0,0.0,0.09973561362650826,0.10045
NaCl,25.0,0.10045,307.7,0.0,0.09973530800063318,0.0997353336655077,0.0,0.0,0.0,0.0,0.0,0.0,0.0,0.09973570356005432,0.10045
NaCl,25.0,0.10045,313.5,0.0,0.09973492679050545,0.09973495407926848,0.0,0.0,0.0,0.0,0.0,0.0,0.0,0.09973532981349745,0.10045
NaCl,25.0,0.10045,364.6,0.0,0.09972688923397599,0.0997269346318829,0.0,0.0,0.0,0.0,0.0,0.0,0.0,0.09972736355981296,0.10045
NaCl,25.0,0.10045,416.8,0.0,0.09971128933741741,0.09971136236222776,0.0,0.0,0.0,0.0,0.0,0.0,0.0,0.09971184857086543,0.10045
NaCl,25.0,0.1711,0.1,0.0,0.1686157531437425,0.16861574825755987,0.0,0.0,0.0,0.0,0.0,0.0,0.0,0.1686158857047851,0.1711
NaCl,25.0,0.19709,0.1,0.0,0.1939045912763513,0.1939045857716661,0.0,0.0,0.0,0.0,0.0,0.0,0.0,0.19390472510092005,0.19709
NaCl,25.0,0.19709,24.5,0.0,0.19408299853095493,0.19408299367391157,0.0,0.0,0.0,0.0,0.0,0.0,0.0,0.19408314754994338,0.19709
NaCl,25.0,0.19709,25.2,0.0,0.1940875049098522,0.19408750007433223,0.0,0.0,0.0,0.0,0.0,0.0,0.0,0.19408765437801223,0.19709
NaCl,25.0,0.19709,52.4,0.0,0.1942422099593292,0.19424220611444878,0.0,0.0,0.0,0.0,0.0,0.0,0.0,0.1942423775330157,0.19709
NaCl,25.0,0.19709,55.5,0.0,0.19425759393040068,0.19425759021958652,0.0,0.0,0.0,0.0,0.0,0.0,0.0,0.19425776365202846,0.19709
NaCl,25.0,0.19709,79.0,0.0,0.194359948381117,0.19435994585237937,0.0,0.0,0.0,0.0,0.0,0.0,0.0,0.1943601349240262,0.19709
NaCl,25.0,0.19709,103.3,0.0,0.19444455065160543,0.19444454970827915,0.0,0.0,0.0,0.0,0.0,0.0,0.0,0.19444475570647263,0.19709
NaCl,25.0,0.19709,111.7,0.0,0.1944700894861312,0.19447008919242606,0.0,0.0,0.0,0.0,0.0,0.0,0.0,0.1944703012449704,0.19709
NaCl,25.0,0.19709,129.4,0.0,0.19451677384468474,0.19451677511664514,0.0,0.0,0.0,0.0,0.0,0.0,0.0,0.19451700019979146,0.19709
NaCl,25.0,0.19709,154.5,0.0,0.19456895776603422,0.19456896178941757,0.0,0.0,0.0,0.0,0.0,0.0,0.0,0.1945692060070775,0.19709
NaCl,25.0,0.19709,182.2,0.0,0.19461270175048515,0.19461270968913982,0.0,0.0,0.0,0.0,0.0,0.0,0.0,0.19461297603072342,0.19709
NaCl,25.0,0.19709,208.7,0.0,0.1946417692211906,0.19464178197242857,0.0,0.0,0.0,0.0,0.0,0.0,0.0,0.19464207038011513,0.19709
NaCl,25.0,0.19709,210.6,0.0,0.19464360319759283,0.19464361633983968,0.0,0.0,0.0,0.0,0.0,0.0,0.0,0.19464390637374757,0.19709
NaCl,25.0,0.19709,235.2,0.0,0.19466194567321354,0.19466196451766618,0.0,0.0,0.0,0.0,0.0,0.0,0.0,0.19466227596083555,0.19709
NaCl,25.0,0.19709,263.0,0.0,0.19467159371485027,0.19467162064549795,0.0,0.0,0.0,0.0,0.0,0.0,0.0,0.19467195702389223,0.19709
NaCl,25.0,0.19709,312.1,0.0,0.1946661862144346,0.19466623288240276,0.0,0.0,0.0,0.0,0.0,0.0,0.0,0.19466661513670025,0.19709
NaCl,25.0,0.19709,312.5,0.0,0.1946660854122654,0.19466613227487836,0.0,0.0,0.0,0.0,0.0,0.0,0.0,0.1946665149156486,0.19709
NaCl,25.0,0.19709,368.0,0.0,0.19463545617175637,0.1946355368306489,0.0,0.0,0.0,0.0,0.0,0.0,0.0,0.1946359739993545,0.19709
NaCl,25.0,0.19709,419.5,0.0,0.19458343677353418,0.19458356404026597,0.0,0.0,0.0,0.0,0.0,0.0,0.0,0.1945840530115041,0.19709
NaCl,25.0,0.19898,0.1,0.0,0.19574081300070184,0.19574080745171143,0.0,0.0,0.0,0.0,0.0,0.0,0.0,0.1957409469092285,0.19898
NaCl,25.0,0.19898,28.3,0.0,0.195946747287068,0.1959467425106479,0.0,0.0,0.0,0.0,0.0,0.0,0.0,0.1959468988552614,0.19898
NaCl,25.0,0.19898,58.1,0.0,0.19611207384919477,0.19611207022452984,0.0,0.0,0.0,0.0,0.0,0.0,0.0,0.1961122454927129,0.19898
NaCl,25.0,0.19898,75.0,0.0,0.19618702619795228,0.19618702342212496,0.0,0.0,0.0,0.0,0.0,0.0,0.0,0.1961872099166653,0.19898
NaCl,25.0,0.19898,104.6,0.0,0.19629338627178783,0.19629338541663158,0.0,0.0,0.0,0.0,0.0,0.0,0.0,0.19629359248877987,0.19898
NaCl,25.0,0.19898,117.6,0.0,0.19633201468749856,0.19633201488416843,0.0,0.0,0.0,0.0,0.0,0.0,0.0,0.19633223138235067,0.19898
NaCl,25.0,0.19898,130.0,0.0,0.19636401380982113,0.19636401514810398,0.0,0.0,0.0,0.0,0.0,0.0,0.0,0.1963642408225827,0.19898
NaCl,25.0,0.19898,155.2,0.0,0.19641688790919726,0.19641689204913862,0.0,0.0,0.0,0.0,0.0,0.0,0.0,0.1964171369567669,0.19898
NaCl,25.0,0.19898,179.1,0.0,0.19645581838496262,0.19645582588870336,0.0,0.0,0.0,0.0,0.0,0.0,0.0,0.19645608984984742,0.19898
NaCl,25.0,0.19898,208.0,0.0,0.19648876903353843,0.19648878173767267,0.0,0.0,0.0,0.0,0.0,0.0,0.0,0.1964890696796969,0.19898
NaCl,25.0,0.19898,215.3,0.0,0.1964956713377635,0.19649568558313038,0.0,0.0,0.0,0.0,0.0,0.0,0.0,0.19649597978750305,0.19898
NaCl,25.0,0.19898,240.9,0.0,0.19651288945895057,0.1965129099627557,0.0,0.0,0.0,0.0,0.0,0.0,0.0,0.19651322657827372,0.19898
NaCl,25.0,0.19898,267.8,0.0,0.19652030654938366,0.19652033529483248,0.0,0.0,0.0,0.0,0.0,0.0,0.0,0.1965206761584241,0.19898
NaCl,25.0,0.19898,307.4,0.0,0.19651524551176056,0.19651529027169956,0.0,0.0,0.0,0.0,0.0,0.0,0.0,0.19651566806934095,0.19898
NaCl,25.0,0.19898,316.5,0.0,0.19651295146138092,0.1965130006702934,0.0,0.0,0.0,0.0,0.0,0.0,0.0,0.19651338724960926,0.19898
NaCl,25.0,0.19898,369.0,0.0,0.19648207291799333,0.19648215492426568,0.0,0.0,0.0,0.0,0.0,0.0,0.0,0.1964825930929501,0.19898
NaCl,25.0,0.19898,407.2,0.0,0.19644352284456792,0.19644363821028188,0.0,0.0,0.0,0.0,0.0,0.0,0.0,0.19644411458445946,0.19898
NaCl,25.0,0.5,0.1,0.0,0.48402308045592873,0.4840230685971765,0.0,0.0,0.0,0.0,0.0,0.0,0.0,0.48402322052857655,0.5
NaCl,25.0,0.50471,0.1,0.0,0.48847467786916077,0.4884746659199281,0.0,0.0,0.0,0.0,0.0,0.0,0.0,0.48847481797128856,0.50471
NaCl,25.0,0.50471,50.3,0.0,0.48987079139502443,0.489870782502884,0.0,0.0,0.0,0.0,0.0,0.0,0.0,0.4898709652673085,0.50471
NaCl,25.0,0.50471,108.9,0.0,0.4908476906173932,0.49084768860691713,0.0,0.0,0.0,0.0,0.0,0.0,0.0,0.4908479105480192,0.50471
NaCl,25.0,0.50471,158.8,0.0,0.4913234435493534,0.49132345184014076,0.0,0.0,0.0,0.0,0.0,0.0,0.0,0.4913237097445454,0.50471
NaCl,25.0,0.50471,193.0,0.0,0.4915168795430031,0.4915168983135025,0.0,0.0,0.0,0.0,0.0,0.0,0.0,0.4915171820781957,0.50471
NaCl,25.0,0.50471,210.2,0.0,0.4915895956692747,0.49158962105003967,0.0,0.0,0.0,0.0,0.0,0.0,0.0,0.4915899182408697,0.50471
NaCl,25.0,0.50471,217.4,0.0,0.4916176653479153,0.49161769379918563,0.0,0.0,0.0,0.0,0.0,0.0,0.0,0.4916179967137966,0.50471
NaCl,25.0,0.50471,262.4,0.0,0.4916973074212292,0.49169735987760216,0.0,0.0,0.0,0.0,0.0,0.0,0.0,0.4916976988690822,0.50471
NaCl,25.0,0.50471,309.0,0.0,0.4916476956858066,0.491647783915672,0.0,0.0,0.0,0.0,0.0,0.0,0.0,0.4916481605827597,0.50471
NaCl,25.0,0.50471,345.1,0.0,0.4915829070144107,0.4915830327785024,0.0,0.0,0.0,0.0,0.0,0.0,0.0,0.49158343935763116,0.50471
NaCl,25.0,0.50471,418.9,0.0,0.491276255291754,0.4912764942437739,0.0,0.0,0.0,0.0,0.0,0.0,0.0,0.4912769602075915,0.50471
NaCl,25.0,0.5133,0.1,0.0,0.4965891338688072,0.4965891217550329,0.0,0.0,0.0,0.0,0.0,0.0,0.0,0.49658927402145336,0.5133
NaCl,25.0,0.8556,0.1,0.0,0.8157644044495446,0.8157643861774516,0.0,0.0,0.0,0.0,0.0,0.0,0.0,0.8157645441831693,0.8556
NaCl,25.0,0.9999,0.1,0.0,0.948080144846773,0.9480801241576022,0.0,0.0,0.0,0.0,0.0,0.0,0.0,0.94808028347878,0.9999
NaCl,25.0,1.2834,0.1,0.0,1.2045777497000323,1.2045777244906326,0.0,0.0,0.0,0.0,0.0,0.0,0.0,1.204577885281703,1.2834
NaCl,25.0,1.7112,0.1,0.0,1.5837291561021782,1.5837291245435448,0.0,0.0,0.0,0.0,0.0,0.0,0.0,1.583729285759357,1.7112
NaCl,25.0,2.5667,0.1,0.0,2.3169087361372696,2.316908693302657,0.0,0.0,0.0,0.0,0.0,0.0,0.0,2.316908851971972,2.5667
NaCl,29.93,4.34763,0.1,0.0,3.7240741473070735,3.724074075127979,0.0,0.0,0.0,0.0,0.0,0.0,0.0,3.724074249539143,4.34763
NaCl,29.93,4.34763,24.3,0.0,3.714227444834171,3.7142273716790584,0.0,0.0,0.0,0.0,0.0,0.0,0.0,3.7142275547257997,4.34763
NaCl,29.93,4.34763,24.5,0.0,3.7141239563962123,3.7141238832364962,0.0,0.0,0.0,0.0,0.0,0.0,0.0,3.7141240663516264,4.34763
NaCl,29.93,4.34763,48.5,0.0,3.7037634413867586,3.703763368283075,0.0,0.0,0.0,0.0,0.0,0.0,0.0,3.703763559830735,4.34763
NaCl,29.93,4.34763,49.7,0.0,3.7031308212634864,3.703130748190272,0.0,0.0,0.0,0.0,0.0,0.0,0.0,3.703130940140503,4.34763
NaCl,29.93,4.34763,74.4,0.0,3.692372998189852,3.6923729265282046,0.0,0.0,0.0,0.0,0.0,0.0,0.0,3.6923731269900677,4.34763
NaCl,29.93,4.34763,75.4,0.0,3.6919189323113124,3.6919188607375126,0.0,0.0,0.0,0.0,0.0,0.0,0.0,3.691919061536835,4.34763
NaCl,29.93,4.34763,86.3,0.0,3.68766400568353,3.6876639352533265,0.0,0.0,0.0,0.0,0.0,0.0,0.0,3.6876641398123713,4.34763
NaCl,29.93,4.34763,99.9,0.0,3.6813216363369103,3.6813215677724482,0.0,0.0,0.0,0.0,0.0,0.0,0.0,3.681321776786875,4.34763
NaCl,29.93,4.34763,101.4,0.0,3.6809084363314852,3.6809083680113295,0.0,0.0,0.0,0.0,0.0,0.0,0.0,3.680908577558422,4.34763
NaCl,29.93,4.34763,149.2,0.0,3.6622402514736785,3.662240194710776,0.0,0.0,0.0,0.0,0.0,0.0,0.0,3.6622404197055016,4.34763
NaCl,29.93,4.34763,151.6,0.0,3.661500525191784,3.6615004692298734,0.0,0.0,0.0,0.0,0.0,0.0,0.0,3.6615006950022035,4.34763
NaCl,29.93,4.34763,180.8,0.0,3.6535292961737804,3.653529251884327,0.0,0.0,0.0,0.0,0.0,0.0,0.0,3.6535294870585133,4.34763
NaCl,29.93,4.34763,201.8,0.0,3.646422212396821,3.646422178862223,0.0,0.0,0.0,0.0,0.0,0.0,0.0,3.646422420193263,4.34763
NaCl,29.93,4.34763,203.2,0.0,3.6464488325616333,3.6464487998274966,0.0,0.0,0.0,0.0,0.0,0.0,0.0,3.6464490416684106,4.34763
NaCl,29.93,4.34763,242.1,0.0,3.644499579027293,3.644499572766616,0.0,0.0,0.0,0.0,0.0,0.0,0.0,3.6444998279119103,4.34763
NaCl,29.93,4.34763,242.7,0.0,3.644430987976055,3.6444309821919547,0.0,0.0,0.0,0.0,0.0,0.0,0.0,3.644431237528785,4.34763
NaCl,29.93,4.34763,278.8,0.0,3.6383382018357673,3.6383382290018007,0.0,0.0,0.0,0.0,0.0,0.0,0.0,3.638338495046235,4.34763
NaCl,29.93,4.34763,304.0,0.0,3.6341250160377263,3.6341250717234113,0.0,0.0,0.0,0.0,0.0,0.0,0.0,3.634125344881145,4.34763
NaCl,29.93,4.34763,314.5,0.0,3.636714092969782,3.6367141621762946,0.0,0.0,0.0,0.0,0.0,0.0,0.0,3.636714439487772,4.34763
NaCl,29.93,4.34763,345.5,0.0,3.6428384290144393,3.6428385439809547,0.0,0.0,0.0,0.0,0.0,0.0,0.0,3.642838833178412,4.34763
NaCl,29.93,4.34763,390.1,0.0,3.6480769950714174,3.6480771933663294,0.0,0.0,0.0,0.0,0.0,0.0,0.0,3.6480774986171483,4.34763
NaCl,29.93,5.37998,0.1,0.0,4.491820951454462,4.491820871112175,0.0,0.0,0.0,0.0,0.0,0.0,0.0,4.491821035764813,5.37998
NaCl,29.93,5.37998,24.1,0.0,4.466904289543446,4.466904207224811,0.0,0.0,0.0,0.0,0.0,0.0,0.0,4.466904378928809,5.37998
NaCl,29.93,5.37998,49.5,0.0,4.440488672906015,4.440488589489341,0.0,0.0,0.0,0.0,0.0,0.0,0.0,4.440488768445194,5.37998
NaCl,29.93,5.37998,71.5,0.0,4.4188879881131395,4.4188879047421015,0.0,0.0,0.0,0.0,0.0,0.0,0.0,4.418888089849953,5.37998
NaCl,29.93,5.37998,76.4,0.0,4.413853701208669,4.4138536179846755,0.0,0.0,0.0,0.0,0.0,0.0,0.0,4.413853804404985,5.37998
NaCl,29.93,5.37998,98.8,0.0,4.392647848412804,4.392647766594983,0.0,0.0,0.0,0.0,0.0,0.0,0.0,4.392647958993134,5.37998
NaCl,29.93,5.37998,119.8,0.0,4.377382390478952,4.377382311171022,0.0,0.0,0.0,0.0,0.0,0.0,0.0,4.377382509349822,5.37998
NaCl,29.93,5.37998,147.2,0.0,4.353116358387909,4.353116284236826,0.0,0.0,0.0,0.0,0.0,0.0,0.0,4.353116489013464,5.37998
NaCl,29.93,5.37998,188.5,0.0,4.3277495445639325,4.3277494829423135,0.0,0.0,0.0,0.0,0.0,0.0,0.0,4.327749697911482,5.37998
NaCl,29.93,5.37998,198.5,0.0,4.320460543948558,4.320460486313615,0.0,0.0,0.0,0.0,0.0,0.0,0.0,4.320460703415591,5.37998
NaCl,29.93,5.37998,248.6,0.0,4.313087389745072,4.313087358730235,0.0,0.0,0.0,0.0,0.0,0.0,0.0,4.31308758966835,5.37998
NaCl,29.93,5.37998,268.3,0.0,4.3075679493923795,4.307567932221728,0.0,0.0,0.0,0.0,0.0,0.0,0.0,4.307568167907331,5.37998
NaCl,29.93,5.37998,308.9,0.0,4.299785876634926,4.299785895118966,0.0,0.0,0.0,0.0,0.0,0.0,0.0,4.299786140652939,5.37998
NaCl,29.93,5.37998,351.5,0.0,4.3168062919236005,4.316806360644319,0.0,0.0,0.0,0.0,0.0,0.0,0.0,4.316806620771969,5.37998
NaCl,29.93,5.37998,389.3,0.0,4.327311211588415,4.3273113379020485,0.0,0.0,0.0,0.0,0.0,0.0,0.0,4.3273116103274845,5.37998
NaCl,29.93,6.16314,0.1,0.0,5.049895714297603,5.049895629484391,0.0,0.0,0.0,0.0,0.0,0.0,0.0,5.04989578659481,6.16314
NaCl,29.93,6.16314,23.0,0.0,5.010934091444361,5.010934004155742,0.0,0.0,0.0,0.0,0.0,0.0,0.0,5.010934167097524,6.16314
NaCl,29.93,6.16314,49.9,0.0,4.965475354320139,4.965475265094234,0.0,0.0,0.0,0.0,0.0,0.0,0.0,4.965475434609063,6.16314
NaCl,29.93,6.16314,73.1,0.0,4.928991960180874,4.928991870294584,0.0,0.0,0.0,0.0,0.0,0.0,0.0,4.928992045317972,6.16314
NaCl,29.93,6.16314,75.4,0.0,4.925166056489356,4.925165966592608,0.0,0.0,0.0,0.0,0.0,0.0,0.0,4.925166142127897,6.16314
NaCl,29.93,6.16314,99.1,0.0,4.890057946031999,4.890057856689652,0.0,0.0,0.0,0.0,0.0,0.0,0.0,4.890058037573869,6.16314
NaCl,29.93,6.16314,123.5,0.0,4.861691064660262,4.861690977222397,0.0,0.0,0.0,0.0,0.0,0.0,0.0,4.861691163758525,6.16314
NaCl,29.93,6.16314,150.2,0.0,4.82492529673923,4.824925213119556,0.0,0.0,0.0,0.0,0.0,0.0,0.0,4.8249254048342,6.16314
NaCl,29.93,6.16314,158.2,0.0,4.8186718268525945,4.81867174475161,0.0,0.0,0.0,0.0,0.0,0.0,0.0,4.818671938305676,6.16314
NaCl,29.93,6.16314,212.7,0.0,4.7768626598584065,4.776862593389695,0.0,0.0,0.0,0.0,0.0,0.0,0.0,4.776862798398723,6.16314
NaCl,29.93,6.16314,250.4,0.0,4.767544855414447,4.767544805946474,0.0,0.0,0.0,0.0,0.0,0.0,0.0,4.767545019843411,6.16314
NaCl,29.93,6.16314,256.3,0.0,4.765380295091577,4.765380248818649,0.0,0.0,0.0,0.0,0.0,0.0,0.0,4.765380463974693,6.16314
NaCl,29.93,6.16314,313.7,0.0,4.753646752438811,4.7536467459863845,0.0,0.0,0.0,0.0,0.0,0.0,0.0,4.753646973804255,6.16314
NaCl,29.93,6.16314,342.3,0.0,4.771301353446898,4.771301374001703,0.0,0.0,0.0,0.0,0.0,0.0,0.0,4.771301610984787,6.16314
NaCl,29.93,6.16314,386.6,0.0,4.792501016106389,4.79250109010034,0.0,0.0,0.0,0.0,0.0,0.0,0.0,4.7925013407784895,6.16314
NaCl,35.0,0.000104,0.1,0.0,0.00010399809980343296,0.00010399809319335481,0.0,0.0,0.0,0.0,0.0,0.0,0.0,0.00010414380960652757,0.000104
NaCl,35.0,0.00099,0.1,0.0,0.0009898361914353981,0.0009898361300729483,0.0,0.0,0.0,0.0,0.0,0.0,0.0,0.0009899854163233734,0.00099
NaCl,35.0,0.01,0.1,0.0,0.00998552191202301,0.009985521338571241,0.0,0.0,0.0,0.0,0.0,0.0,0.0,0.009985681442509893,0.01
NaCl,35.0,0.1,0.1,0.0,0.09897913083674473,0.09897912619178731,0.0,0.0,0.0,0.0,0.0,0.0,0.0,0.09897931411737704,0.1
NaCl,35.0,0.5,0.1,0.0,0.4829816500227083,0.482981632344424,0.0,0.0,0.0,0.0,0.0,0.0,0.0,0.48298185068209143,0.5
NaCl,35.0,0.9999,0.1,0.0,0.9445184598594087,0.9445184293543559,0.0,0.0,0.0,0.0,0.0,0.0,0.0,0.9445186575595552,0.9999
NaCl,45.0,0.000104,0.1,0.0,0.0001039979377909233,0.00010399792819788956,0.0,0.0,0.0,0.0,0.0,0.0,0.0,0.00010419953062921182,0.000104
NaCl,45.0,0.00099,0.1,0.0,0.000989822418214658,0.0009898223292013945,0.0,0.0,0.0,0.0,0.0,0.0,0.0,0.0009900289606846547,0.00099
NaCl,45.0,0.01,0.1,0.0,0.009984344802701552,0.009984343972003776,0.0,0.0,0.0,0.0,0.0,0.0,0.0,0.009984565844701575,0.01
NaCl,45.0,0.1,0.1,0.0,0.09890190243140974,0.09890189573057613,0.0,0.0,0.0,0.0,0.0,0.0,0.0,0.09890215672382628,0.1
NaCl,45.0,0.5,0.1,0.0,0.48172939916008173,0.48172937389288334,0.0,0.0,0.0,0.0,0.0,0.0,0.0,0.48172967693813473,0.5
NaCl,45.0,0.9999,0.1,0.0,0.9402778938594181,0.940277850670002,0.0,0.0,0.0,0.0,0.0,0.0,0.0,0.9402781663305434,0.9999
NaCl,70.0,0.000104,0.1,0.0,0.00010399740184640647,0.00010399738077848803,0.0,0.0,0.0,0.0,0.0,0.0,0.0,0.00010439780444812368,0.000104
NaCl,70.0,0.00099,0.1,0.0,0.0009897770046997842,0.000989776809482483,0.0,0.0,0.0,0.0,0.0,0.0,0.0,0.0009901877545609424,0.00099
NaCl,70.0,0.01,0.1,0.0,0.009980497069569888,0.009980495255880066,0.0,0.0,0.0,0.0,0.0,0.0,0.0,0.009980938136340529,0.01
NaCl,70.0,0.1,0.1,0.0,0.09865740725400449,0.09865739282457948,0.0,0.0,0.0,0.0,0.0,0.0,0.0,0.09865791771598867,0.1
NaCl,70.0,0.5,0.1,0.0,0.47806970642981134,0.4780696534654803,0.0,0.0,0.0,0.0,0.0,0.0,0.0,0.4780702650492391,0.5
NaCl,70.0,0.9999,0.1,0.0,0.9287886833724167,0.9287885949701133,0.0,0.0,0.0,0.0,0.0,0.0,0.0,0.9287892299078404,0.9999
NaCl,90.0,0.000104,0.1,0.0,0.00010399681084771014,0.00010399677565058066,0.0,0.0,0.0,0.0,0.0,0.0,0.0,0.00010462041325445096,0.000104
NaCl,90.0,0.00099,0.1,0.0,0.000989727163294621,0.0009897268375897272,0.0,0.0,0.0,0.0,0.0,0.0,0.0,0.0009903676447999335,0.00099
NaCl,90.0,0.01,0.1,0.0,0.009976322446810371,0.009976319434305225,0.0,0.0,0.0,0.0,0.0,0.0,0.0,0.009977012466458712,0.01
NaCl,90.0,0.1,0.1,0.0,0.09840186168749301,0.09840183805937867,0.0,0.0,0.0,0.0,0.0,0.0,0.0,0.09840266572586058,0.1
NaCl,90.0,0.5,0.1,0.0,0.4745349215244409,0.4745348370128511,0.0,0.0,0.0,0.0,0.0,0.0,0.0,0.4745358073289012,0.5
NaCl,90.0,0.9999,0.1,0.0,0.9184784033416059,0.9184782651681572,0.0,0.0,0.0,0.0,0.0,0.0,0.0,0.9184792732146565,0.9999
NaCl:MgSO4 (1:1),-10.0,0.05,0.1,0.0,0.0493606562551898,0.04748942176495828,0.034636134027098434,0.03276492102319544,0.0,0.0,0.0,0.0023411456754596073,0.014893915864445375,0.18463273513599882,0.25
NaCl:MgSO4 (1:1),-10.0,0.1,0.1,0.0,0.09793643030955942,0.09264186742802638,0.06485120045190117,0.05955666763290886,0.0,0.0,0.0,0.006805245158625868,0.03363805660164312,0.34826292709908013,0.5
NaCl:MgSO4 (1:1),-10.0,0.4,0.1,0.0,0.3729570493563662,0.33951671075808726,0.1884313785568039,0.15499110823008452,0.0,0.0,0.0,0.055292393984596754,0.18971639159693582,1.0816542655231995,2.0
NaCl:MgSO4 (1:1),-10.0,0.7,0.1,0.0,0.6102285266672528,0.5630319111187378,0.23278208947965626,0.18558557721664212,0.0,0.0,0.0,0.1252978027464811,0.3891164322123781,1.5250653496823423,3.4999999999999996
NaCl:MgSO4 (1:1),-1.0,0.05,0.1,0.0,0.04941564663248873,0.04762260647793755,0.035068088807845746,0.03327507933407662,0.0,0.0,0.0,0.002207802368062315,0.014517087037249597,0.18651683887369866,0.25
NaCl:MgSO4 (1:1),-1.0,0.1,0.1,0.0,0.09810951594854884,0.09300452045710683,0.06575060827614983,0.06064565598744137,0.0,0.0,0.0,0.006441229017976566,0.03291306049458701,0.35223840608619045,0.5
NaCl:MgSO4 (1:1),-1.0,0.4,0.1,0.0,0.37516976572142646,0.34188387987038354,0.19209202602506506,0.1588062411720911,0.0,0.0,0.0,0.05288052758220891,0.18831304371056265,1.09656125250326,2.0
NaCl:MgSO4 (1:1),-1.0,0.7,0.1,0.0,0.616830364002756,0.5680134301929635,0.23856931806107817,0.18975253947966866,0.0,0.0,0.0,0.12015042311672518,0.3900967052645046,1.5448080751724664,3.4999999999999996
NaCl:MgSO4 (1:1),20.0,0.05,0.1,0.0,0.04945794679588095,0.047635163832540905,0.03534593308342276,0.03352320874594057,0.0,0.0,0.0,0.0021789307600140672,0.014297744926821636,0.1875526412543561,0.25
NaCl:MgSO4 (1:1),20.0,0.1,0.1,0.0,0.09825386431784351,0.09304551143851082,0.0670450005493407,0.06183672836079704,0.0,0.0,0.0,0.006336477098133797,0.03182660074929418,0.3571458074075275,0.5
NaCl:MgSO4 (1:1),20.0,0.4,0.1,0.0,0.3779158828618959,0.3412620546332186,0.21077470719567007,0.17412105751986257,0.0,0.0,0.0,0.0522261588099387,0.17365219720688785,1.1632805724032491,2.0
NaCl:MgSO4 (1:1),20.0,0.7,0.1,0.0,0.6277995627512598,0.563990999916853,0.2862224746345701,0.22241417181227432,0.0,0.0,0.0,0.11964233210476506,0.35794253591658604,1.7009078990865263,3.4999999999999996
NaCl:MgSO4 (1:1),25.0,0.05,0.1,0.0,0.049456217566986475,0.04759874597794022,0.0352490401508913,0.03339163434300611,0.0,0.0,0.0,0.0022092252218326933,0.014398984883385224,0.1870896513285032,0.25
NaCl:MgSO4 (1:1),25.0,0.1,0.1,0.0,0.09825034839445797,0.09294750923119809,0.06702582497331412,0.06172307578508457,0.0,0.0,0.0,0.006411671479065658,0.031864994472835965,0.3568574379780132,0.5
NaCl:MgSO4 (1:1),25.0,0.4,0.1,0.0,0.37805863107945237,0.34038935100249934,0.21414614216315575,0.17647705899588906,0.0,0.0,0.0,0.052683269649579555,0.1708389158936033,1.174320055987469,2.0
NaCl:MgSO4 (1:1),25.0,0.7,0.1,0.0,0.6288378419112646,0.5614100815401375,0.29660039504864977,0.22917291760816563,0.0,0.0,0.0,0.12073816852009557,0.35008770407903983,1.7336964351630804,3.4999999999999996
