Salt,Temperature_C,Molality_molkg,Pressure_MPa,m_free_K,m_free_Cl,m_free_Na,m_free_Mg,m_free_SO4,m_free_NH4,m_free_Ca,m_pair_KSO4,m_pair_NaSO4,m_pair_MgSO4,I_eff,I_formal
CaCl2,5.0,7.6e-05,0.1,0.0,0.00015199523942433765,0.0,0.0,0.0,0.0,7.599521575911243e-05,0.0,0.0,0.0,0.0002280344963585643,0.000228
CaCl2,5.0,0.000755,0.1,0.0,0.001509595708866363,0.0,0.0,0.0,0.0,0.0007545955003730968,0.0,0.0,0.0,0.0022642368375826393,0.002265
CaCl2,5.0,0.00755,0.1,0.0,0.015071920897396856,0.0,0.0,0.0,0.0,0.007521919353310216,0.0,0.0,0.0,0.022593889706717114,0.02265
CaCl2,5.0,0.0755,0.1,0.0,0.1492817621481403,0.0,0.0,0.0,0.0,0.07378175201529676,0.0,0.0,0.0,0.22306356860498797,0.22649999999999998
CaCl2,5.0,0.3773,0.1,0.0,0.7067458140626773,0.0,0.0,0.0,0.0,0.3294457661060396,0.0,0.0,0.0,1.0361916251431265,1.1319000000000001
CaCl2,10.0,7.6e-05,0.1,0.0,0.00015199512626721984,0.0,0.0,0.0,0.0,7.599509146997795e-05,0.0,0.0,0.0,0.00022804557903935449,0.000228
CaCl2,10.0,0.000755,0.1,0.0,0.0015095845435271166,0.0,0.0,0.0,0.0,0.0007545842357672619,0.0,0.0,0.0,0.00226422606102134,0.002265
CaCl2,10.0,0.00755,0.1,0.0,0.015070902193606957,0.0,0.0,0.0,0.0,0.0075208998969468295,0.0,0.0,0.0,0.02259186388625452,0.02265
CaCl2,10.0,0.0755,0.1,0.0,0.1492052957292506,0.0,0.0,0.0,0.0,0.07370528072411701,0.0,0.0,0.0,0.2229106433696046,0.22649999999999998
CaCl2,10.0,0.3773,0.1,0.0,0.7052302197722834,0.0,0.0,0.0,0.0,0.3279301521796486,0.0,0.0,0.0,1.0331604255820497,1.1319000000000001
CaCl2,25.0,7.6e-05,0.1,0.0,0.00015199450103220509,0.0,0.0,0.0,0.0,7.599439853686181e-05,0.0,0.0,0.0,0.0002280911523171291,0.000228
CaCl2,25.0,0.000755,0.1,0.0,0.001509526395886715,0.0,0.0,0.0,0.0,0.0007545254815552351,0.0,0.0,0.0,0.0022641572472109238,0.002265
CaCl2,25.0,0.00755,0.1,0.0,0.015066059082847319,0.0,0.0,0.0,0.0,0.0075160521692058035,0.0,0.0,0.0,0.022582223089194012,0.02265
CaCl2,25.0,0.0755,0.1,0.0,0.14886364818811598,0.0,0.0,0.0,0.0,0.07336360438858854,0.0,0.0,0.0,0.22222736670594015,0.22649999999999998
CaCl2,25.0,0.3773,0.1,0.0,0.698432261288939,0.0,0.0,0.0,0.0,0.3211320901866435,0.0,0.0,0.0,1.0195644348804833,1.1319000000000001
CaCl2,35.0,7.6e-05,0.1,0.0,0.00015199384897180877,0.0,0.0,0.0,0.0,7.599364950572976e-05,0.0,0.0,0.0,0.0002281337490838597,0.000228
CaCl2,35.0,0.000755,0.1,0.0,0.0015094669702001176,0.0,0.0,0.0,0.0,0.0007544651837682951,0.0,0.0,0.0,0.0022640824135895447,0.002265
CaCl2,35.0,0.00755,0.1,0.0,0.015061276741108515,0.0,0.0,0.0,0.0,0.007511263200837848,0.0,0.0,0.0,0.022572697295892567,0.02265
CaCl2,35.0,0.0755,0.1,0.0,0.14853649558084384,0.0,0.0,0.0,0.0,0.07303641269198667,0.0,0.0,0.0,0.22157306118504402,0.22649999999999998
CaCl2,35.0,0.3773,0.1,0.0,0.6921536534681898,0.0,0.0,0.0,0.0,0.3148533578661339,0.0,0.0,0.0,1.00700711676101,1.1319000000000001
CaCl2,45.0,7.6e-05,0.1,0.0,0.0001519929874148563,0.0,0.0,0.0,0.0,7.599261350965648e-05,0.0,0.0,0.0,0.00022818769428037533,0.000228
CaCl2,45.0,0.000755,0.1,0.0,0.0015093888742550028,0.0,0.0,0.0,0.0,0.0007543855161463757,0.0,0.0,0.0,0.0022639813283112475,0.002265
CaCl2,45.0,0.00755,0.1,0.0,0.015055051240123225,0.0,0.0,0.0,0.0,0.007505025850176966,0.0,0.0,0.0,0.022560290289938768,0.02265
CaCl2,45.0,0.0755,0.1,0.0,0.14811686372006516,0.0,0.0,0.0,0.0,0.07261671508793588,0.0,0.0,0.0,0.2207337745945008,0.22649999999999998
CaCl2,45.0,0.3773,0.1,0.0,0.684498502698301,0.0,0.0,0.0,0.0,0.3071980166366157,0.0,0.0,0.0,0.9916966475230321,1.1319000000000001
CaCl2,70.0,7.6e-05,0.1,0.0,0.00015198963655886687,0.0,0.0,0.0,0.0,7.598807269093365e-05,0.0,0.0,0.0,0.00022837776315743637,0.000228
CaCl2,70.0,0.000755,0.1,0.0,0.0015090858301339165,0.0,0.0,0.0,0.0,0.0007540717604813506,0.0,0.0,0.0,0.0022635626731338696,0.002265
CaCl2,70.0,0.00755,0.1,0.0,0.015031014678062444,0.0,0.0,0.0,0.0,0.007480911503069116,0.0,0.0,0.0,0.022512319665596043,0.02265
CaCl2,70.0,0.0755,0.1,0.0,0.14654000736767614,0.0,0.0,0.0,0.0,0.07103948717537023,0.0,0.0,0.0,0.21757980019395684,0.22649999999999998
CaCl2,70.0,0.3773,0.1,0.0,0.6592033287300821,0.0,0.0,0.0,0.0,0.28190192156792054,0.0,0.0,0.0,0.9411054337847244,1.1319000000000001
CaCl2,90.0,7.6e-05,0.1,0.0,0.00015198512017212091,0.0,0.0,0.0,0.0,7.598076418824575e-05,0.0,0.0,0.0,0.00022858689123986692,0.000228
CaCl2,90.0,0.000755,0.1,0.0,0.0015086770074341062,0.0,0.0,0.0,0.0,0.0007536380385845274,0.0,0.0,0.0,0.002262935089063574,0.002265
CaCl2,90.0,0.00755,0.1,0.0,0.014998651759212838,0.0,0.0,0.0,0.0,0.007448381353817455,0.0,0.0,0.0,0.022447593324409182,0.02265
CaCl2,90.0,0.0755,0.1,0.0,0.144515773653345,0.0,0.0,0.0,0.0,0.0690145895380362,0.0,0.0,0.0,0.2135307408365258,0.22649999999999998
CaCl2,90.0,0.3773,0.1,0.0,0.6326268624316631,0.0,0.0,0.0,0.0,0.25532403337056164,0.0,0.0,0.0,0.8879511176736229,1.1319000000000001
CaSO4,5.0,7.6e-05,0.1,0.0,0.0,0.0,0.0,7.543858826014287e-05,0.0,7.543874037271628e-05,0.0,0.0,0.0,0.0003017989368920368,0.000304
CaSO4,5.0,0.00102,0.1,0.0,0.0,0.0,0.0,0.0009605167391447693,0.0,0.0009605183670994227,0.0,0.0,0.0,0.003842117832430722,0.00408
CaSO4,5.0,0.01245,0.1,0.0,0.0,0.0,0.0,0.010189844106552206,0.0,0.010189855308465876,0.0,0.0,0.0,0.04075945983815185,0.0498
CaSO4,10.0,7.6e-05,0.1,0.0,0.0,0.0,0.0,7.542978486467042e-05,0.0,7.54299978266496e-05,0.0,0.0,0.0,0.00030177524064267116,0.000304
CaSO4,10.0,0.00102,0.1,0.0,0.0,0.0,0.0,0.0009591031041699997,0.0,0.0009591053855899215,0.0,0.0,0.0,0.0038364769365804635,0.00408
CaSO4,10.0,0.01245,0.1,0.0,0.0,0.0,0.0,0.01010814672590796,0.0,0.010108162203850574,0.0,0.0,0.0,0.04043269552883497,0.0498
CaSO4,25.0,7.6e-05,0.1,0.0,0.0,0.0,0.0,7.537390480276368e-05,0.0,7.537448070033217e-05,0.0,0.0,0.0,0.0003015997308627013,0.000304
CaSO4,25.0,0.00102,0.1,0.0,0.0,0.0,0.0,0.0009520683447072277,0.0,0.0009520744773879812,0.0,0.0,0.0,0.0038083974080818793,0.00408
CaSO4,25.0,0.01245,0.1,0.0,0.0,0.0,0.0,0.009785685401332041,0.0,0.009785724456325858,0.0,0.0,0.0,0.0391429715808797,0.0498
CaSO4,35.0,7.6e-05,0.1,0.0,0.0,0.0,0.0,7.531509442856835e-05,0.0,7.531619081690703e-05,0.0,0.0,0.0,0.00030141002996541513,0.000304
CaSO4,35.0,0.00102,0.1,0.0,0.0,0.0,0.0,0.0009453508724743605,0.0,0.0009453624182294862,0.0,0.0,0.0,0.003781588151609083,0.00408
CaSO4,35.0,0.01245,0.1,0.0,0.0,0.0,0.0,0.009518912641143597,0.0,0.00951898191976575,0.0,0.0,0.0,0.038076018697757695,0.0498
CaSO4,45.0,7.6e-05,0.1,0.0,0.0,0.0,0.0,7.523894041041324e-05,0.0,7.52409889274221e-05,0.0,0.0,0.0,0.00030116401404369945,0.000304
CaSO4,45.0,0.00102,0.1,0.0,0.0,0.0,0.0,0.0009370706487872475,0.0,0.0009370918475329176,0.0,0.0,0.0,0.003748551742058902,0.00408
CaSO4,45.0,0.01245,0.1,0.0,0.0,0.0,0.0,0.009217966863831223,0.0,0.009218085091220919,0.0,0.0,0.0,0.03687244436491877,0.0498
CaSO4,70.0,7.6e-05,0.1,0.0,0.0,0.0,0.0,7.495651745045102e-05,0.0,7.496547330699913e-05,0.0,0.0,0.0,0.00030025172169603683,0.000304
CaSO4,70.0,0.00102,0.1,0.0,0.0,0.0,0.0,0.0009089403648335049,0.0,0.0009090260365843189,0.0,0.0,0.0,0.0036364136965121247,0.00408
CaSO4,70.0,0.01245,0.1,0.0,0.0,0.0,0.0,0.008342170739501276,0.0,0.008342548538486148,0.0,0.0,0.0,0.03337030074508055,0.0498
CaSO4,90.0,7.6e-05,0.1,0.0,0.0,0.0,0.0,7.459459973802928e-05,0.0,7.46212176427519e-05,0.0,0.0,0.0,0.00029907384255453646,0.000304
CaSO4,90.0,0.00102,0.1,0.0,0.0,0.0,0.0,0.0008773636959849178,0.0,0.0008775917268225229,0.0,0.0,0.0,0.0035107356849501704,0.00408
CaSO4,90.0,0.01245,0.1,0.0,0.0,0.0,0.0,0.007541663768355335,0.0,0.007542469428204447,0.0,0.0,0.0,0.03017000975716674,0.0498
K2SO4,5.0,0.000102,0.1,0.00020385776636059518,0.0,0.0,0.0,0.00010185753018599115,0.0,0.0,1.422312910256786e-07,0.0,0.0,0.0003057593597299201,0.000306
K2SO4,5.0,0.00105,0.1,0.0020876095734701132,0.0,0.0,0.0,0.0010376075016185855,0.0,0.0,1.2390403349262515e-05,0.0,0.0,0.003125262190040696,0.00315
K2SO4,5.0,0.01061,0.1,0.02048313692014626,0.0,0.0,0.0,0.009873123454627023,0.0,0.0,0.0007368628654809631,0.0,0.0,0.03035630520704457,0.03183
K2SO4,5.0,0.1048,0.1,0.185243552708471,0.0,0.0,0.0,0.08044349352136121,0.0,0.0,0.024356445522595947,0.0,0.0,0.2656870836782556,0.3144
K2SO4,5.0,0.2029,0.1,0.34483428867971994,0.0,0.0,0.0,0.14193420144383767,0.0,0.0,0.060965708192193394,0.0,0.0,0.4867685230544334,0.6087
K2SO4,5.0,0.4783,0.1,0.7653628856116894,0.0,0.0,0.0,0.28706274315673375,0.0,0.0,0.1912371083938188,0.0,0.0,1.05242565413451,1.4349
K2SO4,10.0,0.000102,0.1,0.00020385909777496318,0.0,0.0,0.0,0.0001018587652156858,0.0,0.0,1.408990965283325e-07,0.0,0.0,0.00030577323262873503,0.000306
K2SO4,10.0,0.00105,0.1,0.0020876684470857803,0.0,0.0,0.0,0.0010376655250261206,0.0,0.0,1.2331521900071893e-05,0.0,0.0,0.003125390463238134,0.00315
K2SO4,10.0,0.01061,0.1,0.02047917504484254,0.0,0.0,0.0,0.009869156191971356,0.0,0.0,0.0007408246631721752,0.0,0.0,0.030348386537460578,0.03183
K2SO4,10.0,0.1048,0.1,0.18484164498789232,0.0,0.0,0.0,0.0800415644348786,0.0,0.0,0.024758352511481424,0.0,0.0,0.26488325435206433,0.3144
K2SO4,10.0,0.2029,0.1,0.34372927670140024,0.0,0.0,0.0,0.1408291593352134,0.0,0.0,0.06207071882152524,0.0,0.0,0.48455847532424373,0.6087
K2SO4,10.0,0.4783,0.1,0.761809169433619,0.0,0.0,0.0,0.28350898070810077,0.0,0.0,0.19479082181402696,0.0,0.0,1.0453181803622593,1.4349
K2SO4,25.0,0.000102,0.1,0.00020385475927528176,0.0,0.0,0.0,0.00010185384956262763,0.0,0.0,1.4523383740199324e-07,0.0,0.0,0.00030581072799368633,0.000306
K2SO4,25.0,0.00105,0.1,0.002087135842101054,0.0,0.0,0.0,0.0010371278583083997,0.0,0.0,1.2864088559642674e-05,0.0,0.0,0.003124366462092933,0.00315
K2SO4,25.0,0.01,0.1,0.019283236767216414,0.0,0.0,0.0,0.009283189218038829,0.0,0.0,0.0007167625772427416,0.0,0.0,0.02856652134035162,0.03
K2SO4,25.0,0.01,56.2,0.019325219244666226,0.0,0.0,0.0,0.009325177851731968,0.0,0.0,0.0006747801270144433,0.0,0.0,0.02865052681391429,0.03
K2SO4,25.0,0.01,108.8,0.019310431719198193,0.0,0.0,0.0,0.009310394646252489,0.0,0.0,0.0006895676461325366,0.0,0.0,0.028620992104087695,0.03
K2SO4,25.0,0.01,156.5,0.019261837557149553,0.0,0.0,0.0,0.009261803524577176,0.0,0.0,0.0007381617839618766,0.0,0.0,0.028523843000180283,0.03
K2SO4,25.0,0.01,209.6,0.019170408833297337,0.0,0.0,0.0,0.009170377484926244,0.0,0.0,0.0008295904640911864,0.0,0.0,0.028341032886016283,0.03
K2SO4,25.0,0.01,235.8,0.01911006654093391,0.0,0.0,0.0,0.00911003631490374,0.0,0.0,0.0008899327289496297,0.0,0.0,0.028220373304625394,0.03
K2SO4,25.0,0.01,261.0,0.019041736346846836,0.0,0.0,0.0,0.009041707103276168,0.0,0.0,0.0009582628930145915,0.0,0.0,0.02808373810354741,0.03
K2SO4,25.0,0.01,273.4,0.019004179022311128,0.0,0.0,0.0,0.00900415023269272,0.0,0.0,0.0009958202015049884,0.0,0.0,0.028008636281503355,0.03
K2SO4,25.0,0.01,303.7,0.018900700468745868,0.0,0.0,0.0,0.008900672720965579,0.0,0.0,0.0010992987123384032,0.0,0.0,0.027801711789558984,0.03
K2SO4,25.0,0.01,369.8,0.01861019360013065,0.0,0.0,0.0,0.00861016789169012,0.0,0.0,0.0013898054702528573,0.0,0.0,0.02722077600410247,0.03
K2SO4,25.0,0.01061,0.1,0.020428649167492943,0.0,0.0,0.0,0.00981859965275311,0.0,0.0,0.0007913501368994248,0.0,0.0,0.03024734376429451,0.03183
K2SO4,25.0,0.02499,0.1,0.0468100036907572,0.0,0.0,0.0,0.02181991790134092,0.0,0.0,0.003169994671364367,0.0,0.0,0.06863000925830642,0.07497
K2SO4,25.0,0.02499,54.0,0.04698197635260106,0.0,0.0,0.0,0.021991898518148947,0.0,0.0,0.002998022130573197,0.0,0.0,0.06897399672075216,0.07497
K2SO4,25.0,0.02499,106.7,0.046928087754139675,0.0,0.0,0.0,0.021938016438997482,0.0,0.0,0.0030519107583269187,0.0,0.0,0.06886626397960743,0.07497
K2SO4,25.0,0.02499,172.0,0.04662965659097971,0.0,0.0,0.0,0.021639591942593274,0.0,0.0,0.0033503418802512367,0.0,0.0,0.0682694617410858,0.07497
K2SO4,25.0,0.02499,243.0,0.046034543069620126,0.0,0.0,0.0,0.021044484407099533,0.0,0.0,0.00394545528624537,0.0,0.0,0.06707930756537564,0.07497
K2SO4,25.0,0.02499,259.9,0.04584971819946252,0.0,0.0,0.0,0.020859660829177264,0.0,0.0,0.004130280119771805,0.0,0.0,0.06670967650543687,0.07497
K2SO4,25.0,0.02499,285.9,0.04553098841342487,0.0,0.0,0.0,0.02054093296307575,0.0,0.0,0.004449009843070497,0.0,0.0,0.06607224678004239,0.07497
K2SO4,25.0,0.02499,308.7,0.04521585216932161,0.0,0.0,0.0,0.02022579835128001,0.0,0.0,0.00476414602597474,0.0,0.0,0.06544200163047724,0.07497
K2SO4,25.0,0.02499,353.0,0.04450333151982221,0.0,0.0,0.0,0.019513280794378016,0.0,0.0,0.005476666540565393,0.0,0.0,0.06401701679102652,0.07497
K2SO4,25.0,0.02499,416.2,0.04324496273798391,0.0,0.0,0.0,0.018254916406949803,0.0,0.0,0.006735035094469795,0.0,0.0,0.061500368124291875,0.07497
K2SO4,25.0,0.09842,0.1,0.17218517025545133,0.0,0.0,0.0,0.07376498515981161,0.0,0.0,0.02465482348268146,0.0,0.0,0.24595022682223602,0.29525999999999997
K2SO4,25.0,0.09842,58.3,0.17334587105092336,0.0,0.0,0.0,0.07492569378434255,0.0,0.0,0.023494123508382626,0.0,0.0,0.2482716717584121,0.29525999999999997
K2SO4,25.0,0.09842,105.5,0.17298883662952838,0.0,0.0,0.0,0.07456866636045277,0.0,0.0,0.023851158269048114,0.0,0.0,0.2475576444485762,0.29525999999999997
K2SO4,25.0,0.09842,136.8,0.17225312737059567,0.0,0.0,0.0,0.07383296199955944,0.0,0.0,0.024586867646450582,0.0,0.0,0.24608625657075997,0.29525999999999997
K2SO4,25.0,0.09842,163.3,0.17135412471834469,0.0,0.0,0.0,0.07293396364922963,0.0,0.0,0.025485870348117116,0.0,0.0,0.24428827915251028,0.29525999999999997
K2SO4,25.0,0.09842,188.5,0.17027808757069052,0.0,0.0,0.0,0.07185793072920843,0.0,0.0,0.02656190750657069,0.0,0.0,0.24213623305708853,0.29525999999999997
K2SO4,25.0,0.09842,214.5,0.1689504942724302,0.0,0.0,0.0,0.0705303419420913,0.0,0.0,0.027889500784000387,0.0,0.0,0.2394810773119982,0.29525999999999997
K2SO4,25.0,0.09842,260.6,0.16607220538770812,0.0,0.0,0.0,0.06765206146906279,0.0,0.0,0.030767789563231524,0.0,0.0,0.23372455878062154,0.29525999999999997
K2SO4,25.0,0.09842,294.1,0.1635740627890003,0.0,0.0,0.0,0.06515392535242749,0.0,0.0,0.03326593203722338,0.0,0.0,0.22872832041923066,0.29525999999999997
K2SO4,25.0,0.09842,312.8,0.16203639316028734,0.0,0.0,0.0,0.06361625948919046,0.0,0.0,0.03480360158039559,0.0,0.0,0.22565300874651037,0.29525999999999997
K2SO4,25.0,0.09842,369.1,0.15682760108115207,0.0,0.0,0.0,0.05840747941945639,0.0,0.0,0.04001239333793569,0.0,0.0,0.21523551411505,0.29525999999999997
K2SO4,25.0,0.1048,0.1,0.18263904276427062,0.0,0.0,0.0,0.07783885144432295,0.0,0.0,0.02696095058823842,0.0,0.0,0.26047796474834783,0.3144
K2SO4,25.0,0.2029,0.1,0.33821152175538,0.0,0.0,0.0,0.13531125266879807,0.0,0.0,0.06758846598129772,0.0,0.0,0.47352283525023126,0.6087
K2SO4,25.0,0.4783,0.1,0.7455492349480459,0.0,0.0,0.0,0.2672488217428269,0.0,0.0,0.2110507400008924,0.0,0.0,1.0127981035274922,1.4349
K2SO4,35.0,0.000102,0.1,0.0002038465698984557,0.0,0.0,0.0,0.00010184483166460826,0.0,0.0,1.5341904860410919e-07,0.0,0.0,0.0003058372519878249,0.000306
K2SO4,35.0,0.00105,0.1,0.002086320748950819,0.0,0.0,0.0,0.0010363055844123472,0.0,0.0,1.3679138274167484e-05,0.0,0.0,0.0031227712508756817,0.00315
K2SO4,35.0,0.01061,0.1,0.02036917586632758,0.0,0.0,0.0,0.009759085602789397,0.0,0.0,0.0008508229423169232,0.0,0.0,0.030128388848977925,0.03183
K2SO4,35.0,0.1048,0.1,0.18052804865985844,0.0,0.0,0.0,0.07572772459624781,0.0,0.0,0.029071939160954137,0.0,0.0,0.25625586242789644,0.3144
K2SO4,35.0,0.2029,0.1,0.3331656609593432,0.0,0.0,0.0,0.13026521525861967,0.0,0.0,0.07263431626008704,0.0,0.0,0.46343095265485124,0.6087
K2SO4,35.0,0.4783,0.1,0.7314777290734984,0.0,0.0,0.0,0.2531770642384803,0.0,0.0,0.22512222353093458,0.0,0.0,0.9846548524709913,1.4349
K2SO4,45.0,0.000102,0.1,0.0002038347334728167,0.0,0.0,0.0,0.00010183148210638603,0.0,0.0,1.652494334625251e-07,0.0,0.0,0.0003058673601002243,0.000306
K2SO4,45.0,0.00105,0.1,0.002085182669942467,0.0,0.0,0.0,0.0010351546094733023,0.0,0.0,1.4817152667000926e-05,0.0,0.0,0.003120533855336566,0.00315
K2SO4,45.0,0.01061,0.1,0.020291394368947703,0.0,0.0,0.0,0.009681235904319891,0.0,0.0,0.0009286036424939267,0.0,0.0,0.0299727931768919,0.03183
K2SO4,45.0,0.1048,0.1,0.1780040152283775,0.0,0.0,0.0,0.07320348666432183,0.0,0.0,0.03159596319967087,0.0,0.0,0.2512076098388965,0.3144
K2SO4,45.0,0.2029,0.1,0.32730140806757974,0.0,0.0,0.0,0.12440069604638276,0.0,0.0,0.07849855120898369,0.0,0.0,0.4517021963718616,0.6087
K2SO4,45.0,0.4783,0.1,0.7157216745506735,0.0,0.0,0.0,0.2374206409614486,0.0,0.0,0.24087823973832465,0.0,0.0,0.953142387504599,1.4349
K2SO4,70.0,0.000102,0.1,0.00020378868794879935,0.0,0.0,0.0,0.00010177454582950699,0.0,0.0,2.1126763978744007e-07,0.0,0.0,0.0003059579160814133,0.000306
K2SO4,70.0,0.00105,0.1,0.002080863782818102,0.0,0.0,0.0,0.0010307483057584441,0.0,0.0,1.9135724840831612e-05,0.0,0.0,0.0031119730951900243,0.00315
K2SO4,70.0,0.01061,0.1,0.02001593926476289,0.0,0.0,0.0,0.009405390391619044,0.0,0.0,0.0012040541721208924,0.0,0.0,0.02942158019021933,0.03183
K2SO4,70.0,0.1048,0.1,0.17022097984587364,0.0,0.0,0.0,0.0654194303542594,0.0,0.0,0.0393789414648142,0.0,0.0,0.23564056033957226,0.3144
K2SO4,70.0,0.2029,0.1,0.3100871729261251,0.0,0.0,0.0,0.10718517777796208,0.0,0.0,0.09571267746183748,0.0,0.0,0.4172724795828737,0.6087
K2SO4,70.0,0.4783,0.1,0.6724094656829462,0.0,0.0,0.0,0.1941067412639584,0.0,0.0,0.2841902166773994,0.0,0.0,0.8665163106726845,1.4349
K2SO4,90.0,0.000102,0.1,0.00020373119442728587,0.0,0.0,0.0,0.00010168954052790363,0.0,0.0,2.6872014189797406e-07,0.0,0.0,0.00030602465827559306,0.000306
K2SO4,90.0,0.00105,0.1,0.0020755624945009723,0.0,0.0,0.0,0.0010252496608515386,0.0,0.0,2.4436471647782686e-05,0.0,0.0,0.0031013175262130863,0.00315
K2SO4,90.0,0.01061,0.1,0.019702421972422297,0.0,0.0,0.0,0.009091150938964787,0.0,0.0,0.0015175621662431454,0.0,0.0,0.028793875015805652,0.03183
K2SO4,90.0,0.1048,0.1,0.16282867286983918,0.0,0.0,0.0,0.05802545540769903,0.0,0.0,0.0467711316778434,0.0,0.0,0.22085430295603917,0.3144
K2SO4,90.0,0.2029,0.1,0.294765269943016,0.0,0.0,0.0,0.09186125494105368,0.0,0.0,0.11103436036958333,0.0,0.0,0.38662667670563877,0.6087
K2SO4,90.0,0.4783,0.1,0.6370367893338408,0.0,0.0,0.0,0.15873154324120292,0.0,0.0,0.3195624298659826,0.0,0.0,0.7957684586850997,1.4349
KCl,5.0,0.0001,0.1,9.999998260268703e-05,9.999998268183372e-05,0.0,0.0,0.0,0.0,0.0,0.0,0.0,0.0,0.0001000437579598408,0.0001
KCl,5.0,0.001,0.1,0.0009999984503867056,0.000999998451133863,0.0,0.0,0.0,0.0,0.0,0.0,0.0,0.0,0.0010000433761194827,0.001
KCl,5.0,0.01,0.1,0.009999868138305258,0.009999868143577345,0.0,0.0,0.0,0.0,0.0,0.0,0.0,0.0,0.00999991629736899,0.01
KCl,5.0,0.1,0.1,0.09999097476199321,0.09999097473803835,0.0,0.0,0.0,0.0,0.0,0.0,0.0,0.0,0.09999103037185345,0.1
KCl,5.0,0.5,0.1,0.4998576288768914,0.49985762839293424,0.0,0.0,0.0,0.0,0.0,0.0,0.0,0.0,0.4998576918140457,0.5
KCl,5.0,0.75,0.1,0.7497238245401165,0.749723823732803,0.0,0.0,0.0,0.0,0.0,0.0,0.0,0.0,0.7497238890257528,0.75
KCl,5.0,1.0,0.1,0.9995629854087424,0.9995629842942879,0.0,0.0,0.0,0.0,0.0,0.0,0.0,0.0,0.9995630507263266,1.0
KCl,5.0,1.5,0.1,1.4991830109384519,1.4991830092866993,0.0,0.0,0.0,0.0,0.0,0.0,0.0,0.0,1.499183076842206,1.5
KCl,10.0,0.0001,0.1,9.999997972525184e-05,9.999998005335872e-05,0.0,0.0,0.0,0.0,0.0,0.0,0.0,0.0,0.00010005501854345218,0.0001
KCl,10.0,0.001,0.1,0.0009999982079881985,0.0009999982111557001,0.0,0.0,0.0,0.0,0.0,0.0,0.0,0.0,0.0010000546565421039,0.001
KCl,10.0,0.01,0.1,0.009999847075975715,0.009999847103313047,0.0,0.0,0.0,0.0,0.0,0.0,0.0,0.0,0.009999907493472078,0.01
KCl,10.0,0.1,0.1,0.09998944636998369,0.0999894465111812,0.0,0.0,0.0,0.0,0.0,0.0,0.0,0.0,0.09998951598579844,0.1
KCl,10.0,0.5,0.1,0.4998322069363078,0.49983220696632785,0.0,0.0,0.0,0.0,0.0,0.0,0.0,0.0,0.49983228574648164,0.5
KCl,10.0,0.75,0.1,0.7496738849661548,0.7496738848011438,0.0,0.0,0.0,0.0,0.0,0.0,0.0,0.0,0.7496739657700604,0.75
KCl,10.0,1.0,0.1,0.9994832926103855,0.9994832922309852,0.0,0.0,0.0,0.0,0.0,0.0,0.0,0.0,0.9994833745108374,1.0
KCl,20.0,0.5,0.1,0.499768611962081,0.4997686136795902,0.0,0.0,0.0,0.0,0.0,0.0,0.0,0.0,0.499768730992397,0.5
KCl,20.0,0.75,0.1,0.7495486479078556,0.7495486498803285,0.0,0.0,0.0,0.0,0.0,0.0,0.0,0.0,0.7495487700863155,0.75
KCl,20.0,1.0,0.1,0.9992831061769412,0.9992831082705986,0.0,0.0,0.0,0.0,0.0,0.0,0.0,0.0,0.9992832301520895,1.0
KCl,20.0,1.5,0.1,1.4986531415458668,1.4986531436642383,0.0,0.0,0.0,0.0,0.0,0.0,0.0,0.0,1.4986532670258972,1.5
KCl,25.0,0.0001,0.1,9.999996813804345e-05,9.99999697816394e-05,0.0,0.0,0.0,0.0,0.0,0.0,0.0,0.0,0.0001001016907773711,0.0001
KCl,25.0,0.001,0.1,0.0009999972556499453,0.0009999972716388324,0.0,0.0,0.0,0.0,0.0,0.0,0.0,0.0,0.0010001013968148373,0.001
KCl,25.0,0.01,0.1,0.009999764087675838,0.009999764232933818,0.0,0.0,0.0,0.0,0.0,0.0,0.0,0.0,0.0099998750701988,0.01
KCl,25.0,0.05022,0.1,0.050215199436495786,0.05021520004202533,0.0,0.0,0.0,0.0,0.0,0.0,0.0,0.0,0.050215320486477116,0.05022
KCl,25.0,0.05022,25.8,0.05021571943554263,0.050215719768170596,0.0,0.0,0.0,0.0,0.0,0.0,0.0,0.0,0.050215855061710016,0.05022
KCl,25.0,0.05022,51.7,0.050216121657401726,0.050216121640377316,0.0,0.0,0.0,0.0,0.0,0.0,0.0,0.0,0.05021627288680289,0.05022
KCl,25.0,0.05022,55.4,0.050216171254058244,0.05021617117966667,0.0,0.0,0.0,0.0,0.0,0.0,0.0,0.0,0.050216324789363456,0.05022
KCl,25.0,0.05022,76.6,0.05021642442264389,0.050216423977239126,0.0,0.0,0.0,0.0,0.0,0.0,0.0,0.0,0.05021659154936884,0.05022
KCl,25.0,0.05022,102.3,0.05021667235178337,0.05021667134283634,0.0,0.0,0.0,0.0,0.0,0.0,0.0,0.0,0.05021685684029682,0.05022
KCl,25.0,0.05022,128.5,0.05021687339698414,0.05021687165287217,0.0,0.0,0.0,0.0,0.0,0.0,0.0,0.0,0.05021707661524326,0.05022
KCl,25.0,0.05022,154.2,0.050217031032445375,0.050217028369111016,0.0,0.0,0.0,0.0,0.0,0.0,0.0,0.0,0.050217253665183675,0.05022
KCl,25.0,0.05022,160.5,0.050217064660193204,0.050217061736220404,0.0,0.0,0.0,0.0,0.0,0.0,0.0,0.0,0.050217292213090944,0.05022
KCl,25.0,0.05022,184.8,0.05021717856524887,0.05021717448342387,0.0,0.0,0.0,0.0,0.0,0.0,0.0,0.0,0.05021742570123918,0.05022
KCl,25.0,0.05022,211.5,0.05021727875291321,0.05021727307098824,0.0,0.0,0.0,0.0,0.0,0.0,0.0,0.0,0.05021754853456529,0.05022
KCl,25.0,0.05022,270.5,0.05021742838732836,0.05021741752090458,0.0,0.0,0.0,0.0,0.0,0.0,0.0,0.0,0.05021775251736946,0.05022
KCl,25.0,0.1,0.1,0.09998334336383305,0.09998334441354567,0.0,0.0,0.0,0.0,0.0,0.0,0.0,0.0,0.09998347045408446,0.1
KCl,25.0,0.5,0.1,0.4997293257969643,0.49972932878821424,0.0,0.0,0.0,0.0,0.0,0.0,0.0,0.0,0.4997294696911271,0.5
KCl,25.0,1.0,0.1,0.9991589719309476,0.9991589759168817,0.0,0.0,0.0,0.0,0.0,0.0,0.0,0.0,0.9991591219513192,1.0
KCl,35.0,0.0001,0.1,9.999995727967217e-05,9.999996047372473e-05,0.0,0.0,0.0,0.0,0.0,0.0,0.0,0.0,0.00010014551595139909,0.0001
KCl,35.0,0.001,0.1,0.0009999963878627887,0.0009999964189954262,0.0,0.0,0.0,0.0,0.0,0.0,0.0,0.0,0.001000145246478251,0.001
KCl,35.0,0.01,0.1,0.00999968824351538,0.009999688529037999,0.0,0.0,0.0,0.0,0.0,0.0,0.0,0.0,0.009999846466450307,0.01
KCl,35.0,0.1,0.1,0.09997768353946719,0.09997768569272104,0.0,0.0,0.0,0.0,0.0,0.0,0.0,0.0,0.09997786403954861,0.1
KCl,35.0,0.5,0.1,0.49963251197778,0.4996325186705925,0.0,0.0,0.0,0.0,0.0,0.0,0.0,0.0,0.4996327163368033,0.5
KCl,35.0,1.0,0.1,0.9988519298347235,0.9988519393684812,0.0,0.0,0.0,0.0,0.0,0.0,0.0,0.0,0.9988521432895072,1.0
KCl,45.0,0.0001,0.1,9.999994315322135e-05,9.99999486584061e-05,0.0,0.0,0.0,0.0,0.0,0.0,0.0,0.0,0.00010020118030611887,0.0001
KCl,45.0,0.001,0.1,0.0009999952822797337,0.0009999953360181782,0.0,0.0,0.0,0.0,0.0,0.0,0.0,0.0,0.0010002008765329282,0.001
KCl,45.0,0.01,0.1,0.009999591407066251,0.009999591902914585,0.0,0.0,0.0,0.0,0.0,0.0,0.0,0.0,0.009999809406723757,0.01
KCl,45.0,0.1,0.1,0.0999703772202399,0.09997038104840975,0.0,0.0,0.0,0.0,0.0,0.0,0.0,0.0,0.09997062504808582,0.1
KCl,45.0,0.5,0.1,0.49950615963973394,0.4995061720292235,0.0,0.0,0.0,0.0,0.0,0.0,0.0,0.0,0.4995064402507985,0.5
KCl,45.0,1.0,0.1,0.9984494149754211,0.9984494331057466,0.0,0.0,0.0,0.0,0.0,0.0,0.0,0.0,0.9984497086002472,1.0
KCl,70.0,0.0001,0.1,9.999988792493547e-05,9.999990404014017e-05,0.0,0.0,0.0,0.0,0.0,0.0,0.0,0.0,0.00010039887850315211,0.0001
KCl,70.0,0.001,0.1,0.000999991090086977,0.0009999912478320006,0.0,0.0,0.0,0.0,0.0,0.0,0.0,0.0,0.00100039783092801,0.001
KCl,70.0,0.01,0.1,0.00999922278560867,0.009999224255487039,0.0,0.0,0.0,0.0,0.0,0.0,0.0,0.0,0.009999651800350992,0.01
KCl,70.0,0.1,0.1,0.0999420576268469,0.09994206933202861,0.0,0.0,0.0,0.0,0.0,0.0,0.0,0.0,0.09994254179133066,0.1
KCl,70.0,0.5,0.1,0.49900769149689794,0.4990077310223227,0.0,0.0,0.0,0.0,0.0,0.0,0.0,0.0,0.499008240375451,0.5
KCl,70.0,1.0,0.1,0.9968503933371683,0.9968504525804245,0.0,0.0,0.0,0.0,0.0,0.0,0.0,0.0,0.9968509702883761,1.0
KCl,90.0,0.0001,0.1,9.999981392773594e-05,9.999984561165901e-05,0.0,0.0,0.0,0.0,0.0,0.0,0.0,0.0,0.00010062036356632721,0.0001
KCl,90.0,0.001,0.1,0.0009999855954333186,0.0009999859061073815,0.0,0.0,0.0,0.0,0.0,0.0,0.0,0.0,0.0010006172648584135,0.001
KCl,90.0,0.01,0.1,0.009998737157606663,0.009998740067935616,0.0,0.0,0.0,0.0,0.0,0.0,0.0,0.0,0.009999401070033352,0.01
KCl,90.0,0.1,0.1,0.09990405571130621,0.0999040791924165,0.0,0.0,0.0,0.0,0.0,0.0,0.0,0.0,0.09990480163592654,0.1
KCl,90.0,0.5,0.1,0.49832732580910805,0.4983274059866929,0.0,0.0,0.0,0.0,0.0,0.0,0.0,0.0,0.49832817327485723,0.5
KCl,90.0,1.0,0.1,0.9946546268328113,0.994654747442501,0.0,0.0,0.0,0.0,0.0,0.0,0.0,0.0,0.9946555210635926,1.0
MgCl2,5.0,0.000119,0.1,0.0,0.00023798026846351395,0.0,0.00011897940378626872,0.0,0.0,0.0,0.0,0.0,0.0,0.00035700349901537096,0.000357
MgCl2,5.0,0.000984,0.1,0.0,0.0019668488637334743,0.0,0.0009828428951748562,0.0,0.0,0.0,0.0,0.0,0.0,0.002949734933603552,0.002952
MgCl2,5.0,0.01137,0.1,0.0,0.022638424370573854,0.0,0.011268388259871358,0.0,0.0,0.0,0.0,0.0,0.0,0.03390684913363832,0.03411
MgCl2,5.0,0.09942,0.1,0.0,0.19357806014100315,0.0,0.0941579479641755,0.0,0.0,0.0,0.0,0.0,0.0,0.28773603454905866,0.29825999999999997
MgCl2,5.0,0.3609,0.1,0.0,0.6472663419612215,0.0,0.2863661404335428,0.0,0.0,0.0,0.0,0.0,0.0,0.9336325016119418,1.0827
MgCl2,10.0,0.000119,0.1,0.0,0.00023798077287028182,0.0,0.00011897967186797227,0.0,0.0,0.0,0.0,0.0,0.0,0.0003570155254585362,0.000357
MgCl2,10.0,0.000984,0.1,0.0,0.0019668738150563124,0.0,0.0009828661973435152,0.0,0.0,0.0,0.0,0.0,0.0,0.0029497941683165533,0.002952
MgCl2,10.0,0.01137,0.1,0.0,0.022639680073014014,0.0,0.011269633843100368,0.0,0.0,0.0,0.0,0.0,0.0,0.033909359299171216,0.03411
MgCl2,10.0,0.09942,0.1,0.0,0.19360905164195213,0.0,0.09418890765171646,0.0,0.0,0.0,0.0,0.0,0.0,0.2877979916802713,0.29825999999999997
MgCl2,10.0,0.3609,0.1,0.0,0.6478635605228986,0.0,0.2869633010028177,0.0,0.0,0.0,0.0,0.0,0.0,0.9348268848440142,1.0827
MgCl2,25.0,0.000119,0.1,0.0,0.0002379809399662496,0.0,0.00011897866606432407,0.0,0.0,0.0,0.0,0.0,0.0,0.00035706120706560505,0.000357
MgCl2,25.0,0.000984,0.1,0.0,0.0019668713721180515,0.0,0.000982855607838635,0.0,0.0,0.0,0.0,0.0,0.0,0.002949825907229949,0.002952
MgCl2,25.0,0.01137,0.1,0.0,0.022636847059074715,0.0,0.011266752148342237,0.0,0.0,0.0,0.0,0.0,0.0,0.03390367883793983,0.03411
MgCl2,25.0,0.09942,0.1,0.0,0.19338249405897176,0.0,0.09396220047619984,0.0,0.0,0.0,0.0,0.0,0.0,0.28734474847189695,0.29825999999999997
MgCl2,25.0,0.3609,0.1,0.0,0.646265362944945,0.0,0.28536483382748173,0.0,0.0,0.0,0.0,0.0,0.0,0.9316302346885847,1.0827
MgCl2,35.0,0.000119,0.1,0.0,0.00023798022303252848,0.0,0.0001189765675926538,0.0,0.0,0.0,0.0,0.0,0.0,0.0003571019074115945,0.000357
MgCl2,35.0,0.000984,0.1,0.0,0.0019668212899587537,0.0,0.0009827960086359652,0.0,0.0,0.0,0.0,0.0,0.0,0.002949757276123996,0.002952
MgCl2,35.0,0.01137,0.1,0.0,0.022630628187678463,0.0,0.011260478509825587,0.0,0.0,0.0,0.0,0.0,0.0,0.033891215408171,0.03411
MgCl2,35.0,0.09942,0.1,0.0,0.19301745976506465,0.0,0.09359700259405955,0.0,0.0,0.0,0.0,0.0,0.0,0.28661453327117087,0.29825999999999997
MgCl2,35.0,0.3609,0.1,0.0,0.6430351602465303,0.0,0.28213434062929776,0.0,0.0,0.0,0.0,0.0,0.0,0.925169550107435,1.0827
MgCl2,45.0,0.000119,0.1,0.0,0.0002379789530330381,0.0,0.00011897314334821862,0.0,0.0,0.0,0.0,0.0,0.0,0.00035715226104966074,0.000357
MgCl2,45.0,0.000984,0.1,0.0,0.00196673810625598,0.0,0.0009826981397469301,0.0,0.0,0.0,0.0,0.0,0.0,0.002949627066928733,0.002952
MgCl2,45.0,0.01137,0.1,0.0,0.022621295011490652,0.0,0.011251064063439075,0.0,0.0,0.0,0.0,0.0,0.0,0.033872501236042116,0.03411
MgCl2,45.0,0.09942,0.1,0.0,0.19249762295992973,0.0,0.09307692896307129,0.0,0.0,0.0,0.0,0.0,0.0,0.2855746412184917,0.29825999999999997
MgCl2,45.0,0.3609,0.1,0.0,0.6384014375592802,0.0,0.2775002031540351,0.0,0.0,0.0,0.0,0.0,0.0,0.9159017021241473,1.0827
MgCl2,70.0,0.000119,0.1,0.0,0.00023797330692638794,0.0,0.00011895585102375478,0.0,0.0,0.0,0.0,0.0,0.0,0.0003573227215583874,0.000357
MgCl2,70.0,0.000984,0.1,0.0,0.0019663789048357514,0.0,0.000982262085796612,0.0,0.0,0.0,0.0,0.0,0.0,0.0029490009438056172,0.002952
MgCl2,70.0,0.01137,0.1,0.0,0.022583098472137058,0.0,0.011212479360775195,0.0,0.0,0.0,0.0,0.0,0.0,0.03379581491303553,0.03411
MgCl2,70.0,0.09942,0.1,0.0,0.19048017971312803,0.0,0.09105840495648407,0.0,0.0,0.0,0.0,0.0,0.0,0.28153872125917195,0.29825999999999997
MgCl2,70.0,0.3609,0.1,0.0,0.6214569003016324,0.0,0.26055382944423927,0.0,0.0,0.0,0.0,0.0,0.0,0.8820108227535344,1.0827
MgCl2,90.0,0.000119,0.1,0.0,0.00023796562551456118,0.0,0.00011892602906729906,0.0,0.0,0.0,0.0,0.0,0.0,0.0003574972974139454,0.000357
MgCl2,90.0,0.000984,0.1,0.0,0.001965894680698424,0.0,0.0009816399654871853,0.0,0.0,0.0,0.0,0.0,0.0,0.0029480621815490566,0.002952
MgCl2,90.0,0.01137,0.1,0.0,0.02253273131119579,0.0,0.011161493739718356,0.0,0.0,0.0,0.0,0.0,0.0,0.03369453626686676,0.03411
MgCl2,90.0,0.09942,0.1,0.0,0.18797908473458805,0.0,0.08855566940762681,0.0,0.0,0.0,0.0,0.0,0.0,0.2765349239602457,0.29825999999999997
MgCl2,90.0,0.3609,0.1,0.0,0.6028630061420839,0.0,0.24195726399836698,0.0,0.0,0.0,0.0,0.0,0.0,0.8448203864678921,1.0827
MgSO4,-10.0,0.3323,0.1,0.0,0.0,0.0,0.20764437543484596,0.20764439791874062,0.0,0.0,0.0,0.0,0.12465545173728389,0.8305777423906017,1.3292
MgSO4,-10.0,0.6646,0.1,0.0,0.0,0.0,0.3652336072868651,0.3652336328831323,0.0,0.0,0.0,0.0,0.299366005241398,1.46093489224832,2.6584
MgSO4,-10.0,0.997,0.1,0.0,0.0,0.0,0.4866199267348185,0.48661995727048646,0.0,0.0,0.0,0.0,0.5103793988816008,1.9464804709107917,3.988
MgSO4,-10.0,1.4124,0.1,0.0,0.0,0.0,0.5976705783813182,0.5976706159132833,0.0,0.0,0.0,0.0,0.8147282857381237,2.3906835657662002,5.6496
MgSO4,-10.0,1.6616,0.1,0.0,0.0,0.0,0.6464200565942249,0.6464200982777122,0.0,0.0,0.0,0.0,1.0151784771848267,2.5856818304800546,6.6464
MgSO4,-6.0,0.0249,0.1,0.0,0.0,0.0,0.018836248455867087,0.01883626411923592,0.0,0.0,0.0,0.0,0.006063721308418774,0.07534508082344232,0.0996
MgSO4,-6.0,0.3323,0.1,0.0,0.0,0.0,0.20534875149860368,0.20534877732182794,0.0,0.0,0.0,0.0,0.12695103270884,0.8213953025193105,1.3292
MgSO4,-6.0,0.6646,0.1,0.0,0.0,0.0,0.3600629678382897,0.36006299789859436,0.0,0.0,0.0,0.0,0.3045365495718086,1.440252444993645,2.6584
MgSO4,-6.0,0.997,0.1,0.0,0.0,0.0,0.4787178436637901,0.4787178803529127,0.0,0.0,0.0,0.0,0.518281319133687,1.9148723210532854,3.988
MgSO4,-6.0,1.4124,0.1,0.0,0.0,0.0,0.5868078241088583,0.5868078701026339,0.0,0.0,0.0,0.0,0.8255907704344833,2.3472328452871043,5.6496
MgSO4,-6.0,1.6616,0.1,0.0,0.0,0.0,0.6340651194568506,0.6340651709741699,0.0,0.0,0.0,0.0,1.027533069070614,2.5362624599387535,6.6464
MgSO4,-3.0,0.0249,0.1,0.0,0.0,0.0,0.0187690882329124,0.018769105767793115,0.0,0.0,0.0,0.0,0.006130876429755086,0.07507645337188462,0.0996
MgSO4,-3.0,0.3323,0.1,0.0,0.0,0.0,0.20313845540043068,0.20313848383502475,0.0,0.0,0.0,0.0,0.12916128961859202,0.8125541679997201,1.3292
MgSO4,-3.0,0.6646,0.1,0.0,0.0,0.0,0.35523924612205826,0.35523927980225967,0.0,0.0,0.0,0.0,0.309360184832433,1.4209576575375769,2.6584
MgSO4,-3.0,0.997,0.1,0.0,0.0,0.0,0.4714533042859274,0.47145334611165773,0.0,0.0,0.0,0.0,0.5255457110697256,1.885814327721717,3.988
MgSO4,-3.0,1.4124,0.1,0.0,0.0,0.0,0.57693142167925,0.5769314748788613,0.0,0.0,0.0,0.0,0.8354669296530145,2.3077275022142967,5.6496
MgSO4,-3.0,1.6616,0.1,0.0,0.0,0.0,0.6228852382405529,0.6228852981969276,0.0,0.0,0.0,0.0,1.0387126393417452,2.4915432746085506,6.6464
MgSO4,-2.28,0.10124,0.1,0.0,0.0,0.0,0.06969081349245508,0.06969083946049713,0.0,0.0,0.0,0.0,0.031549093043534975,0.27876343242314167,0.40496
MgSO4,-2.26,0.10124,0.1,0.0,0.0,0.0,0.06968695339892514,0.06968697938377345,0.0,0.0,0.0,0.0,0.03155295303500406,0.27874799222110475,0.40496
MgSO4,-1.425,0.10124,0.1,0.0,0.0,0.0,0.06952200771901736,0.06952203440928507,0.0,0.0,0.0,0.0,0.03171789435331804,0.2780882168211013,0.40496
MgSO4,-1.19,0.10124,0.1,0.0,0.0,0.0,0.06947428060747124,0.06947430749754446,0.0,0.0,0.0,0.0,0.031765620201286246,0.27789731048319577,0.40496
MgSO4,-1.138,0.010124,0.1,0.0,0.0,0.0,0.008084356458580064,0.008084369239550977,0.0,0.0,0.0,0.0,0.002039621428009547,0.032337506419748245,0.040496
MgSO4,-1.0,0.0249,0.1,0.0,0.0,0.0,0.018710982357589667,0.01871100122651191,0.0,0.0,0.0,0.0,0.006188978426534338,0.07484403979920604,0.0996
MgSO4,-1.0,0.3323,0.1,0.0,0.0,0.0,0.201475791200141,0.2014758214114445,0.0,0.0,0.0,0.0,0.13082392384522834,0.8059035487814595,1.3292
MgSO4,-1.0,0.6646,0.1,0.0,0.0,0.0,0.3516649419555073,0.3516649781737131,0.0,0.0,0.0,0.0,0.31293442304936325,1.4066605161513819,2.6584
MgSO4,-1.0,0.997,0.1,0.0,0.0,0.0,0.4661116037368403,0.4661116492440117,0.0,0.0,0.0,0.0,0.5308872994482576,1.8644476498964384,3.988
MgSO4,-1.0,1.4124,0.1,0.0,0.0,0.0,0.5697135585498101,0.5697136169888363,0.0,0.0,0.0,0.0,0.842684608236045,2.27885625151349,5.6496
MgSO4,-1.0,1.6616,0.1,0.0,0.0,0.0,0.6147369056728772,0.6147369717988526,0.0,0.0,0.0,0.0,1.0468607362515792,2.4589502011685807,6.6464
MgSO4,-0.97,0.010124,0.1,0.0,0.0,0.0,0.008083012141278559,0.008083025003998297,0.0,0.0,0.0,0.0,0.002040965556159529,0.03233212979159061,0.040496
MgSO4,-0.739,0.10124,0.1,0.0,0.0,0.0,0.06938112574812043,0.06938115302313076,0.0,0.0,0.0,0.0,0.03185877259013759,0.27752469515242234,0.40496
MgSO4,-0.66,0.010124,0.1,0.0,0.0,0.0,0.008080467513709963,0.008080480528363689,0.0,0.0,0.0,0.0,0.0020435098303729898,0.03232195247553551,0.040496
MgSO4,-0.645,0.10124,0.1,0.0,0.0,0.0,0.06936145553170923,0.06936148288718787,0.0,0.0,0.0,0.0,0.03187844228400013,0.27744601515282613,0.40496
MgSO4,-0.56,0.010124,0.1,0.0,0.0,0.0,0.008079629123695876,0.008079642187661587,0.0,0.0,0.0,0.0,0.0020443481051938784,0.03231859930386432,0.040496
MgSO4,-0.32,0.010124,0.1,0.0,0.0,0.0,0.008077582464154973,0.00807759564706845,0.0,0.0,0.0,0.0,0.0020463944858431058,0.03231041360413997,0.040496
MgSO4,-0.245,0.010124,0.1,0.0,0.0,0.0,0.008076932959997257,0.008076946180255314,0.0,0.0,0.0,0.0,0.0020470439021396548,0.03230781588260699,0.040496
MgSO4,-0.15,0.005,0.1,0.0,0.0,0.0,0.004196787540024749,0.004196796635258101,0.0,0.0,0.0,0.0,0.000803197866039805,0.016787217612777343,0.02
MgSO4,-0.15,0.005,98.1,0.0,0.0,0.0,0.004408086177139197,0.004408091344711031,0.0,0.0,0.0,0.0,0.0005919050445340888,0.017632425029891728,0.02
MgSO4,-0.15,0.005,196.1,0.0,0.0,0.0,0.004447572499221183,0.004447575433177725,0.0,0.0,0.0,0.0,0.0005524218694403175,0.017790396113955262,0.02
MgSO4,-0.15,0.005,294.2,0.0,0.0,0.0,0.0043987660068403895,0.004398767674486512,0.0,0.0,0.0,0.0,0.0006012301744279879,0.017595207817813582,0.02
MgSO4,-0.15,0.005,392.3,0.0,0.0,0.0,0.004280430326224278,0.004280431239653604,0.0,0.0,0.0,0.0,0.0007195669868601225,0.017121915067415464,0.02
MgSO4,-0.15,0.005,490.3,0.0,0.0,0.0,0.0040915573718795775,0.004091557817361251,0.0,0.0,0.0,0.0,0.0009084407006134404,0.016366486919851063,0.02
MgSO4,-0.15,0.005,588.4,0.0,0.0,0.0,0.003826571918330152,0.0038265720686890786,0.0,0.0,0.0,0.0,0.0011734266949995687,0.015306624730947179,0.02
MgSO4,-0.15,0.005,686.5,0.0,0.0,0.0,0.0034862718149079584,0.0034862717839629674,0.0,0.0,0.0,0.0,0.001513727198952192,0.01394552248607097,0.02
MgSO4,-0.15,0.005,784.6,0.0,0.0,0.0,0.0030834509411381997,0.0030834508077041056,0.0,0.0,0.0,0.0,0.0019165483759716014,0.012334358830219544,0.02
MgSO4,-0.15,0.01,0.1,0.0,0.0,0.0,0.007984189521423678,0.007984202709497434,0.0,0.0,0.0,0.0,0.0020157874120371243,0.03193684216036078,0.04
MgSO4,-0.15,0.01,98.1,0.0,0.0,0.0,0.008480775788474728,0.008480783784781603,0.0,0.0,0.0,0.0,0.0015192098210957518,0.03392319624925232,0.04
MgSO4,-0.15,0.01,196.1,0.0,0.0,0.0,0.008575797938505571,0.008575802567403657,0.0,0.0,0.0,0.0,0.001424192702594367,0.0343033084530066,0.04
MgSO4,-0.15,0.01,294.2,0.0,0.0,0.0,0.008458450364761304,0.008458452979452784,0.0,0.0,0.0,0.0,0.0015415432787546659,0.033833955358296135,0.04
MgSO4,-0.15,0.01,392.3,0.0,0.0,0.0,0.00817846854571198,0.008178469937968684,0.0,0.0,0.0,0.0,0.0018215270053649232,0.03271407890906716,0.04
MgSO4,-0.15,0.01,490.3,0.0,0.0,0.0,0.00774364867175816,0.007743649306070007,0.0,0.0,0.0,0.0,0.002256348169415699,0.030974865029491837,0.04
MgSO4,-0.15,0.01,588.4,0.0,0.0,0.0,0.007155111595616731,0.0071551117596931986,0.0,0.0,0.0,0.0,0.002844886165278956,0.028620799313933756,0.04
MgSO4,-0.15,0.01,686.5,0.0,0.0,0.0,0.006429706745148227,0.006429706629958819,0.0,0.0,0.0,0.0,0.003570291693291505,0.025719282078391758,0.04
MgSO4,-0.15,0.01,784.6,0.0,0.0,0.0,0.005606438736008032,0.005606438472231107,0.0,0.0,0.0,0.0,0.004393560210333163,0.022426334989194413,0.04
MgSO4,-0.01,0.10124,0.1,0.0,0.0,0.0,0.06922632889537306,0.06922635679647897,0.0,0.0,0.0,0.0,0.03201356532001977,0.27690551455073675,0.40496
MgSO4,0.07,0.10124,0.1,0.0,0.0,0.0,0.069209031575131,0.06920905954521987,0.0,0.0,0.0,0.0,0.03203086217787087,0.27683632603011155,0.40496
MgSO4,0.23,0.10124,0.1,0.0,0.0,0.0,0.06917425626310507,0.0691742843713157,0.0,0.0,0.0,0.0,0.03206563655911606,0.27669722631055793,0.40496
MgSO4,0.32,0.010124,0.1,0.0,0.0,0.0,0.00807189038397203,0.008071903888212049,0.0,0.0,0.0,0.0,0.0020520858052986836,0.03228764782991076,0.040496
MgSO4,0.86,0.010124,0.1,0.0,0.0,0.0,0.008066828943419297,0.008066842723448642,0.0,0.0,0.0,0.0,0.0020571465843055065,0.03226740426677062,0.040496
MgSO4,0.89,0.10124,0.1,0.0,0.0,0.0,0.06902830513654895,0.06902833381660542,0.0,0.0,0.0,0.0,0.03221158376038808,0.2761134282216969,0.40496
MgSO4,1.475,0.010124,0.1,0.0,0.0,0.0,0.008060784551302259,0.008060798650619403,0.0,0.0,0.0,0.0,0.0020631902004341076,0.032243229260016715,0.040496
MgSO4,1.55,0.10124,0.1,0.0,0.0,0.0,0.06887843425579364,0.06887846351078444,0.0,0.0,0.0,0.0,0.032361450574304396,0.2755139512998693,0.40496
MgSO4,1.675,0.010124,0.1,0.0,0.0,0.0,0.008058756069999423,0.0080587702743392,0.0,0.0,0.0,0.0,0.0020652184240960475,0.032235116181181744,0.040496
MgSO4,1.859,0.10124,0.1,0.0,0.0,0.0,0.06880696035137472,0.06880698987649078,0.0,0.0,0.0,0.0,0.032432922524733725,0.2752280588372349,0.40496
MgSO4,1.9,0.010124,0.1,0.0,0.0,0.0,0.008056437777562627,0.008056452100749026,0.0,0.0,0.0,0.0,0.002067536423534903,0.03222584397148615,0.040496
MgSO4,2.04,0.010124,0.1,0.0,0.0,0.0,0.00805497608971519,0.008054990487222111,0.0,0.0,0.0,0.0,0.002068997927373397,0.03221999782169411,0.040496
MgSO4,2.062,0.10124,0.1,0.0,0.0,0.0,0.06875956103325881,0.06875959073613769,0.0,0.0,0.0,0.0,0.03248032054147874,0.27503846366021484,0.40496
MgSO4,2.1,0.010124,0.1,0.0,0.0,0.0,0.008054345174666343,0.008054359604112063,0.0,0.0,0.0,0.0,0.0020696287631596323,0.03221747442032413,0.040496
MgSO4,2.13,0.001012,0.1,0.0,0.0,0.0,0.000938684815534933,0.0009386881404731457,0.0,0.0,0.0,0.0,7.331024269284343e-05,0.0037547897868333044,0.004048
MgSO4,2.529,0.10124,0.1,0.0,0.0,0.0,0.0686492062400251,0.06864923635268136,0.0,0.0,0.0,0.0,0.03259067228682713,0.27459704937705604,0.40496
MgSO4,2.702,0.001012,0.1,0.0,0.0,0.0,0.0009385658307248727,0.0009385692300646109,0.0,0.0,0.0,0.0,7.342908793029323e-05,0.0037543152371217717,0.004048
MgSO4,2.902,0.010124,0.1,0.0,0.0,0.0,0.008045658085333354,0.008045672946700737,0.0,0.0,0.0,0.0,0.0020783147695151273,0.032182729580649744,0.040496
MgSO4,3.079,0.010124,0.1,0.0,0.0,0.0,0.008043678243949621,0.008043693201892124,0.0,0.0,0.0,0.0,0.002080294365901765,0.03217481100614057,0.040496
MgSO4,3.26,0.010124,0.1,0.0,0.0,0.0,0.008041630664743728,0.008041645721909655,0.0,0.0,0.0,0.0,0.00208234169229522,0.03216662150376942,0.040496
MgSO4,3.395,0.010124,0.1,0.0,0.0,0.0,0.00804008844349225,0.008040103574970687,0.0,0.0,0.0,0.0,0.0020838837234733155,0.03216045322989876,0.040496
MgSO4,3.648,0.10124,0.1,0.0,0.0,0.0,0.06837757075746514,0.06837760185595718,0.0,0.0,0.0,0.0,0.03286230015025639,0.2735105195650021,0.40496
MgSO4,3.668,0.10124,0.1,0.0,0.0,0.0,0.06837262583684824,0.06837265695300153,0.0,0.0,0.0,0.0,0.03286724493053276,0.27349074010438307,0.40496
MgSO4,4.14,0.010124,0.1,0.0,0.0,0.0,0.008031350417641768,0.008031365963898245,0.0,0.0,0.0,0.0,0.002092620676785984,0.03212550455602167,0.040496
MgSO4,4.22,0.001012,0.1,0.0,0.0,0.0,0.0009381954774157604,0.0009381990815716788,0.0,0.0,0.0,0.0,7.379905064375121e-05,0.0037528376577250534,0.004048
MgSO4,4.352,0.010124,0.1,0.0,0.0,0.0,0.008028794710192319,0.008028810375921583,0.0,0.0,0.0,0.0,0.0020951760715984197,0.032115282719947166,0.040496
MgSO4,4.45,0.001012,0.1,0.0,0.0,0.0,0.0009381326812789943,0.0009381363174101463,0.0,0.0,0.0,0.0,7.386178494951595e-05,0.0037525870729568167,0.004048
MgSO4,4.508,0.10124,0.1,0.0,0.0,0.0,0.06816219163544028,0.06816222349429689,0.0,0.0,0.0,0.0,0.03307767310130158,0.2726490127873561,0.40496
MgSO4,4.62,0.10124,0.1,0.0,0.0,0.0,0.06813373478985617,0.06813376674784863,0.0,0.0,0.0,0.0,0.03310612912235704,0.27253518669570964,0.40496
MgSO4,4.63,0.010124,0.1,0.0,0.0,0.0,0.008025397750988969,0.008025413574347575,0.0,0.0,0.0,0.0,0.002098572615749182,0.032101696198313025,0.040496
MgSO4,4.94,0.010124,0.1,0.0,0.0,0.0,0.00802154946289119,0.008021565463305406,0.0,0.0,0.0,0.0,0.0021024204341297814,0.03208630452878332,0.040496
MgSO4,4.996,0.10124,0.1,0.0,0.0,0.0,0.06803753049819719,0.06803756278912154,0.0,0.0,0.0,0.0,0.03320233061000957,0.2721503739067974,0.40496
MgSO4,5.0,0.0249,0.1,0.0,0.0,0.0,0.018484082655219152,0.018484105914556348,0.0,0.0,0.0,0.0,0.006415863755071564,0.07393647598356705,0.0996
MgSO4,5.0,0.3323,0.1,0.0,0.0,0.0,0.19577320976991988,0.1957732453693043,0.0,0.0,0.0,0.0,0.13652639318626747,0.7830933603289627,1.3292
MgSO4,5.0,0.6646,0.1,0.0,0.0,0.0,0.3396314953643262,0.33963153974943533,0.0,0.0,0.0,0.0,0.3249676241979632,1.3585270067459254,2.6584
MgSO4,5.0,0.997,0.1,0.0,0.0,0.0,0.4483112544849702,0.4483113123087036,0.0,0.0,0.0,0.0,0.548687233107896,1.7932467105337198,3.988
MgSO4,5.0,1.4124,0.1,0.0,0.0,0.0,0.5458652473770896,0.5458653237725541,0.0,0.0,0.0,0.0,0.8665322385883666,2.183463748269607,5.6496
MgSO4,5.0,1.6616,0.1,0.0,0.0,0.0,0.5879178733877543,0.5879179608464935,0.0,0.0,0.0,0.0,1.0736789008527896,2.351675014638392,6.6464
MgSO4,5.14,0.10124,0.1,0.0,0.0,0.0,0.06800041574167304,0.06800044816013806,0.0,0.0,0.0,0.0,0.03323944427783866,0.2720019165756597,0.40496
MgSO4,5.35,0.10124,0.1,0.0,0.0,0.0,0.06794602491880393,0.06794605752328454,0.0,0.0,0.0,0.0,0.03329383349813935,0.27178435577441734,0.40496
MgSO4,5.409,0.001012,0.1,0.0,0.0,0.0,0.0009378526158290406,0.0009378563879833324,0.0,0.0,0.0,0.0,7.414158476315975e-05,0.003751469366766114,0.004048
MgSO4,5.47,0.010124,0.1,0.0,0.0,0.0,0.008014825179835653,0.008014841486067951,0.0,0.0,0.0,0.0,0.0021091438970040808,0.03205940997197691,0.040496
MgSO4,5.72,0.10124,0.1,0.0,0.0,0.0,0.06784943780588346,0.06784947073811426,0.0,0.0,0.0,0.0,0.03339041774400198,0.27139801176394707,0.40496
MgSO4,5.81,0.010124,0.1,0.0,0.0,0.0,0.008010416816844548,0.008010433321312722,0.0,0.0,0.0,0.0,0.0021135517222612855,0.032041778199160674,0.040496
MgSO4,5.82,0.010124,0.1,0.0,0.0,0.0,0.008010286053267613,0.00801030256359037,0.0,0.0,0.0,0.0,0.0021136824698836485,0.03204125519456157,0.040496
MgSO4,5.822,0.010124,0.1,0.0,0.0,0.0,0.008010259891238287,0.008010276402732129,0.0,0.0,0.0,0.0,0.002113708628721097,0.03204115055638821,0.040496
MgSO4,5.84,0.010124,0.1,0.0,0.0,0.0,0.008010024329941197,0.008010040851977259,0.0,0.0,0.0,0.0,0.002113944161276953,0.03204020840072857,0.040496
MgSO4,5.842,0.010124,0.1,0.0,0.0,0.0,0.008009998148825512,0.0080100146720332,0.0,0.0,0.0,0.0,0.0021139703391975856,0.03204010368621716,0.040496
MgSO4,5.843,0.010124,0.1,0.0,0.0,0.0,0.008009985051195793,0.008010001574989321,0.0,0.0,0.0,0.0,0.002113983435229641,0.03204005130067422,0.040496
MgSO4,6.058,0.10124,0.1,0.0,0.0,0.0,0.06776037500019695,0.06776040823177532,0.0,0.0,0.0,0.0,0.03347947788137696,0.27104176465883356,0.40496
MgSO4,6.39,0.010124,0.1,0.0,0.0,0.0,0.008002729242819109,0.008002746089116004,0.0,0.0,0.0,0.0,0.0021212383576176093,0.032011030816818935,0.040496
MgSO4,6.6,0.001012,0.1,0.0,0.0,0.0,0.0009374651525799588,0.0009374690997747651,0.0,0.0,0.0,0.0,7.452869989124675e-05,0.003749922813075462,0.004048
MgSO4,6.743,0.10124,0.1,0.0,0.0,0.0,0.06757750889205719,0.06757754272983581,0.0,0.0,0.0,0.0,0.03366233843444787,0.27031030875154577,0.40496
MgSO4,6.745,0.10124,0.1,0.0,0.0,0.0,0.06757697040431944,0.06757700424386662,0.0,0.0,0.0,0.0,0.033662876905672656,0.27030815482584425,0.40496
MgSO4,6.775,0.010124,0.1,0.0,0.0,0.0,0.007997511855728981,0.007997528931453,0.0,0.0,0.0,0.0,0.002126455106455262,0.0319901632373394,0.040496
MgSO4,6.88,0.010124,0.1,0.0,0.0,0.0,0.00799607335280641,0.00799609049144774,0.0,0.0,0.0,0.0,0.0021278934331737357,0.031984409767474124,0.040496
MgSO4,6.982,0.001012,0.1,0.0,0.0,0.0,0.0009373318791276393,0.0009373358839090274,0.0,0.0,0.0,0.0,7.466185724617569e-05,0.0037493908075219807,0.004048
MgSO4,7.57,0.001012,0.1,0.0,0.0,0.0,0.0009371184227787937,0.0009371225175792201,0.0,0.0,0.0,0.0,7.487513053583886e-05,0.003748538686247991,0.004048
MgSO4,7.678,0.10124,0.1,0.0,0.0,0.0,0.06732295506232971,0.06732298972560145,0.0,0.0,0.0,0.0,0.03391688435288961,0.269292105468897,0.40496
MgSO4,8.025,0.10124,0.1,0.0,0.0,0.0,0.06722708026751512,0.06722711523628755,0.0,0.0,0.0,0.0,0.034012756111980375,0.268908610876854,0.40496
MgSO4,8.29,0.010124,0.1,0.0,0.0,0.0,0.007976123987009687,0.00797614198466756,0.0,0.0,0.0,0.0,0.002147840341526945,0.03190461978530231,0.040496
MgSO4,8.38,0.010124,0.1,0.0,0.0,0.0,0.007974811529244303,0.00797482958261108,0.0,0.0,0.0,0.0,0.0021491526365234456,0.03189937044489552,0.040496
MgSO4,8.46,0.10124,0.1,0.0,0.0,0.0,0.06710584960758591,0.06710588495848051,0.0,0.0,0.0,0.0,0.0341339828879895,0.26842369408165934,0.40496
MgSO4,8.565,0.010124,0.1,0.0,0.0,0.0,0.007972099291834456,0.00797211746003868,0.0,0.0,0.0,0.0,0.0021518645370678397,0.031888522508849965,0.040496
MgSO4,8.68,0.001012,0.1,0.0,0.0,0.0,0.0009366886767283553,0.0009366929460333279,0.0,0.0,0.0,0.0,7.530451617058117e-05,0.003746823016429834,0.004048
MgSO4,9.12,0.001012,0.1,0.0,0.0,0.0,0.0009365088701901112,0.0009365132103268216,0.0,0.0,0.0,0.0,7.548417429574437e-05,0.0037461051399242124,0.004048
MgSO4,9.139,0.010124,0.1,0.0,0.0,0.0,0.007963561981554073,0.007963580508816268,0.0,0.0,0.0,0.0,0.0021604007823336022,0.0318543764559629,0.040496
MgSO4,9.37,0.010124,0.1,0.0,0.0,0.0,0.007960074790368449,0.007960093463289047,0.0,0.0,0.0,0.0,0.0021638875363275707,0.03184042899295321,0.040496
MgSO4,9.62,0.10124,0.1,0.0,0.0,0.0,0.06677708912314302,0.06677712548712221,0.0,0.0,0.0,0.0,0.03446273257582259,0.2671086682530893,0.40496
MgSO4,9.72,0.010124,0.1,0.0,0.0,0.0,0.007954735744763023,0.007954754639626095,0.0,0.0,0.0,0.0,0.0021692259099643715,0.031819074803465214,0.040496
MgSO4,9.76,0.001012,0.1,0.0,0.0,0.0,0.0009362379805697506,0.0009362424254188116,0.0,0.0,0.0,0.0,7.57548422360923e-05,0.0037450235814988713,0.004048
MgSO4,9.95,0.010124,0.1,0.0,0.0,0.0,0.007951191229768586,0.00795121027128861,0.0,0.0,0.0,0.0,0.0021727699770325176,0.03180489806674461,0.040496
MgSO4,10.382,0.10124,0.1,0.0,0.0,0.0,0.06655696464883537,0.066557001672376,0.0,0.0,0.0,0.0,0.0346828495966795,0.26622818136505116,0.40496
MgSO4,11.041,0.001012,0.1,0.0,0.0,0.0,0.0009356633055780873,0.0009356679660147792,0.0,0.0,0.0,0.0,7.6329052109201e-05,0.0037427290186158512,0.004048
MgSO4,11.919,0.010124,0.1,0.0,0.0,0.0,0.007919714597832448,0.007919734920051125,0.0,0.0,0.0,0.0,0.0022042425601979552,0.031679003318801545,0.040496
MgSO4,12.252,0.10124,0.1,0.0,0.0,0.0,0.06600366349637811,0.06600370211146235,0.0,0.0,0.0,0.0,0.03523613116870123,0.26401500527821137,0.40496
MgSO4,12.31,0.010124,0.1,0.0,0.0,0.0,0.00791323007386284,0.007913250655514709,0.0,0.0,0.0,0.0,0.00221072623272027,0.03165306766048285,0.040496
MgSO4,12.645,0.10124,0.1,0.0,0.0,0.0,0.06588513571444171,0.06588517465803514,0.0,0.0,0.0,0.0,0.035354654591303845,0.263540900427496,0.40496
MgSO4,12.74,0.010124,0.1,0.0,0.0,0.0,0.007906012157983248,0.007906033026788413,0.0,0.0,0.0,0.0,0.0022179431932995916,0.03162419871616432,0.040496
MgSO4,13.06,0.001012,0.1,0.0,0.0,0.0,0.0009346730129430423,0.0009346780293644617,0.0,0.0,0.0,0.0,7.731855019132557e-05,0.0037387747416929014,0.004048
MgSO4,13.122,0.010124,0.1,0.0,0.0,0.0,0.007899524916651262,0.007899546042127992,0.0,0.0,0.0,0.0,0.00222442956903799,0.031598252200668885,0.040496
MgSO4,13.3,0.010124,0.1,0.0,0.0,0.0,0.007896478223837471,0.007896499469407604,0.0,0.0,0.0,0.0,0.0022274758529901607,0.031586066582029546,0.040496
MgSO4,13.56,0.10124,0.1,0.0,0.0,0.0,0.0656063151719523,0.06560635487076637,0.0,0.0,0.0,0.0,0.035633464638700534,0.2624256332678383,0.40496
MgSO4,13.85,0.10124,0.1,0.0,0.0,0.0,0.06551713408718306,0.0655171740223022,0.0,0.0,0.0,0.0,0.035722642293727465,0.26206891380405717,0.40496
MgSO4,14.06,0.10124,0.1,0.0,0.0,0.0,0.06545231673178145,0.0654523568370344,0.0,0.0,0.0,0.0,0.03578745713375375,0.26180964794891076,0.40496
MgSO4,14.123,0.10124,0.1,0.0,0.0,0.0,0.0654328329262399,0.06543287308236752,0.0,0.0,0.0,0.0,0.03580694017943323,0.26173171380263355,0.40496
MgSO4,14.193,0.10124,0.1,0.0,0.0,0.0,0.06541116351228984,0.06541120372485382,0.0,0.0,0.0,0.0,0.03582860874623529,0.26164503734550076,0.40496
MgSO4,20.0,0.0249,0.1,0.0,0.0,0.0,0.017671354713956214,0.017671390540533564,0.0,0.0,0.0,0.0,0.0072285295107770865,0.07068569481596164,0.0996
MgSO4,20.0,0.3323,0.1,0.0,0.0,0.0,0.1786201261466673,0.1786201734017826,0.0,0.0,0.0,0.0,0.1536789832193434,0.7144815972344554,1.3292
MgSO4,20.0,0.6646,0.1,0.0,0.0,0.0,0.3047345335778549,0.3047346009104855,0.0,0.0,0.0,0.0,0.35986352073136646,1.218940329095676,2.6584
MgSO4,20.0,0.997,0.1,0.0,0.0,0.0,0.3978136708959991,0.3978137680297953,0.0,0.0,0.0,0.0,0.5991830347672721,1.5912583055980614,3.988
MgSO4,20.0,1.4124,0.1,0.0,0.0,0.0,0.47948715859284696,0.47948729635420256,0.0,0.0,0.0,0.0,0.9329074405897139,1.9179545034999372,5.6496
MgSO4,20.0,1.6616,0.1,0.0,0.0,0.0,0.5139248039870504,0.5139249660909102,0.0,0.0,0.0,0.0,1.1476683093377316,2.055706680310472,6.6464
MgSO4,24.850000000000023,0.005,0.1,0.0,0.0,0.0,0.004046530986846658,0.004046552076195095,0.0,0.0,0.0,0.0,0.0009534186464362299,0.016186320333383086,0.02
MgSO4,24.850000000000023,0.005,98.1,0.0,0.0,0.0,0.004189572242977097,0.00418958276981406,0.0,0.0,0.0,0.0,0.0008103966120333068,0.016758507751251275,0.02
MgSO4,24.850000000000023,0.005,196.1,0.0,0.0,0.0,0.004175159753703228,0.0041751635405847635,0.0,0.0,0.0,0.0,0.0008248199544027627,0.016700909358711186,0.02
MgSO4,24.850000000000023,0.005,294.2,0.0,0.0,0.0,0.0040609598019043245,0.0040609594206526415,0.0,0.0,0.0,0.0,0.0009390264619373835,0.016244186999377585,0.02
MgSO4,24.850000000000023,0.005,392.3,0.0,0.0,0.0,0.003861330928665443,0.003861327958794506,0.0,0.0,0.0,0.0,0.0011386595656005048,0.015445774589801245,0.02
MgSO4,24.850000000000023,0.005,490.3,0.0,0.0,0.0,0.0035810659347566024,0.003581061405363226,0.0,0.0,0.0,0.0,0.0014189274398242653,0.014324845224586177,0.02
MgSO4,24.850000000000023,0.005,588.4,0.0,0.0,0.0,0.003228473963219048,0.00322846860365838,0.0,0.0,0.0,0.0,0.0017715214487514527,0.012914639213744698,0.02
MgSO4,24.850000000000023,0.005,686.5,0.0,0.0,0.0,0.0028231110577406236,0.0028231054155977166,0.0,0.0,0.0,0.0,0.0021768858182346215,0.011293385124773752,0.02
MgSO4,24.850000000000023,0.005,784.6,0.0,0.0,0.0,0.002393340160607642,0.002393334639563572,0.0,0.0,0.0,0.0,0.0026066577684586327,0.009574540130673987,0.02
MgSO4,24.850000000000023,0.01,0.1,0.0,0.0,0.0,0.0075850275639226875,0.00758505683198084,0.0,0.0,0.0,0.0,0.0024148916024880514,0.030340354346592366,0.04
MgSO4,24.850000000000023,0.01,98.1,0.0,0.0,0.0,0.007914903512822586,0.00791491889269586,0.0,0.0,0.0,0.0,0.0020850451777297955,0.03165986722320354,0.04
MgSO4,24.850000000000023,0.01,196.1,0.0,0.0,0.0,0.007881260391800015,0.007881265662330605,0.0,0.0,0.0,0.0,0.0021187058823721604,0.03152533733781362,0.04
MgSO4,24.850000000000023,0.01,294.2,0.0,0.0,0.0,0.0076178936403707345,0.007617892323439484,0.0,0.0,0.0,0.0,0.0023820835889862267,0.030471943349288388,0.04
MgSO4,24.850000000000023,0.01,392.3,0.0,0.0,0.0,0.007169849662371662,0.007169844230988363,0.0,0.0,0.0,0.0,0.0028301347300272155,0.028679869744518676,0.04
MgSO4,24.850000000000023,0.01,490.3,0.0,0.0,0.0,0.006563657706059116,0.006563649872394625,0.0,0.0,0.0,0.0,0.0034363315673765138,0.0262552346927306,0.04
MgSO4,24.850000000000023,0.01,588.4,0.0,0.0,0.0,0.005832283792891525,0.005832274785885871,0.0,0.0,0.0,0.0,0.004167708904801907,0.023329905611428496,0.04
MgSO4,24.850000000000023,0.01,686.5,0.0,0.0,0.0,0.0050260450245156185,0.005026035743721113,0.0,0.0,0.0,0.0,0.00497395009917273,0.020105155088170124,0.04
MgSO4,24.850000000000023,0.01,784.6,0.0,0.0,0.0,0.004203494841820295,0.004203485917994406,0.0,0.0,0.0,0.0,0.005796501998872453,0.016815202208412785,0.04
MgSO4,25.0,0.0249,0.1,0.0,0.0,0.0,0.01734582286754336,0.017345862752822308,0.0,0.0,0.0,0.0,0.007554028251662683,0.06938362846875587,0.0996
MgSO4,25.0,0.3323,0.1,0.0,0.0,0.0,0.1724238524088913,0.17242390193833357,0.0,0.0,0.0,0.0,0.1598749921119949,0.689696797252099,1.3292
MgSO4,25.0,0.6646,0.1,0.0,0.0,0.0,0.29248594175221626,0.29248601694894794,0.0,0.0,0.0,0.0,0.372111548147394,1.1699465697429237,2.6584
MgSO4,25.0,0.997,0.1,0.0,0.0,0.0,0.3804092199281554,0.380409332771985,0.0,0.0,0.0,0.0,0.6165865507469165,1.5216415018762115,3.988
MgSO4,25.0,1.4124,0.1,0.0,0.0,0.0,0.4569752592910243,0.4569754232519041,0.0,0.0,0.0,0.0,0.9554178382179224,1.827908511201341,5.6496
MgSO4,25.0,1.6616,0.1,0.0,0.0,0.0,0.48901839638461453,0.4890185910261432,0.0,0.0,0.0,0.0,1.172572819747708,1.9560830798674564,6.6464
MgSO4,49.85000000000002,0.005,0.1,0.0,0.0,0.0,0.003791012891195087,0.0037910430458301487,0.0,0.0,0.0,0.0,0.001208823928759405,0.015164519364050694,0.02
MgSO4,49.85000000000002,0.005,98.1,0.0,0.0,0.0,0.003934228069260578,0.003934233426072611,0.0,0.0,0.0,0.0,0.001065668501523448,0.01573739945631067,0.02
MgSO4,49.85000000000002,0.005,196.1,0.0,0.0,0.0,0.003909172164304064,0.0039091593395081895,0.0,0.0,0.0,0.0,0.001090759391074177,0.015637256841264786,0.02
MgSO4,49.85000000000002,0.005,294.2,0.0,0.0,0.0,0.0037766374892113865,0.0037766123991490553,0.0,0.0,0.0,0.0,0.001223315907755169,0.01510725292946521,0.02
MgSO4,49.85000000000002,0.005,392.3,0.0,0.0,0.0,0.003557780897779302,0.003557747885328144,0.0,0.0,0.0,0.0,0.0014421868769244792,0.014232012603298783,0.02
MgSO4,49.85000000000002,0.005,490.3,0.0,0.0,0.0,0.0032655407344443256,0.0032655030529565696,0.0,0.0,0.0,0.0,0.0017344368958563479,0.013063290866035481,0.02
MgSO4,49.85000000000002,0.005,588.4,0.0,0.0,0.0,0.002915280683868378,0.0029152409003898594,0.0,0.0,0.0,0.0,0.002084703888832567,0.01166254770513024,0.02
MgSO4,49.85000000000002,0.005,686.5,0.0,0.0,0.0,0.002529669130933026,0.0025296293145017365,0.0,0.0,0.0,0.0,0.0024703203727653718,0.010120463135819085,0.02
MgSO4,49.85000000000002,0.005,784.6,0.0,0.0,0.0,0.0021348544730746912,0.0021348162197810166,0.0,0.0,0.0,0.0,0.002865138523767436,0.008541638948978634,0.02
MgSO4,49.85000000000002,0.01,0.1,0.0,0.0,0.0,0.006963302733133274,0.006963340554077036,0.0,0.0,0.0,0.0,0.0030364323338515167,0.027853801557654427,0.04
MgSO4,49.85000000000002,0.01,98.1,0.0,0.0,0.0,0.0072817704652312154,0.007281775371565062,0.0,0.0,0.0,0.0,0.002718058104497657,0.029127649899994237,0.04
MgSO4,49.85000000000002,0.01,196.1,0.0,0.0,0.0,0.007225460891425347,0.007225438330899456,0.0,0.0,0.0,0.0,0.0027744249430783287,0.028902461629176444,0.04
MgSO4,49.85000000000002,0.01,294.2,0.0,0.0,0.0,0.006931685416383457,0.006931643334203002,0.0,0.0,0.0,0.0,0.003068237209116218,0.027727475090590675,0.04
MgSO4,49.85000000000002,0.01,392.3,0.0,0.0,0.0,0.006459940207840316,0.0064598855476837285,0.0,0.0,0.0,0.0,0.003540006896888499,0.025840670899818754,0.04
MgSO4,49.85000000000002,0.01,490.3,0.0,0.0,0.0,0.005852368223560786,0.005852306535521993,0.0,0.0,0.0,0.0,0.0041475956131748655,0.023410620662356184,0.04
MgSO4,49.85000000000002,0.01,588.4,0.0,0.0,0.0,0.005152151942521904,0.005152087601805583,0.0,0.0,0.0,0.0,0.0048478235400234845,0.020610058067398157,0.04
MgSO4,49.85000000000002,0.01,686.5,0.0,0.0,0.0,0.004410074461351156,0.004410010855184226,0.0,0.0,0.0,0.0,0.005589909153576588,0.017642120884975222,0.04
MgSO4,49.85000000000002,0.01,784.6,0.0,0.0,0.0,0.003675811642175361,0.0036757512331469368,0.0,0.0,0.0,0.0,0.006324177629843171,0.01470551997661303,0.04
MgSO4,74.85000000000002,0.005,0.1,0.0,0.0,0.0,0.0034657023014032654,0.003465693407535697,0.0,0.0,0.0,0.0,0.001533807260352775,0.013863778873176788,0.02
MgSO4,74.85000000000002,0.005,98.1,0.0,0.0,0.0,0.003648365039502028,0.003648298252478006,0.0,0.0,0.0,0.0,0.0013513178116002652,0.014594379200540165,0.02
MgSO4,74.85000000000002,0.005,196.1,0.0,0.0,0.0,0.0036431318838713216,0.003643017289579729,0.0,0.0,0.0,0.0,0.00135665563295378,0.014573522738174622,0.02
MgSO4,74.85000000000002,0.005,294.2,0.0,0.0,0.0,0.00352276793562313,0.0035226183077228007,0.0,0.0,0.0,0.0,0.0014770864884585465,0.014092251078934978,0.02
MgSO4,74.85000000000002,0.005,392.3,0.0,0.0,0.0,0.003317160267751463,0.0033169868406804468,0.0,0.0,0.0,0.0,0.0016827387493621464,0.013270103504590597,0.02
MgSO4,74.85000000000002,0.005,490.3,0.0,0.0,0.0,0.003044975550778923,0.00304478777421872,0.0,0.0,0.0,0.0,0.001954954138527993,0.012181745247371159,0.02
MgSO4,74.85000000000002,0.005,588.4,0.0,0.0,0.0,0.002723838308725733,0.0027236442387067713,0.0,0.0,0.0,0.0,0.002276112947849533,0.010897679654455634,0.02
MgSO4,74.85000000000002,0.005,686.5,0.0,0.0,0.0,0.0023748805828417586,0.0023746870984088656,0.0,0.0,0.0,0.0,0.002625085941225803,0.009502442549530143,0.02
MgSO4,74.85000000000002,0.005,784.6,0.0,0.0,0.0,0.0020200692300140354,0.002019881942476899,0.0,0.0,0.0,0.0,0.002979908085096012,0.00808391181377834,0.02
MgSO4,74.85000000000002,0.01,0.1,0.0,0.0,0.0,0.006219782807670476,0.006219764895203625,0.0,0.0,0.0,0.0,0.0037794138899081395,0.024880416478509453,0.04
MgSO4,74.85000000000002,0.01,98.1,0.0,0.0,0.0,0.0066079958186314215,0.006607896859381185,0.0,0.0,0.0,0.0,0.0033914735578229405,0.02643309139929836,0.04
MgSO4,74.85000000000002,0.01,196.1,0.0,0.0,0.0,0.00659666841940581,0.006596494361112874,0.0,0.0,0.0,0.0,0.003402973494778485,0.026387758578941864,0.04
MgSO4,74.85000000000002,0.01,294.2,0.0,0.0,0.0,0.0063397856051531235,0.006339553279575884,0.0,0.0,0.0,0.0,0.003659970178457163,0.025360340376362672,0.04
MgSO4,74.85000000000002,0.01,392.3,0.0,0.0,0.0,0.005911402581856857,0.005911130376075624,0.0,0.0,0.0,0.0,0.0040884300584353,0.023647047098687608,0.04
MgSO4,74.85000000000002,0.01,490.3,0.0,0.0,0.0,0.005362017154496704,0.005361721730464746,0.0,0.0,0.0,0.0,0.004637868189365413,0.02144986458973326,0.04
MgSO4,74.85000000000002,0.01,588.4,0.0,0.0,0.0,0.0047358504802034,0.004735546019267212,0.0,0.0,0.0,0.0,0.005264071432575785,0.018945678501754326,0.04
MgSO4,74.85000000000002,0.01,686.5,0.0,0.0,0.0,0.004078047350932926,0.004077745483153461,0.0,0.0,0.0,0.0,0.005921899969763066,0.016315071998521887,0.04
MgSO4,74.85000000000002,0.01,784.6,0.0,0.0,0.0,0.0034293912716290256,0.0034291009744196244,0.0,0.0,0.0,0.0,0.00657057364900201,0.013721186513335721,0.04
MgSO4,99.85000000000002,0.005,0.1,0.0,0.0,0.0,0.003086692051708217,0.0030865060467202784,0.0,0.0,0.0,0.0,0.001911934454313488,0.01234868535587979,0.02
MgSO4,99.85000000000002,0.005,98.1,0.0,0.0,0.0,0.0033386531760690014,0.003338317939387189,0.0,0.0,0.0,0.0,0.0016604359867258935,0.013356189275343306,0.02
MgSO4,99.85000000000002,0.005,196.1,0.0,0.0,0.0,0.0033769970196363777,0.003376527100884674,0.0,0.0,0.0,0.0,0.001622384396418559,0.013509478174155173,0.02
MgSO4,99.85000000000002,0.005,294.2,0.0,0.0,0.0,0.003289570306153859,0.0032889929808266904,0.0,0.0,0.0,0.0,0.0017100031608831138,0.01315989957969791,0.02
MgSO4,99.85000000000002,0.005,392.3,0.0,0.0,0.0,0.003115292593264302,0.0031146363758165897,0.0,0.0,0.0,0.0,0.0018844105594401773,0.012463108734950538,0.02
MgSO4,99.85000000000002,0.005,490.3,0.0,0.0,0.0,0.002877311222835714,0.0028766024927825186,0.0,0.0,0.0,0.0,0.0021224814141388927,0.011511683878915739,0.02
MgSO4,99.85000000000002,0.005,588.4,0.0,0.0,0.0,0.0025941439835480847,0.002593406555500613,0.0,0.0,0.0,0.0,0.0024057114739524095,0.01037969652622251,0.02
MgSO4,99.85000000000002,0.005,686.5,0.0,0.0,0.0,0.002284929609741514,0.002284184864140006,0.0,0.0,0.0,0.0,0.002714970217480156,0.009143707102604901,0.02
MgSO4,99.85000000000002,0.005,784.6,0.0,0.0,0.0,0.001968275885220077,0.001967542319375355,0.0,0.0,0.0,0.0,0.0030316552908215234,0.007878156825142212,0.02
MgSO4,99.85000000000002,0.01,0.1,0.0,0.0,0.0,0.005405948418796101,0.0054057172637663724,0.0,0.0,0.0,0.0,0.004591802213183055,0.021626546278042405,0.04
MgSO4,99.85000000000002,0.01,98.1,0.0,0.0,0.0,0.005916114137205169,0.005915674040855478,0.0,0.0,0.0,0.0,0.004082352365660761,0.023666541290914393,0.04
MgSO4,99.85000000000002,0.01,196.1,0.0,0.0,0.0,0.005995222590137583,0.005994571686643827,0.0,0.0,0.0,0.0,0.004003721539237014,0.02398260799946649,0.04
MgSO4,99.85000000000002,0.01,294.2,0.0,0.0,0.0,0.005815154643422148,0.005814322668845524,0.0,0.0,0.0,0.0,0.004184117129971879,0.023262238078422894,0.04
MgSO4,99.85000000000002,0.01,392.3,0.0,0.0,0.0,0.00546267079321511,0.005461700974114904,0.0,0.0,0.0,0.0,0.004536827352373048,0.02185245689016416,0.04
MgSO4,99.85000000000002,0.01,490.3,0.0,0.0,0.0,0.004993721647287232,0.0049926592072634095,0.0,0.0,0.0,0.0,0.005005933278042687,0.019977053036216802,0.04
MgSO4,99.85000000000002,0.01,588.4,0.0,0.0,0.0,0.004451940775577516,0.004450827717393705,0.0,0.0,0.0,0.0,0.005547823105904799,0.01781055338404979,0.04
MgSO4,99.85000000000002,0.01,686.5,0.0,0.0,0.0,0.003877578184838076,0.0038764515358679975,0.0,0.0,0.0,0.0,0.006122261266153807,0.015513954882607553,0.04
MgSO4,99.85000000000002,0.01,784.6,0.0,0.0,0.0,0.0033053598815787877,0.003304250534987351,0.0,0.0,0.0,0.0,0.0066945318257338685,0.013226163432909058,0.04
MgSO4,124.85000000000002,0.005,0.1,0.0,0.0,0.0,0.002667092884068665,0.0026664973282122624,0.0,0.0,0.0,0.0,0.00232934143832347,0.010672295681884566,0.02
MgSO4,124.85000000000002,0.005,98.1,0.0,0.0,0.0,0.0030105171696596196,0.0030095456574712703,0.0,0.0,0.0,0.0,0.0019870211293288014,0.012044867134874918,0.02
MgSO4,124.85000000000002,0.005,196.1,0.0,0.0,0.0,0.0031108927674373494,0.003109550593740984,0.0,0.0,0.0,0.0,0.001887395439244666,0.012445688167836345,0.02
MgSO4,124.85000000000002,0.005,294.2,0.0,0.0,0.0,0.003071022269690332,0.003069354105805827,0.0,0.0,0.0,0.0,0.0019277820852872131,0.012285920745058056,0.02
MgSO4,124.85000000000002,0.005,392.3,0.0,0.0,0.0,0.0029389495376745587,0.0029370164487523194,0.0,0.0,0.0,0.0,0.002060212908899999,0.011757705556242459,0.02
MgSO4,124.85000000000002,0.005,490.3,0.0,0.0,0.0,0.0027421180997105037,0.002739984363183181,0.0,0.0,0.0,0.0,0.002257294533979229,0.010970791350563348,0.02
MgSO4,124.85000000000002,0.005,588.4,0.0,0.0,0.0,0.002500022398204919,0.00249775028291603,0.0,0.0,0.0,0.0,0.0024995665164720534,0.010003144320262683,0.02
MgSO4,124.85000000000002,0.005,686.5,0.0,0.0,0.0,0.002230433766174994,0.0022280825541835495,0.0,0.0,0.0,0.0,0.0027692796348605443,0.008925847668162243,0.02
MgSO4,124.85000000000002,0.005,784.6,0.0,0.0,0.0,0.0019496693995685794,0.001947293803343709,0.0,0.0,0.0,0.0,0.0030501319088769244,0.007804175424944113,0.02
MgSO4,124.85000000000002,0.01,0.1,0.0,0.0,0.0,0.004558572340548268,0.004557887223457137,0.0,0.0,0.0,0.0,0.0054356529895711915,0.018240332435285812,0.04
MgSO4,124.85000000000002,0.01,98.1,0.0,0.0,0.0,0.005221327240645323,0.005220150610453538,0.0,0.0,0.0,0.0,0.00477454676659092,0.020889539955488097,0.04
MgSO4,124.85000000000002,0.01,196.1,0.0,0.0,0.0,0.005420142408439152,0.005418428226580176,0.0,0.0,0.0,0.0,0.004576921005987872,0.021683471938729323,0.04
MgSO4,124.85000000000002,0.01,294.2,0.0,0.0,0.0,0.005340598329435921,0.005338369839726609,0.0,0.0,0.0,0.0,0.004657329542299871,0.021364425159181563,0.04
MgSO4,124.85000000000002,0.01,392.3,0.0,0.0,0.0,0.005080434372231094,0.005077763953464376,0.0,0.0,0.0,0.0,0.004918116961015928,0.020323355751947568,0.04
MgSO4,124.85000000000002,0.01,490.3,0.0,0.0,0.0,0.004700407728494911,0.004697391300535926,0.0,0.0,0.0,0.0,0.005298587433491664,0.01880328368772742,0.04
MgSO4,124.85000000000002,0.01,588.4,0.0,0.0,0.0,0.004244227040963113,0.004240965759881531,0.0,0.0,0.0,0.0,0.005755081172774396,0.01697902950167013,0.04
MgSO4,124.85000000000002,0.01,686.5,0.0,0.0,0.0,0.0037490504082577304,0.003745642445376426,0.0,0.0,0.0,0.0,0.006250476372246538,0.014999212654259148,0.04
MgSO4,124.85000000000002,0.01,784.6,0.0,0.0,0.0,0.0032458737247805488,0.0032424088534058907,0.0,0.0,0.0,0.0,0.006753804554206231,0.012987807777282041,0.04
MgSO4,149.85000000000002,0.005,0.1,0.0,0.0,0.0,0.0022218884681268368,0.002220610849772834,0.0,0.0,0.0,0.0,0.00276961799867091,0.008895901246556084,0.02
MgSO4,149.85000000000002,0.005,98.1,0.0,0.0,0.0,0.002668722010236062,0.0026666223568861456,0.0,0.0,0.0,0.0,0.002325068626638255,0.010680546642139296,0.02
MgSO4,149.85000000000002,0.005,196.1,0.0,0.0,0.0,0.0028445844404559623,0.0028416042936050016,0.0,0.0,0.0,0.0,0.0021509307058852046,0.011381891813735605,0.02
MgSO4,149.85000000000002,0.005,294.2,0.0,0.0,0.0,0.0028627587601124703,0.0028589253259613478,0.0,0.0,0.0,0.0,0.0021340269577036323,0.011453097395737117,0.02
MgSO4,149.85000000000002,0.005,392.3,0.0,0.0,0.0,0.002779988187602553,0.002775388880642863,0.0,0.0,0.0,0.0,0.0022177225856845665,0.011121128243823239,0.02
MgSO4,149.85000000000002,0.005,490.3,0.0,0.0,0.0,0.0026281979212480055,0.0026229504015417232,0.0,0.0,0.0,0.0,0.0023701798399996996,0.010513663675904715,0.02
MgSO4,149.85000000000002,0.005,588.4,0.0,0.0,0.0,0.0024283837488433178,0.0024226158118103463,0.0,0.0,0.0,0.0,0.0025704727496406333,0.009714665124974568,0.02
MgSO4,149.85000000000002,0.005,686.5,0.0,0.0,0.0,0.0021977464774978824,0.0021915896468030116,0.0,0.0,0.0,0.0,0.002801451496365653,0.008792924191048834,0.02
MgSO4,149.85000000000002,0.005,784.6,0.0,0.0,0.0,0.0019512133803391498,0.0019447978557562285,0.0,0.0,0.0,0.0,0.003048227016781069,0.007808147983604596,0.02
MgSO4,149.85000000000002,0.01,0.1,0.0,0.0,0.0,0.00370994305591739,0.003708536518537981,0.0,0.0,0.0,0.0,0.0062765491854722705,0.014853004998969622,0.04
MgSO4,149.85000000000002,0.01,98.1,0.0,0.0,0.0,0.0045340732752442185,0.00453167118529728,0.0,0.0,0.0,0.0,0.0054556771556175405,0.018145658250754662,0.04
MgSO4,149.85000000000002,0.01,196.1,0.0,0.0,0.0,0.004869064671765213,0.004865500008589098,0.0,0.0,0.0,0.0,0.005123305306773788,0.01948228627237592,0.04
MgSO4,149.85000000000002,0.01,294.2,0.0,0.0,0.0,0.004903732017104865,0.004898945759736285,0.0,0.0,0.0,0.0,0.005090685668342847,0.019618240535257736,0.04
MgSO4,149.85000000000002,0.01,392.3,0.0,0.0,0.0,0.004744388868510189,0.004738435665222811,0.0,0.0,0.0,0.0,0.005251598086625562,0.018978843403179433,0.04
MgSO4,149.85000000000002,0.01,490.3,0.0,0.0,0.0,0.004456441760536105,0.004449459212055271,0.0,0.0,0.0,0.0,0.005540717869159243,0.017825767437806592,0.04
MgSO4,149.85000000000002,0.01,588.4,0.0,0.0,0.0,0.004084676946977733,0.00407684498994749,0.0,0.0,0.0,0.0,0.005913339541817893,0.016338166079815027,0.04
MgSO4,149.85000000000002,0.01,686.5,0.0,0.0,0.0,0.003664744481154929,0.0036562609390775975,0.0,0.0,0.0,0.0,0.006333884606887481,0.014658629557532462,0.04
MgSO4,149.85000000000002,0.01,784.6,0.0,0.0,0.0,0.0032255378599854775,0.003216601147372847,0.0,0.0,0.0,0.0,0.006773522276148526,0.01290271410001272,0.04
NH4Cl,-10.0,0.187,0.1,0.0,0.18699991211766837,0.0,0.0,0.0,0.1869976450430831,0.0,0.0,0.0,0.0,0.1869999124483628,0.187
NH4Cl,-10.0,0.9348,0.1,0.0,0.9347995010744985,0.0,0.0,0.0,0.9347954943814327,0.0,0.0,0.0,0.0,0.9347995013136685,0.9348
NH4Cl,-10.0,1.4021,0.1,0.0,1.4020992951926885,0.0,0.0,0.0,1.4020948635518493,0.0,0.0,0.0,0.0,1.4020992954156788,1.4021
NH4Cl,-10.0,1.8005,0.1,0.0,1.8004991556399532,0.0,0.0,0.0,1.8004945022032348,0.0,0.0,0.0,0.0,1.8004991558534535,1.8005
NH4Cl,-6.0,0.187,0.1,0.0,0.18699990640893038,0.0,0.0,0.0,0.1869971889943829,0.0,0.0,0.0,0.0,0.18699990683539092,0.187
NH4Cl,-6.0,0.9348,0.1,0.0,0.9347994631201061,0.0,0.0,0.0,0.9347946318902891,0.0,0.0,0.0,0.0,0.9347994634255069,0.9348
NH4Cl,-6.0,1.4021,0.1,0.0,1.402099239400731,0.0,0.0,0.0,1.4020938854899692,0.0,0.0,0.0,0.0,1.4020992396847825,1.4021
NH4Cl,-6.0,1.8005,0.1,0.0,1.8004990872450362,0.0,0.0,0.0,1.8004934587854429,0.0,0.0,0.0,0.0,1.8004990875166462,1.8005
NH4Cl,-3.0,0.187,0.1,0.0,0.1869999013208431,0.0,0.0,0.0,0.18699680044552397,0.0,0.0,0.0,0.0,0.18699990183080478,0.187
NH4Cl,-3.0,0.9348,0.1,0.0,0.9347994298817179,0.0,0.0,0.0,0.9347938954535856,0.0,0.0,0.0,0.0,0.9347994302444553,0.9348
NH4Cl,-3.0,1.4021,0.1,0.0,1.4020991907429652,0.0,0.0,0.0,1.4020930498845903,0.0,0.0,0.0,0.0,1.4020991910797993,1.4021
NH4Cl,-3.0,1.8005,0.1,0.0,1.8004990277308783,0.0,0.0,0.0,1.8004925670364476,0.0,0.0,0.0,0.0,1.8004990280526834,1.8005
NH4Cl,-1.0,0.187,0.1,0.0,0.18699989753662058,0.0,0.0,0.0,0.1869965173261586,0.0,0.0,0.0,0.0,0.18699989810820317,0.187
NH4Cl,-1.0,0.9348,0.1,0.0,0.9347994053530128,0.0,0.0,0.0,0.9347933580838407,0.0,0.0,0.0,0.0,0.9347994057578566,0.9348
NH4Cl,-1.0,1.4021,0.1,0.0,1.4020991549029815,0.0,0.0,0.0,1.4020924399220522,0.0,0.0,0.0,0.0,1.402099155278539,1.4021
NH4Cl,-1.0,1.8005,0.1,0.0,1.8004989839398502,0.0,0.0,0.0,1.8004919159455464,0.0,0.0,0.0,0.0,1.800498984298462,1.8005
NH4Cl,5.0,0.000977,0.1,0.0,0.0009769999123642125,0.0,0.0,0.0,0.0009766493690828203,0.0,0.0,0.0,0.0,0.0009770055736853219,0.000977
NH4Cl,5.0,0.00965,0.1,0.0,0.009649997669582999,0.0,0.0,0.0,0.009648899720190443,0.0,0.0,0.0,0.0,0.009649999770996356,0.00965
NH4Cl,5.0,0.09765,0.1,0.0,0.09764994826260819,0.0,0.0,0.0,0.09764666926391426,0.0,0.0,0.0,0.0,0.09764994920235734,0.09765
NH4Cl,5.0,0.187,0.1,0.0,0.18699988420069127,0.0,0.0,0.0,0.18699554013176056,0.0,0.0,0.0,0.0,0.18699988498790585,0.187
NH4Cl,5.0,0.4735,0.1,0.0,0.4734996608038446,0.0,0.0,0.0,0.4734934066700189,0.0,0.0,0.0,0.0,0.4734996614369164,0.4735
NH4Cl,5.0,0.9348,0.1,0.0,0.9347993195467269,0.0,0.0,0.0,0.9347914993576272,0.0,0.0,0.0,0.0,0.9347993200977935,0.9348
NH4Cl,5.0,1.034,0.1,0.0,1.033999252908196,0.0,0.0,0.0,1.033991204733793,0.0,0.0,0.0,0.0,1.033999253448588,1.034
NH4Cl,5.0,1.4021,0.1,0.0,1.4020990297569533,0.0,0.0,0.0,1.4020903288900495,0.0,0.0,0.0,0.0,1.40209903026678,1.4021
NH4Cl,5.0,1.8005,0.1,0.0,1.800498831184561,0.0,0.0,0.0,1.8004896618012234,0.0,0.0,0.0,0.0,1.8004988316707042,1.8005
NH4Cl,10.0,0.000977,0.1,0.0,0.0009769999035377432,0.0,0.0,0.0,0.0009765731831222464,0.0,0.0,0.0,0.0,0.0009770072381938446,0.000977
NH4Cl,10.0,0.00965,0.1,0.0,0.009649997426006232,0.0,0.0,0.0,0.009648659750106512,0.0,0.0,0.0,0.0,0.009650000139609469,0.00965
NH4Cl,10.0,0.09765,0.1,0.0,0.0976499423814012,0.0,0.0,0.0,0.0976459395550046,0.0,0.0,0.0,0.0,0.0976499435849323,0.09765
NH4Cl,10.0,0.4735,0.1,0.0,0.47349961900483,0.0,0.0,0.0,0.4734919581206518,0.0,0.0,0.0,0.0,0.47349961980884503,0.4735
NH4Cl,10.0,1.034,0.1,0.0,1.0339991568605056,0.0,0.0,0.0,1.0339892740406413,0.0,0.0,0.0,0.0,1.0339991575439118,1.034
NH4Cl,20.0,0.187,0.1,0.0,0.18699983543955,0.0,0.0,0.0,0.1869920696251142,0.0,0.0,0.0,0.0,0.186999836993456,0.187
NH4Cl,20.0,0.9348,0.1,0.0,0.9347990074119271,0.0,0.0,0.0,0.934784863423851,0.0,0.0,0.0,0.0,0.934799008473339,0.9348
NH4Cl,20.0,1.4021,0.1,0.0,1.4020985751580113,0.0,0.0,0.0,1.402082781385734,0.0,0.0,0.0,0.0,1.4020985761347904,1.4021
NH4Cl,20.0,1.8005,0.1,0.0,1.8004982767153919,0.0,0.0,0.0,1.8004815956750044,0.0,0.0,0.0,0.0,1.8004982776443152,1.8005
NH4Cl,25.0,0.000977,0.1,0.0,0.000976999866214166,0.0,0.0,0.0,0.00097625936801272,0.0,0.0,0.0,0.0,0.0009770142205916528,0.000977
NH4Cl,25.0,0.00965,0.1,0.0,0.00964999639501318,0.0,0.0,0.0,0.009647670466530416,0.0,0.0,0.0,0.0,0.009650001656420437,0.00965
NH4Cl,25.0,0.09765,0.1,0.0,0.09764991747240229,0.0,0.0,0.0,0.09764292329508116,0.0,0.0,0.0,0.0,0.09764991975410175,0.09765
NH4Cl,25.0,0.187,0.1,0.0,0.18699981305203825,0.0,0.0,0.0,0.18699051055423993,0.0,0.0,0.0,0.0,0.18699981494066545,0.187
NH4Cl,25.0,0.4735,0.1,0.0,0.4734994418644184,0.0,0.0,0.0,0.47348594607879163,0.0,0.0,0.0,0.0,0.47349944335547106,0.4735
NH4Cl,25.0,0.9348,0.1,0.0,0.9347988638208542,0.0,0.0,0.0,0.934781869496063,0.0,0.0,0.0,0.0,0.9347988651018231,0.9348
NH4Cl,25.0,1.034,0.1,0.0,1.0339987498491598,0.0,0.0,0.0,1.0339812405619673,0.0,0.0,0.0,0.0,1.0339987511030637,1.034
NH4Cl,25.0,1.4021,0.1,0.0,1.4020983659587973,0.0,0.0,0.0,1.4020793720577922,0.0,0.0,0.0,0.0,1.4020983671359168,1.4021
NH4Cl,25.0,1.8005,0.1,0.0,1.800498021503349,0.0,0.0,0.0,1.8004779493859622,0.0,0.0,0.0,0.0,1.8004980226220066,1.8005
NH4Cl,35.0,0.000977,0.1,0.0,0.0009769998296373745,0.0,0.0,0.0,0.0009759608777864572,0.0,0.0,0.0,0.0,0.0009770207177900144,0.000977
NH4Cl,35.0,0.00965,0.1,0.0,0.00964999538135816,0.0,0.0,0.0,0.009646728962985657,0.0,0.0,0.0,0.0,0.009650002992780536,0.00965
NH4Cl,35.0,0.09765,0.1,0.0,0.09764989284560105,0.0,0.0,0.0,0.09764004458380102,0.0,0.0,0.0,0.0,0.0976498961025505,0.09765
NH4Cl,35.0,0.4735,0.1,0.0,0.4734992657999425,0.0,0.0,0.0,0.4734801822306357,0.0,0.0,0.0,0.0,0.4734992679013459,0.4735
NH4Cl,35.0,1.034,0.1,0.0,1.033998344364094,0.0,0.0,0.0,1.033973516160064,0.0,0.0,0.0,0.0,1.0339983461208697,1.034
NH4Cl,45.0,0.000977,0.1,0.0,0.0009769997801072482,0.0,0.0,0.0,0.0009755714548523869,0.0,0.0,0.0,0.0,0.000977028757252962,0.000977
NH4Cl,45.0,0.00965,0.1,0.0,0.009649994003943244,0.0,0.0,0.0,0.009645500423470272,0.0,0.0,0.0,0.0,0.00965000450326945,0.00965
NH4Cl,45.0,0.09765,0.1,0.0,0.09764985916806099,0.0,0.0,0.0,0.09763628011305814,0.0,0.0,0.0,0.0,0.09764986360570763,0.09765
NH4Cl,45.0,0.4735,0.1,0.0,0.4734990235934764,0.0,0.0,0.0,0.47347261739710544,0.0,0.0,0.0,0.0,0.47349902642385344,0.4735
NH4Cl,45.0,1.034,0.1,0.0,1.0339977850401088,0.0,0.0,0.0,1.033963353001047,0.0,0.0,0.0,0.0,1.0339977873940964,1.034
NH4Cl,70.0,0.000977,0.1,0.0,0.0009769995658566585,0.0,0.0,0.0,0.0009740690460465676,0.0,0.0,0.0,0.0,0.0009770549164626278,0.000977
NH4Cl,70.0,0.00965,0.1,0.0,0.009649988003228551,0.0,0.0,0.0,0.009640760817715888,0.0,0.0,0.0,0.0,0.009650007791651823,0.00965
NH4Cl,70.0,0.09765,0.1,0.0,0.09764971055043545,0.0,0.0,0.0,0.09762170166012794,0.0,0.0,0.0,0.0,0.0976497186914625,0.09765
NH4Cl,70.0,0.4735,0.1,0.0,0.4734979422216899,0.0,0.0,0.0,0.4734431195095294,0.0,0.0,0.0,0.0,0.4734979472884954,0.4735
NH4Cl,70.0,1.034,0.1,0.0,1.0339952750678574,0.0,0.0,0.0,1.0339235245681633,0.0,0.0,0.0,0.0,1.033995279238285,1.034
NH4Cl,90.0,0.000977,0.1,0.0,0.0009769992281719146,0.0,0.0,0.0,0.0009721300619633549,0.0,0.0,0.0,0.0,0.0009770797536930065,0.000977
NH4Cl,90.0,0.00965,0.1,0.0,0.00964997846531347,0.0,0.0,0.0,0.009634644031384925,0.0,0.0,0.0,0.0,0.009650006967167377,0.00965
NH4Cl,90.0,0.09765,0.1,0.0,0.09764947088073984,0.0,0.0,0.0,0.09760280134662794,0.0,0.0,0.0,0.0,0.09764948239364656,0.09765
NH4Cl,90.0,0.4735,0.1,0.0,0.47349617684655904,0.0,0.0,0.0,0.4734045378795788,0.0,0.0,0.0,0.0,0.4734961838995706,0.4735
NH4Cl,90.0,1.034,0.1,0.0,1.0339911577999703,0.0,0.0,0.0,1.0338710700921039,0.0,0.0,0.0,0.0,1.0339911635702261,1.034
Na2SO4,5.0,0.0001,0.1,0.0,0.0,0.0001999141579243286,0.0,9.991392895923395e-05,0.0,0.0,0.0,8.583689307425845e-08,0.0,0.0002998721445769471,0.00030000000000000003
Na2SO4,5.0,0.001,0.1,0.0,0.0,0.0019928581485527566,0.0,0.0009928561840862752,0.0,0.0,0.0,7.141801375155986e-06,0.0,0.002985759438930269,0.003
Na2SO4,5.0,0.01,0.1,0.0,0.0,0.019563534257223257,0.0,0.009563521333630136,0.0,0.0,0.0,0.0004364652691453751,0.0,0.029127100529169853,0.03
Na2SO4,5.0,0.1001,0.1,0.0,0.0,0.18348849365787565,0.0,0.08338843481781065,0.0,0.0,0.0,0.01671150181159093,0.0,0.2668769660461976,0.3003
Na2SO4,5.0,0.1989,0.1,0.0,0.0,0.3516071546208504,0.0,0.15270706653902336,0.0,0.0,0.0,0.04619283639155163,0.0,0.5043142540473593,0.5967
Na2SO4,5.0,0.4999,0.1,0.0,0.0,0.8239471739453015,0.0,0.3240470280654138,0.0,0.0,0.0,0.17585280374887188,0.0,1.1479942270577046,1.4997
Na2SO4,5.0,0.5,0.1,0.0,0.0,0.8240967195277084,0.0,0.3240965736328467,0.0,0.0,0.0,0.1759032581621978,0.0,1.1481933182057364,1.5
Na2SO4,5.0,0.75,0.1,0.0,0.0,1.1864558439129773,0.0,0.4364556658927637,0.0,0.0,0.0,0.3135441235877659,0.0,1.6229115311784539,2.25
Na2SO4,10.0,0.0001,0.1,0.0,0.0,0.00019991376839676516,0.0,9.991344532305875e-05,0.0,0.0,0.0,8.622516219859982e-08,0.0,0.0002998825769546498,0.00030000000000000003
Na2SO4,10.0,0.001,0.1,0.0,0.0,0.001992794470430378,0.0,0.0009927916936178503,0.0,0.0,0.0,7.205467115458032e-06,0.0,0.0029856426509607156,0.003
Na2SO4,10.0,0.01,0.1,0.0,0.0,0.019555463579695818,0.0,0.009555445436442036,0.0,0.0,0.0,0.0004445358202962557,0.0,0.029110964460577746,0.03
Na2SO4,10.0,0.1001,0.1,0.0,0.0,0.18300583036849655,0.0,0.08290575009348614,0.0,0.0,0.0,0.017194163715400026,0.0,0.2659116254916036,0.3003
Na2SO4,10.0,0.1989,0.1,0.0,0.0,0.35023645009341875,0.0,0.15133633138956015,0.0,0.0,0.0,0.047563538090450275,0.0,0.5015728206648429,0.5967
Na2SO4,10.0,0.4999,0.1,0.0,0.0,0.8191302915475104,0.0,0.31923009826091964,0.0,0.0,0.0,0.18066967902927666,0.0,1.13836041963334,1.4997
Na2SO4,10.0,0.5,0.1,0.0,0.0,0.8192786234192039,0.0,0.3192784301134701,0.0,0.0,0.0,0.18072134715195537,0.0,1.138557083355463,1.5
Na2SO4,10.0,0.75,0.1,0.0,0.0,1.1786005656950644,0.0,0.4286003315002216,0.0,0.0,0.0,0.3213993914619171,0.0,1.6072009227298603,2.25
Na2SO4,20.0,0.5,0.1,0.0,0.0,0.8067480518545653,0.0,0.3067477226011194,0.0,0.0,0.0,0.19325189778946655,0.0,1.1134958148704803,1.5
Na2SO4,20.0,0.75,0.1,0.0,0.0,1.1585725963620146,0.0,0.4085722031225474,0.0,0.0,0.0,0.34142733048425417,0.0,1.567144834359896,2.25
Na2SO4,25.0,0.0001,0.1,0.0,0.0,0.0001999075187388951,0.0,9.990663089834888e-05,0.0,0.0,0.0,9.246942050520155e-08,0.0,0.00029991626060805126,0.00030000000000000003
Na2SO4,25.0,0.001,0.1,0.0,0.0,0.001992183396912974,0.0,0.0009921757701172797,0.0,0.0,0.0,7.816486700907786e-06,0.0,0.0029844619720108627,0.003
Na2SO4,25.0,0.01,0.1,0.0,0.0,0.019506524674958437,0.0,0.009506476681699337,0.0,0.0,0.0,0.0004934741398024323,0.0,0.02901309663475826,0.03
Na2SO4,25.0,0.1001,0.1,0.0,0.0,0.1807657438208991,0.0,0.08066555185920213,0.0,0.0,0.0,0.019434243327746136,0.0,0.2614313661245982,0.3003
Na2SO4,25.0,0.1989,0.1,0.0,0.0,0.34420423910919323,0.0,0.14530396558694808,0.0,0.0,0.0,0.053595734795946814,0.0,0.48950826508093226,0.5967
Na2SO4,25.0,0.4999,0.1,0.0,0.0,0.7992297876214024,0.0,0.2993293641048364,0.0,0.0,0.0,0.20057014712806379,0.0,1.0985591978681946,1.4997
Na2SO4,35.0,0.0001,0.1,0.0,0.0,0.0001998999809925027,0.0,9.989828116147031e-05,0.0,0.0,0.0,1.0000184891634378e-07,0.0,0.0002999441056819982,0.00030000000000000003
Na2SO4,35.0,0.001,0.1,0.0,0.0,0.0019914915716977067,0.0,0.000991477048012733,0.0,0.0,0.0,8.508257551215457e-06,0.0,0.002983113667000097,0.003
Na2SO4,35.0,0.01,0.1,0.0,0.0,0.019456650547897903,0.0,0.00945656270035796,0.0,0.0,0.0,0.0005433476251638209,0.0,0.02891334116318176,0.03
Na2SO4,35.0,0.1001,0.1,0.0,0.0,0.17874045583523002,0.0,0.07864012933450219,0.0,0.0,0.0,0.02145952310006806,0.0,0.2573806739697911,0.3003
Na2SO4,35.0,0.1989,0.1,0.0,0.0,0.3389572418107876,0.0,0.14005678725003157,0.0,0.0,0.0,0.05884271512275183,0.0,0.47901410468531286,0.5967
Na2SO4,35.0,0.4999,0.1,0.0,0.0,0.7828699008171509,0.0,0.2829692186930709,0.0,0.0,0.0,0.2169299917071809,0.0,1.0658391777009202,1.4997
Na2SO4,45.0,0.0001,0.1,0.0,0.0,0.00019989001002878803,0.0,9.988682607077862e-05,0.0,0.0,0.0,1.0996574036572658e-07,0.0,0.00029997797981329,0.00030000000000000003
Na2SO4,45.0,0.001,0.1,0.0,0.0,0.00199059063074244,0.0,0.0009905636988839068,0.0,0.0,0.0,9.40912424939064e-06,0.0,0.0029813512030051944,0.003
Na2SO4,45.0,0.01,0.1,0.0,0.0,0.019393931746207755,0.0,0.009393776952697682,0.0,0.0,0.0,0.0006060654758752753,0.0,0.028787872387241033,0.03
Na2SO4,45.0,0.1001,0.1,0.0,0.0,0.176356515612563,0.0,0.07625598094803307,0.0,0.0,0.0,0.02384345053209462,0.0,0.2526126037148888,0.3003
Na2SO4,45.0,0.1989,0.1,0.0,0.0,0.33295309932951905,0.0,0.13405237064755718,0.0,0.0,0.0,0.06484683122123332,0.0,0.4670055609179413,0.5967
Na2SO4,45.0,0.4999,0.1,0.0,0.0,0.7649568480392227,0.0,0.2650557859182595,0.0,0.0,0.0,0.2348429795447568,0.0,1.0300127046346992,1.4997
Na2SO4,70.0,0.0001,0.1,0.0,0.0,0.0001998537162377642,0.0,9.983984064594897e-05,0.0,0.0,0.0,1.4623170269430053e-07,0.0,0.0003000883096390477,0.00030000000000000003
Na2SO4,70.0,0.001,0.1,0.0,0.0,0.001987351428218651,0.0,0.0009872400709455885,0.0,0.0,0.0,1.2648010886181111e-05,0.0,0.002974953887044412,0.003
Na2SO4,70.0,0.01,0.1,0.0,0.0,0.019177915720150054,0.0,0.00917737514794107,0.0,0.0,0.0,0.0008220767132737306,0.0,0.02835554272776726,0.03
Na2SO4,70.0,0.1001,0.1,0.0,0.0,0.16905370382493456,0.0,0.06895212022553902,0.0,0.0,0.0,0.031146194711240634,0.0,0.23800597166064685,0.3003
Na2SO4,70.0,0.1989,0.1,0.0,0.0,0.3155095859280528,0.0,0.11660752384211476,0.0,0.0,0.0,0.08229020687140406,0.0,0.43211723544929925,0.5967
Na2SO4,70.0,0.4999,0.1,0.0,0.0,0.7169174703320051,0.0,0.2170146516695903,0.0,0.0,0.0,0.28288202663847073,0.0,0.9339322230842895,1.4997
Na2SO4,90.0,0.0001,0.1,0.0,0.0,0.00019981022291738738,0.0,9.976931913122947e-05,0.0,0.0,0.0,1.896885538798077e-07,0.0,0.0003001837419870553,0.00030000000000000003
Na2SO4,90.0,0.001,0.1,0.0,0.0,0.0019835056677719367,0.0,0.0009832027437224984,0.0,0.0,0.0,1.649329326066002e-05,0.0,0.0029672170329149636,0.003
Na2SO4,90.0,0.01,0.1,0.0,0.0,0.018934767996816558,0.0,0.008933508493523964,0.0,0.0,0.0,0.0010652157952473183,0.0,0.027868579736905076,0.03
Na2SO4,90.0,0.1001,0.1,0.0,0.0,0.16208705599340648,0.0,0.061983735944975915,0.0,0.0,0.0,0.03811272089916935,0.0,0.22407096202828491,0.3003
Na2SO4,90.0,0.1989,0.1,0.0,0.0,0.3000183174195853,0.0,0.10111412624177227,0.0,0.0,0.0,0.09778123257822366,0.0,0.4011325901483767,0.5967
Na2SO4,90.0,0.4999,0.1,0.0,0.0,0.6784374884592503,0.0,0.1785320129377707,0.0,0.0,0.0,0.3213614429364239,0.0,0.8569696231816626,1.4997
NaCl,-10.0,0.1711,0.1,0.0,0.16910477145837538,0.16910477097841642,0.0,0.0,0.0,0.0,0.0,0.0,0.0,0.16910479839334672,0.1711
NaCl,-10.0,0.5133,0.1,0.0,0.5001359276959478,0.5001359266638056,0.0,0.0,0.0,0.0,0.0,0.0,0.0,0.500135956972058,0.5133
NaCl,-10.0,0.8556,0.1,0.0,0.8243569307782058,0.8243569292920004,0.0,0.0,0.0,0.0,0.0,0.0,0.0,0.8243569608738194,0.8556
NaCl,-10.0,1.2834,0.1,0.0,1.2216395263434683,1.2216395243160074,0.0,0.0,0.0,0.0,0.0,0.0,0.0,1.221639556749396,1.2834
NaCl,-10.0,1.7112,0.1,0.0,1.6112716887917844,1.6112716862277752,0.0,0.0,0.0,0.0,0.0,0.0,0.0,1.611271719120912,1.7112
NaCl,-10.0,2.5667,0.1,0.0,2.3705744961664945,2.370574492541502,0.0,0.0,0.0,0.0,0.0,0.0,0.0,2.370574525776392,2.5667
NaCl,-6.0,0.1711,0.1,0.0,0.16908664371883952,0.16908664302398976,0.0,0.0,0.0,0.0,0.0,0.0,0.0,0.16908667716266398,0.1711
NaCl,-6.0,0.5133,0.1,0.0,0.49996238083479794,0.4999623793072093,0.0,0.0,0.0,0.0,0.0,0.0,0.0,0.4999624170632586,0.5133
NaCl,-6.0,0.8556,0.1,0.0,0.8238960865531282,0.8238960843547891,0.0,0.0,0.0,0.0,0.0,0.0,0.0,0.8238961237274258,0.8556
NaCl,-6.0,1.2834,0.1,0.0,1.2206678647811575,1.2206678618150673,0.0,0.0,0.0,0.0,0.0,0.0,0.0,1.2206679022844442,1.2834
NaCl,-6.0,1.7112,0.1,0.0,1.6096470013800257,1.6096469976822725,0.0,0.0,0.0,0.0,0.0,0.0,0.0,1.6096470387544148,1.7112
NaCl,-6.0,2.5667,0.1,0.0,2.367294375694632,2.3672943706095078,0.0,0.0,0.0,0.0,0.0,0.0,0.0,2.367294412150158,2.5667
NaCl,-3.0,0.1711,0.1,0.0,0.16906393739391695,0.16906393650725157,0.0,0.0,0.0,0.0,0.0,0.0,0.0,0.16906397642764923,0.1711
NaCl,-3.0,0.5133,0.1,0.0,0.49977378115104254,0.49977377917903154,0.0,0.0,0.0,0.0,0.0,0.0,0.0,0.49977382333618875,0.5133
NaCl,-3.0,0.8556,0.1,0.0,0.8234147274184531,0.823414724580312,0.0,0.0,0.0,0.0,0.0,0.0,0.0,0.8234147706502577,0.8556
NaCl,-3.0,1.2834,0.1,0.0,1.2196771594434404,1.2196771556338077,0.0,0.0,0.0,0.0,0.0,0.0,0.0,1.2196772030142968,1.2834
NaCl,-3.0,1.7112,0.1,0.0,1.6080137742325185,1.6080137695164691,0.0,0.0,0.0,0.0,0.0,0.0,0.0,1.6080138176260474,1.7112
NaCl,-3.0,2.5667,0.1,0.0,2.3640516998015375,2.3640516934079137,0.0,0.0,0.0,0.0,0.0,0.0,0.0,2.3640517421013714,2.5667
NaCl,-1.0,0.1711,0.1,0.0,0.16904504800463185,0.16904504697385264,0.0,0.0,0.0,0.0,0.0,0.0,0.0,0.16904509112836935,0.1711
NaCl,-1.0,0.5133,0.1,0.0,0.49962381078817686,0.49962380848127935,0.0,0.0,0.0,0.0,0.0,0.0,0.0,0.4996238573245048,0.5133
NaCl,-1.0,0.8556,0.1,0.0,0.8230374229319541,0.8230374196112905,0.0,0.0,0.0,0.0,0.0,0.0,0.0,0.8230374705848228,0.8556
NaCl,-1.0,1.2834,0.1,0.0,1.218907789713666,1.2189077852678152,0.0,0.0,0.0,0.0,0.0,0.0,0.0,1.2189078377099412,1.2834
NaCl,-1.0,1.7112,0.1,0.0,1.6067526287818314,1.6067526232981024,0.0,0.0,0.0,0.0,0.0,0.0,0.0,1.6067526765634979,1.7112
NaCl,-1.0,2.5667,0.1,0.0,2.3615653028616492,2.361565295483036,0.0,0.0,0.0,0.0,0.0,0.0,0.0,2.361565349420019,2.5667
NaCl,0.0,6.04033,0.1,0.0,5.203680793101854,5.203680779427544,0.0,0.0,0.0,0.0,0.0,0.0,0.0,5.203680833920114,6.04033
NaCl,0.0,6.04033,28.5,0.0,5.268782155500863,5.268782144143595,0.0,0.0,0.0,0.0,0.0,0.0,0.0,5.268782205075704,6.04033
NaCl,0.0,6.04033,47.7,0.0,5.3040388233957465,5.3040388141415376,0.0,0.0,0.0,0.0,0.0,0.0,0.0,5.304038879559988,6.04033
NaCl,0.0,6.04033,99.7,0.0,5.373353526123015,5.373353525413057,0.0,0.0,0.0,0.0,0.0,0.0,0.0,5.373353603330682,6.04033
NaCl,0.0,6.04033,136.1,0.0,5.405022494634136,5.405022503163841,0.0,0.0,0.0,0.0,0.0,0.0,0.0,5.405022589932807,6.04033
NaCl,0.0,6.04033,150.3,0.0,5.414508724285475,5.414508737344307,0.0,0.0,0.0,0.0,0.0,0.0,0.0,5.414508827543863,6.04033
NaCl,0.0,6.04033,190.2,0.0,5.43416865569479,5.434168684879366,0.0,0.0,0.0,0.0,0.0,0.0,0.0,5.434168784531339,6.04033
NaCl,0.0,6.04033,229.4,0.0,5.445175160075519,5.445175211051976,0.0,0.0,0.0,0.0,0.0,0.0,0.0,5.445175319555361,6.04033
NaCl,0.0,6.04033,239.7,0.0,5.446913852168177,5.446913910036276,0.0,0.0,0.0,0.0,0.0,0.0,0.0,5.446914020769986,6.04033
NaCl,0.0,6.04033,287.7,0.0,5.449604244028393,5.449604341704636,0.0,0.0,0.0,0.0,0.0,0.0,0.0,5.449604462191127,6.04033
NaCl,0.0,6.04033,328.9,0.0,5.445698196601276,5.445698340545884,0.0,0.0,0.0,0.0,0.0,0.0,0.0,5.445698468446703,6.04033
NaCl,5.0,0.000104,0.1,0.0,0.00010399841605600087,0.00010399841446613986,0.0,0.0,0.0,0.0,0.0,0.0,0.0,0.0001040422014340695,0.000104
NaCl,5.0,0.00099,0.1,0.0,0.0009898639533121936,0.0009898639386097677,0.0,0.0,0.0,0.0,0.0,0.0,0.0,0.0009899088631399383,0.00099
NaCl,5.0,0.01,0.1,0.0,0.009988103450479447,0.009988103315642271,0.0,0.0,0.0,0.0,0.0,0.0,0.0,0.009988151539541235,0.01
NaCl,5.0,0.1,0.1,0.0,0.0991762808801984,0.09917627986710041,0.0,0.0,0.0,0.0,0.0,0.0,0.0,0.09917633599828923,0.1
NaCl,5.0,0.1711,0.1,0.0,0.168972733887836,0.16897273233648885,0.0,0.0,0.0,0.0,0.0,0.0,0.0,0.16897279118178474,0.1711
NaCl,5.0,0.5,0.1,0.0,0.4863964634251132,0.48639645996973385,0.0,0.0,0.0,0.0,0.0,0.0,0.0,0.48639652490992,0.5
NaCl,5.0,0.5133,0.1,0.0,0.49907204940572414,0.4990720458842666,0.0,0.0,0.0,0.0,0.0,0.0,0.0,0.49907211097731474,0.5133
NaCl,5.0,0.8556,0.1,0.0,0.8216681522773669,0.8216681472049225,0.0,0.0,0.0,0.0,0.0,0.0,0.0,0.8216682151862067,0.8556
NaCl,5.0,0.9999,0.1,0.0,0.9557357975962137,0.9557357919320056,0.0,0.0,0.0,0.0,0.0,0.0,0.0,0.9557358607324107,0.9999
NaCl,5.0,1.2834,0.1,0.0,1.2161415151176413,1.2161415083622604,0.0,0.0,0.0,0.0,0.0,0.0,0.0,1.2161415783685117,1.2834
NaCl,5.0,1.7112,0.1,0.0,1.60224505677474,1.6022450485064106,0.0,0.0,0.0,0.0,0.0,0.0,0.0,1.6022451196717982,1.7112
NaCl,5.0,2.5667,0.1,0.0,2.3527466447674694,2.352746633824139,0.0,0.0,0.0,0.0,0.0,0.0,0.0,2.352746705983138,2.5667
NaCl,10.0,0.000104,0.1,0.0,0.00010399838339044982,0.00010399838128443457,0.0,0.0,0.0,0.0,0.0,0.0,0.0,0.00010405343428417831,0.000104
NaCl,10.0,0.00099,0.1,0.0,0.000989860967697116,0.000989860948203286,0.0,0.0,0.0,0.0,0.0,0.0,0.0,0.000989917394902839,0.00099
NaCl,10.0,0.01,0.1,0.0,0.009987796775223313,0.009987796595765363,0.0,0.0,0.0,0.0,0.0,0.0,0.0,0.009987857089394262,0.01
NaCl,10.0,0.1,0.1,0.0,0.09914862804419912,0.09914862667851225,0.0,0.0,0.0,0.0,0.0,0.0,0.0,0.09914869691052164,0.1
NaCl,10.0,0.5,0.1,0.0,0.4858591012799921,0.4858590965612217,0.0,0.0,0.0,0.0,0.0,0.0,0.0,0.48585917776407506,0.5
NaCl,10.0,0.9999,0.1,0.0,0.9539270855959744,0.953927077860496,0.0,0.0,0.0,0.0,0.0,0.0,0.0,0.953927163953759,0.9999
NaCl,20.0,0.1711,0.1,0.0,0.16870746250754243,0.16870745892022945,0.0,0.0,0.0,0.0,0.0,0.0,0.0,0.16870756984942134,0.1711
NaCl,20.0,0.5,0.1,0.0,0.4845483164113232,0.48454830826242495,0.0,0.0,0.0,0.0,0.0,0.0,0.0,0.4845484305960506,0.5
NaCl,20.0,0.5133,0.1,0.0,0.4971361215993048,0.49713611329221835,0.0,0.0,0.0,0.0,0.0,0.0,0.0,0.49713623591795586,0.5133
NaCl,20.0,0.75,0.1,0.0,0.7190996662403524,0.7190996553218622,0.0,0.0,0.0,0.0,0.0,0.0,0.0,0.7190997821348104,0.75
NaCl,20.0,0.8556,0.1,0.0,0.8169475634676661,0.8169475514843473,0.0,0.0,0.0,0.0,0.0,0.0,0.0,0.8169476797136792,0.8556
NaCl,20.0,1.0,0.1,0.0,0.9496610078177691,0.9496609944558425,0.0,0.0,0.0,0.0,0.0,0.0,0.0,0.9496611243128898,1.0
NaCl,20.0,1.2834,0.1,0.0,1.2067298083183853,1.2067297924610403,0.0,0.0,0.0,0.0,0.0,0.0,0.0,1.2067299247575691,1.2834
NaCl,20.0,1.5,0.1,0.0,1.4003934930996444,1.4003934754870602,0.0,0.0,0.0,0.0,0.0,0.0,0.0,1.4003936091633304,1.5
NaCl,20.0,1.7112,0.1,0.0,1.5870497821205247,1.5870497629014124,0.0,0.0,0.0,0.0,0.0,0.0,0.0,1.5870498976274763,1.7112
NaCl,20.0,2.5667,0.1,0.0,2.3234057264884775,2.3234057016007266,0.0,0.0,0.0,0.0,0.0,0.0,0.0,2.3234058386191023,2.5667
NaCl,24.93,5.34161,0.1,0.0,4.505999115655557,4.5059990696013585,0.0,0.0,0.0,0.0,0.0,0.0,0.0,4.5059992324614155,5.34161
NaCl,24.93,5.34161,29.4,0.0,4.556474689072098,4.556474645681589,0.0,0.0,0.0,0.0,0.0,0.0,0.0,4.556474825972734,5.34161
NaCl,24.93,5.34161,52.8,0.0,4.588972338361964,4.588972298258038,0.0,0.0,0.0,0.0,0.0,0.0,0.0,4.588972492893655,5.34161
NaCl,24.93,5.34161,79.1,0.0,4.618854011352705,4.618853976461169,0.0,0.0,0.0,0.0,0.0,0.0,0.0,4.6188541875858355,5.34161
NaCl,24.93,5.34161,104.6,0.0,4.642297125159666,4.642297097184456,0.0,0.0,0.0,0.0,0.0,0.0,0.0,4.642297324574505,5.34161
NaCl,24.93,5.34161,128.2,0.0,4.659950441081194,4.65995042147321,0.0,0.0,0.0,0.0,0.0,0.0,0.0,4.65995066406866,5.34161
NaCl,24.93,5.34161,154.0,0.0,4.675491529679273,4.675491521796483,0.0,0.0,0.0,0.0,0.0,0.0,0.0,4.675491781072019,5.34161
NaCl,24.93,5.39773,0.1,0.0,4.548111090410057,4.548111044159379,0.0,0.0,0.0,0.0,0.0,0.0,0.0,4.548111206868173,5.39773
NaCl,24.93,5.39773,26.6,0.0,4.59495392405011,4.594953880109772,0.0,0.0,0.0,0.0,0.0,0.0,0.0,4.594954058538497,5.39773
NaCl,24.93,5.39773,37.8,0.0,4.61190186691379,4.611901824325576,0.0,0.0,0.0,0.0,0.0,0.0,0.0,4.611902009548691,5.39773
NaCl,24.93,5.39773,50.7,0.0,4.629610326690775,4.629610285977183,0.0,0.0,0.0,0.0,0.0,0.0,0.0,4.629610479125397,5.39773
NaCl,24.93,5.39773,77.2,0.0,4.660676092111901,4.660676056469781,0.0,0.0,0.0,0.0,0.0,0.0,0.0,4.660676266188016,5.39773
NaCl,24.93,5.39773,82.6,0.0,4.666227118592534,4.666227084209912,0.0,0.0,0.0,0.0,0.0,0.0,0.0,4.666227297345465,5.39773
NaCl,24.93,5.39773,102.6,0.0,4.684768123685524,4.684768094727226,0.0,0.0,0.0,0.0,0.0,0.0,0.0,4.684768320613685,5.39773
NaCl,24.93,5.39773,126.6,0.0,4.703279650457332,4.703279629791339,0.0,0.0,0.0,0.0,0.0,0.0,0.0,4.703279871118534,5.39773
NaCl,24.93,5.39773,153.8,0.0,4.72005586503808,4.720055856551193,0.0,0.0,0.0,0.0,0.0,0.0,0.0,4.720056115448197,5.39773
NaCl,24.93,5.39773,173.5,0.0,4.729805219857416,4.729805222354168,0.0,0.0,0.0,0.0,0.0,0.0,0.0,4.729805493943237,5.39773
NaCl,24.93,5.39773,211.6,0.0,4.74380641938461,4.743806449308197,0.0,0.0,0.0,0.0,0.0,0.0,0.0,4.743806745127359,5.39773
NaCl,24.93,5.39773,256.7,0.0,4.753468307739616,4.753468383108448,0.0,0.0,0.0,0.0,0.0,0.0,0.0,4.753468706577371,5.39773
NaCl,24.93,5.39773,267.4,0.0,4.754816475945512,4.75481656455866,0.0,0.0,0.0,0.0,0.0,0.0,0.0,4.754816894353972,5.39773
NaCl,24.93,5.39773,316.6,0.0,4.756999264291204,4.756999428468598,0.0,0.0,0.0,0.0,0.0,0.0,0.0,4.756999785854498,5.39773
NaCl,24.93,5.39773,354.3,0.0,4.7547113446129385,4.754711585951183,0.0,0.0,0.0,0.0,0.0,0.0,0.0,4.754711962512809,5.39773
NaCl,24.93,5.39773,392.3,0.0,4.7493671518175855,4.749367491599337,0.0,0.0,0.0,0.0,0.0,0.0,0.0,4.749367885504784,5.39773
NaCl,24.93,5.63108,0.1,0.0,4.722385418729383,4.722385371697146,0.0,0.0,0.0,0.0,0.0,0.0,0.0,4.722385533749083,5.63108
NaCl,24.93,5.63108,27.3,0.0,4.77327145570632,4.773271410915044,0.0,0.0,0.0,0.0,0.0,0.0,0.0,4.773271589030239,5.63108
NaCl,24.93,5.63108,52.0,0.0,4.810692632147948,4.810692590558189,0.0,0.0,0.0,0.0,0.0,0.0,0.0,4.810692783704594,5.63108
NaCl,24.93,5.63108,69.8,0.0,4.833395665215551,4.833395626763142,0.0,0.0,0.0,0.0,0.0,0.0,0.0,4.833395830963916,5.63108
NaCl,24.93,5.63108,78.4,0.0,4.843247400258523,4.843247363606418,0.0,0.0,0.0,0.0,0.0,0.0,0.0,4.8432475732046605,5.63108
NaCl,24.93,5.63108,103.3,0.0,4.868158619051005,4.868158588802837,0.0,0.0,0.0,0.0,0.0,0.0,0.0,4.868158814195248,5.63108
NaCl,24.93,5.63108,127.5,0.0,4.887875495420881,4.887875473354353,0.0,0.0,0.0,0.0,0.0,0.0,0.0,4.8878757142621865,5.63108
NaCl,24.93,5.63108,153.6,0.0,4.904944629633912,4.904944618973964,0.0,0.0,0.0,0.0,0.0,0.0,0.0,4.904944876686104,5.63108
NaCl,24.93,5.63108,157.6,0.0,4.907218024544596,4.907218015900296,0.0,0.0,0.0,0.0,0.0,0.0,0.0,4.907218276186464,5.63108
NaCl,24.93,5.63108,201.5,0.0,4.926992699962221,4.926992718931042,0.0,0.0,0.0,0.0,0.0,0.0,0.0,4.926993007248951,5.63108
NaCl,24.93,5.63108,243.0,0.0,4.9382481435918475,4.9382481998131516,0.0,0.0,0.0,0.0,0.0,0.0,0.0,4.938248513859037,5.63108
NaCl,24.93,5.63108,257.9,0.0,4.9408007050728555,4.940800777873475,0.0,0.0,0.0,0.0,0.0,0.0,0.0,4.940801100867997,5.63108
NaCl,24.93,5.63108,305.3,0.0,4.944430631374355,4.944430770528975,0.0,0.0,0.0,0.0,0.0,0.0,0.0,4.944431120620228,5.63108
NaCl,24.93,5.63108,351.7,0.0,4.942219958175141,4.942220186516306,0.0,0.0,0.0,0.0,0.0,0.0,0.0,4.942220560643037,5.63108
NaCl,24.93,5.63108,390.5,0.0,4.936593577164928,4.936593902909154,0.0,0.0,0.0,0.0,0.0,0.0,0.0,4.936594294906951,5.63108
NaCl,25.0,0.000104,0.1,0.0,0.00010399823378097101,0.00010399822941618733,0.0,0.0,0.0,0.0,0.0,0.0,0.0,0.00010409997617067977,0.000104
NaCl,25.0,0.00099,0.1,0.0,0.0009898475658694594,0.0009898475253735204,0.0,0.0,0.0,0.0,0.0,0.0,0.0,0.0009899516616379347,0.00099
NaCl,25.0,0.01,0.1,0.0,0.009986482655485717,0.009986482279464689,0.0,0.0,0.0,0.0,0.0,0.0,0.0,0.00998659337751905,0.01
NaCl,25.0,0.02001,0.1,0.0,0.019959829048810253,0.019959828333333533,0.0,0.0,0.0,0.0,0.0,0.0,0.0,0.019959943192775553,0.02001
NaCl,25.0,0.02001,51.8,0.0,0.019966301625949704,0.01996630113995058,0.0,0.0,0.0,0.0,0.0,0.0,0.0,0.019966444857786238,0.02001
NaCl,25.0,0.02001,104.7,0.0,0.01997040162774663,0.019970401549367554,0.0,0.0,0.0,0.0,0.0,0.0,0.0,0.01997057862587031,0.02001
NaCl,25.0,0.02001,151.9,0.0,0.019972718112826183,0.01997271863716299,0.0,0.0,0.0,0.0,0.0,0.0,0.0,0.01997292901976416,0.02001
NaCl,25.0,0.02001,184.8,0.0,0.019973808054450353,0.01997380919561431,0.0,0.0,0.0,0.0,0.0,0.0,0.0,0.019974044905903855,0.02001
NaCl,25.0,0.02001,215.5,0.0,0.019974523505358933,0.01997452542114709,0.0,0.0,0.0,0.0,0.0,0.0,0.0,0.01997478641590565,0.02001
NaCl,25.0,0.02001,229.1,0.0,0.019974760891113084,0.01997476322592116,0.0,0.0,0.0,0.0,0.0,0.0,0.0,0.019975035949112967,0.02001
NaCl,25.0,0.02001,264.3,0.0,0.01997517857427632,0.0199751822622674,0.0,0.0,0.0,0.0,0.0,0.0,0.0,0.019975486897536983,0.02001
NaCl,25.0,0.02001,288.1,0.0,0.019975317744070346,0.01997532261396976,0.0,0.0,0.0,0.0,0.0,0.0,0.0,0.019975650135554336,0.02001
NaCl,25.0,0.02001,318.1,0.0,0.0199753480492487,0.01997535479644826,0.0,0.0,0.0,0.0,0.0,0.0,0.0,0.019975712720612986,0.02001
NaCl,25.0,0.02001,367.6,0.0,0.01997508436396699,0.019975095447287084,0.0,0.0,0.0,0.0,0.0,0.0,0.0,0.019975507446485723,0.02001
NaCl,25.0,0.02001,418.6,0.0,0.01997445020022443,0.019974468002644418,0.0,0.0,0.0,0.0,0.0,0.0,0.0,0.01997494096006488,0.02001
NaCl,25.0,0.05013,0.1,0.0,0.04985470000867417,0.04985469838075534,0.0,0.0,0.0,0.0,0.0,0.0,0.0,0.04985481993072685,0.05013
NaCl,25.0,0.05013,49.7,0.0,0.04988890426412921,0.04988890314613073,0.0,0.0,0.0,0.0,0.0,0.0,0.0,0.049889053673754825,0.05013
NaCl,25.0,0.05013,99.7,0.0,0.0499107511917087,0.049910750943611575,0.0,0.0,0.0,0.0,0.0,0.0,0.0,0.04991093420624953,0.05013
NaCl,25.0,0.05013,152.2,0.0,0.04992518033460147,0.04992518162274547,0.0,0.0,0.0,0.0,0.0,0.0,0.0,0.04992540332672554,0.05013
NaCl,25.0,0.05013,186.9,0.0,0.04993139781753536,0.04993140064281507,0.0,0.0,0.0,0.0,0.0,0.0,0.0,0.049931650168152306,0.05013
NaCl,25.0,0.05013,196.7,0.0,0.049932773380505,0.049932776737984526,0.0,0.0,0.0,0.0,0.0,0.0,0.0,0.04993303448013381,0.05013
NaCl,25.0,0.05013,212.7,0.0,0.04993470192340681,0.049934706259208546,0.0,0.0,0.0,0.0,0.0,0.0,0.0,0.04993497776292593,0.05013
NaCl,25.0,0.05013,240.4,0.0,0.04993719950314378,0.04993720590407702,0.0,0.0,0.0,0.0,0.0,0.0,0.0,0.049937502261780294,0.05013
NaCl,25.0,0.05013,268.0,0.0,0.04993875110180044,0.049938760127229524,0.0,0.0,0.0,0.0,0.0,0.0,0.0,0.049939082565566485,0.05013
NaCl,25.0,0.05013,310.1,0.0,0.04993956654993473,0.04993958098596075,0.0,0.0,0.0,0.0,0.0,0.0,0.0,0.04993994576691707,0.05013
NaCl,25.0,0.05013,347.0,0.0,0.0499389399914799,0.04993896100496023,0.0,0.0,0.0,0.0,0.0,0.0,0.0,0.04993936544231246,0.05013
NaCl,25.0,0.05013,416.1,0.0,0.04993486485563472,0.04993490486258064,0.0,0.0,0.0,0.0,0.0,0.0,0.0,0.04993538976437707,0.05013
NaCl,25.0,0.1,0.1,0.0,0.09903750726260145,0.09903750432536247,0.0,0.0,0.0,0.0,0.0,0.0,0.0,0.09903763236806182,0.1
NaCl,25.0,0.10045,0.1,0.0,0.09947972190858556,0.09947971896031507,0.0,0.0,0.0,0.0,0.0,0.0,0.0,0.09947984704949786,0.10045
NaCl,25.0,0.10045,51.1,0.0,0.09960204022874916,0.09960203826826046,0.0,0.0,0.0,0.0,0.0,0.0,0.0,0.09960219743365333,0.10045
NaCl,25.0,0.10045,95.7,0.0,0.0996710189027334,0.09967101837085487,0.0,0.0,0.0,0.0,0.0,0.0,0.0,0.09967120774974325,0.10045
NaCl,25.0,0.10045,102.1,0.0,0.09967884622619558,0.09967884595855264,0.0,0.0,0.0,0.0,0.0,0.0,0.0,0.09967903991345571,0.10045
NaCl,25.0,0.10045,152.4,0.0,0.09972673999768807,0.09972674250820454,0.0,0.0,0.0,0.0,0.0,0.0,0.0,0.09972697458555912,0.10045
NaCl,25.0,0.10045,182.4,0.0,0.09974601854748164,0.0997460234768896,0.0,0.0,0.0,0.0,0.0,0.0,0.0,0.09974628014465789,0.10045
NaCl,25.0,0.10045,208.2,0.0,0.09975825549943722,0.09975826311675363,0.0,0.0,0.0,0.0,0.0,0.0,0.0,0.09975854205352183,0.10045
NaCl,25.0,0.10045,217.8,0.0,0.09976191302569884,0.09976192181376341,0.0,0.0,0.0,0.0,0.0,0.0,0.0,0.09976220930170768,0.10045
NaCl,25.0,0.10045,234.0,0.0,0.09976708588208547,0.09976709688597583,0.0,0.0,0.0,0.0,0.0,0.0,0.0,0.0997673991289679,0.10045
NaCl,25.0,0.10045,258.8,0.0,0.09977277759308638,0.09977279265615326,0.0,0.0,0.0,0.0,0.0,0.0,0.0,0.09977311827162741,0.10045
NaCl,25.0,0.10045,307.7,0.0,0.09977712930724021,0.09977715535710888,0.0,0.0,0.0,0.0,0.0,0.0,0.0,0.09977752976658136,0.10045
NaCl,25.0,0.10045,313.5,0.0,0.09977710444883645,0.09977713212087752,0.0,0.0,0.0,0.0,0.0,0.0,0.0,0.09977751254776186,0.10045
NaCl,25.0,0.10045,364.6,0.0,0.09977250582170417,0.09977255155951233,0.0,0.0,0.0,0.0,0.0,0.0,0.0,0.09977298695100664,0.10045
NaCl,25.0,0.10045,416.8,0.0,0.09976045488435645,0.09976052815271287,0.0,0.0,0.0,0.0,0.0,0.0,0.0,0.09976102285579605,0.10045
NaCl,25.0,0.1711,0.1,0.0,0.1685955617640998,0.16859555720430242,0.0,0.0,0.0,0.0,0.0,0.0,0.0,0.16859569118762652,0.1711
NaCl,25.0,0.19709,0.1,0.0,0.19387624970943176,0.19387624460488675,0.0,0.0,0.0,0.0,0.0,0.0,0.0,0.1938763802739948,0.19709
NaCl,25.0,0.19709,24.5,0.0,0.19409150222861843,0.19409149784893234,0.0,0.0,0.0,0.0,0.0,0.0,0.0,0.19409164851942412,0.19709
NaCl,25.0,0.19709,25.2,0.0,0.1940969772975446,0.19409697294162803,0.0,0.0,0.0,0.0,0.0,0.0,0.0,0.19409712405455865,0.19709
NaCl,25.0,0.19709,52.4,0.0,0.19428465702769615,0.1942846537492718,0.0,0.0,0.0,0.0,0.0,0.0,0.0,0.19428482258195168,0.19709
NaCl,25.0,0.19709,55.5,0.0,0.1943032555903588,0.19430325245583932,0.0,0.0,0.0,0.0,0.0,0.0,0.0,0.19430342337378007,0.19709
NaCl,25.0,0.19709,79.0,0.0,0.194428665211737,0.19442866333477643,0.0,0.0,0.0,0.0,0.0,0.0,0.0,0.1944288505014835,0.19709
NaCl,25.0,0.19709,103.3,0.0,0.19453349347947044,0.19453349326574015,0.0,0.0,0.0,0.0,0.0,0.0,0.0,0.19453369805824378,0.19709
NaCl,25.0,0.19709,111.7,0.0,0.19456474663317416,0.19456474709566093,0.0,0.0,0.0,0.0,0.0,0.0,0.0,0.19456495817643457,0.19709
NaCl,25.0,0.19709,129.4,0.0,0.19462329963923702,0.19462330172356845,0.0,0.0,0.0,0.0,0.0,0.0,0.0,0.1946235263830468,0.19709
NaCl,25.0,0.19709,154.5,0.0,0.1946914157914542,0.1946914207057206,0.0,0.0,0.0,0.0,0.0,0.0,0.0,0.19469166538109073,0.19709
NaCl,25.0,0.19709,182.2,0.0,0.19474941645117103,0.19474942536545914,0.0,0.0,0.0,0.0,0.0,0.0,0.0,0.1947496931516759,0.19709
NaCl,25.0,0.19709,208.7,0.0,0.19479073843924252,0.19479075224450426,0.0,0.0,0.0,0.0,0.0,0.0,0.0,0.19479104311819861,0.19709
NaCl,25.0,0.19709,210.6,0.0,0.19479322717335196,0.19479324137545082,0.0,0.0,0.0,0.0,0.0,0.0,0.0,0.1947935339402666,0.19709
NaCl,25.0,0.19709,235.2,0.0,0.19482026846303777,0.1948202884414238,0.0,0.0,0.0,0.0,0.0,0.0,0.0,0.19482060332007806,0.19709
NaCl,25.0,0.19709,263.0,0.0,0.1948402802089307,0.19484030835161528,0.0,0.0,0.0,0.0,0.0,0.0,0.0,0.1948406493403551,0.19709
NaCl,25.0,0.19709,312.1,0.0,0.194852246752979,0.1948522947593397,0.0,0.0,0.0,0.0,0.0,0.0,0.0,0.19485268392199379,0.19709
NaCl,25.0,0.19709,312.5,0.0,0.19485223413870834,0.19485228234103438,0.0,0.0,0.0,0.0,0.0,0.0,0.0,0.1948526719056633,0.19709
NaCl,25.0,0.19709,368.0,0.0,0.19483520212318958,0.19483528431007038,0.0,0.0,0.0,0.0,0.0,0.0,0.0,0.19483573079596705,0.19709
NaCl,25.0,0.19709,419.5,0.0,0.19479475985826403,0.19479488890168448,0.0,0.0,0.0,0.0,0.0,0.0,0.0,0.19479538946125996,0.19709
NaCl,25.0,0.19898,0.1,0.0,0.1957118191413463,0.19571181399800583,0.0,0.0,0.0,0.0,0.0,0.0,0.0,0.19571194978258327,0.19898
NaCl,25.0,0.19898,28.3,0.0,0.195960458400025,0.19596045411963461,0.0,0.0,0.0,0.0,0.0,0.0,0.0,0.1959606073248183,0.19898
NaCl,25.0,0.19898,58.1,0.0,0.19616142718962487,0.19616142415753804,0.0,0.0,0.0,0.0,0.0,0.0,0.0,0.19616159696899332,0.19898
NaCl,25.0,0.19898,75.0,0.0,0.196253617104021,0.19625361497598173,0.0,0.0,0.0,0.0,0.0,0.0,0.0,0.19625379946094723,0.19898
NaCl,25.0,0.19898,104.6,0.0,0.1963851442887188,0.1963851441773504,0.0,0.0,0.0,0.0,0.0,0.0,0.0,0.19638535008370028,0.19898
NaCl,25.0,0.19898,117.6,0.0,0.19643276852923583,0.19643276951150948,0.0,0.0,0.0,0.0,0.0,0.0,0.0,0.1964329852193828,0.19898
NaCl,25.0,0.19898,130.0,0.0,0.1964732364940618,0.1964732386578715,0.0,0.0,0.0,0.0,0.0,0.0,0.0,0.19647346393840487,0.19898
NaCl,25.0,0.19898,155.2,0.0,0.19654234675073828,0.19654235179619228,0.0,0.0,0.0,0.0,0.0,0.0,0.0,0.19654259719969627,0.19898
NaCl,25.0,0.19898,179.1,0.0,0.1965938326478657,0.19659384113158765,0.0,0.0,0.0,0.0,0.0,0.0,0.0,0.1965941064384122,0.19898
NaCl,25.0,0.19898,208.0,0.0,0.1966406900923943,0.1966407038635162,0.0,0.0,0.0,0.0,0.0,0.0,0.0,0.19664099427492693,0.19898
NaCl,25.0,0.19898,215.3,0.0,0.1966501686681841,0.1966501840032943,0.0,0.0,0.0,0.0,0.0,0.0,0.0,0.19665048093059279,0.19898
NaCl,25.0,0.19898,240.9,0.0,0.19667671786019006,0.19667673953158285,0.0,0.0,0.0,0.0,0.0,0.0,0.0,0.19667705984347272,0.19898
NaCl,25.0,0.19898,267.8,0.0,0.19669447862935627,0.19669450861813534,0.0,0.0,0.0,0.0,0.0,0.0,0.0,0.19669485435202974,0.19898
NaCl,25.0,0.19898,307.4,0.0,0.19670420469771163,0.19670425080220846,0.0,0.0,0.0,0.0,0.0,0.0,0.0,0.19670463537658345,0.19898
NaCl,25.0,0.19898,316.5,0.0,0.19670394796060703,0.19670399854498594,0.0,0.0,0.0,0.0,0.0,0.0,0.0,0.19670439225446062,0.19898
NaCl,25.0,0.19898,369.0,0.0,0.19668627116933976,0.19668635473588747,0.0,0.0,0.0,0.0,0.0,0.0,0.0,0.19668680232649188,0.19898
NaCl,25.0,0.19898,407.2,0.0,0.19665758532852007,0.1966577024193512,0.0,0.0,0.0,0.0,0.0,0.0,0.0,0.1966581900246114,0.19898
NaCl,25.0,0.5,0.1,0.0,0.4837830494215315,0.4837830390218801,0.0,0.0,0.0,0.0,0.0,0.0,0.0,0.4837831867327841,0.5
NaCl,25.0,0.50471,0.1,0.0,0.48822965401450513,0.48822964354294107,0.0,0.0,0.0,0.0,0.0,0.0,0.0,0.4882297913801701,0.50471
NaCl,25.0,0.50471,50.3,0.0,0.4902002306708228,0.4902002238310993,0.0,0.0,0.0,0.0,0.0,0.0,0.0,0.49020040473534465,0.50471
NaCl,25.0,0.50471,108.9,0.0,0.4916188825733426,0.49161888331547915,0.0,0.0,0.0,0.0,0.0,0.0,0.0,0.4916191068159029,0.50471
NaCl,25.0,0.50471,158.8,0.0,0.49235905396868856,0.49235906564191056,0.0,0.0,0.0,0.0,0.0,0.0,0.0,0.4923593285198026,0.50471
NaCl,25.0,0.50471,193.0,0.0,0.49269364947477234,0.49269367208861164,0.0,0.0,0.0,0.0,0.0,0.0,0.0,0.49269396337212723,0.50471
NaCl,25.0,0.50471,210.2,0.0,0.4928195247971559,0.49281955427200813,0.0,0.0,0.0,0.0,0.0,0.0,0.0,0.4928198602066718,0.50471
NaCl,25.0,0.50471,217.4,0.0,0.4928647203832326,0.4928647530403436,0.0,0.0,0.0,0.0,0.0,0.0,0.0,0.49286506517087314,0.50471
NaCl,25.0,0.50471,262.4,0.0,0.49305848139268466,0.49305853882410444,0.0,0.0,0.0,0.0,0.0,0.0,0.0,0.4930588903386083,0.50471
NaCl,25.0,0.50471,309.0,0.0,0.4931209294151978,0.49312102361207005,0.0,0.0,0.0,0.0,0.0,0.0,0.0,0.4931214165723554,0.50471
NaCl,25.0,0.50471,345.1,0.0,0.4930880879182336,0.49308822076261255,0.0,0.0,0.0,0.0,0.0,0.0,0.0,0.49308864574092487,0.50471
NaCl,25.0,0.50471,418.9,0.0,0.49283328086741385,0.49283353041941236,0.0,0.0,0.0,0.0,0.0,0.0,0.0,0.49283401855600556,0.50471
NaCl,25.0,0.5133,0.1,0.0,0.49633487310549407,0.49633486250337966,0.0,0.0,0.0,0.0,0.0,0.0,0.0,0.4963350105680441,0.5133
NaCl,25.0,0.8556,0.1,0.0,0.8150115999793556,0.8150115846815982,0.0,0.0,0.0,0.0,0.0,0.0,0.0,0.8150117395620031,0.8556
NaCl,25.0,0.9999,0.1,0.0,0.9470480992079251,0.9470480821568428,0.0,0.0,0.0,0.0,0.0,0.0,0.0,0.9470482390289342,0.9999
NaCl,25.0,1.2834,0.1,0.0,1.202900238864971,1.2029002186481506,0.0,0.0,0.0,0.0,0.0,0.0,0.0,1.2029003785243684,1.2834
NaCl,25.0,1.7112,0.1,0.0,1.5809043916503156,1.5809043671959235,0.0,0.0,0.0,0.0,0.0,0.0,0.0,1.580904530092155,1.7112
NaCl,25.0,2.5667,0.1,0.0,2.3116510248024165,2.3116509932746743,0.0,0.0,0.0,0.0,0.0,0.0,0.0,2.3116511590940747,2.5667
NaCl,29.93,4.34763,0.1,0.0,3.718458553765399,3.7184585016895206,0.0,0.0,0.0,0.0,0.0,0.0,0.0,3.7184586997593336,4.34763
NaCl,29.93,4.34763,24.3,0.0,3.7503444396638965,3.750344390173113,0.0,0.0,0.0,0.0,0.0,0.0,0.0,3.7503446054848677,4.34763
NaCl,29.93,4.34763,24.5,0.0,3.7505826313470223,3.750582581882408,0.0,0.0,0.0,0.0,0.0,0.0,0.0,3.7505827973387773,4.34763
NaCl,29.93,4.34763,48.5,0.0,3.7765512409223216,3.7765511952507764,0.0,0.0,0.0,0.0,0.0,0.0,0.0,3.776551428291322,4.34763
NaCl,29.93,4.34763,49.7,0.0,3.7777229824273197,3.7777229369818177,0.0,0.0,0.0,0.0,0.0,0.0,0.0,3.777723170912905,4.34763
NaCl,29.93,4.34763,74.4,0.0,3.7995023553976184,3.7995023154827243,0.0,0.0,0.0,0.0,0.0,0.0,0.0,3.7995025679537826,4.34763
NaCl,29.93,4.34763,75.4,0.0,3.800296562432767,3.800296522779578,0.0,0.0,0.0,0.0,0.0,0.0,0.0,3.8002967760089597,4.34763
NaCl,29.93,4.34763,86.3,0.0,3.808551404561778,3.8085513679702703,0.0,0.0,0.0,0.0,0.0,0.0,0.0,3.8085516294992168,4.34763
NaCl,29.93,4.34763,99.9,0.0,3.81788088868787,3.817880856488802,0.0,0.0,0.0,0.0,0.0,0.0,0.0,3.817881128450367,4.34763
NaCl,29.93,4.34763,101.4,0.0,3.8188479786933582,3.8188479470201937,0.0,0.0,0.0,0.0,0.0,0.0,0.0,3.8188482201369673,4.34763
NaCl,29.93,4.34763,149.2,0.0,3.8440795790225324,3.844079569124253,0.0,0.0,0.0,0.0,0.0,0.0,0.0,3.844079879339078,4.34763
NaCl,29.93,4.34763,151.6,0.0,3.845091527484932,3.8450915189685495,0.0,0.0,0.0,0.0,0.0,0.0,0.0,3.845091831052292,4.34763
NaCl,29.93,4.34763,180.8,0.0,3.855751116431426,3.8557511273551968,0.0,0.0,0.0,0.0,0.0,0.0,0.0,3.8557514621222344,4.34763
NaCl,29.93,4.34763,201.8,0.0,3.861709974955284,3.8617100032147333,0.0,0.0,0.0,0.0,0.0,0.0,0.0,3.8617103541506994,4.34763
NaCl,29.93,4.34763,203.2,0.0,3.86206113016013,3.862061159686017,0.0,0.0,0.0,0.0,0.0,0.0,0.0,3.8620615116932155,4.34763
NaCl,29.93,4.34763,242.1,0.0,3.869743295272577,3.8697433662353116,0.0,0.0,0.0,0.0,0.0,0.0,0.0,3.869743747530117,4.34763
NaCl,29.93,4.34763,242.7,0.0,3.8698324537996363,3.8698325255036026,0.0,0.0,0.0,0.0,0.0,0.0,0.0,3.8698329072415065,4.34763
NaCl,29.93,4.34763,278.8,0.0,3.8737374419380797,3.8737375647983816,0.0,0.0,0.0,0.0,0.0,0.0,0.0,3.8737379725708685,4.34763
NaCl,29.93,4.34763,304.0,0.0,3.8749026412976546,3.8749028084081663,0.0,0.0,0.0,0.0,0.0,0.0,0.0,3.874903233498723,4.34763
NaCl,29.93,4.34763,314.5,0.0,3.87504388081355,3.875044068702269,0.0,0.0,0.0,0.0,0.0,0.0,0.0,3.8750445007678618,4.34763
NaCl,29.93,4.34763,345.5,0.0,3.8743695008459147,3.8743697590506785,0.0,0.0,0.0,0.0,0.0,0.0,0.0,3.874370210790473,4.34763
NaCl,29.93,4.34763,390.1,0.0,3.8707871155311544,3.870787501917414,0.0,0.0,0.0,0.0,0.0,0.0,0.0,3.870787979301831,4.34763
NaCl,29.93,5.37998,0.1,0.0,4.496532712016724,4.496532654908496,0.0,0.0,0.0,0.0,0.0,0.0,0.0,4.496532850369691,5.37998
NaCl,29.93,5.37998,24.1,0.0,4.539303578460562,4.5393035232918555,0.0,0.0,0.0,0.0,0.0,0.0,0.0,4.539303735501323,5.37998
NaCl,29.93,5.37998,49.5,0.0,4.576485508565826,4.5764854566868385,0.0,0.0,0.0,0.0,0.0,0.0,0.0,4.576485687138094,5.37998
NaCl,29.93,5.37998,71.5,0.0,4.603177672642133,4.6031776248585,0.0,0.0,0.0,0.0,0.0,0.0,0.0,4.603177871478746,5.37998
NaCl,29.93,5.37998,76.4,0.0,4.608516131798758,4.6085160851075395,0.0,0.0,0.0,0.0,0.0,0.0,0.0,4.608516335369291,5.37998
NaCl,29.93,5.37998,98.8,0.0,4.630430201576582,4.630430160826958,0.0,0.0,0.0,0.0,0.0,0.0,0.0,4.630430427890891,5.37998
NaCl,29.93,5.37998,119.8,0.0,4.647660156134829,4.647660122547533,0.0,0.0,0.0,0.0,0.0,0.0,0.0,4.64766040554502,5.37998
NaCl,29.93,5.37998,147.2,0.0,4.666026162404775,4.666026140903451,0.0,0.0,0.0,0.0,0.0,0.0,0.0,4.666026444839475,5.37998
NaCl,29.93,5.37998,188.5,0.0,4.686391451817536,4.686391455721019,0.0,0.0,0.0,0.0,0.0,0.0,0.0,4.6863917911966215,5.37998
NaCl,29.93,5.37998,198.5,0.0,4.690188200796461,4.6901882123865315,0.0,0.0,0.0,0.0,0.0,0.0,0.0,4.690188555438247,5.37998
NaCl,29.93,5.37998,248.6,0.0,4.703639601087575,4.703639662248113,0.0,0.0,0.0,0.0,0.0,0.0,0.0,4.7036400424592335,5.37998
NaCl,29.93,5.37998,268.3,0.0,4.706689630525584,4.706689717060801,0.0,0.0,0.0,0.0,0.0,0.0,0.0,4.706690111362977,5.37998
NaCl,29.93,5.37998,308.9,0.0,4.7095819945686195,4.709582146170567,0.0,0.0,0.0,0.0,0.0,0.0,0.0,4.709582568222503,5.37998
NaCl,29.93,5.37998,351.5,0.0,4.708301352132068,4.708301594058759,0.0,0.0,0.0,0.0,0.0,0.0,0.0,4.708302042932262,5.37998
NaCl,29.93,5.37998,389.3,0.0,4.703930168136268,4.703930513191674,0.0,0.0,0.0,0.0,0.0,0.0,0.0,4.703930983550188,5.37998
NaCl,29.93,6.16314,0.1,0.0,5.068525378926033,5.068525318942997,0.0,0.0,0.0,0.0,0.0,0.0,0.0,5.068525511661219,6.16314
NaCl,29.93,6.16314,23.0,0.0,5.1179783839171025,5.117978325287282,0.0,0.0,0.0,0.0,0.0,0.0,0.0,5.11797853372382,6.16314
NaCl,29.93,6.16314,49.9,0.0,5.165737145311585,5.165737089494948,0.0,0.0,0.0,0.0,0.0,0.0,0.0,5.165737316954875,6.16314
NaCl,29.93,6.16314,73.1,0.0,5.199573505179894,5.1995734530841,0.0,0.0,0.0,0.0,0.0,0.0,0.0,5.199573697371979,6.16314
NaCl,29.93,6.16314,75.4,0.0,5.202604375444917,5.202604323792856,0.0,0.0,0.0,0.0,0.0,0.0,0.0,5.202604569767582,6.16314
NaCl,29.93,6.16314,99.1,0.0,5.2308200098044955,5.230819963616846,0.0,0.0,0.0,0.0,0.0,0.0,0.0,5.230820227138488,6.16314
NaCl,29.93,6.16314,123.5,0.0,5.254752058048269,5.254752019414425,0.0,0.0,0.0,0.0,0.0,0.0,0.0,5.254752301251302,6.16314
NaCl,29.93,6.16314,150.2,0.0,5.275895266971829,5.275895239283949,0.0,0.0,0.0,0.0,0.0,0.0,0.0,5.275895541332682,6.16314
NaCl,29.93,6.16314,158.2,0.0,5.281323838885086,5.281323815100598,0.0,0.0,0.0,0.0,0.0,0.0,0.0,5.2813241232191075,6.16314
NaCl,29.93,6.16314,212.7,0.0,5.308920896588775,5.308920908712442,0.0,0.0,0.0,0.0,0.0,0.0,0.0,5.308921257937111,6.16314
NaCl,29.93,6.16314,250.4,0.0,5.319965794597741,5.319965843260912,0.0,0.0,0.0,0.0,0.0,0.0,0.0,5.3199662201791265,6.16314
NaCl,29.93,6.16314,256.3,0.0,5.321188322500012,5.321188377924617,0.0,0.0,0.0,0.0,0.0,0.0,0.0,5.321188759086233,6.16314
NaCl,29.93,6.16314,313.7,0.0,5.326892537287224,5.326892676215787,0.0,0.0,0.0,0.0,0.0,0.0,0.0,5.32689309688869,6.16314
NaCl,29.93,6.16314,342.3,0.0,5.326007261430283,5.32600745603571,0.0,0.0,0.0,0.0,0.0,0.0,0.0,5.326007894923157,6.16314
NaCl,29.93,6.16314,386.6,0.0,5.320415946217683,5.320416249895297,0.0,0.0,0.0,0.0,0.0,0.0,0.0,5.32041671464017,6.16314
NaCl,35.0,0.000104,0.1,0.0,0.00010399809677095745,0.00010399809015636043,0.0,0.0,0.0,0.0,0.0,0.0,0.0,0.00010414368153948691,0.000104
NaCl,35.0,0.00099,0.1,0.0,0.0009898354017660214,0.0009898353403168165,0.0,0.0,0.0,0.0,0.0,0.0,0.0,0.0009899841907121184,0.00099
NaCl,35.0,0.01,0.1,0.0,0.009985314673792312,0.009985314100702426,0.0,0.0,0.0,0.0,0.0,0.0,0.0,0.009985472467638205,0.01
NaCl,35.0,0.1,0.1,0.0,0.09894185338949879,0.09894184885968553,0.0,0.0,0.0,0.0,0.0,0.0,0.0,0.09894203056101589,0.1
NaCl,35.0,0.5,0.1,0.0,0.482040032324102,0.4820400161315787,0.0,0.0,0.0,0.0,0.0,0.0,0.0,0.4820402254141172,0.5
NaCl,35.0,0.9999,0.1,0.0,0.9413497181628689,0.941349691624669,0.0,0.0,0.0,0.0,0.0,0.0,0.0,0.9413499140803326,0.9999
NaCl,45.0,0.000104,0.1,0.0,0.00010399793141116174,0.00010399792180421907,0.0,0.0,0.0,0.0,0.0,0.0,0.0,0.0001041992018759876,0.000104
NaCl,45.0,0.00099,0.1,0.0,0.0009898207676681864,0.0009898206783170009,0.0,0.0,0.0,0.0,0.0,0.0,0.0,0.000990026259544846,0.00099
NaCl,45.0,0.01,0.1,0.0,0.009983919514044152,0.009983918677624815,0.0,0.0,0.0,0.0,0.0,0.0,0.0,0.009984136847861223,0.01
NaCl,45.0,0.1,0.1,0.0,0.09882896329203929,0.09882895661950271,0.0,0.0,0.0,0.0,0.0,0.0,0.0,0.09882920588753717,0.1
NaCl,45.0,0.5,0.1,0.0,0.4800109265140641,0.4800109025093227,0.0,0.0,0.0,0.0,0.0,0.0,0.0,0.4800111891772284,0.5
NaCl,45.0,0.9999,0.1,0.0,0.9347813120111124,0.9347812727073711,0.0,0.0,0.0,0.0,0.0,0.0,0.0,0.9347815776458523,0.9999
NaCl,70.0,0.000104,0.1,0.0,0.00010399738436691357,0.00010399736322955731,0.0,0.0,0.0,0.0,0.0,0.0,0.0,0.0001043964286843667,0.000104
NaCl,70.0,0.00099,0.1,0.0,0.0009897724965961877,0.0009897722995261097,0.0,0.0,0.0,0.0,0.0,0.0,0.0,0.0009901790053606031,0.00099
NaCl,70.0,0.01,0.1,0.0,0.009979342821811255,0.009979340963438488,0.0,0.0,0.0,0.0,0.0,0.0,0.0,0.009979770172887665,0.01
NaCl,70.0,0.1,0.1,0.0,0.09846306307597369,0.09846304801490838,0.0,0.0,0.0,0.0,0.0,0.0,0.0,0.09846353388766904,0.1
NaCl,70.0,0.5,0.1,0.0,0.47358218875024244,0.4735821342147127,0.0,0.0,0.0,0.0,0.0,0.0,0.0,0.47358269106703493,0.5
NaCl,70.0,0.9999,0.1,0.0,0.9143715142573664,0.9143714254082169,0.0,0.0,0.0,0.0,0.0,0.0,0.0,0.9143720186186268,0.9999
NaCl,90.0,0.000104,0.1,0.0,0.00010399678037394608,0.00010399674501049409,0.0,0.0,0.0,0.0,0.0,0.0,0.0,0.0001046173998593745,0.000104
NaCl,90.0,0.00099,0.1,0.0,0.0009897193142253949,0.0009897189840000957,0.0,0.0,0.0,0.0,0.0,0.0,0.0,0.000990350584995097,0.00099
NaCl,90.0,0.01,0.1,0.0,0.009974314322783123,0.009974311195019427,0.0,0.0,0.0,0.0,0.0,0.0,0.0,0.009974975216563903,0.01
NaCl,90.0,0.1,0.1,0.0,0.09806552783984149,0.098065502307495,0.0,0.0,0.0,0.0,0.0,0.0,0.0,0.09806624928768441,0.1
NaCl,90.0,0.5,0.1,0.0,0.46682039213122756,0.46682029990029844,0.0,0.0,0.0,0.0,0.0,0.0,0.0,0.46682115396250823,0.5
NaCl,90.0,0.9999,0.1,0.0,0.8935110016206882,0.8935108523520181,0.0,0.0,0.0,0.0,0.0,0.0,0.0,0.8935117628958228,0.9999
NaCl:MgSO4 (1:1),-10.0,0.05,0.1,0.0,0.04924676353566607,0.047920514829496434,0.037507982531371095,0.03618175056330902,0.0,0.0,0.0,0.0019288690758768022,0.011889359990525575,0.19722890796954431,0.25
NaCl:MgSO4 (1:1),-10.0,0.1,0.1,0.0,0.0971037632362067,0.09406389260258291,0.07143858868512123,0.06839873766038204,0.0,0.0,0.0,0.005447945748770023,0.02615327688393288,0.3791865714351324,0.5
NaCl:MgSO4 (1:1),-10.0,0.4,0.1,0.0,0.33250952104209797,0.3502485765326324,0.2126358086085229,0.23037488280708182,0.0,0.0,0.0,0.04531431419902605,0.12431063984807333,1.2815844771820166,2.0
NaCl:MgSO4 (1:1),-10.0,0.7,0.1,0.0,0.45762696154795557,0.5771713578314722,0.25484417243673013,0.37438858132854047,0.0,0.0,0.0,0.11379979147441228,0.21181135373390242,1.949436966462763,3.4999999999999996
NaCl:MgSO4 (1:1),-1.0,0.05,0.1,0.0,0.049301857119902974,0.04796071102320153,0.03704021873438328,0.035699096048327585,0.0,0.0,0.0,0.0018832697812946918,0.012417597487444323,0.19532270504834887,0.25
NaCl:MgSO4 (1:1),-1.0,0.1,0.1,0.0,0.0973339516180263,0.09414809614750926,0.07030935800406628,0.06712352960374074,0.0,0.0,0.0,0.005342504718334022,0.027533895444505255,0.3743565086965969,0.5
NaCl:MgSO4 (1:1),-1.0,0.4,0.1,0.0,0.3385038956080736,0.3507933140512205,0.21040853167903592,0.22269797635179492,0.0,0.0,0.0,0.044459074677885284,0.132842670369569,1.2614657459979794,2.0
NaCl:MgSO4 (1:1),-1.0,0.7,0.1,0.0,0.4740850660385376,0.5785951676308847,0.25493020728157895,0.3594403272091491,0.0,0.0,0.0,0.1115478425834148,0.22901136472658046,1.918884601949705,3.4999999999999996
NaCl:MgSO4 (1:1),20.0,0.05,0.1,0.0,0.04931574083884848,0.04778067567135774,0.034648089105473824,0.033113067027528954,0.0,0.0,0.0,0.0020362803448825424,0.014850513018725468,0.18533954334289676,0.25
NaCl:MgSO4 (1:1),20.0,0.1,0.1,0.0,0.09743467761226995,0.09361531729102822,0.06494273257271944,0.0611234195147996,0.0,0.0,0.0,0.005779894964982648,0.03309643016343257,0.3515279147443485,0.5
NaCl:MgSO4 (1:1),20.0,0.4,0.1,0.0,0.34477006130376464,0.3469331679170431,0.19166404470863244,0.19382719826992376,0.0,0.0,0.0,0.04724279296628773,0.15892908573802533,1.1651595165280193,2.0
NaCl:MgSO4 (1:1),20.0,0.7,0.1,0.0,0.49636842413829313,0.5702893530663949,0.23365597573388178,0.3075769397900212,0.0,0.0,0.0,0.11726531194576571,0.2751562338361756,1.7700221526090847,3.4999999999999996
NaCl:MgSO4 (1:1),25.0,0.05,0.1,0.0,0.04930534608963623,0.04770462711087041,0.03392520652847065,0.032324535119871274,0.0,0.0,0.0,0.0021035480548162095,0.015571728092646946,0.18230800800403266,0.25
NaCl:MgSO4 (1:1),25.0,0.1,0.1,0.0,0.09740710144860973,0.09340163237441988,0.06336366141685008,0.05935824374335234,0.0,0.0,0.0,0.00596322116154148,0.03467819357417231,0.3448091744570481,0.5
NaCl:MgSO4 (1:1),25.0,0.4,0.1,0.0,0.3452927172870746,0.34543627159208784,0.18586762360677161,0.18601122960967664,0.0,0.0,0.0,0.04841948249369178,0.16556807930416675,1.1376148438565612,2.0
NaCl:MgSO4 (1:1),25.0,0.7,0.1,0.0,0.49936966587824255,0.5670252960917834,0.22637576420567967,0.2940314336539815,0.0,0.0,0.0,0.11978918702517648,0.2861774063193656,1.7276310236697034,3.4999999999999996
