Salt,Temperature_C,Molality_molkg,Pressure_MPa,m_free_K,m_free_Cl,m_free_Na,m_free_Mg,m_free_SO4,m_free_Ca,m_free_NH4,m_free_CO3,m_pair_KSO4,m_pair_NaSO4,m_pair_MgSO4,m_pair_CaSO4,m_pair_NaCO3,m_pair_MgCO3,m_pair_CaCO3,m_pair_NH4SO4,I_eff,I_formal
CaCl2,5.0,7.6e-05,0.1,0.0,0.00015199519045107785,0.0,0.0,0.0,7.59951670944441e-05,0.0,0.0,0.0,0.0,0.0,0.0,0.0,0.0,0.0,0.0,0.00022803432895405996,0.000228
CaCl2,10.0,7.6e-05,0.1,0.0,0.00015199508874445852,0.0,0.0,0.0,7.599505419417686e-05,0.0,0.0,0.0,0.0,0.0,0.0,0.0,0.0,0.0,0.0,0.00022804545099522336,0.000228
CaCl2,25.0,7.6e-05,0.1,0.0,0.00015199449928289316,0.0,0.0,0.0,7.599439716219462e-05,0.0,0.0,0.0,0.0,0.0,0.0,0.0,0.0,0.0,0.0,0.0002280912341931168,0.000228
CaCl2,35.0,7.6e-05,0.1,0.0,0.00015199387567137757,0.0,0.0,0.0,7.599367727176527e-05,0.0,0.0,0.0,0.0,0.0,0.0,0.0,0.0,0.0,0.0,0.00022813409266439507,0.000228
CaCl2,45.0,7.6e-05,0.1,0.0,0.0001519930493631991,0.0,0.0,0.0,7.599267840933281e-05,0.0,0.0,0.0,0.0,0.0,0.0,0.0,0.0,0.0,0.0,0.00022818844609144226,0.000228
CaCl2,70.0,7.6e-05,0.1,0.0,0.0001519898390179422,0.0,0.0,0.0,7.598829890016668e-05,0.0,0.0,0.0,0.0,0.0,0.0,0.0,0.0,0.0,0.0,0.00022838051260915053,0.000228
CaCl2,90.0,7.6e-05,0.1,0.0,0.00015198553307465532,0.0,0.0,0.0,7.598126912032327e-05,0.0,0.0,0.0,0.0,0.0,0.0,0.0,0.0,0.0,0.0,0.00022859274592494208,0.000228
CaCl2,5.0,0.000755,0.1,0.0,0.001509583823505831,0.0,0.0,0.0,0.0007545840002083481,0.0,0.0,0.0,0.0,0.0,0.0,0.0,0.0,0.0,0.0,0.0022642133417569757,0.002265
CaCl2,10.0,0.000755,0.1,0.0,0.001509575556208258,0.0,0.0,0.0,0.0007545755937798985,0.0,0.0,0.0,0.0,0.0,0.0,0.0,0.0,0.0,0.0,0.002264208398298747,0.002265
CaCl2,25.0,0.000755,0.1,0.0,0.0015095264952003033,0.0,0.0,0.0,0.0007545258683767586,0.0,0.0,0.0,0.0,0.0,0.0,0.0,0.0,0.0,0.0,0.0022641582348778924,0.002265
CaCl2,35.0,0.000755,0.1,0.0,0.0015094743271989205,0.0,0.0,0.0,0.0007544728322086639,0.0,0.0,0.0,0.0,0.0,0.0,0.0,0.0,0.0,0.0,0.0022640986565474384,0.002265
CaCl2,45.0,0.000755,0.1,0.0,0.0015094052441582126,0.0,0.0,0.0,0.0007544022263081711,0.0,0.0,0.0,0.0,0.0,0.0,0.0,0.0,0.0,0.0,0.00226401682731405,0.002265
CaCl2,70.0,0.000755,0.1,0.0,0.0015091381642467917,0.0,0.0,0.0,0.0007541250181372529,0.0,0.0,0.0,0.0,0.0,0.0,0.0,0.0,0.0,0.0,0.0022636765849808195,0.002265
CaCl2,90.0,0.000755,0.1,0.0,0.0015087830846094968,0.0,0.0,0.0,0.0007537468327917637,0.0,0.0,0.0,0.0,0.0,0.0,0.0,0.0,0.0,0.0,0.002263167563061871,0.002265
CaCl2,5.0,0.00755,0.1,0.0,0.015070018030949662,0.0,0.0,0.0,0.007520244663071502,0.0,0.0,0.0,0.0,0.0,0.0,0.0,0.0,0.0,0.0,0.022590312481718305,0.02265
CaCl2,10.0,0.00755,0.1,0.0,0.015069530290000584,0.0,0.0,0.0,0.00751973227253879,0.0,0.0,0.0,0.0,0.0,0.0,0.0,0.0,0.0,0.0,0.022589325091570255,0.02265
CaCl2,25.0,0.00755,0.1,0.0,0.015066355116473371,0.0,0.0,0.0,0.007516513330763283,0.0,0.0,0.0,0.0,0.0,0.0,0.0,0.0,0.0,0.0,0.022582983382972256,0.02265
CaCl2,35.0,0.00755,0.1,0.0,0.015062911541819171,0.0,0.0,0.0,0.007513053059152377,0.0,0.0,0.0,0.0,0.0,0.0,0.0,0.0,0.0,0.0,0.02257612807768032,0.02265
CaCl2,45.0,0.00755,0.1,0.0,0.0150583526557495,0.0,0.0,0.0,0.007508480589374827,0.0,0.0,0.0,0.0,0.0,0.0,0.0,0.0,0.0,0.0,0.022567057323475873,0.02265
CaCl2,70.0,0.00755,0.1,0.0,0.015040950749983725,0.0,0.0,0.0,0.007491029009687496,0.0,0.0,0.0,0.0,0.0,0.0,0.0,0.0,0.0,0.0,0.022532407933232586,0.02265
CaCl2,90.0,0.00755,0.1,0.0,0.015018378939877602,0.0,0.0,0.0,0.007468356299859024,0.0,0.0,0.0,0.0,0.0,0.0,0.0,0.0,0.0,0.0,0.02248736772564137,0.02265
CaCl2,5.0,0.0755,0.1,0.0,0.14919583915316934,0.0,0.0,0.0,0.07377984224917765,0.0,0.0,0.0,0.0,0.0,0.0,0.0,0.0,0.0,0.0,0.22297574205246204,0.22649999999999998
CaCl2,10.0,0.0755,0.1,0.0,0.14918644814869514,0.0,0.0,0.0,0.07376139099977908,0.0,0.0,0.0,0.0,0.0,0.0,0.0,0.0,0.0,0.0,0.22294791487174956,0.22649999999999998
CaCl2,25.0,0.0755,0.1,0.0,0.14905178750200296,0.0,0.0,0.0,0.07361130687348855,0.0,0.0,0.0,0.0,0.0,0.0,0.0,0.0,0.0,0.0,0.2226632305328127,0.22649999999999998
CaCl2,35.0,0.0755,0.1,0.0,0.148887886190907,0.0,0.0,0.0,0.07344272594643556,0.0,0.0,0.0,0.0,0.0,0.0,0.0,0.0,0.0,0.0,0.22233080218335943,0.22649999999999998
CaCl2,45.0,0.0755,0.1,0.0,0.1486678886527702,0.0,0.0,0.0,0.0732206743622656,0.0,0.0,0.0,0.0,0.0,0.0,0.0,0.0,0.0,0.0,0.22188881775619537,0.22649999999999998
CaCl2,70.0,0.0755,0.1,0.0,0.14784663423235644,0.0,0.0,0.0,0.07240200989726435,0.0,0.0,0.0,0.0,0.0,0.0,0.0,0.0,0.0,0.0,0.22024909854703462,0.22649999999999998
CaCl2,90.0,0.0755,0.1,0.0,0.1468417751481112,0.0,0.0,0.0,0.07140587966563543,0.0,0.0,0.0,0.0,0.0,0.0,0.0,0.0,0.0,0.0,0.21824828648338862,0.22649999999999998
CaCl2,5.0,0.3773,0.1,0.0,0.7143181596524264,0.0,0.0,0.0,0.34215676715030807,0.0,0.0,0.0,0.0,0.0,0.0,0.0,0.0,0.0,0.0,1.0564750033281098,1.1319000000000001
CaCl2,10.0,0.3773,0.1,0.0,0.7149403462849198,0.0,0.0,0.0,0.3422140217384891,0.0,0.0,0.0,0.0,0.0,0.0,0.0,0.0,0.0,0.0,1.0571544628106608,1.1319000000000001
CaCl2,25.0,0.3773,0.1,0.0,0.7142905233694633,0.0,0.0,0.0,0.340544946777846,0.0,0.0,0.0,0.0,0.0,0.0,0.0,0.0,0.0,0.0,1.0548356366487885,1.1319000000000001
CaCl2,35.0,0.3773,0.1,0.0,0.712365000639075,0.0,0.0,0.0,0.33826222028419695,0.0,0.0,0.0,0.0,0.0,0.0,0.0,0.0,0.0,0.0,1.0506274498341566,1.1319000000000001
CaCl2,45.0,0.3773,0.1,0.0,0.7095165839932497,0.0,0.0,0.0,0.3352022437603981,0.0,0.0,0.0,0.0,0.0,0.0,0.0,0.0,0.0,0.0,1.0447191302733065,1.1319000000000001
CaCl2,70.0,0.3773,0.1,0.0,0.698868984430197,0.0,0.0,0.0,0.32440506242580563,0.0,0.0,0.0,0.0,0.0,0.0,0.0,0.0,0.0,0.0,1.023274572610746,1.1319000000000001
CaCl2,90.0,0.3773,0.1,0.0,0.686867327560902,0.0,0.0,0.0,0.3125340686587522,0.0,0.0,0.0,0.0,0.0,0.0,0.0,0.0,0.0,0.0,0.9994021226547731,1.1319000000000001
CaSO4,5.0,7.6e-05,0.1,0.0,0.0,0.0,0.0,7.543054795878937e-05,7.5430700625094e-05,0.0,0.0,0.0,0.0,0.0,5.692743258677232e-07,0.0,0.0,0.0,0.0,0.0003017666966399332,0.000304
CaSO4,10.0,7.6e-05,0.1,0.0,0.0,0.0,0.0,7.542507675604274e-05,7.542529001836682e-05,0.0,0.0,0.0,0.0,0.0,5.746737770132982e-07,0.0,0.0,0.0,0.0,0.0003017563472425554,0.000304
CaSO4,25.0,7.6e-05,0.1,0.0,0.0,0.0,0.0,7.537950637831483e-05,7.53800794057874e-05,0.0,0.0,0.0,0.0,0.0,6.198172682546762e-07,0.0,0.0,0.0,0.0,0.0003016222248213773,0.000304
CaSO4,35.0,7.6e-05,0.1,0.0,0.0,0.0,0.0,7.532858333822502e-05,7.532966984697602e-05,0.0,0.0,0.0,0.0,0.0,6.701314835851124e-07,0.0,0.0,0.0,0.0,0.00030146428620292826,0.000304
CaSO4,45.0,7.6e-05,0.1,0.0,0.0,0.0,0.0,7.526172690831212e-05,7.526374907751463e-05,0.0,0.0,0.0,0.0,0.0,7.358816171524844e-07,0.0,0.0,0.0,0.0,0.0003012557970996002,0.000304
CaSO4,70.0,7.6e-05,0.1,0.0,0.0,0.0,0.0,7.501244872883106e-05,7.50212099824126e-05,0.0,0.0,0.0,0.0,0.0,9.772633637643605e-07,0.0,0.0,0.0,0.0,0.0003004775438514897,0.000304
CaSO4,90.0,7.6e-05,0.1,0.0,0.0,0.0,0.0,7.469375779678013e-05,7.47196325487566e-05,0.0,0.0,0.0,0.0,0.0,1.2761230031359446e-06,0.0,0.0,0.0,0.0,0.0002994740145367418,0.000304
CaSO4,5.0,0.00102,0.1,0.0,0.0,0.0,0.0,0.0009574924550792079,0.0009574940853211365,0.0,0.0,0.0,0.0,0.0,6.250563526425042e-05,0.0,0.0,0.0,0.0,0.0038300205164573864,0.00408
CaSO4,10.0,0.00102,0.1,0.0,0.0,0.0,0.0,0.0009571378587564689,0.0009571401298380831,0.0,0.0,0.0,0.0,0.0,6.285946623892055e-05,0.0,0.0,0.0,0.0,0.003828615828452827,0.00408
CaSO4,25.0,0.00102,0.1,0.0,0.0,0.0,0.0,0.0009533165351585862,0.0009533225408961786,0.0,0.0,0.0,0.0,0.0,6.667630604366002e-05,0.0,0.0,0.0,0.0,0.0038133903510747524,0.00408
CaSO4,35.0,0.00102,0.1,0.0,0.0,0.0,0.0,0.000948952288428019,0.0009489634881290672,0.0,0.0,0.0,0.0,0.0,7.103429292538211e-05,0.0,0.0,0.0,0.0,0.003795994258439145,0.00408
CaSO4,45.0,0.00102,0.1,0.0,0.0,0.0,0.0,0.0009433117428894576,0.0009433321383223805,0.0,0.0,0.0,0.0,0.0,7.666372769861935e-05,0.0,0.0,0.0,0.0,0.0037735166705160023,0.00408
CaSO4,70.0,0.00102,0.1,0.0,0.0,0.0,0.0,0.0009235123433163364,0.0009235936703837371,0.0,0.0,0.0,0.0,0.0,9.638895830300225e-05,0.0,0.0,0.0,0.0,0.0036946986951158444,0.00408
CaSO4,90.0,0.00102,0.1,0.0,0.0,0.0,0.0,0.0009008285714829725,0.0009010446493106492,0.0,0.0,0.0,0.0,0.0,0.00011890559062505703,0.0,0.0,0.0,0.0,0.003604578819904343,0.00408
CaSO4,5.0,0.01245,0.1,0.0,0.0,0.0,0.0,0.00986868278547711,0.009868693139676681,0.0,0.0,0.0,0.0,0.0,0.002581304646471962,0.0,0.0,0.0,0.0,0.039474812795908545,0.0498
CaSO4,10.0,0.01245,0.1,0.0,0.0,0.0,0.0,0.009869657120360878,0.009869671353561415,0.0,0.0,0.0,0.0,0.0,0.002580325429124719,0.0,0.0,0.0,0.0,0.03947873479631915,0.0498
CaSO4,25.0,0.01245,0.1,0.0,0.0,0.0,0.0,0.009787649045441655,0.009787684624089672,0.0,0.0,0.0,0.0,0.0,0.0026623060274207962,0.0,0.0,0.0,0.0,0.03915082044190073,0.0498
CaSO4,35.0,0.01245,0.1,0.0,0.0,0.0,0.0,0.00968214030928923,0.009682203378364772,0.0,0.0,0.0,0.0,0.0,0.002767778368107554,0.0,0.0,0.0,0.0,0.03872891892604897,0.0498
CaSO4,45.0,0.01245,0.1,0.0,0.0,0.0,0.0,0.009545817213464276,0.009545925257280763,0.0,0.0,0.0,0.0,0.0,0.002904040150617979,0.0,0.0,0.0,0.0,0.0381838276156521,0.0498
CaSO4,70.0,0.01245,0.1,0.0,0.0,0.0,0.0,0.009091965839499404,0.009092320382964203,0.0,0.0,0.0,0.0,0.0,0.0033575269568430367,0.0,0.0,0.0,0.0,0.036369429079203805,0.0498
CaSO4,90.0,0.01245,0.1,0.0,0.0,0.0,0.0,0.00861983597022862,0.008620617174322122,0.0,0.0,0.0,0.0,0.0,0.0038289316447141235,0.0,0.0,0.0,0.0,0.03448261672679013,0.0498
K2SO4,5.0,0.000102,0.1,0.00020385615114650954,0.0,0.0,0.0,0.00010185591316824704,0.0,0.0,0.0,1.4384649709897994e-07,0.0,0.0,0.0,0.0,0.0,0.0,0.0,0.00030575603335756727,0.000306
K2SO4,10.0,0.000102,0.1,0.00020385790175712418,0.0,0.0,0.0,0.00010185756735699855,0.0,0.0,0.0,1.42095106348205e-07,0.0,0.0,0.0,0.0,0.0,0.0,0.0,0.00030577076052227143,0.000306
K2SO4,25.0,0.000102,0.1,0.00020385471917167548,0.0,0.0,0.0,0.00010185380991113976,0.0,0.0,0.0,1.4527393981356125e-07,0.0,0.0,0.0,0.0,0.0,0.0,0.0,0.0003058107179108488,0.000306
K2SO4,35.0,0.000102,0.1,0.00020384732538624912,0.0,0.0,0.0,0.00010184559464383401,0.0,0.0,0.0,1.52663575411518e-07,0.0,0.0,0.0,0.0,0.0,0.0,0.0,0.00030583906728470214,0.000306
K2SO4,45.0,0.000102,0.1,0.00020383637713595386,0.0,0.0,0.0,0.0001018331516937666,0.0,0.0,0.0,1.636058175955085e-07,0.0,0.0,0.0,0.0,0.0,0.0,0.0,0.00030587135163544606,0.000306
K2SO4,70.0,0.000102,0.1,0.0002037933173176173,0.0,0.0,0.0,0.00010177940900431738,0.0,0.0,0.0,2.0663855219664997e-07,0.0,0.0,0.0,0.0,0.0,0.0,0.0,0.00030597008604492826,0.000306
K2SO4,90.0,0.000102,0.1,0.00020373954458357592,0.0,0.0,0.0,0.00010169883672837906,0.0,0.0,0.0,2.603707909302975e-07,0.0,0.0,0.0,0.0,0.0,0.0,0.0,0.00030604825178912173,0.000306
K2SO4,5.0,0.00105,0.1,0.0020872209220059,0.0,0.0,0.0,0.0010372188240691345,0.0,0.0,0.0,1.2779054513708173e-05,0.0,0.0,0.0,0.0,0.0,0.0,0.0,0.0031244846742090127,0.00315
K2SO4,10.0,0.00105,0.1,0.0020873837252531947,0.0,0.0,0.0,0.0010373807828647629,0.0,0.0,0.0,1.2616243414846768e-05,0.0,0.0,0.0,0.0,0.0,0.0,0.0,0.0031248208938722713,0.00315
K2SO4,25.0,0.00105,0.1,0.0020871433716272646,0.0,0.0,0.0,0.0010371354594551413,0.0,0.0,0.0,1.285655886594157e-05,0.0,0.0,0.0,0.0,0.0,0.0,0.0,0.003124382108157338,0.00315
K2SO4,35.0,0.00105,0.1,0.0020865328000783715,0.0,0.0,0.0,0.0010365179192654709,0.0,0.0,0.0,1.346708746410712e-05,0.0,0.0,0.0,0.0,0.0,0.0,0.0,0.0031231970604181673,0.00315
K2SO4,45.0,0.00105,0.1,0.002085624393647684,0.0,0.0,0.0,0.0010355971090096827,0.0,0.0,0.0,1.4375430427864262e-05,0.0,0.0,0.0,0.0,0.0,0.0,0.0,0.0031214210289110785,0.00315
K2SO4,70.0,0.00105,0.1,0.002082075604186916,0.0,0.0,0.0,0.0010319653968161487,0.0,0.0,0.0,1.792391540432206e-05,0.0,0.0,0.0,0.0,0.0,0.0,0.0,0.003114413232494156,0.00315
K2SO4,90.0,0.00105,0.1,0.002077717391218836,0.0,0.0,0.0,0.0010274215651566417,0.0,0.0,0.0,2.2281617364676646e-05,0.0,0.0,0.0,0.0,0.0,0.0,0.0,0.003105669155924346,0.00315
K2SO4,5.0,0.01061,0.1,0.02044379340742008,0.0,0.0,0.0,0.009833780515134399,0.0,0.0,0.0,0.0007762063682911887,0.0,0.0,0.0,0.0,0.0,0.0,0.0,0.03027761925861252,0.03183
K2SO4,10.0,0.01061,0.1,0.020452885603895965,0.0,0.0,0.0,0.009842867695425526,0.0,0.0,0.0,0.0007671140932440747,0.0,0.0,0.0,0.0,0.0,0.0,0.0,0.030295809674958738,0.03183
K2SO4,25.0,0.01061,0.1,0.020441453604606873,0.0,0.0,0.0,0.009831407536651071,0.0,0.0,0.0,0.0007785456938757315,0.0,0.0,0.0,0.0,0.0,0.0,0.0,0.030272960549191423,0.03183
K2SO4,35.0,0.01061,0.1,0.020410521778974476,0.0,0.0,0.0,0.009800438691366991,0.0,0.0,0.0,0.0008094770445048584,0.0,0.0,0.0,0.0,0.0,0.0,0.0,0.030211096587433026,0.03183
K2SO4,45.0,0.01061,0.1,0.02036496383095023,0.0,0.0,0.0,0.009754819096466789,0.0,0.0,0.0,0.000855034249858275,0.0,0.0,0.0,0.0,0.0,0.0,0.0,0.030119961004907804,0.03183
K2SO4,70.0,0.01061,0.1,0.020193611512190287,0.0,0.0,0.0,0.009583114098195568,0.0,0.0,0.0,0.0010263825473720459,0.0,0.0,0.0,0.0,0.0,0.0,0.0,0.029777017953696347,0.03183
K2SO4,90.0,0.01061,0.1,0.019995876654823178,0.0,0.0,0.0,0.009384722852883146,0.0,0.0,0.0,0.0012241097269975005,0.0,0.0,0.0,0.0,0.0,0.0,0.0,0.02938097228545082,0.03183
K2SO4,5.0,0.1048,0.1,0.18560442790876358,0.0,0.0,0.0,0.08080438654465372,0.0,0.0,0.0,0.023995570194824963,0.0,0.0,0.0,0.0,0.0,0.0,0.0,0.26640886091145083,0.3144
K2SO4,10.0,0.1048,0.1,0.18566183480930193,0.0,0.0,0.0,0.080861777866691,0.0,0.0,0.0,0.023938162573450796,0.0,0.0,0.0,0.0,0.0,0.0,0.0,0.26652366974376085,0.3144
K2SO4,25.0,0.1048,0.1,0.18505405487475612,0.0,0.0,0.0,0.08025391484521595,0.0,0.0,0.0,0.024545938666289686,0.0,0.0,0.0,0.0,0.0,0.0,0.0,0.26530806614755237,0.3144
K2SO4,35.0,0.1048,0.1,0.18420479996610722,0.0,0.0,0.0,0.07940455732218546,0.0,0.0,0.0,0.025395188772597922,0.0,0.0,0.0,0.0,0.0,0.0,0.0,0.2636094853889042,0.3144
K2SO4,45.0,0.1048,0.1,0.18310448395018317,0.0,0.0,0.0,0.07830407944656231,0.0,0.0,0.0,0.026495497038934238,0.0,0.0,0.0,0.0,0.0,0.0,0.0,0.26140872621560407,0.3144
K2SO4,70.0,0.1048,0.1,0.17951391131068903,0.0,0.0,0.0,0.07471266493261602,0.0,0.0,0.0,0.03008602639220285,0.0,0.0,0.0,0.0,0.0,0.0,0.0,0.2542268296803492,0.3144
K2SO4,90.0,0.1048,0.1,0.17591981578250027,0.0,0.0,0.0,0.07111713118797777,0.0,0.0,0.0,0.033680039789446364,0.0,0.0,0.0,0.0,0.0,0.0,0.0,0.24703726541950424,0.3144
K2SO4,5.0,0.2029,0.1,0.3488907840799779,0.0,0.0,0.0,0.14599073268376667,0.0,0.0,0.0,0.0569092125676935,0.0,0.0,0.0,0.0,0.0,0.0,0.0,0.4948815644968095,0.6087
K2SO4,10.0,0.2029,0.1,0.3487462790597448,0.0,0.0,0.0,0.14584620830993641,0.0,0.0,0.0,0.05705371628243163,0.0,0.0,0.0,0.0,0.0,0.0,0.0,0.4945925458890268,0.6087
K2SO4,25.0,0.2029,0.1,0.34681494139017,0.0,0.0,0.0,0.14391476817671833,0.0,0.0,0.0,0.05898504692287162,0.0,0.0,0.0,0.0,0.0,0.0,0.0,0.4907298078927921,0.6087
K2SO4,35.0,0.2029,0.1,0.3447082220512575,0.0,0.0,0.0,0.14180792343797344,0.0,0.0,0.0,0.06109175741130709,0.0,0.0,0.0,0.0,0.0,0.0,0.0,0.4865162757467651,0.6087
K2SO4,45.0,0.2029,0.1,0.3421655045499819,0.0,0.0,0.0,0.1392650096440355,0.0,0.0,0.0,0.0636344605950239,0.0,0.0,0.0,0.0,0.0,0.0,0.0,0.48143067949948076,0.6087
K2SO4,70.0,0.2029,0.1,0.33445383162507153,0.0,0.0,0.0,0.1315523289488774,0.0,0.0,0.0,0.07134605381299748,0.0,0.0,0.0,0.0,0.0,0.0,0.0,0.46600641857185615,0.6087
K2SO4,90.0,0.2029,0.1,0.32720285410509875,0.0,0.0,0.0,0.12429965073505345,0.0,0.0,0.0,0.07859688188312285,0.0,0.0,0.0,0.0,0.0,0.0,0.0,0.45150283177812206,0.6087
K2SO4,5.0,0.4783,0.1,0.7942243657723564,0.0,0.0,0.0,0.31592430199548227,0.0,0.0,0.0,0.1623756274776885,0.0,0.0,0.0,0.0,0.0,0.0,0.0,1.1101487165291393,1.4349
K2SO4,10.0,0.4783,0.1,0.7925615126979066,0.0,0.0,0.0,0.31426142481199126,0.0,0.0,0.0,0.1640384778372196,0.0,0.0,0.0,0.0,0.0,0.0,0.0,1.1068229972150736,1.4349
K2SO4,25.0,0.4783,0.1,0.7845913998705004,0.0,0.0,0.0,0.30629118513383835,0.0,0.0,0.0,0.17200857586949053,0.0,0.0,0.0,0.0,0.0,0.0,0.0,1.0908826850808773,1.4349
K2SO4,35.0,0.4783,0.1,0.7778158525228119,0.0,0.0,0.0,0.2995154837729309,0.0,0.0,0.0,0.17878410444964932,0.0,0.0,0.0,0.0,0.0,0.0,0.0,1.0773314688928237,1.4349
K2SO4,45.0,0.4783,0.1,0.7703863391460165,0.0,0.0,0.0,0.29208573094425416,0.0,0.0,0.0,0.18621358742055366,0.0,0.0,0.0,0.0,0.0,0.0,0.0,1.0624722386913321,1.4349
K2SO4,70.0,0.4783,0.1,0.7501782378317663,0.0,0.0,0.0,0.2718764144104886,0.0,0.0,0.0,0.20642152062394883,0.0,0.0,0.0,0.0,0.0,0.0,0.0,1.0220549188174608,1.4349
K2SO4,90.0,0.4783,0.1,0.7329328216139263,0.0,0.0,0.0,0.25462896945709085,0.0,0.0,0.0,0.2236666269476474,0.0,0.0,0.0,0.0,0.0,0.0,0.0,0.9875621349044993,1.4349
KCl,5.0,0.0001,0.1,9.999998254227507e-05,9.999998262130658e-05,0.0,0.0,0.0,0.0,0.0,0.0,0.0,0.0,0.0,0.0,0.0,0.0,0.0,0.0,0.00010004369277223903,0.0001
KCl,10.0,0.0001,0.1,9.99999796717261e-05,9.999997999998384e-05,0.0,0.0,0.0,0.0,0.0,0.0,0.0,0.0,0.0,0.0,0.0,0.0,0.0,0.0,0.00010005495948197694,0.0001
KCl,25.0,0.0001,0.1,9.999996812870945e-05,9.999996977208988e-05,0.0,0.0,0.0,0.0,0.0,0.0,0.0,0.0,0.0,0.0,0.0,0.0,0.0,0.0,0.00010010170327369191,0.0001
KCl,35.0,0.0001,0.1,9.999995732923694e-05,9.999996052068393e-05,0.0,0.0,0.0,0.0,0.0,0.0,0.0,0.0,0.0,0.0,0.0,0.0,0.0,0.0,0.00010014564468652481,0.0001
KCl,45.0,0.0001,0.1,9.999994329746732e-05,9.999994879428675e-05,0.0,0.0,0.0,0.0,0.0,0.0,0.0,0.0,0.0,0.0,0.0,0.0,0.0,0.0,0.00010020150704871545,0.0001
KCl,70.0,0.0001,0.1,9.999988856682009e-05,9.999990462941339e-05,0.0,0.0,0.0,0.0,0.0,0.0,0.0,0.0,0.0,0.0,0.0,0.0,0.0,0.0,0.00010040023655178546,0.0001
KCl,90.0,0.0001,0.1,9.999981543819635e-05,9.999984697515996e-05,0.0,0.0,0.0,0.0,0.0,0.0,0.0,0.0,0.0,0.0,0.0,0.0,0.0,0.0,0.00010062333580063527,0.0001
KCl,5.0,0.001,0.1,0.0009999984339193592,0.0009999984346894387,0.0,0.0,0.0,0.0,0.0,0.0,0.0,0.0,0.0,0.0,0.0,0.0,0.0,0.0,0.0010000431629599937,0.001
KCl,10.0,0.001,0.1,0.000999998193529332,0.0009999981967324667,0.0,0.0,0.0,0.0,0.0,0.0,0.0,0.0,0.0,0.0,0.0,0.0,0.0,0.0,0.0010000544656752152,0.001
KCl,25.0,0.001,0.1,0.0009999972535844172,0.0009999972696188404,0.0,0.0,0.0,0.0,0.0,0.0,0.0,0.0,0.0,0.0,0.0,0.0,0.0,0.0,0.0010001014457265767,0.001
KCl,35.0,0.001,0.1,0.0009999964018454874,0.0009999964329732468,0.0,0.0,0.0,0.0,0.0,0.0,0.0,0.0,0.0,0.0,0.0,0.0,0.0,0.0,0.001000145677346592,0.001
KCl,45.0,0.001,0.1,0.0009999953215734697,0.000999995375163337,0.0,0.0,0.0,0.0,0.0,0.0,0.0,0.0,0.0,0.0,0.0,0.0,0.0,0.0,0.0010002019541123985,0.001
KCl,70.0,0.001,0.1,0.0009999912587339516,0.000999991415123244,0.0,0.0,0.0,0.0,0.0,0.0,0.0,0.0,0.0,0.0,0.0,0.0,0.0,0.0,0.0010004022657484767,0.001
KCl,90.0,0.001,0.1,0.0009999859849984312,0.0009999862916528885,0.0,0.0,0.0,0.0,0.0,0.0,0.0,0.0,0.0,0.0,0.0,0.0,0.0,0.0,0.0010006269646769192,0.001
KCl,5.0,0.01,0.1,0.009999863937028095,0.009999863944047277,0.0,0.0,0.0,0.0,0.0,0.0,0.0,0.0,0.0,0.0,0.0,0.0,0.0,0.0,0.009999911585916208,0.01
KCl,10.0,0.01,0.1,0.009999843303161024,0.009999843332838354,0.0,0.0,0.0,0.0,0.0,0.0,0.0,0.0,0.0,0.0,0.0,0.0,0.0,0.0,0.009999903289651932,0.01
KCl,25.0,0.01,0.1,0.009999763124288364,0.009999763273322656,0.0,0.0,0.0,0.0,0.0,0.0,0.0,0.0,0.0,0.0,0.0,0.0,0.0,0.0,0.009999874432256497,0.01
KCl,35.0,0.01,0.1,0.009999691030664858,0.00999969131985315,0.0,0.0,0.0,0.0,0.0,0.0,0.0,0.0,0.0,0.0,0.0,0.0,0.0,0.0,0.00999985074682771,0.01
KCl,45.0,0.01,0.1,0.00999960019098799,0.009999600688380543,0.0,0.0,0.0,0.0,0.0,0.0,0.0,0.0,0.0,0.0,0.0,0.0,0.0,0.0,0.009999821639905598,0.01
KCl,70.0,0.01,0.1,0.009999262658124085,0.009999264104438072,0.0,0.0,0.0,0.0,0.0,0.0,0.0,0.0,0.0,0.0,0.0,0.0,0.0,0.0,0.009999705174064576,0.01
KCl,90.0,0.01,0.1,0.009998830595189313,0.009998833420462521,0.0,0.0,0.0,0.0,0.0,0.0,0.0,0.0,0.0,0.0,0.0,0.0,0.0,0.0,0.009999523654611632,0.01
KCl,5.0,0.1,0.1,0.09999012805272028,0.09999012809663961,0.0,0.0,0.0,0.0,0.0,0.0,0.0,0.0,0.0,0.0,0.0,0.0,0.0,0.0,0.09999018213522223,0.1
KCl,10.0,0.1,0.1,0.09998862460501477,0.09998862483578039,0.0,0.0,0.0,0.0,0.0,0.0,0.0,0.0,0.0,0.0,0.0,0.0,0.0,0.0,0.09998869287393737,0.1
KCl,25.0,0.1,0.1,0.09998281886086434,0.09998282007835753,0.0,0.0,0.0,0.0,0.0,0.0,0.0,0.0,0.0,0.0,0.0,0.0,0.0,0.0,0.09998294653246884,0.1
KCl,35.0,0.1,0.1,0.0999776440449606,0.09997764641989822,0.0,0.0,0.0,0.0,0.0,0.0,0.0,0.0,0.0,0.0,0.0,0.0,0.0,0.0,0.09997782820890094,0.1
KCl,45.0,0.1,0.1,0.09997117808857836,0.09997118217778349,0.0,0.0,0.0,0.0,0.0,0.0,0.0,0.0,0.0,0.0,0.0,0.0,0.0,0.0,0.09997143482437883,0.1
KCl,70.0,0.1,0.1,0.09994758577268276,0.09994759760331468,0.0,0.0,0.0,0.0,0.0,0.0,0.0,0.0,0.0,0.0,0.0,0.0,0.0,0.0,0.09994810633672105,0.1
KCl,90.0,0.1,0.1,0.0999181484034061,0.0999181713188001,0.0,0.0,0.0,0.0,0.0,0.0,0.0,0.0,0.0,0.0,0.0,0.0,0.0,0.0,0.09991897430659975,0.1
KCl,5.0,0.5,0.1,0.49982712287467784,0.49982712276905994,0.0,0.0,0.0,0.0,0.0,0.0,0.0,0.0,0.0,0.0,0.0,0.0,0.0,0.0,0.49982718012844274,0.5
KCl,10.0,0.5,0.1,0.49979948687188264,0.4997994874488201,0.0,0.0,0.0,0.0,0.0,0.0,0.0,0.0,0.0,0.0,0.0,0.0,0.0,0.0,0.4997995596217584,0.5
KCl,20.0,0.5,0.1,0.49973280454041735,0.4997328072540173,0.0,0.0,0.0,0.0,0.0,0.0,0.0,0.0,0.0,0.0,0.0,0.0,0.0,0.0,0.4997329175581062,0.5
KCl,25.0,0.5,0.1,0.4996930522380187,0.4996930565091726,0.0,0.0,0.0,0.0,0.0,0.0,0.0,0.0,0.0,0.0,0.0,0.0,0.0,0.0,0.4996931907427413,0.5
KCl,35.0,0.5,0.1,0.49959877121551743,0.49959877987221996,0.0,0.0,0.0,0.0,0.0,0.0,0.0,0.0,0.0,0.0,0.0,0.0,0.0,0.0,0.49959897323326896,0.5
KCl,45.0,0.5,0.1,0.4994818700452058,0.49948188521380477,0.0,0.0,0.0,0.0,0.0,0.0,0.0,0.0,0.0,0.0,0.0,0.0,0.0,0.0,0.49948215473177116,0.5
KCl,70.0,0.5,0.1,0.49906366010768843,0.4990637045269024,0.0,0.0,0.0,0.0,0.0,0.0,0.0,0.0,0.0,0.0,0.0,0.0,0.0,0.0,0.4990642530528795,0.5
KCl,90.0,0.5,0.1,0.4985577084270363,0.4985577940837399,0.0,0.0,0.0,0.0,0.0,0.0,0.0,0.0,0.0,0.0,0.0,0.0,0.0,0.0,0.4985586700399213,0.5
KCl,5.0,0.75,0.1,0.7496476298803679,0.7496476294902058,0.0,0.0,0.0,0.0,0.0,0.0,0.0,0.0,0.0,0.0,0.0,0.0,0.0,0.0,0.749647686124201,0.75
KCl,10.0,0.75,0.1,0.7495897873065827,0.7495897878084865,0.0,0.0,0.0,0.0,0.0,0.0,0.0,0.0,0.0,0.0,0.0,0.0,0.0,0.0,0.7495898590146329,0.75
KCl,20.0,0.75,0.1,0.7494501266472714,0.7494501299828151,0.0,0.0,0.0,0.0,0.0,0.0,0.0,0.0,0.0,0.0,0.0,0.0,0.0,0.0,0.7494502387229094,0.75
KCl,5.0,1.0,0.1,0.9994152734847896,0.9994152726960652,0.0,0.0,0.0,0.0,0.0,0.0,0.0,0.0,0.0,0.0,0.0,0.0,0.0,0.0,0.9994153280786391,1.0
KCl,10.0,1.0,0.1,0.9993169729533159,0.9993169732120504,0.0,0.0,0.0,0.0,0.0,0.0,0.0,0.0,0.0,0.0,0.0,0.0,0.0,0.0,0.9993170427807425,1.0
KCl,20.0,1.0,0.1,0.9990793894155635,0.9990793930559108,0.0,0.0,0.0,0.0,0.0,0.0,0.0,0.0,0.0,0.0,0.0,0.0,0.0,0.0,0.9990794991743808,1.0
KCl,25.0,1.0,0.1,0.9989376988755154,0.9989377050238388,0.0,0.0,0.0,0.0,0.0,0.0,0.0,0.0,0.0,0.0,0.0,0.0,0.0,0.0,0.9989378341095725,1.0
KCl,35.0,1.0,0.1,0.9986020001803257,0.9986020134665533,0.0,0.0,0.0,0.0,0.0,0.0,0.0,0.0,0.0,0.0,0.0,0.0,0.0,0.0,0.9986021994128778,1.0
KCl,45.0,1.0,0.1,0.998187049389861,0.9981870733580716,0.0,0.0,0.0,0.0,0.0,0.0,0.0,0.0,0.0,0.0,0.0,0.0,0.0,0.0,0.9981873327826276,1.0
KCl,70.0,1.0,0.1,0.9967183254840153,0.9967183975953535,0.0,0.0,0.0,0.0,0.0,0.0,0.0,0.0,0.0,0.0,0.0,0.0,0.0,0.0,0.9967189285516295,1.0
KCl,90.0,1.0,0.1,0.9949748267690285,0.9949749664025641,0.0,0.0,0.0,0.0,0.0,0.0,0.0,0.0,0.0,0.0,0.0,0.0,0.0,0.0,0.9949758206497048,1.0
KCl,5.0,1.5,0.1,1.498797469419815,1.4987974675686127,0.0,0.0,0.0,0.0,0.0,0.0,0.0,0.0,0.0,0.0,0.0,0.0,0.0,0.0,1.4987975198943824,1.5
KCl,10.0,1.5,0.1,1.4985867436212665,1.498586742998596,0.0,0.0,0.0,0.0,0.0,0.0,0.0,0.0,0.0,0.0,0.0,0.0,0.0,0.0,1.4985868085808822,1.5
KCl,20.0,1.5,0.1,1.4980762157201115,1.4980762192181505,0.0,0.0,0.0,0.0,0.0,0.0,0.0,0.0,0.0,0.0,0.0,0.0,0.0,0.0,1.4980763189478163,1.5
MgCl2,5.0,0.000119,0.1,0.0,0.0002379800312050487,0.0,0.00011897915855453319,0.0,0.0,0.0,0.0,0.0,0.0,0.0,0.0,0.0,0.0,0.0,0.0,0.00035700291338227154,0.000357
MgCl2,10.0,0.000119,0.1,0.0,0.00023798060134591094,0.0,0.00011897949275203208,0.0,0.0,0.0,0.0,0.0,0.0,0.0,0.0,0.0,0.0,0.0,0.0,0.00035701508943224744,0.000357
MgCl2,25.0,0.000119,0.1,0.0,0.00023798093877298784,0.0,0.00011897866427249836,0.0,0.0,0.0,0.0,0.0,0.0,0.0,0.0,0.0,0.0,0.0,0.0,0.0003570612821473776,0.000357
MgCl2,35.0,0.000119,0.1,0.0,0.0002379803323585893,0.0,0.00011897669120047397,0.0,0.0,0.0,0.0,0.0,0.0,0.0,0.0,0.0,0.0,0.0,0.0,0.00035710246871262767,0.000357
MgCl2,45.0,0.000119,0.1,0.0,0.0002379791827692722,0.0,0.00011897341901404352,0.0,0.0,0.0,0.0,0.0,0.0,0.0,0.0,0.0,0.0,0.0,0.0,0.00035715351430848103,0.000357
MgCl2,70.0,0.000119,0.1,0.0,0.00023797394007745473,0.0,0.0001189567855974158,0.0,0.0,0.0,0.0,0.0,0.0,0.0,0.0,0.0,0.0,0.0,0.0,0.00035732721775326665,0.000357
MgCl2,90.0,0.000119,0.1,0.0,0.00023796677750209492,0.0,0.00011892813848859311,0.0,0.0,0.0,0.0,0.0,0.0,0.0,0.0,0.0,0.0,0.0,0.0,0.0003575069748904978,0.000357
MgCl2,5.0,0.000984,0.1,0.0,0.0019668158623756473,0.0,0.0009828097666169516,0.0,0.0,0.0,0.0,0.0,0.0,0.0,0.0,0.0,0.0,0.0,0.0,0.002949668571422758,0.002952
MgCl2,10.0,0.000984,0.1,0.0,0.0019668508150460185,0.0,0.000982843079828827,0.0,0.0,0.0,0.0,0.0,0.0,0.0,0.0,0.0,0.0,0.0,0.0,0.0029497478983864004,0.002952
MgCl2,25.0,0.000984,0.1,0.0,0.001966874685152434,0.0,0.0009828589393497498,0.0,0.0,0.0,0.0,0.0,0.0,0.0,0.0,0.0,0.0,0.0,0.0,0.002949833018197326,0.002952
MgCl2,35.0,0.000984,0.1,0.0,0.001966841958786708,0.0,0.0009828169640157137,0.0,0.0,0.0,0.0,0.0,0.0,0.0,0.0,0.0,0.0,0.0,0.0,0.002949800270227327,0.002952
MgCl2,45.0,0.000984,0.1,0.0,0.0019667778501168327,0.0,0.000982738713770512,0.0,0.0,0.0,0.0,0.0,0.0,0.0,0.0,0.0,0.0,0.0,0.0,0.0029497102567881696,0.002952
MgCl2,70.0,0.000984,0.1,0.0,0.0019664830119316503,0.0,0.0009823709941861644,0.0,0.0,0.0,0.0,0.0,0.0,0.0,0.0,0.0,0.0,0.0,0.0,0.0029492247115387987,0.002952
MgCl2,90.0,0.000984,0.1,0.0,0.0019660816054779835,0.0,0.000981840586149048,0.0,0.0,0.0,0.0,0.0,0.0,0.0,0.0,0.0,0.0,0.0,0.0,0.002948473212856768,0.002952
MgCl2,5.0,0.01137,0.1,0.0,0.0226345117524796,0.0,0.011264474910469007,0.0,0.0,0.0,0.0,0.0,0.0,0.0,0.0,0.0,0.0,0.0,0.0,0.03389902327048316,0.03411
MgCl2,10.0,0.01137,0.1,0.0,0.022637885596707524,0.0,0.011267838962875452,0.0,0.0,0.0,0.0,0.0,0.0,0.0,0.0,0.0,0.0,0.0,0.0,0.03390577059251248,0.03411
MgCl2,25.0,0.01137,0.1,0.0,0.022640929675159082,0.0,0.011270836891138615,0.0,0.0,0.0,0.0,0.0,0.0,0.0,0.0,0.0,0.0,0.0,0.0,0.033911850143656996,0.03411
MgCl2,35.0,0.01137,0.1,0.0,0.022638796201243195,0.0,0.011268652516057354,0.0,0.0,0.0,0.0,0.0,0.0,0.0,0.0,0.0,0.0,0.0,0.0,0.03390756554267064,0.03411
MgCl2,45.0,0.01137,0.1,0.0,0.022634067874102867,0.0,0.011263849666726774,0.0,0.0,0.0,0.0,0.0,0.0,0.0,0.0,0.0,0.0,0.0,0.0,0.033898074134256266,0.03411
MgCl2,70.0,0.01137,0.1,0.0,0.022611658408520467,0.0,0.011241090854288616,0.0,0.0,0.0,0.0,0.0,0.0,0.0,0.0,0.0,0.0,0.0,0.0,0.03385302854865197,0.03411
MgCl2,90.0,0.01137,0.1,0.0,0.022581443289490803,0.0,0.011210327010117782,0.0,0.0,0.0,0.0,0.0,0.0,0.0,0.0,0.0,0.0,0.0,0.0,0.033792159077968134,0.03411
MgCl2,5.0,0.09942,0.1,0.0,0.19417940212431434,0.0,0.09475929865956718,0.0,0.0,0.0,0.0,0.0,0.0,0.0,0.0,0.0,0.0,0.0,0.0,0.28893873238535306,0.29825999999999997
MgCl2,10.0,0.09942,0.1,0.0,0.1943424079261567,0.0,0.09492227692199019,0.0,0.0,0.0,0.0,0.0,0.0,0.0,0.0,0.0,0.0,0.0,0.0,0.28926472468721787,0.29825999999999997
MgCl2,25.0,0.09942,0.1,0.0,0.1945362030708086,0.0,0.09511594540737325,0.0,0.0,0.0,0.0,0.0,0.0,0.0,0.0,0.0,0.0,0.0,0.0,0.2896522208998509,0.29825999999999997
MgCl2,35.0,0.09942,0.1,0.0,0.19449581521039463,0.0,0.09507542184372507,0.0,0.0,0.0,0.0,0.0,0.0,0.0,0.0,0.0,0.0,0.0,0.0,0.2895713380797475,0.29825999999999997
MgCl2,45.0,0.09942,0.1,0.0,0.1943548830460857,0.0,0.09493429583250788,0.0,0.0,0.0,0.0,0.0,0.0,0.0,0.0,0.0,0.0,0.0,0.0,0.28928931393251267,0.29825999999999997
MgCl2,70.0,0.09942,0.1,0.0,0.19362570145704472,0.0,0.09420424551100556,0.0,0.0,0.0,0.0,0.0,0.0,0.0,0.0,0.0,0.0,0.0,0.0,0.2878301870356287,0.29825999999999997
MgCl2,90.0,0.09942,0.1,0.0,0.19265185925164807,0.0,0.0932291015189061,0.0,0.0,0.0,0.0,0.0,0.0,0.0,0.0,0.0,0.0,0.0,0.0,0.2858812968627707,0.29825999999999997
MgCl2,5.0,0.3609,0.1,0.0,0.6718763871982317,0.0,0.31097622641920925,0.0,0.0,0.0,0.0,0.0,0.0,0.0,0.0,0.0,0.0,0.0,0.0,0.9828526446832422,1.0827
MgCl2,10.0,0.3609,0.1,0.0,0.6736450514696158,0.0,0.31274484688083865,0.0,0.0,0.0,0.0,0.0,0.0,0.0,0.0,0.0,0.0,0.0,0.0,0.9863899375944218,1.0827
MgCl2,25.0,0.3609,0.1,0.0,0.6762576527982869,0.0,0.3153572481984006,0.0,0.0,0.0,0.0,0.0,0.0,0.0,0.0,0.0,0.0,0.0,0.0,0.9916149730042555,1.0827
MgCl2,35.0,0.3609,0.1,0.0,0.6764550256238631,0.0,0.31555440873204554,0.0,0.0,0.0,0.0,0.0,0.0,0.0,0.0,0.0,0.0,0.0,0.0,0.992009535656353,1.0827
MgCl2,45.0,0.3609,0.1,0.0,0.6757704664866128,0.0,0.3148695488460356,0.0,0.0,0.0,0.0,0.0,0.0,0.0,0.0,0.0,0.0,0.0,0.0,0.9906401521325326,1.0827
MgCl2,70.0,0.3609,0.1,0.0,0.6710460164097918,0.0,0.3101437721039975,0.0,0.0,0.0,0.0,0.0,0.0,0.0,0.0,0.0,0.0,0.0,0.0,0.9811900397248225,1.0827
MgCl2,90.0,0.3609,0.1,0.0,0.6645681996993421,0.0,0.3036640031658938,0.0,0.0,0.0,0.0,0.0,0.0,0.0,0.0,0.0,0.0,0.0,0.0,0.9682325664107945,1.0827
MgSO4,-0.15,0.005,0.1,0.0,0.0,0.0,0.0040804642030412815,0.004080474030995702,0.0,0.0,0.0,0.0,0.0,0.0009195204467239929,0.0,0.0,0.0,0.0,0.0,0.016321925760890647,0.02
MgSO4,-0.15,0.005,98.1,0.0,0.0,0.0,0.00430324483130631,0.004303250578573058,0.0,0.0,0.0,0.0,0.0,0.0006967457758708175,0.0,0.0,0.0,0.0,0.0,0.01721306033087175,0.02
MgSO4,-0.15,0.005,196.1,0.0,0.0,0.0,0.004330855649596428,0.004330859008182705,0.0,0.0,0.0,0.0,0.0,0.0006691382486868816,0.0,0.0,0.0,0.0,0.0,0.017323528180897642,0.02
MgSO4,-0.15,0.005,294.2,0.0,0.0,0.0,0.004258180121166483,0.004258182089325047,0.0,0.0,0.0,0.0,0.0,0.0007418157138684371,0.0,0.0,0.0,0.0,0.0,0.017032862164125907,0.02
MgSO4,-0.15,0.005,392.3,0.0,0.0,0.0,0.0041117320936673455,0.004111733213487184,0.0,0.0,0.0,0.0,0.0,0.0008882649790255283,0.0,0.0,0.0,0.0,0.0,0.0164471182447572,0.02
MgSO4,-0.15,0.005,490.3,0.0,0.0,0.0,0.0039012415292586458,0.0039012421139561883,0.0,0.0,0.0,0.0,0.0,0.0010987563895060643,0.0,0.0,0.0,0.0,0.0,0.015605218060647748,0.02
MgSO4,-0.15,0.005,588.4,0.0,0.0,0.0,0.0038771846898144465,0.003877185233543294,0.0,0.0,0.0,0.0,0.0,0.001122813297939969,0.0,0.0,0.0,0.0,0.0,0.015508997702277622,0.02
MgSO4,-0.15,0.005,686.5,0.0,0.0,0.0,0.0038771846898144465,0.003877185233543294,0.0,0.0,0.0,0.0,0.0,0.001122813297939969,0.0,0.0,0.0,0.0,0.0,0.015508997702277622,0.02
MgSO4,-0.15,0.005,784.6,0.0,0.0,0.0,0.0038771846898144465,0.003877185233543294,0.0,0.0,0.0,0.0,0.0,0.001122813297939969,0.0,0.0,0.0,0.0,0.0,0.015508997702277622,0.02
MgSO4,24.850000000000023,0.005,0.1,0.0,0.0,0.0,0.0040351934133214,0.004035216110073639,0.0,0.0,0.0,0.0,0.0,0.000964755560530939,0.0,0.0,0.0,0.0,0.0,0.016140974416099515,0.02
MgSO4,24.850000000000023,0.005,98.1,0.0,0.0,0.0,0.004159571427322269,0.004159583256092113,0.0,0.0,0.0,0.0,0.0,0.0008403966895642988,0.0,0.0,0.0,0.0,0.0,0.0166385083271096,0.02
MgSO4,24.850000000000023,0.005,196.1,0.0,0.0,0.0,0.004119794135055375,0.004119798949072238,0.0,0.0,0.0,0.0,0.0,0.0008801848769949721,0.0,0.0,0.0,0.0,0.0,0.016479449378816246,0.02
MgSO4,24.850000000000023,0.005,294.2,0.0,0.0,0.0,0.003978597556646314,0.00397859795200869,0.0,0.0,0.0,0.0,0.0,0.001021388151935368,0.0,0.0,0.0,0.0,0.0,0.015914738534060956,0.02
MgSO4,24.850000000000023,0.005,392.3,0.0,0.0,0.0,0.00376105831332839,0.00376105593101133,0.0,0.0,0.0,0.0,0.0,0.001238931807860848,0.0,0.0,0.0,0.0,0.0,0.01504468293215727,0.02
MgSO4,24.850000000000023,0.005,490.3,0.0,0.0,0.0,0.003486888145833395,0.003486884095701996,0.0,0.0,0.0,0.0,0.0,0.0015131050204797484,0.0,0.0,0.0,0.0,0.0,0.013948133065763592,0.02
MgSO4,24.850000000000023,0.005,588.4,0.0,0.0,0.0,0.003457383124982853,0.0034573789568691543,0.0,0.0,0.0,0.0,0.0,0.0015426102885263775,0.0,0.0,0.0,0.0,0.0,0.013830127735259691,0.02
MgSO4,24.850000000000023,0.005,686.5,0.0,0.0,0.0,0.003457383124982853,0.0034573789568691543,0.0,0.0,0.0,0.0,0.0,0.0015426102885263775,0.0,0.0,0.0,0.0,0.0,0.013830127735259691,0.02
MgSO4,24.850000000000023,0.005,784.6,0.0,0.0,0.0,0.003457383124982853,0.0034573789568691543,0.0,0.0,0.0,0.0,0.0,0.0015426102885263775,0.0,0.0,0.0,0.0,0.0,0.013830127735259691,0.02
MgSO4,49.85000000000002,0.005,0.1,0.0,0.0,0.0,0.003886157393190124,0.003886191786414702,0.0,0.0,0.0,0.0,0.0,0.0011136823037940467,0.0,0.0,0.0,0.0,0.0,0.015545108490330957,0.02
MgSO4,49.85000000000002,0.005,98.1,0.0,0.0,0.0,0.0039965363744873085,0.0039965455360051055,0.0,0.0,0.0,0.0,0.0,0.0010033612816168242,0.0,0.0,0.0,0.0,0.0,0.01598664625073253,0.02
MgSO4,49.85000000000002,0.005,196.1,0.0,0.0,0.0,0.003939816407388392,0.003939807006529576,0.0,0.0,0.0,0.0,0.0,0.0010601151315618484,0.0,0.0,0.0,0.0,0.0,0.015759847890878118,0.02
MgSO4,49.85000000000002,0.005,294.2,0.0,0.0,0.0,0.003774534167918195,0.003774512003361075,0.0,0.0,0.0,0.0,0.0,0.0012254187587933466,0.0,0.0,0.0,0.0,0.0,0.01509885186444562,0.02
MgSO4,49.85000000000002,0.005,392.3,0.0,0.0,0.0,0.0035226560198880494,0.0035226254337515704,0.0,0.0,0.0,0.0,0.0,0.0014773112266047834,0.0,0.0,0.0,0.0,0.0,0.014091521544879722,0.02
MgSO4,49.85000000000002,0.005,490.3,0.0,0.0,0.0,0.0032022082037032242,0.0032021725719398896,0.0,0.0,0.0,0.0,0.0,0.0017977690174360158,0.0,0.0,0.0,0.0,0.0,0.012809964340492952,0.02
MgSO4,49.85000000000002,0.005,588.4,0.0,0.0,0.0,0.003167550109139196,0.003167514135125942,0.0,0.0,0.0,0.0,0.0,0.001832427925368486,0.0,0.0,0.0,0.0,0.0,0.012671358153891685,0.02
MgSO4,49.85000000000002,0.005,686.5,0.0,0.0,0.0,0.003167550109139196,0.003167514135125942,0.0,0.0,0.0,0.0,0.0,0.001832427925368486,0.0,0.0,0.0,0.0,0.0,0.012671358153891685,0.02
MgSO4,49.85000000000002,0.005,784.6,0.0,0.0,0.0,0.003167550109139196,0.003167514135125942,0.0,0.0,0.0,0.0,0.0,0.001832427925368486,0.0,0.0,0.0,0.0,0.0,0.012671358153891685,0.02
MgSO4,74.85000000000002,0.005,0.1,0.0,0.0,0.0,0.003675277138910233,0.0036752788482908843,0.0,0.0,0.0,0.0,0.0,0.0013242518615695208,0.0,0.0,0.0,0.0,0.0,0.01470209680423118,0.02
MgSO4,74.85000000000002,0.005,98.1,0.0,0.0,0.0,0.003815392863515307,0.003815337414019673,0.0,0.0,0.0,0.0,0.0,0.0011843016041131395,0.0,0.0,0.0,0.0,0.0,0.015262523138283201,0.02
MgSO4,74.85000000000002,0.005,196.1,0.0,0.0,0.0,0.003771328824629345,0.0037712259239040037,0.0,0.0,0.0,0.0,0.0,0.0012284642158299096,0.0,0.0,0.0,0.0,0.0,0.01508635250440919,0.02
MgSO4,74.85000000000002,0.005,294.2,0.0,0.0,0.0,0.003607078636192547,0.0036069399278870424,0.0,0.0,0.0,0.0,0.0,0.0013927775888381655,0.0,0.0,0.0,0.0,0.0,0.014429537078632343,0.02
MgSO4,74.85000000000002,0.005,392.3,0.0,0.0,0.0,0.00333968077278704,0.003339516549722488,0.0,0.0,0.0,0.0,0.0,0.001660218100075641,0.0,0.0,0.0,0.0,0.0,0.013360218541224092,0.02
MgSO4,74.85000000000002,0.005,490.3,0.0,0.0,0.0,0.002978159623037533,0.0029779791089855935,0.0,0.0,0.0,0.0,0.0,0.0020217691959466726,0.0,0.0,0.0,0.0,0.0,0.011914487716705668,0.02
MgSO4,74.85000000000002,0.005,588.4,0.0,0.0,0.0,0.0029377765007091326,0.0029375948565637123,0.0,0.0,0.0,0.0,0.0,0.0020621547777699366,0.0,0.0,0.0,0.0,0.0,0.011752994499575216,0.02
MgSO4,74.85000000000002,0.005,686.5,0.0,0.0,0.0,0.0029377765007091326,0.0029375948565637123,0.0,0.0,0.0,0.0,0.0,0.0020621547777699366,0.0,0.0,0.0,0.0,0.0,0.011752994499575216,0.02
MgSO4,74.85000000000002,0.005,784.6,0.0,0.0,0.0,0.0029377765007091326,0.0029375948565637123,0.0,0.0,0.0,0.0,0.0,0.0020621547777699366,0.0,0.0,0.0,0.0,0.0,0.011752994499575216,0.02
MgSO4,99.85000000000002,0.005,0.1,0.0,0.0,0.0,0.0034096640625110824,0.0034094950726926694,0.0,0.0,0.0,0.0,0.0,0.0015890330377459601,0.0,0.0,0.0,0.0,0.0,0.013640575060839398,0.02
MgSO4,99.85000000000002,0.005,98.1,0.0,0.0,0.0,0.003615706387965395,0.0036153947693805047,0.0,0.0,0.0,0.0,0.0,0.0013834337410456661,0.0,0.0,0.0,0.0,0.0,0.014464445803486157,0.02
MgSO4,99.85000000000002,0.005,196.1,0.0,0.0,0.0,0.0036079268719147314,0.0036074866063701715,0.0,0.0,0.0,0.0,0.0,0.0013914842425080615,0.0,0.0,0.0,0.0,0.0,0.014433280059595282,0.02
MgSO4,99.85000000000002,0.005,294.2,0.0,0.0,0.0,0.0034660240098349604,0.003465478226086473,0.0,0.0,0.0,0.0,0.0,0.0015335634911204984,0.0,0.0,0.0,0.0,0.0,0.013865816139290651,0.02
MgSO4,99.85000000000002,0.005,392.3,0.0,0.0,0.0,0.003207355712826254,0.0032067280523542215,0.0,0.0,0.0,0.0,0.0,0.0017923515925785704,0.0,0.0,0.0,0.0,0.0,0.012831450309089266,0.02
MgSO4,99.85000000000002,0.005,490.3,0.0,0.0,0.0,0.002832321444965095,0.0028316357845951452,0.0,0.0,0.0,0.0,0.0,0.0021674703511330843,0.0,0.0,0.0,0.0,0.0,0.011331752497097336,0.02
MgSO4,99.85000000000002,0.005,588.4,0.0,0.0,0.0,0.002788795132962024,0.0027881051157152173,0.0,0.0,0.0,0.0,0.0,0.0022110036340111244,0.0,0.0,0.0,0.0,0.0,0.011157696865478687,0.02
MgSO4,99.85000000000002,0.005,686.5,0.0,0.0,0.0,0.002788795132962024,0.0027881051157152173,0.0,0.0,0.0,0.0,0.0,0.0022110036340111244,0.0,0.0,0.0,0.0,0.0,0.011157696865478687,0.02
MgSO4,99.85000000000002,0.005,784.6,0.0,0.0,0.0,0.002788795132962024,0.0027881051157152173,0.0,0.0,0.0,0.0,0.0,0.0022110036340111244,0.0,0.0,0.0,0.0,0.0,0.011157696865478687,0.02
MgSO4,124.85000000000002,0.005,0.1,0.0,0.0,0.0,0.0030866755082443556,0.003086088490661552,0.0,0.0,0.0,0.0,0.0,0.001909941305488533,0.0,0.0,0.0,0.0,0.0,0.012350537995001585,0.02
MgSO4,124.85000000000002,0.005,98.1,0.0,0.0,0.0,0.003394624790606843,0.0033936769716395726,0.0,0.0,0.0,0.0,0.0,0.0016030775764349881,0.0,0.0,0.0,0.0,0.0,0.013581274763876203,0.02
MgSO4,124.85000000000002,0.005,196.1,0.0,0.0,0.0,0.0034454179605314635,0.003444120863476183,0.0,0.0,0.0,0.0,0.0,0.0015529820852034353,0.0,0.0,0.0,0.0,0.0,0.013783867449105458,0.02
MgSO4,124.85000000000002,0.005,294.2,0.0,0.0,0.0,0.0033473513595746983,0.003345744647581063,0.0,0.0,0.0,0.0,0.0,0.0016515165340443175,0.0,0.0,0.0,0.0,0.0,0.013391395870853385,0.02
MgSO4,124.85000000000002,0.005,392.3,0.0,0.0,0.0,0.003129638225020869,0.00312777182030423,0.0,0.0,0.0,0.0,0.0,0.0018695526011553996,0.0,0.0,0.0,0.0,0.0,0.012520645230137219,0.02
MgSO4,124.85000000000002,0.005,490.3,0.0,0.0,0.0,0.002796659203546767,0.0027945889353720534,0.0,0.0,0.0,0.0,0.0,0.002202760758802058,0.0,0.0,0.0,0.0,0.0,0.01118908509281629,0.02
MgSO4,124.85000000000002,0.005,588.4,0.0,0.0,0.0,0.002757334329925173,0.002755247269908877,0.0,0.0,0.0,0.0,0.0,0.002242104559080043,0.0,0.0,0.0,0.0,0.0,0.01103183287426656,0.02
MgSO4,124.85000000000002,0.005,686.5,0.0,0.0,0.0,0.002757334329925173,0.002755247269908877,0.0,0.0,0.0,0.0,0.0,0.002242104559080043,0.0,0.0,0.0,0.0,0.0,0.01103183287426656,0.02
MgSO4,124.85000000000002,0.005,784.6,0.0,0.0,0.0,0.002757334329925173,0.002755247269908877,0.0,0.0,0.0,0.0,0.0,0.002242104559080043,0.0,0.0,0.0,0.0,0.0,0.01103183287426656,0.02
MgSO4,149.85000000000002,0.005,0.1,0.0,0.0,0.0,0.0027024968197499567,0.002701188198902902,0.0,0.0,0.0,0.0,0.0,0.0022893503848028535,0.0,0.0,0.0,0.0,0.0,0.010818072751763814,0.02
MgSO4,149.85000000000002,0.005,98.1,0.0,0.0,0.0,0.0031477134858580234,0.003145592750762035,0.0,0.0,0.0,0.0,0.0,0.0018464955353709365,0.0,0.0,0.0,0.0,0.0,0.012596231613644105,0.02
MgSO4,149.85000000000002,0.005,196.1,0.0,0.0,0.0,0.0032795802075534825,0.0032766167982287773,0.0,0.0,0.0,0.0,0.0,0.0017162737874165343,0.0,0.0,0.0,0.0,0.0,0.013121758706533248,0.02
MgSO4,149.85000000000002,0.005,294.2,0.0,0.0,0.0,0.003246275976028414,0.0032425054444477075,0.0,0.0,0.0,0.0,0.0,0.0017507379393403612,0.0,0.0,0.0,0.0,0.0,0.01298724876792582,0.02
MgSO4,149.85000000000002,0.005,392.3,0.0,0.0,0.0,0.0031010379272017508,0.003096537958617457,0.0,0.0,0.0,0.0,0.0,0.0018968056356539458,0.0,0.0,0.0,0.0,0.0,0.012405565099580726,0.02
MgSO4,149.85000000000002,0.005,490.3,0.0,0.0,0.0,0.002865264740025266,0.0028601374333560663,0.0,0.0,0.0,0.0,0.0,0.0021331788328765025,0.0,0.0,0.0,0.0,0.0,0.011462242077310593,0.02
MgSO4,149.85000000000002,0.005,588.4,0.0,0.0,0.0,0.0028374893016205626,0.002832306160840301,0.0,0.0,0.0,0.0,0.0,0.0021610040191923836,0.0,0.0,0.0,0.0,0.0,0.011351143075310826,0.02
MgSO4,149.85000000000002,0.005,686.5,0.0,0.0,0.0,0.0028374893016205626,0.002832306160840301,0.0,0.0,0.0,0.0,0.0,0.0021610040191923836,0.0,0.0,0.0,0.0,0.0,0.011351143075310826,0.02
MgSO4,149.85000000000002,0.005,784.6,0.0,0.0,0.0,0.0028374893016205626,0.002832306160840301,0.0,0.0,0.0,0.0,0.0,0.0021610040191923836,0.0,0.0,0.0,0.0,0.0,0.011351143075310826,0.02
MgSO4,22.0,0.007697659,1435.82199,0.0,0.0,0.0,0.005039706866396095,0.005039702861504435,0.0,0.0,0.0,0.0,0.0,0.0026579443381738784,0.0,0.0,0.0,0.0,0.0,0.02015938691039495,0.030790636
MgSO4,22.0,0.007760984,1354.93938,0.0,0.0,0.0,0.005074777801560936,0.0050747737752006175,0.0,0.0,0.0,0.0,0.0,0.002686198357969756,0.0,0.0,0.0,0.0,0.0,0.020299670936569703,0.031043936
MgSO4,22.0,0.007825973,1274.11231,0.0,0.0,0.0,0.005110724035628643,0.005110719987317084,0.0,0.0,0.0,0.0,0.0,0.00271524107781526,0.0,0.0,0.0,0.0,0.0,0.020443456164530936,0.031303892
MgSO4,22.0,0.007892683,1193.34433,0.0,0.0,0.0,0.005147573995544777,0.005147569924792278,0.0,0.0,0.0,0.0,0.0,0.0027451010707342073,0.0,0.0,0.0,0.0,0.0,0.020590856302206896,0.031570732
MgSO4,22.0,0.007962441,1112.63897,0.0,0.0,0.0,0.005186056052106093,0.005186051957982572,0.0,0.0,0.0,0.0,0.0,0.002776376965005549,0.0,0.0,0.0,0.0,0.0,0.020744784838566753,0.031849764
MgSO4,22.0,0.008036671,1031.99976,0.0,0.0,0.0,0.005226947881102849,0.005226943762214288,0.0,0.0,0.0,0.0,0.0,0.0028097150838587363,0.0,0.0,0.0,0.0,0.0,0.020908352482871692,0.032146684
MgSO4,22.0,0.00811559,951.43026,0.0,0.0,0.0,0.005270358927524277,0.005270354782425634,0.0,0.0,0.0,0.0,0.0,0.0028452229821821435,0.0,0.0,0.0,0.0,0.0,0.02108199701575219,0.03246236
MgSO4,22.0,0.008198762,870.93398,0.0,0.0,0.0,0.005316039161469643,0.005316034988879054,0.0,0.0,0.0,0.0,0.0,0.002882714690212122,0.0,0.0,0.0,0.0,0.0,0.02126471831539364,0.032795048
MgSO4,22.0,0.00828915,790.51448,0.0,0.0,0.0,0.005365602022742196,0.005365597820424472,0.0,0.0,0.0,0.0,0.0,0.0029235397661197594,0.0,0.0,0.0,0.0,0.0,0.021462970153572358,0.0331566
MgSO4,22.0,0.00838788,710.17528,0.0,0.0,0.0,0.005419644647056609,0.005419640412445263,0.0,0.0,0.0,0.0,0.0,0.00296822707346829,0.0,0.0,0.0,0.0,0.0,0.021679141077462962,0.03355152
MgSO4,22.0,0.008439557,670.0369,0.0,0.0,0.0,0.005447892712899175,0.005447888461456345,0.0,0.0,0.0,0.0,0.0,0.0029916559719721718,0.0,0.0,0.0,0.0,0.0,0.021792133563017697,0.033758228
MgSO4,22.0,0.008611066,549.75196,0.0,0.0,0.0,0.005541456633594097,0.005541452326639133,0.0,0.0,0.0,0.0,0.0,0.0030696009335060255,0.0,0.0,0.0,0.0,0.0,0.022166389977793,0.034444264
MgSO4,22.0,0.008809825,429.67158,0.0,0.0,0.0,0.006020795159127276,0.006020792150289152,0.0,0.0,0.0,0.0,0.0,0.002789018566866566,0.0,0.0,0.0,0.0,0.0,0.02408365131406384,0.0352393
MgSO4,22.0,0.008964619,349.73754,0.0,0.0,0.0,0.006500768544472571,0.006500767903285717,0.0,0.0,0.0,0.0,0.0,0.002463834924805426,0.0,0.0,0.0,0.0,0.0,0.026003458859712256,0.035858476
MgSO4,22.0,0.009140798,269.90327,0.0,0.0,0.0,0.006938939608024527,0.006938942567355664,0.0,0.0,0.0,0.0,0.0,0.002201836956114213,0.0,0.0,0.0,0.0,0.0,0.027756076039537877,0.036563192
MgSO4,22.0,0.009462561,150.34664,0.0,0.0,0.0,0.007454960593173846,0.00745497233532535,0.0,0.0,0.0,0.0,0.0,0.0020075649293645258,0.0,0.0,0.0,0.0,0.0,0.02982009265500218,0.037850244
MgSO4,22.0,0.009729554,70.77725,0.0,0.0,0.0,0.007635978811347159,0.007635999560389733,0.0,0.0,0.0,0.0,0.0,0.002093524283311314,0.0,0.0,0.0,0.0,0.0,0.03054414400699287,0.038918216
MgSO4,-0.15,0.01,0.1,0.0,0.0,0.0,0.007636140858774998,0.007636155581721931,0.0,0.0,0.0,0.0,0.0,0.00236383474878484,0.0,0.0,0.0,0.0,0.0,0.030544650927380446,0.04
MgSO4,-0.15,0.01,98.1,0.0,0.0,0.0,0.00815924343292652,0.00815925273908594,0.0,0.0,0.0,0.0,0.0,0.0018407409832291324,0.0,0.0,0.0,0.0,0.0,0.032637069320904474,0.04
MgSO4,-0.15,0.01,196.1,0.0,0.0,0.0,0.008211870077291504,0.008211875711971283,0.0,0.0,0.0,0.0,0.0,0.0017881196133032436,0.0,0.0,0.0,0.0,0.0,0.03284759782352614,0.04
MgSO4,-0.15,0.01,294.2,0.0,0.0,0.0,0.008019162736695768,0.008019166087274885,0.0,0.0,0.0,0.0,0.0,0.0019808302012311635,0.0,0.0,0.0,0.0,0.0,0.03207680344482666,0.04
MgSO4,-0.15,0.01,392.3,0.0,0.0,0.0,0.007657840363667721,0.007657842277642513,0.0,0.0,0.0,0.0,0.0,0.0023421547016334184,0.0,0.0,0.0,0.0,0.0,0.030631562270921522,0.04
MgSO4,-0.15,0.01,490.3,0.0,0.0,0.0,0.007169765886070041,0.007169766885470219,0.0,0.0,0.0,0.0,0.0,0.002830230649347553,0.0,0.0,0.0,0.0,0.0,0.02867932771094158,0.04
MgSO4,-0.15,0.01,588.4,0.0,0.0,0.0,0.0071158972660573735,0.007115898195540851,0.0,0.0,0.0,0.0,0.0,0.002884099389360415,0.0,0.0,0.0,0.0,0.0,0.02846386042287611,0.04
MgSO4,-0.15,0.01,686.5,0.0,0.0,0.0,0.0071158972660573735,0.007115898195540851,0.0,0.0,0.0,0.0,0.0,0.002884099389360415,0.0,0.0,0.0,0.0,0.0,0.02846386042287611,0.04
MgSO4,-0.15,0.01,784.6,0.0,0.0,0.0,0.0071158972660573735,0.007115898195540851,0.0,0.0,0.0,0.0,0.0,0.002884099389360415,0.0,0.0,0.0,0.0,0.0,0.02846386042287611,0.04
MgSO4,24.850000000000023,0.01,0.1,0.0,0.0,0.0,0.007543997955688846,0.007544031285117118,0.0,0.0,0.0,0.0,0.0,0.0024559200054614853,0.0,0.0,0.0,0.0,0.0,0.030176245709884482,0.04
MgSO4,24.850000000000023,0.01,98.1,0.0,0.0,0.0,0.0078182089136994,0.007818227721752195,0.0,0.0,0.0,0.0,0.0,0.002181738251635621,0.0,0.0,0.0,0.0,0.0,0.031273098015786094,0.04
MgSO4,24.850000000000023,0.01,196.1,0.0,0.0,0.0,0.007702809706950548,0.007702817773985711,0.0,0.0,0.0,0.0,0.0,0.0022971550913021424,0.0,0.0,0.0,0.0,0.0,0.030811541777409843,0.04
MgSO4,24.850000000000023,0.01,294.2,0.0,0.0,0.0,0.007354097761268377,0.0073540986459710855,0.0,0.0,0.0,0.0,0.0,0.002645878294306519,0.0,0.0,0.0,0.0,0.0,0.029416763910502575,0.04
MgSO4,24.850000000000023,0.01,392.3,0.0,0.0,0.0,0.006852672501624234,0.0068526688031673635,0.0,0.0,0.0,0.0,0.0,0.0031473111099202893,0.0,0.0,0.0,0.0,0.0,0.02741116232374802,0.04
MgSO4,24.850000000000023,0.01,490.3,0.0,0.0,0.0,0.006265633214988953,0.00626562681054445,0.0,0.0,0.0,0.0,0.0,0.0037343556198064674,0.0,0.0,0.0,0.0,0.0,0.025063137667066537,0.04
MgSO4,24.850000000000023,0.01,588.4,0.0,0.0,0.0,0.006205011199444424,0.006205004607854818,0.0,0.0,0.0,0.0,0.0,0.003794978057385451,0.0,0.0,0.0,0.0,0.0,0.0248206647336839,0.04
MgSO4,24.850000000000023,0.01,686.5,0.0,0.0,0.0,0.006205011199444424,0.006205004607854818,0.0,0.0,0.0,0.0,0.0,0.003794978057385451,0.0,0.0,0.0,0.0,0.0,0.0248206647336839,0.04
MgSO4,24.850000000000023,0.01,784.6,0.0,0.0,0.0,0.006205011199444424,0.006205004607854818,0.0,0.0,0.0,0.0,0.0,0.003794978057385451,0.0,0.0,0.0,0.0,0.0,0.0248206647336839,0.04
MgSO4,49.85000000000002,0.01,0.1,0.0,0.0,0.0,0.007218350758490343,0.007218399432398322,0.0,0.0,0.0,0.0,0.0,0.002781389383712954,0.0,0.0,0.0,0.0,0.0,0.028874016611729225,0.04
MgSO4,49.85000000000002,0.01,98.1,0.0,0.0,0.0,0.007447346061500496,0.007447360956548596,0.0,0.0,0.0,0.0,0.0,0.0025524840766127576,0.0,0.0,0.0,0.0,0.0,0.029789979574173706,0.04
MgSO4,49.85000000000002,0.01,196.1,0.0,0.0,0.0,0.007290565743134552,0.007290552249915496,0.0,0.0,0.0,0.0,0.0,0.0027093195504598565,0.0,0.0,0.0,0.0,0.0,0.029162909158807315,0.04
MgSO4,49.85000000000002,0.01,294.2,0.0,0.0,0.0,0.0068896593090223435,0.006889625140657407,0.0,0.0,0.0,0.0,0.0,0.0031102620129805593,0.0,0.0,0.0,0.0,0.0,0.027559395482710042,0.04
MgSO4,49.85000000000002,0.01,392.3,0.0,0.0,0.0,0.006313463163531592,0.00631341527427757,0.0,0.0,0.0,0.0,0.0,0.0036864826890618423,0.0,0.0,0.0,0.0,0.0,0.025254780893798113,0.04
MgSO4,49.85000000000002,0.01,490.3,0.0,0.0,0.0,0.005622677816491375,0.005622622018426324,0.0,0.0,0.0,0.0,0.0,0.004377285135904134,0.0,0.0,0.0,0.0,0.0,0.022491868566603346,0.04
MgSO4,49.85000000000002,0.01,588.4,0.0,0.0,0.0,0.005550394011577452,0.005550337703284824,0.0,0.0,0.0,0.0,0.0,0.004449570327998944,0.0,0.0,0.0,0.0,0.0,0.022202759397244656,0.04
MgSO4,49.85000000000002,0.01,686.5,0.0,0.0,0.0,0.005550394011577452,0.005550337703284824,0.0,0.0,0.0,0.0,0.0,0.004449570327998944,0.0,0.0,0.0,0.0,0.0,0.022202759397244656,0.04
MgSO4,49.85000000000002,0.01,784.6,0.0,0.0,0.0,0.005550394011577452,0.005550337703284824,0.0,0.0,0.0,0.0,0.0,0.004449570327998944,0.0,0.0,0.0,0.0,0.0,0.022202759397244656,0.04
MgSO4,74.85000000000002,0.01,0.1,0.0,0.0,0.0,0.006767753351940111,0.006767758751024747,0.0,0.0,0.0,0.0,0.0,0.003231476789286545,0.0,0.0,0.0,0.0,0.0,0.02707233195810367,0.04
MgSO4,74.85000000000002,0.01,98.1,0.0,0.0,0.0,0.007051103535379023,0.007051029464275709,0.0,0.0,0.0,0.0,0.0,0.0029483858546139035,0.0,0.0,0.0,0.0,0.0,0.028205578788944127,0.04
MgSO4,74.85000000000002,0.01,196.1,0.0,0.0,0.0,0.0069215881964251515,0.006921439915855949,0.0,0.0,0.0,0.0,0.0,0.0030780625819641543,0.0,0.0,0.0,0.0,0.0,0.027687510342542396,0.04
MgSO4,74.85000000000002,0.01,294.2,0.0,0.0,0.0,0.006523173151471004,0.006522965668487205,0.0,0.0,0.0,0.0,0.0,0.0034765847481661866,0.0,0.0,0.0,0.0,0.0,0.026093965886588688,0.04
MgSO4,74.85000000000002,0.01,392.3,0.0,0.0,0.0,0.005906102237766148,0.005905852451222907,0.0,0.0,0.0,0.0,0.0,0.004093729392992351,0.0,0.0,0.0,0.0,0.0,0.023625905600117743,0.04
MgSO4,74.85000000000002,0.01,490.3,0.0,0.0,0.0,0.005111227920750867,0.005110952518954129,0.0,0.0,0.0,0.0,0.0,0.004888655733919344,0.0,0.0,0.0,0.0,0.0,0.020446727960099335,0.04
MgSO4,74.85000000000002,0.01,588.4,0.0,0.0,0.0,0.005024982244136328,0.005024705193515752,0.0,0.0,0.0,0.0,0.0,0.0049749056714072605,0.0,0.0,0.0,0.0,0.0,0.02010178179155213,0.04
MgSO4,74.85000000000002,0.01,686.5,0.0,0.0,0.0,0.005024982244136328,0.005024705193515752,0.0,0.0,0.0,0.0,0.0,0.0049749056714072605,0.0,0.0,0.0,0.0,0.0,0.02010178179155213,0.04
MgSO4,74.85000000000002,0.01,784.6,0.0,0.0,0.0,0.005024982244136328,0.005024705193515752,0.0,0.0,0.0,0.0,0.0,0.0049749056714072605,0.0,0.0,0.0,0.0,0.0,0.02010178179155213,0.04
MgSO4,99.85000000000002,0.01,0.1,0.0,0.0,0.0,0.006215969426403224,0.006215770291536267,0.0,0.0,0.0,0.0,0.0,0.0037818941788822186,0.0,0.0,0.0,0.0,0.0,0.024866630241727743,0.04
MgSO4,99.85000000000002,0.01,98.1,0.0,0.0,0.0,0.00662907339676733,0.006628674231104366,0.0,0.0,0.0,0.0,0.0,0.0033694789136066786,0.0,0.0,0.0,0.0,0.0,0.02651843623160088,0.04
MgSO4,99.85000000000002,0.01,196.1,0.0,0.0,0.0,0.006577608001449487,0.006577008036096357,0.0,0.0,0.0,0.0,0.0,0.00342138632172226,0.0,0.0,0.0,0.0,0.0,0.026312268897600116,0.04
MgSO4,99.85000000000002,0.01,294.2,0.0,0.0,0.0,0.006228617150797505,0.00622784213321326,0.0,0.0,0.0,0.0,0.0,0.003770677158200708,0.0,0.0,0.0,0.0,0.0,0.024916242968139865,0.04
MgSO4,99.85000000000002,0.01,392.3,0.0,0.0,0.0,0.005625792135461018,0.005624879755083488,0.0,0.0,0.0,0.0,0.0,0.004373711721203909,0.0,0.0,0.0,0.0,0.0,0.022505086275699596,0.04
MgSO4,99.85000000000002,0.01,490.3,0.0,0.0,0.0,0.004790831653863305,0.004789826336906827,0.0,0.0,0.0,0.0,0.0,0.00520882206703175,0.0,0.0,0.0,0.0,0.0,0.019165559357626896,0.04
MgSO4,99.85000000000002,0.01,588.4,0.0,0.0,0.0,0.0046967428386759475,0.004695731003057269,0.0,0.0,0.0,0.0,0.0,0.005302923278634653,0.0,0.0,0.0,0.0,0.0,0.018789243277394705,0.04
MgSO4,99.85000000000002,0.01,686.5,0.0,0.0,0.0,0.0046967428386759475,0.004695731003057269,0.0,0.0,0.0,0.0,0.0,0.005302923278634653,0.0,0.0,0.0,0.0,0.0,0.018789243277394705,0.04
MgSO4,99.85000000000002,0.01,784.6,0.0,0.0,0.0,0.0046967428386759475,0.004695731003057269,0.0,0.0,0.0,0.0,0.0,0.005302923278634653,0.0,0.0,0.0,0.0,0.0,0.018789243277394705,0.04
MgSO4,124.85000000000002,0.01,0.1,0.0,0.0,0.0,0.005563181293888448,0.005562512135787199,0.0,0.0,0.0,0.0,0.0,0.004431303358537858,0.0,0.0,0.0,0.0,0.0,0.022258644499583605,0.04
MgSO4,124.85000000000002,0.01,98.1,0.0,0.0,0.0,0.006175132371679373,0.00617398391977675,0.0,0.0,0.0,0.0,0.0,0.0038209985874967834,0.0,0.0,0.0,0.0,0.0,0.02470469186861026,0.04
MgSO4,124.85000000000002,0.01,196.1,0.0,0.0,0.0,0.006246841227797229,0.00624518031397335,0.0,0.0,0.0,0.0,0.0,0.003750404439278305,0.0,0.0,0.0,0.0,0.0,0.024990332671338017,0.04
MgSO4,124.85000000000002,0.01,294.2,0.0,0.0,0.0,0.00599539831253955,0.005993250487903263,0.0,0.0,0.0,0.0,0.0,0.004002633393585781,0.0,0.0,0.0,0.0,0.0,0.02398381525751494,0.04
MgSO4,124.85000000000002,0.01,392.3,0.0,0.0,0.0,0.00548425846779052,0.005481690266566262,0.0,0.0,0.0,0.0,0.0,0.004514338015692991,0.0,0.0,0.0,0.0,0.0,0.021938902666713184,0.04
MgSO4,124.85000000000002,0.01,490.3,0.0,0.0,0.0,0.004737940071648998,0.00473504722067243,0.0,0.0,0.0,0.0,0.0,0.0052610677958595765,0.0,0.0,0.0,0.0,0.0,0.018953621021800492,0.04
MgSO4,124.85000000000002,0.01,588.4,0.0,0.0,0.0,0.004652193934306293,0.004649275227234293,0.0,0.0,0.0,0.0,0.0,0.005346848225785586,0.0,0.0,0.0,0.0,0.0,0.018610652700170236,0.04
MgSO4,124.85000000000002,0.01,686.5,0.0,0.0,0.0,0.004652193934306293,0.004649275227234293,0.0,0.0,0.0,0.0,0.0,0.005346848225785586,0.0,0.0,0.0,0.0,0.0,0.018610652700170236,0.04
MgSO4,124.85000000000002,0.01,784.6,0.0,0.0,0.0,0.004652193934306293,0.004649275227234293,0.0,0.0,0.0,0.0,0.0,0.005346848225785586,0.0,0.0,0.0,0.0,0.0,0.018610652700170236,0.04
MgSO4,149.85000000000002,0.01,0.1,0.0,0.0,0.0,0.004806462197280388,0.004805013852356195,0.0,0.0,0.0,0.0,0.0,0.005180421726848986,0.0,0.0,0.0,0.0,0.0,0.019238797736055316,0.04
MgSO4,149.85000000000002,0.01,98.1,0.0,0.0,0.0,0.005680027828474564,0.005677572716012068,0.0,0.0,0.0,0.0,0.0,0.004310311806709519,0.0,0.0,0.0,0.0,0.0,0.022729044000919064,0.04
MgSO4,149.85000000000002,0.01,196.1,0.0,0.0,0.0,0.005918253812469974,0.00591466130946546,0.0,0.0,0.0,0.0,0.0,0.004074627927766172,0.0,0.0,0.0,0.0,0.0,0.02367876696819812,0.04
MgSO4,149.85000000000002,0.01,294.2,0.0,0.0,0.0,0.005810545411084992,0.005805782602060243,0.0,0.0,0.0,0.0,0.0,0.004184228237219813,0.0,0.0,0.0,0.0,0.0,0.023245471832801224,0.04
MgSO4,149.85000000000002,0.01,392.3,0.0,0.0,0.0,0.005467761346531782,0.0054618913240479855,0.0,0.0,0.0,0.0,0.0,0.004528434239020561,0.0,0.0,0.0,0.0,0.0,0.021872543000730143,0.04
MgSO4,149.85000000000002,0.01,490.3,0.0,0.0,0.0,0.004942053233107687,0.004935214816772908,0.0,0.0,0.0,0.0,0.0,0.005055209768249099,0.0,0.0,0.0,0.0,0.0,0.019768568076444563,0.04
MgSO4,149.85000000000002,0.01,588.4,0.0,0.0,0.0,0.004881561267064235,0.004874636796774852,0.0,0.0,0.0,0.0,0.0,0.005115791571491632,0.0,0.0,0.0,0.0,0.0,0.01952652181514007,0.04
MgSO4,149.85000000000002,0.01,686.5,0.0,0.0,0.0,0.004881561267064235,0.004874636796774852,0.0,0.0,0.0,0.0,0.0,0.005115791571491632,0.0,0.0,0.0,0.0,0.0,0.01952652181514007,0.04
MgSO4,149.85000000000002,0.01,784.6,0.0,0.0,0.0,0.004881561267064235,0.004874636796774852,0.0,0.0,0.0,0.0,0.0,0.005115791571491632,0.0,0.0,0.0,0.0,0.0,0.01952652181514007,0.04
MgSO4,-6.0,0.0249,0.1,0.0,0.0,0.0,0.017370783964888715,0.017370802637319546,0.0,0.0,0.0,0.0,0.0,0.007529184020331652,0.0,0.0,0.0,0.0,0.0,0.06948322934631304,0.0996
MgSO4,-3.0,0.0249,0.1,0.0,0.0,0.0,0.017465389288412254,0.017465410293142972,0.0,0.0,0.0,0.0,0.0,0.007434573484530349,0.0,0.0,0.0,0.0,0.0,0.06986166509093195,0.0996
MgSO4,-1.0,0.0249,0.1,0.0,0.0,0.0,0.017510257125087254,0.017510279805274746,0.0,0.0,0.0,0.0,0.0,0.007389701709234628,0.0,0.0,0.0,0.0,0.0,0.07004114710842212,0.0996
MgSO4,5.0,0.0249,0.1,0.0,0.0,0.0,0.01757539270948996,0.01757542099819238,0.0,0.0,0.0,0.0,0.0,0.0073245516669321374,0.0,0.0,0.0,0.0,0.0,0.07030172703804323,0.0996
MgSO4,20.0,0.0249,0.1,0.0,0.0,0.0,0.017434158618558064,0.017434204263999376,0.0,0.0,0.0,0.0,0.0,0.007465724642676048,0.0,0.0,0.0,0.0,0.0,0.06973693070243442,0.0996
MgSO4,25.0,0.0249,0.1,0.0,0.0,0.0,0.01732391946394844,0.017323971502026872,0.0,0.0,0.0,0.0,0.0,0.007575931802403922,0.0,0.0,0.0,0.0,0.0,0.06929603929822699,0.0996
MgSO4,-10.0,0.3323,0.1,0.0,0.0,0.0,0.22620001106547558,0.22620006323397537,0.0,0.0,0.0,0.0,0.0,0.10609987996424468,0.0,0.0,0.0,0.0,0.0,0.904800279766023,1.3292
MgSO4,-6.0,0.3323,0.1,0.0,0.0,0.0,0.22899117049148518,0.2289912327139952,0.0,0.0,0.0,0.0,0.0,0.10330869443591198,0.0,0.0,0.0,0.0,0.0,0.9159649702463488,1.3292
MgSO4,-3.0,0.3323,0.1,0.0,0.0,0.0,0.23043615495304598,0.2304362255888929,0.0,0.0,0.0,0.0,0.0,0.10186368641113025,0.0,0.0,0.0,0.0,0.0,0.9217449542819665,1.3292
MgSO4,-1.0,0.3323,0.1,0.0,0.0,0.0,0.23115951746441146,0.23115959413863763,0.0,0.0,0.0,0.0,0.0,0.10114030599669226,0.0,0.0,0.0,0.0,0.0,0.9246384386356474,1.3292
MgSO4,5.0,0.3323,0.1,0.0,0.0,0.0,0.23246208086104372,0.23246217775315475,0.0,0.0,0.0,0.0,0.0,0.09983767629649948,0.0,0.0,0.0,0.0,0.0,0.9298488144590676,1.3292
MgSO4,20.0,0.3323,0.1,0.0,0.0,0.0,0.2323650528546235,0.23236521344889752,0.0,0.0,0.0,0.0,0.0,0.09993441762950563,0.0,0.0,0.0,0.0,0.0,0.9294611765345039,1.3292
MgSO4,25.0,0.3323,0.1,0.0,0.0,0.0,0.23176662613686222,0.23176681135122584,0.0,0.0,0.0,0.0,0.0,0.10053269171892623,0.0,0.0,0.0,0.0,0.0,0.9270677003376773,1.3292
MgSO4,-10.0,0.6646,0.1,0.0,0.0,0.0,0.486750025878032,0.4867501004807414,0.0,0.0,0.0,0.0,0.0,0.17784982431710908,0.0,0.0,0.0,0.0,0.0,1.9470004276606578,2.6584
MgSO4,-6.0,0.6646,0.1,0.0,0.0,0.0,0.491264638687322,0.49126472822065803,0.0,0.0,0.0,0.0,0.0,0.1733351752561471,0.0,0.0,0.0,0.0,0.0,1.9650589524369655,2.6584
MgSO4,-3.0,0.6646,0.1,0.0,0.0,0.0,0.4935944753729167,0.4935945775052093,0.0,0.0,0.0,0.0,0.0,0.1710053057912724,0.0,0.0,0.0,0.0,0.0,1.9743783637341845,2.6584
MgSO4,-1.0,0.6646,0.1,0.0,0.0,0.0,0.4947683798396265,0.49476849107144205,0.0,0.0,0.0,0.0,0.0,0.169831376397355,0.0,0.0,0.0,0.0,0.0,1.9790740296467595,2.6584
MgSO4,5.0,0.6646,0.1,0.0,0.0,0.0,0.49697223065719665,0.49697237270067046,0.0,0.0,0.0,0.0,0.0,0.16762743317232984,0.0,0.0,0.0,0.0,0.0,1.9878896046269048,2.6584
MgSO4,20.0,0.6646,0.1,0.0,0.0,0.0,0.49790099009559385,0.4979012330085813,0.0,0.0,0.0,0.0,0.0,0.16669827402780005,0.0,0.0,0.0,0.0,0.0,1.9916053130599403,2.6584
MgSO4,25.0,0.6646,0.1,0.0,0.0,0.0,0.4976078088947568,0.4976080926644894,0.0,0.0,0.0,0.0,0.0,0.16699124269886592,0.0,0.0,0.0,0.0,0.0,1.990432916066732,2.6584
MgSO4,22.0,0.7280462079,1000.0,0.0,0.0,0.0,0.4002464232529631,0.4002464408853369,0.0,0.0,0.0,0.0,0.0,0.3277996290446829,0.0,0.0,0.0,0.0,0.0,1.6009870159878248,2.9121848316
MgSO4,10.0,0.7431291645,800.0,0.0,0.0,0.0,0.43887584208659897,0.43887587787603977,0.0,0.0,0.0,0.0,0.0,0.3042532357327391,0.0,0.0,0.0,0.0,0.0,1.7555042769139182,2.972516658
MgSO4,15.0,0.7443778527,800.0,0.0,0.0,0.0,0.4307490501207602,0.4307490826824581,0.0,0.0,0.0,0.0,0.0,0.3136286919274935,0.0,0.0,0.0,0.0,0.0,1.7229972774517344,2.9775114108
MgSO4,22.0,0.7464473881,800.0,0.0,0.0,0.0,0.4120153370698086,0.4120153563445592,0.0,0.0,0.0,0.0,0.0,0.3344318931850812,0.0,0.0,0.0,0.0,0.0,1.648062684520846,2.9857895524
MgSO4,-10.0,0.7739642453,500.0,0.0,0.0,0.0,0.4541161505300312,0.4541161842846157,0.0,0.0,0.0,0.0,0.0,0.3198480539383467,0.0,0.0,0.0,0.0,0.0,1.8164650268519762,3.0958569812
MgSO4,-5.0,0.7747764113,500.0,0.0,0.0,0.0,0.4606309131194036,0.4606309481831189,0.0,0.0,0.0,0.0,0.0,0.3141454508222739,0.0,0.0,0.0,0.0,0.0,1.8425241719923748,3.0991056452
MgSO4,0.0,0.775794019,500.0,0.0,0.0,0.0,0.46511070791810266,0.4651107446273074,0.0,0.0,0.0,0.0,0.0,0.31068325405207975,0.0,0.0,0.0,0.0,0.0,1.8604434662278635,3.103176076
MgSO4,5.0,0.7770186822,500.0,0.0,0.0,0.0,0.46602321341765485,0.46602325139919315,0.0,0.0,0.0,0.0,0.0,0.31099539825272315,0.0,0.0,0.0,0.0,0.0,1.8640936233162644,3.1080747288
MgSO4,10.0,0.7783839618,500.0,0.0,0.0,0.0,0.4625631738469692,0.4625632117677763,0.0,0.0,0.0,0.0,0.0,0.31582069905775895,0.0,0.0,0.0,0.0,0.0,1.8502536194385344,3.1135358472
MgSO4,15.0,0.7798226786,500.0,0.0,0.0,0.0,0.4543600027239997,0.4543600378391979,0.0,0.0,0.0,0.0,0.0,0.3254625623480967,0.0,0.0,0.0,0.0,0.0,1.817441107050419,3.1192907144
MgSO4,22.0,0.7821633396,500.0,0.0,0.0,0.0,0.43498218480075707,0.4349822072957681,0.0,0.0,0.0,0.0,0.0,0.3471809927076764,0.0,0.0,0.0,0.0,0.0,1.7399301007085712,3.1286533584
MgSO4,-20.0,0.8248338488,200.0,0.0,0.0,0.0,0.7028758072734637,0.7028758601261613,0.0,0.0,0.0,0.0,0.0,0.12195797832178645,0.0,0.0,0.0,0.0,0.0,2.8115034603655094,3.2993353952
MgSO4,-15.0,0.8251411193,200.0,0.0,0.0,0.0,0.6767046541144989,0.6767047166172466,0.0,0.0,0.0,0.0,0.0,0.1484363862517686,0.0,0.0,0.0,0.0,0.0,2.706818899951849,3.3005644772
MgSO4,-10.0,0.8257563478,200.0,0.0,0.0,0.0,0.6552857597828874,0.6552858346568649,0.0,0.0,0.0,0.0,0.0,0.1704704877464741,0.0,0.0,0.0,0.0,0.0,2.6211433903183097,3.3030253912
MgSO4,-5.0,0.8266037865,200.0,0.0,0.0,0.0,0.6374796358490328,0.6374797259256468,0.0,0.0,0.0,0.0,0.0,0.1891240220512723,0.0,0.0,0.0,0.0,0.0,2.5499189799363036,3.306415146
MgSO4,0.0,0.8277621917,200.0,0.0,0.0,0.0,0.6225793029886975,0.6225794112271041,0.0,0.0,0.0,0.0,0.0,0.20518272293491766,0.0,0.0,0.0,0.0,0.0,2.490317754351975,3.3110487668
MgSO4,5.0,0.829078982,200.0,0.0,0.0,0.0,0.6099358197225706,0.6099359491326433,0.0,0.0,0.0,0.0,0.0,0.21914294810914578,0.0,0.0,0.0,0.0,0.0,2.439743950970834,3.316315928
MgSO4,10.0,0.8304778051,200.0,0.0,0.0,0.0,0.5991289458479133,0.599129099373133,0.0,0.0,0.0,0.0,0.0,0.23134858247189535,0.0,0.0,0.0,0.0,0.0,2.3965166128361277,3.3219112204
MgSO4,15.0,0.8320375991,200.0,0.0,0.0,0.0,0.5899623544412582,0.58996253480877,0.0,0.0,0.0,0.0,0.0,0.2420748872363267,0.0,0.0,0.0,0.0,0.0,2.3598504367598334,3.3281503964
MgSO4,22.0,0.8343097363,200.0,0.0,0.0,0.0,0.5793979540726014,0.5793981756871831,0.0,0.0,0.0,0.0,0.0,0.2549112723615418,0.0,0.0,0.0,0.0,0.0,2.3175931646194248,3.3372389452
MgSO4,-10.0,0.997,0.1,0.0,0.0,0.0,0.7568821767886055,0.7568822684754357,0.0,0.0,0.0,0.0,0.0,0.24011764769302366,0.0,0.0,0.0,0.0,0.0,3.0275290932433787,3.988
MgSO4,-6.0,0.997,0.1,0.0,0.0,0.0,0.7623928357648646,0.7623929462381186,0.0,0.0,0.0,0.0,0.0,0.23460694590405787,0.0,0.0,0.0,0.0,0.0,3.0495718175138142,3.988
MgSO4,-3.0,0.997,0.1,0.0,0.0,0.0,0.7652359254938803,0.7652360519107553,0.0,0.0,0.0,0.0,0.0,0.2317638174471386,0.0,0.0,0.0,0.0,0.0,3.0609442541261025,3.988
MgSO4,-1.0,0.997,0.1,0.0,0.0,0.0,0.7666781827113675,0.7666783206918358,0.0,0.0,0.0,0.0,0.0,0.23032153077574605,0.0,0.0,0.0,0.0,0.0,3.066713340880561,3.988
MgSO4,5.0,0.997,0.1,0.0,0.0,0.0,0.7694835897425527,0.7694837671643824,0.0,0.0,0.0,0.0,0.0,0.2275160145743287,0.0,0.0,0.0,0.0,0.0,3.0779351761642064,3.988
MgSO4,20.0,0.997,0.1,0.0,0.0,0.0,0.7717734130618744,0.7717737226414034,0.0,0.0,0.0,0.0,0.0,0.22522572004112262,0.0,0.0,0.0,0.0,0.0,3.087095280347165,3.988
MgSO4,25.0,0.997,0.1,0.0,0.0,0.0,0.7721263016092558,0.7721266661319668,0.0,0.0,0.0,0.0,0.0,0.2248725816965121,0.0,0.0,0.0,0.0,0.0,3.0885072310120223,3.988
MgSO4,-10.0,1.4124,0.1,0.0,0.0,0.0,1.084714521993243,1.0847146297995125,0.0,0.0,0.0,0.0,0.0,0.32768527976006856,0.0,0.0,0.0,0.0,0.0,4.338858530772713,5.6496
MgSO4,-6.0,1.4124,0.1,0.0,0.0,0.0,1.0912204502482727,1.0912205805962525,0.0,0.0,0.0,0.0,0.0,0.32117930267942996,0.0,0.0,0.0,0.0,0.0,4.364882346118036,5.6496
MgSO4,-3.0,1.4124,0.1,0.0,0.0,0.0,1.094607618671689,1.0946077682360698,0.0,0.0,0.0,0.0,0.0,0.31779209008149256,0.0,0.0,0.0,0.0,0.0,4.378431109904274,5.6496
MgSO4,-1.0,1.4124,0.1,0.0,0.0,0.0,1.0963538652848275,1.09635402883171,0.0,0.0,0.0,0.0,0.0,0.3160458098729763,0.0,0.0,0.0,0.0,0.0,4.385416163532818,5.6496
MgSO4,5.0,1.4124,0.1,0.0,0.0,0.0,1.0999441029730677,1.0999443144778687,0.0,0.0,0.0,0.0,0.0,0.31245544770419814,0.0,0.0,0.0,0.0,0.0,4.399777354972009,5.6496
MgSO4,20.0,1.4124,0.1,0.0,0.0,0.0,1.1045948596293669,1.1045952346381027,0.0,0.0,0.0,0.0,0.0,0.30780415502156716,0.0,0.0,0.0,0.0,0.0,4.418381325350863,5.6496
MgSO4,25.0,1.4124,0.1,0.0,0.0,0.0,1.1061003562553895,1.1061008005228907,0.0,0.0,0.0,0.0,0.0,0.30629837513016217,0.0,0.0,0.0,0.0,0.0,4.424403773326162,5.6496
MgSO4,-10.0,1.6616,0.1,0.0,0.0,0.0,1.2704605367578463,1.270460652015833,0.0,0.0,0.0,0.0,0.0,0.3911392540978072,0.0,0.0,0.0,0.0,0.0,5.081842616423776,6.6464
MgSO4,-6.0,1.6616,0.1,0.0,0.0,0.0,1.2776201852300337,1.2776203248026354,0.0,0.0,0.0,0.0,0.0,0.38397955383405996,0.0,0.0,0.0,0.0,0.0,5.110481319336379,6.6464
MgSO4,-3.0,1.6616,0.1,0.0,0.0,0.0,1.281392884645887,1.2813930449821378,0.0,0.0,0.0,0.0,0.0,0.380206807555124,0.0,0.0,0.0,0.0,0.0,5.12557221305273,6.6464
MgSO4,-1.0,1.6616,0.1,0.0,0.0,0.0,1.2833674137392905,1.28336758920269,0.0,0.0,0.0,0.0,0.0,0.3782322428209356,0.0,0.0,0.0,0.0,0.0,5.133470401076182,6.6464
MgSO4,5.0,1.6616,0.1,0.0,0.0,0.0,1.287592781520573,1.2875930089782972,0.0,0.0,0.0,0.0,0.0,0.37400674299172704,0.0,0.0,0.0,0.0,0.0,5.150372129068228,6.6464
MgSO4,20.0,1.6616,0.1,0.0,0.0,0.0,1.294211347102053,1.2942117529967296,0.0,0.0,0.0,0.0,0.0,0.3673876093133447,0.0,0.0,0.0,0.0,0.0,5.176847399653266,6.6464
MgSO4,25.0,1.6616,0.1,0.0,0.0,0.0,1.29662829149337,1.2966287735051598,0.0,0.0,0.0,0.0,0.0,0.3649703650994057,0.0,0.0,0.0,0.0,0.0,5.1865156704013895,6.6464
NH4Cl,5.0,0.000977,0.1,0.0,0.0009769999115271525,0.0,0.0,0.0,0.0,0.0009766489964055515,0.0,0.0,0.0,0.0,0.0,0.0,0.0,0.0,0.0,0.0009770055235982303,0.000977
NH4Cl,10.0,0.000977,0.1,0.0,0.0009769999028619455,0.0,0.0,0.0,0.0,0.0009765727552776843,0.0,0.0,0.0,0.0,0.0,0.0,0.0,0.0,0.0,0.0009770071920133234,0.000977
NH4Cl,25.0,0.000977,0.1,0.0,0.00097699986625085,0.0,0.0,0.0,0.0,0.0009762587594683331,0.0,0.0,0.0,0.0,0.0,0.0,0.0,0.0,0.0,0.0009770142348516737,0.000977
NH4Cl,35.0,0.000977,0.1,0.0,0.0009769998304691812,0.0,0.0,0.0,0.0,0.0009759601444735279,0.0,0.0,0.0,0.0,0.0,0.0,0.0,0.0,0.0,0.0009770208354380459,0.000977
NH4Cl,45.0,0.000977,0.1,0.0,0.0009769997821600306,0.0,0.0,0.0,0.0,0.0009755706025274618,0.0,0.0,0.0,0.0,0.0,0.0,0.0,0.0,0.0,0.0009770290512992243,0.000977
NH4Cl,70.0,0.000977,0.1,0.0,0.0009769995745247003,0.0,0.0,0.0,0.0,0.0009740679734691682,0.0,0.0,0.0,0.0,0.0,0.0,0.0,0.0,0.0,0.0009770560850033306,0.000977
NH4Cl,90.0,0.000977,0.1,0.0,0.0009769992498922788,0.0,0.0,0.0,0.0,0.0009721289390151439,0.0,0.0,0.0,0.0,0.0,0.0,0.0,0.0,0.0,0.0009770821515595655,0.000977
NH4Cl,5.0,0.00965,0.1,0.0,0.009649997615363734,0.0,0.0,0.0,0.0,0.009648892130952092,0.0,0.0,0.0,0.0,0.0,0.0,0.0,0.0,0.0,0.009649999675090715,0.00965
NH4Cl,10.0,0.00965,0.1,0.0,0.00964999738491408,0.0,0.0,0.0,0.0,0.009648650946926898,0.0,0.0,0.0,0.0,0.0,0.0,0.0,0.0,0.0,0.00965000006380835,0.00965
NH4Cl,25.0,0.00965,0.1,0.0,0.00964999641239593,0.0,0.0,0.0,0.0,0.009647657246913518,0.0,0.0,0.0,0.0,0.0,0.0,0.0,0.0,0.0,0.00965000171500163,0.00965
NH4Cl,35.0,0.00965,0.1,0.0,0.009649995464016983,0.0,0.0,0.0,0.0,0.00964671212665867,0.0,0.0,0.0,0.0,0.0,0.0,0.0,0.0,0.0,0.009650003237142908,0.00965
NH4Cl,45.0,0.00965,0.1,0.0,0.00964999418660321,0.0,0.0,0.0,0.0,0.00964547942683764,0.0,0.0,0.0,0.0,0.0,0.0,0.0,0.0,0.0,0.00965000504791743,0.00965
NH4Cl,70.0,0.00965,0.1,0.0,0.009649988725272667,0.0,0.0,0.0,0.0,0.009640727201157549,0.0,0.0,0.0,0.0,0.0,0.0,0.0,0.0,0.0,0.009650009843193561,0.00965
NH4Cl,90.0,0.00965,0.1,0.0,0.009649980247693712,0.0,0.0,0.0,0.0,0.009634598543281577,0.0,0.0,0.0,0.0,0.0,0.0,0.0,0.0,0.0,0.009650011413371993,0.00965
NH4Cl,5.0,0.09765,0.1,0.0,0.09764994549428534,0.0,0.0,0.0,0.0,0.09764656255455226,0.0,0.0,0.0,0.0,0.0,0.0,0.0,0.0,0.0,0.09764994641168606,0.09765
NH4Cl,10.0,0.09765,0.1,0.0,0.09764994035262885,0.0,0.0,0.0,0.0,0.09764581651286779,0.0,0.0,0.0,0.0,0.0,0.0,0.0,0.0,0.0,0.097649941548351,0.09765
NH4Cl,25.0,0.09765,0.1,0.0,0.09764991882168297,0.0,0.0,0.0,0.0,0.09764274166140004,0.0,0.0,0.0,0.0,0.0,0.0,0.0,0.0,0.0,0.09764992120765083,0.09765
NH4Cl,35.0,0.09765,0.1,0.0,0.09764989802454697,0.0,0.0,0.0,0.0,0.09763981604805565,0.0,0.0,0.0,0.0,0.0,0.0,0.0,0.0,0.0,0.09764990154500355,0.09765
NH4Cl,45.0,0.09765,0.1,0.0,0.09764987025300695,0.0,0.0,0.0,0.0,0.09763599900578299,0.0,0.0,0.0,0.0,0.0,0.0,0.0,0.0,0.0,0.09764987520813234,0.09765
NH4Cl,70.0,0.09765,0.1,0.0,0.09764975368654508,0.0,0.0,0.0,0.0,0.09762127280443907,0.0,0.0,0.0,0.0,0.0,0.0,0.0,0.0,0.0,0.09764976352931933,0.09765
NH4Cl,90.0,0.09765,0.1,0.0,0.09764957715781214,0.0,0.0,0.0,0.0,0.09760225778547567,0.0,0.0,0.0,0.0,0.0,0.0,0.0,0.0,0.0,0.09764959198149051,0.09765
NH4Cl,-10.0,0.187,0.1,0.0,0.18699989880363765,0.0,0.0,0.0,0.0,0.18699752437914605,0.0,0.0,0.0,0.0,0.0,0.0,0.0,0.0,0.0,0.1869998991071422,0.187
NH4Cl,-6.0,0.187,0.1,0.0,0.18699989414952659,0.0,0.0,0.0,0.0,0.186997052378884,0.0,0.0,0.0,0.0,0.0,0.0,0.0,0.0,0.0,0.1869998945480314,0.187
NH4Cl,-3.0,0.187,0.1,0.0,0.18699988987554536,0.0,0.0,0.0,0.0,0.18699665084723388,0.0,0.0,0.0,0.0,0.0,0.0,0.0,0.0,0.0,0.18699989035849354,0.187
NH4Cl,-1.0,0.187,0.1,0.0,0.18699988665921538,0.0,0.0,0.0,0.0,0.18699635858194982,0.0,0.0,0.0,0.0,0.0,0.0,0.0,0.0,0.0,0.18699988720533542,0.187
NH4Cl,5.0,0.187,0.1,0.0,0.18699987522608913,0.0,0.0,0.0,0.0,0.18699535157161146,0.0,0.0,0.0,0.0,0.0,0.0,0.0,0.0,0.0,0.18699987599826684,0.187
NH4Cl,20.0,0.187,0.1,0.0,0.1869998336643787,0.0,0.0,0.0,0.0,0.18699179096277202,0.0,0.0,0.0,0.0,0.0,0.0,0.0,0.0,0.0,0.18699983528933267,0.187
NH4Cl,25.0,0.187,0.1,0.0,0.18699981493123355,0.0,0.0,0.0,0.0,0.1869901971145832,0.0,0.0,0.0,0.0,0.0,0.0,0.0,0.0,0.0,0.18699981694783602,0.187
NH4Cl,5.0,0.4735,0.1,0.0,0.4734996040553713,0.0,0.0,0.0,0.0,0.4734930602145655,0.0,0.0,0.0,0.0,0.0,0.0,0.0,0.0,0.0,0.47349960468399555,0.4735
NH4Cl,10.0,0.4735,0.1,0.0,0.4734995674338221,0.0,0.0,0.0,0.0,0.47349156897201594,0.0,0.0,0.0,0.0,0.0,0.0,0.0,0.0,0.0,0.47349956825455475,0.4735
NH4Cl,25.0,0.4735,0.1,0.0,0.47349941633322185,0.0,0.0,0.0,0.0,0.4734854157706446,0.0,0.0,0.0,0.0,0.0,0.0,0.0,0.0,0.0,0.47349941798518114,0.4735
NH4Cl,35.0,0.4735,0.1,0.0,0.47349927260262553,0.0,0.0,0.0,0.0,0.4734795537606806,0.0,0.0,0.0,0.0,0.0,0.0,0.0,0.0,0.0,0.47349927505960865,0.4735
NH4Cl,45.0,0.4735,0.1,0.0,0.4734990830933182,0.0,0.0,0.0,0.0,0.47347189696138364,0.0,0.0,0.0,0.0,0.0,0.0,0.0,0.0,0.0,0.4734990865841323,0.4735
NH4Cl,70.0,0.4735,0.1,0.0,0.47349830806465376,0.0,0.0,0.0,0.0,0.47344228464247634,0.0,0.0,0.0,0.0,0.0,0.0,0.0,0.0,0.0,0.47349831519939156,0.4735
NH4Cl,90.0,0.4735,0.1,0.0,0.47349717422384296,0.0,0.0,0.0,0.0,0.4734039137728759,0.0,0.0,0.0,0.0,0.0,0.0,0.0,0.0,0.0,0.47349718526980655,0.4735
NH4Cl,-10.0,0.9348,0.1,0.0,0.9347992620209308,0.0,0.0,0.0,0.0,0.9347951440392421,0.0,0.0,0.0,0.0,0.0,0.0,0.0,0.0,0.0,0.9347992622402446,0.9348
NH4Cl,-6.0,0.9348,0.1,0.0,0.9347992250487106,0.0,0.0,0.0,0.0,0.9347942565205172,0.0,0.0,0.0,0.0,0.0,0.0,0.0,0.0,0.0,0.9347992253355527,0.9348
NH4Cl,-3.0,0.9348,0.1,0.0,0.9347991922524969,0.0,0.0,0.0,0.0,0.9347935002580262,0.0,0.0,0.0,0.0,0.0,0.0,0.0,0.0,0.0,0.9347991925994799,0.9348
NH4Cl,-1.0,0.9348,0.1,0.0,0.9347991679786257,0.0,0.0,0.0,0.0,0.9347929492876806,0.0,0.0,0.0,0.0,0.0,0.0,0.0,0.0,0.0,0.9347991683706793,0.9348
NH4Cl,5.0,0.9348,0.1,0.0,0.9347990833086014,0.0,0.0,0.0,0.0,0.934791048648523,0.0,0.0,0.0,0.0,0.0,0.0,0.0,0.0,0.0,0.9347990838625155,0.9348
NH4Cl,20.0,0.9348,0.1,0.0,0.9347987847819946,0.0,0.0,0.0,0.0,0.9347843123958162,0.0,0.0,0.0,0.0,0.0,0.0,0.0,0.0,0.0,0.9347987859543254,0.9348
NH4Cl,25.0,0.9348,0.1,0.0,0.934798652733555,0.0,0.0,0.0,0.0,0.9347812916264147,0.0,0.0,0.0,0.0,0.0,0.0,0.0,0.0,0.0,0.9347986541937054,0.9348
NH4Cl,5.0,1.034,0.1,0.0,1.0339989608563602,0.0,0.0,0.0,0.0,1.0339907411338518,0.0,0.0,0.0,0.0,0.0,0.0,0.0,0.0,0.0,1.0339989614007068,1.034
NH4Cl,10.0,1.034,0.1,0.0,1.0339988645013125,0.0,0.0,0.0,0.0,1.0339887793779294,0.0,0.0,0.0,0.0,0.0,0.0,0.0,0.0,0.0,1.0339988652118817,1.034
NH4Cl,25.0,1.034,0.1,0.0,1.0339984729078422,0.0,0.0,0.0,0.0,1.033980673370365,0.0,0.0,0.0,0.0,0.0,0.0,0.0,0.0,0.0,1.0339984743429413,1.034
NH4Cl,35.0,1.034,0.1,0.0,1.0339981053995508,0.0,0.0,0.0,0.0,1.0339729385308825,0.0,0.0,0.0,0.0,0.0,0.0,0.0,0.0,0.0,1.0339981075437854,1.034
NH4Cl,45.0,1.034,0.1,0.0,1.0339976256581944,0.0,0.0,0.0,0.0,1.0339628209437544,0.0,0.0,0.0,0.0,0.0,0.0,0.0,0.0,0.0,1.0339976287227017,1.034
NH4Cl,70.0,1.034,0.1,0.0,1.0339957010749719,0.0,0.0,0.0,0.0,1.0339235710518542,0.0,0.0,0.0,0.0,0.0,0.0,0.0,0.0,0.0,1.0339957074599104,1.034
NH4Cl,90.0,1.034,0.1,0.0,1.0339929550258622,0.0,0.0,0.0,0.0,1.033872493964829,0.0,0.0,0.0,0.0,0.0,0.0,0.0,0.0,0.0,1.0339929651024318,1.034
NH4Cl,-10.0,1.4021,0.1,0.0,1.4020987849142703,0.0,0.0,0.0,0.0,1.4020944145893932,0.0,0.0,0.0,0.0,0.0,0.0,0.0,0.0,0.0,1.402098785120857,1.4021
NH4Cl,-6.0,1.4021,0.1,0.0,1.402098719866802,0.0,0.0,0.0,0.0,1.4020934208295264,0.0,0.0,0.0,0.0,0.0,0.0,0.0,0.0,0.0,1.4020987201361224,1.4021
NH4Cl,-3.0,1.4021,0.1,0.0,1.402098663187817,0.0,0.0,0.0,0.0,1.4020925733946557,0.0,0.0,0.0,0.0,0.0,0.0,0.0,0.0,0.0,1.4020986635129988,1.4021
NH4Cl,-1.0,1.4021,0.1,0.0,1.4020986216093971,0.0,0.0,0.0,0.0,1.402091955745179,0.0,0.0,0.0,0.0,0.0,0.0,0.0,0.0,0.0,1.4020986219764469,1.4021
NH4Cl,5.0,1.4021,0.1,0.0,1.4020984780612786,0.0,0.0,0.0,0.0,1.4020898239634805,0.0,0.0,0.0,0.0,0.0,0.0,0.0,0.0,0.0,1.402098478578765,1.4021
NH4Cl,20.0,1.4021,0.1,0.0,1.4020979799624116,0.0,0.0,0.0,0.0,1.4020822605563785,0.0,0.0,0.0,0.0,0.0,0.0,0.0,0.0,0.0,1.4020979810564,1.4021
NH4Cl,25.0,1.4021,0.1,0.0,1.4020977615865269,0.0,0.0,0.0,0.0,1.4020788660978212,0.0,0.0,0.0,0.0,0.0,0.0,0.0,0.0,0.0,1.4020977629498304,1.4021
NH4Cl,-10.0,1.8005,0.1,0.0,1.8004983445587737,0.0,0.0,0.0,0.0,1.800493955274438,0.0,0.0,0.0,0.0,0.0,0.0,0.0,0.0,0.0,1.8004983447591625,1.8005
NH4Cl,-6.0,1.8005,0.1,0.0,1.8004982505267244,0.0,0.0,0.0,0.0,1.8004929057020758,0.0,0.0,0.0,0.0,0.0,0.0,0.0,0.0,0.0,1.800498250787161,1.8005
NH4Cl,-3.0,1.8005,0.1,0.0,1.8004981696637639,0.0,0.0,0.0,0.0,1.8004920102495436,0.0,0.0,0.0,0.0,0.0,0.0,0.0,0.0,0.0,1.8004981699776388,1.8005
NH4Cl,-1.0,1.8005,0.1,0.0,1.800498110746527,0.0,0.0,0.0,0.0,1.8004913574417463,0.0,0.0,0.0,0.0,0.0,0.0,0.0,0.0,0.0,1.8004981111004437,1.8005
NH4Cl,5.0,1.8005,0.1,0.0,1.8004979089639321,0.0,0.0,0.0,0.0,1.8004891036401443,0.0,0.0,0.0,0.0,0.0,0.0,0.0,0.0,0.0,1.8004979094617157,1.8005
NH4Cl,20.0,1.8005,0.1,0.0,1.8004972176399248,0.0,0.0,0.0,0.0,1.8004811027240177,0.0,0.0,0.0,0.0,0.0,0.0,0.0,0.0,0.0,1.8004972186897046,1.8005
NH4Cl,25.0,1.8005,0.1,0.0,1.800496916667202,0.0,0.0,0.0,0.0,1.8004775102365402,0.0,0.0,0.0,0.0,0.0,0.0,0.0,0.0,0.0,1.8004969179753718,1.8005
Na2CO3,5.0,0.000912,0.1,0.0,0.0,0.0018237955884249344,0.0,0.0,0.0,0.0,0.0007071309449205561,0.0,0.0,0.0,0.0,0.0,0.0,0.0,0.0,0.002530926543548397,0.002736
Na2CO3,10.0,0.000912,0.1,0.0,0.0,0.0018237695961207617,0.0,0.0,0.0,0.0,0.0006780654664113,0.0,0.0,0.0,0.0,0.0,0.0,0.0,0.0,0.0025018350766678903,0.002736
Na2CO3,25.0,0.000912,0.1,0.0,0.0,0.0018236743415049855,0.0,0.0,0.0,0.0,0.0005781634425211705,0.0,0.0,0.0,0.0,0.0,0.0,0.0,0.0,0.002401837817933549,0.002736
Na2CO3,35.0,0.000912,0.1,0.0,0.0,0.0018235979060805525,0.0,0.0,0.0,0.0,0.0005037296834604943,0.0,0.0,0.0,0.0,0.0,0.0,0.0,0.0,0.002327327646381839,0.002736
Na2CO3,45.0,0.000912,0.1,0.0,0.0,0.0018235136116934723,0.0,0.0,0.0,0.0,0.00042679036892666924,0.0,0.0,0.0,0.0,0.0,0.0,0.0,0.0,0.0022503040721410968,0.002736
Na2CO3,70.0,0.000912,0.1,0.0,0.0,0.0018232892483971176,0.0,0.0,0.0,0.0,0.00024892944339473206,0.0,0.0,0.0,0.0,0.0,0.0,0.0,0.0,0.002072218955878617,0.002736
Na2CO3,90.0,0.000912,0.1,0.0,0.0,0.0018231184785265028,0.0,0.0,0.0,0.0,0.00014518511964650366,0.0,0.0,0.0,0.0,0.0,0.0,0.0,0.0,0.0019683041523350002,0.002736
Na2CO3,5.0,0.01031,0.1,0.0,0.0,0.02061386748129812,0.0,0.0,0.0,0.0,0.009621168720607174,0.0,0.0,0.0,0.0,0.0,0.0,0.0,0.0,0.030235036205782335,0.03093
Na2CO3,10.0,0.01031,0.1,0.0,0.0,0.0206129971903366,0.0,0.0,0.0,0.0,0.009511848934368447,0.0,0.0,0.0,0.0,0.0,0.0,0.0,0.0,0.030124846130006443,0.03093
Na2CO3,25.0,0.01031,0.1,0.0,0.0,0.020609592135834198,0.0,0.0,0.0,0.0,0.009105695520086853,0.0,0.0,0.0,0.0,0.0,0.0,0.0,0.0,0.02971528766801124,0.03093
Na2CO3,35.0,0.01031,0.1,0.0,0.0,0.02060657004378051,0.0,0.0,0.0,0.0,0.008764454412782603,0.0,0.0,0.0,0.0,0.0,0.0,0.0,0.0,0.0293710244759531,0.03093
Na2CO3,45.0,0.01031,0.1,0.0,0.0,0.020602863880893725,0.0,0.0,0.0,0.0,0.008364065136290606,0.0,0.0,0.0,0.0,0.0,0.0,0.0,0.0,0.02896692904677544,0.03093
Na2CO3,70.0,0.01031,0.1,0.0,0.0,0.020590247943191493,0.0,0.0,0.0,0.0,0.007115050606942652,0.0,0.0,0.0,0.0,0.0,0.0,0.0,0.0,0.027705298621929022,0.03093
Na2CO3,90.0,0.01031,0.1,0.0,0.0,0.020576527638303012,0.0,0.0,0.0,0.0,0.005918829973196311,0.0,0.0,0.0,0.0,0.0,0.0,0.0,0.0,0.02649535773921532,0.03093
Na2CO3,-6.0,0.0472,0.1,0.0,0.0,0.09436854272619524,0.0,0.0,0.0,0.0,0.04623276172208851,0.0,0.0,0.0,0.0,0.0,0.0,0.0,0.0,0.14060130444952862,0.1416
Na2CO3,-3.0,0.0472,0.1,0.0,0.0,0.09436607709746747,0.0,0.0,0.0,0.0,0.046134339620999255,0.0,0.0,0.0,0.0,0.0,0.0,0.0,0.0,0.14050041672002428,0.1416
Na2CO3,-1.0,0.0472,0.1,0.0,0.0,0.09436428272417248,0.0,0.0,0.0,0.0,0.04606428563688437,0.0,0.0,0.0,0.0,0.0,0.0,0.0,0.0,0.14042856836285472,0.1416
Na2CO3,5.0,0.0472,0.1,0.0,0.0,0.09435814690833706,0.0,0.0,0.0,0.0,0.04583150749496906,0.0,0.0,0.0,0.0,0.0,0.0,0.0,0.0,0.14018965440600176,0.1416
Na2CO3,20.0,0.0472,0.1,0.0,0.0,0.09433730040373056,0.0,0.0,0.0,0.0,0.045082797932763666,0.0,0.0,0.0,0.0,0.0,0.0,0.0,0.0,0.13942009834296382,0.1416
Na2CO3,25.0,0.0472,0.1,0.0,0.0,0.09432835994635855,0.0,0.0,0.0,0.0,0.04477370126638617,0.0,0.0,0.0,0.0,0.0,0.0,0.0,0.0,0.13910206122110227,0.1416
Na2CO3,5.0,0.09334,0.1,0.0,0.0,0.18658610019510438,0.0,0.0,0.0,0.0,0.0914994767493988,0.0,0.0,0.0,0.0,0.0,0.0,0.0,0.0,0.2780855769469547,0.28002000000000005
Na2CO3,10.0,0.09334,0.1,0.0,0.0,0.1865724597896406,0.0,0.0,0.0,0.0,0.09119957071940532,0.0,0.0,0.0,0.0,0.0,0.0,0.0,0.0,0.2777720305123943,0.28002000000000005
Na2CO3,25.0,0.09334,0.1,0.0,0.0,0.18651861433226918,0.0,0.0,0.0,0.0,0.09006392234261441,0.0,0.0,0.0,0.0,0.0,0.0,0.0,0.0,0.27658253668248917,0.28002000000000005
Na2CO3,35.0,0.09334,0.1,0.0,0.0,0.18647014951172908,0.0,0.0,0.0,0.0,0.08908251060975508,0.0,0.0,0.0,0.0,0.0,0.0,0.0,0.0,0.2755526601336342,0.28002000000000005
Na2CO3,45.0,0.09334,0.1,0.0,0.0,0.18640979340075423,0.0,0.0,0.0,0.0,0.08789666040155973,0.0,0.0,0.0,0.0,0.0,0.0,0.0,0.0,0.27430645382075564,0.28002000000000005
Na2CO3,70.0,0.09334,0.1,0.0,0.0,0.18619586931406654,0.0,0.0,0.0,0.0,0.08391707662576565,0.0,0.0,0.0,0.0,0.0,0.0,0.0,0.0,0.27011294598354485,0.28002000000000005
Na2CO3,90.0,0.09334,0.1,0.0,0.0,0.1859458894412733,0.0,0.0,0.0,0.0,0.07958747443115169,0.0,0.0,0.0,0.0,0.0,0.0,0.0,0.0,0.26553336394772686,0.28002000000000005
Na2CO3,-10.0,0.0943,0.1,0.0,0.0,0.1885353636237413,0.0,0.0,0.0,0.0,0.09315650509113373,0.0,0.0,0.0,0.0,0.0,0.0,0.0,0.0,0.2816918687156997,0.2829
Na2CO3,-6.0,0.0943,0.1,0.0,0.0,0.18852878015955438,0.0,0.0,0.0,0.0,0.09299512149648514,0.0,0.0,0.0,0.0,0.0,0.0,0.0,0.0,0.28152390165717145,0.2829
Na2CO3,-3.0,0.0943,0.1,0.0,0.0,0.18852313549517363,0.0,0.0,0.0,0.0,0.09286193933795532,0.0,0.0,0.0,0.0,0.0,0.0,0.0,0.0,0.28138507483454495,0.2829
Na2CO3,-1.0,0.0943,0.1,0.0,0.0,0.1885190277571373,0.0,0.0,0.0,0.0,0.09276706379473562,0.0,0.0,0.0,0.0,0.0,0.0,0.0,0.0,0.2812860915535072,0.2829
Na2CO3,5.0,0.0943,0.1,0.0,0.0,0.1885049790266662,0.0,0.0,0.0,0.0,0.09245136768938723,0.0,0.0,0.0,0.0,0.0,0.0,0.0,0.0,0.28095634671850345,0.2829
Na2CO3,20.0,0.0943,0.1,0.0,0.0,0.18845719384156018,0.0,0.0,0.0,0.0,0.09143187385807988,0.0,0.0,0.0,0.0,0.0,0.0,0.0,0.0,0.2798890677055211,0.2829
Na2CO3,25.0,0.0943,0.1,0.0,0.0,0.18843667273506406,0.0,0.0,0.0,0.0,0.09100929160659912,0.0,0.0,0.0,0.0,0.0,0.0,0.0,0.0,0.2794459643492617,0.2829
Na2CO3,-10.0,0.2359,0.1,0.0,0.0,0.47162193703849126,0.0,0.0,0.0,0.0,0.23422644659825873,0.0,0.0,0.0,0.0,0.0,0.0,0.0,0.0,0.7058483836375294,0.7077
Na2CO3,-6.0,0.2359,0.1,0.0,0.0,0.4716030176359711,0.0,0.0,0.0,0.0,0.23398910641899473,0.0,0.0,0.0,0.0,0.0,0.0,0.0,0.0,0.7055921240560348,0.7077
Na2CO3,-3.0,0.2359,0.1,0.0,0.0,0.4715868002705691,0.0,0.0,0.0,0.0,0.23379279354322838,0.0,0.0,0.0,0.0,0.0,0.0,0.0,0.0,0.7053795938151338,0.7077
Na2CO3,-1.0,0.2359,0.1,0.0,0.0,0.4715749939897861,0.0,0.0,0.0,0.0,0.2336527285159162,0.0,0.0,0.0,0.0,0.0,0.0,0.0,0.0,0.705227722507244,0.7077
Na2CO3,5.0,0.2359,0.1,0.0,0.0,0.47153456338219224,0.0,0.0,0.0,0.0,0.23318552469040782,0.0,0.0,0.0,0.0,0.0,0.0,0.0,0.0,0.7047200880749088,0.7077
Na2CO3,20.0,0.2359,0.1,0.0,0.0,0.4713963391943522,0.0,0.0,0.0,0.0,0.23166702161863134,0.0,0.0,0.0,0.0,0.0,0.0,0.0,0.0,0.7030633608185168,0.7077
Na2CO3,25.0,0.2359,0.1,0.0,0.0,0.4713366790131872,0.0,0.0,0.0,0.0,0.23103391054233027,0.0,0.0,0.0,0.0,0.0,0.0,0.0,0.0,0.7023705895626654,0.7077
Na2CO3,5.0,0.3041,0.1,0.0,0.0,0.607852371848342,0.0,0.0,0.0,0.0,0.30109674395402536,0.0,0.0,0.0,0.0,0.0,0.0,0.0,0.0,0.9089491158046671,0.9122999999999999
Na2CO3,10.0,0.3041,0.1,0.0,0.0,0.6077993424528781,0.0,0.0,0.0,0.0,0.3005992953384088,0.0,0.0,0.0,0.0,0.0,0.0,0.0,0.0,0.9083986377944233,0.9122999999999999
Na2CO3,25.0,0.3041,0.1,0.0,0.0,0.6075881700638356,0.0,0.0,0.0,0.0,0.29869901780128616,0.0,0.0,0.0,0.0,0.0,0.0,0.0,0.0,0.9062871878722255,0.9122999999999999
Na2CO3,35.0,0.3041,0.1,0.0,0.0,0.6073960750324173,0.0,0.0,0.0,0.0,0.29703893605439546,0.0,0.0,0.0,0.0,0.0,0.0,0.0,0.0,0.9044350110981539,0.9122999999999999
Na2CO3,45.0,0.3041,0.1,0.0,0.0,0.6071548313896725,0.0,0.0,0.0,0.0,0.2950138045861187,0.0,0.0,0.0,0.0,0.0,0.0,0.0,0.0,0.902168635993008,0.9122999999999999
Na2CO3,70.0,0.3041,0.1,0.0,0.0,0.6062877931950372,0.0,0.0,0.0,0.0,0.28808143554259114,0.0,0.0,0.0,0.0,0.0,0.0,0.0,0.0,0.8943692287785636,0.9122999999999999
Na2CO3,90.0,0.3041,0.1,0.0,0.0,0.6052602195940894,0.0,0.0,0.0,0.0,0.28031741038365576,0.0,0.0,0.0,0.0,0.0,0.0,0.0,0.0,0.8855776300485841,0.9122999999999999
Na2CO3,-10.0,0.3774,0.1,0.0,0.0,0.7545126445494398,0.0,0.0,0.0,0.0,0.3753955102024126,0.0,0.0,0.0,0.0,0.0,0.0,0.0,0.0,1.1299081547526357,1.1322
Na2CO3,-6.0,0.3774,0.1,0.0,0.0,0.7544807874199223,0.0,0.0,0.0,0.0,0.3751093250287449,0.0,0.0,0.0,0.0,0.0,0.0,0.0,0.0,1.1295901124497385,1.1322
Na2CO3,-3.0,0.3774,0.1,0.0,0.0,0.7544534628813508,0.0,0.0,0.0,0.0,0.37487214535805014,0.0,0.0,0.0,0.0,0.0,0.0,0.0,0.0,1.1293256082407377,1.1322
Na2CO3,-1.0,0.3774,0.1,0.0,0.0,0.754433552071608,0.0,0.0,0.0,0.0,0.3747026956285423,0.0,0.0,0.0,0.0,0.0,0.0,0.0,0.0,1.1291362477016909,1.1322
Na2CO3,5.0,0.3774,0.1,0.0,0.0,0.7543652244208263,0.0,0.0,0.0,0.0,0.37413627755552065,0.0,0.0,0.0,0.0,0.0,0.0,0.0,0.0,1.1285015019786477,1.1322
Na2CO3,20.0,0.3774,0.1,0.0,0.0,0.7541299651163339,0.0,0.0,0.0,0.0,0.37228522490201077,0.0,0.0,0.0,0.0,0.0,0.0,0.0,0.0,1.126415190023833,1.1322
Na2CO3,25.0,0.3774,0.1,0.0,0.0,0.754027736537578,0.0,0.0,0.0,0.0,0.3715097727689893,0.0,0.0,0.0,0.0,0.0,0.0,0.0,0.0,1.1255375093136493,1.1322
Na2CO3,-6.0,0.5189,0.1,0.0,0.0,1.0373649275870067,0.0,0.0,0.0,0.0,0.5163340611428483,0.0,0.0,0.0,0.0,0.0,0.0,0.0,0.0,1.5536989887309312,1.5567000000000002
Na2CO3,-3.0,0.5189,0.1,0.0,0.0,1.0373262436730686,0.0,0.0,0.0,0.0,0.516065911756394,0.0,0.0,0.0,0.0,0.0,0.0,0.0,0.0,1.5533921554308041,1.5567000000000002
Na2CO3,-1.0,0.5189,0.1,0.0,0.0,1.0372980216372376,0.0,0.0,0.0,0.0,0.5158740800554681,0.0,0.0,0.0,0.0,0.0,0.0,0.0,0.0,1.5531721016942501,1.5567000000000002
Na2CO3,5.0,0.5189,0.1,0.0,0.0,1.0372009325995248,0.0,0.0,0.0,0.0,0.515231478835162,0.0,0.0,0.0,0.0,0.0,0.0,0.0,0.0,1.552432411436989,1.5567000000000002
Na2CO3,20.0,0.5189,0.1,0.0,0.0,1.0368639778389315,0.0,0.0,0.0,0.0,0.5131197891242714,0.0,0.0,0.0,0.0,0.0,0.0,0.0,0.0,1.54998376696867,1.5567000000000002
Na2CO3,25.0,0.5189,0.1,0.0,0.0,1.0367164660749755,0.0,0.0,0.0,0.0,0.5122308664539836,0.0,0.0,0.0,0.0,0.0,0.0,0.0,0.0,1.548947332536005,1.5567000000000002
Na2SO4,5.0,0.0001,0.1,0.0,0.0,0.00019991319059088202,0.0,9.991295986603441e-05,0.0,0.0,0.0,0.0,8.68042112427859e-08,0.0,0.0,0.0,0.0,0.0,0.0,0.00029987011560417704,0.00030000000000000003
Na2SO4,10.0,0.0001,0.1,0.0,0.0,0.000199913043211752,0.0,9.99127183404244e-05,0.0,0.0,0.0,0.0,8.695033318523916e-08,0.0,0.0,0.0,0.0,0.0,0.0,0.00029988104812730205,0.00030000000000000003
Na2SO4,25.0,0.0001,0.1,0.0,0.0,0.00019990749677315244,0.0,9.990660936269082e-05,0.0,0.0,0.0,0.0,9.249138683369864e-08,0.0,0.0,0.0,0.0,0.0,0.0,0.0002999162873382415,0.00030000000000000003
Na2SO4,35.0,0.0001,0.1,0.0,0.0,0.00019990047382757479,0.0,9.989878128024795e-05,0.0,0.0,0.0,0.0,9.950903922465122e-08,0.0,0.0,0.0,0.0,0.0,0.0,0.00029994539407681,0.00030000000000000003
Na2SO4,45.0,0.0001,0.1,0.0,0.0,0.00019989109992891294,0.0,9.988794120938082e-05,0.0,0.0,0.0,0.0,1.088759100650509e-07,0.0,0.0,0.0,0.0,0.0,0.0,0.0002999808581900373,0.00030000000000000003
Na2SO4,70.0,0.0001,0.1,0.0,0.0,0.00019985689946404523,0.0,9.984325168811099e-05,0.0,0.0,0.0,0.0,1.4304880960676657e-07,0.0,0.0,0.0,0.0,0.0,0.0,0.000300097555765148,0.00030000000000000003
Na2SO4,90.0,0.0001,0.1,0.0,0.0,0.00019981607322391222,0.0,9.9776091871427e-05,0.0,0.0,0.0,0.0,1.8383908650429039e-07,0.0,0.0,0.0,0.0,0.0,0.0,0.00030020224961945326,0.00030000000000000003
Na2SO4,5.0,0.001,0.1,0.0,0.0,0.001992633661626579,0.0,0.0009926316712204795,0.0,0.0,0.0,0.0,7.36628775510442e-06,0.0,0.0,0.0,0.0,0.0,0.0,0.002985310261672951,0.003
Na2SO4,10.0,0.001,0.1,0.0,0.0,0.001992627930632372,0.0,0.0009926251331031563,0.0,0.0,0.0,0.0,7.37200638394895e-06,0.0,0.0,0.0,0.0,0.0,0.0,0.0029853094535402082,0.003
Na2SO4,25.0,0.001,0.1,0.0,0.0,0.0019921875081717515,0.0,0.0009921799470799548,0.0,0.0,0.0,0.0,7.812375300549067e-06,0.0,0.0,0.0,0.0,0.0,0.0,0.002984470771257393,0.003
Na2SO4,35.0,0.001,0.1,0.0,0.0,0.001991621984992756,0.0,0.0009916077280194178,0.0,0.0,0.0,0.0,8.377844895350246e-06,0.0,0.0,0.0,0.0,0.0,0.0,0.0029833761580926824,0.003
Na2SO4,45.0,0.001,0.1,0.0,0.0,0.0019908680119967445,0.0,0.0009908418150001925,0.0,0.0,0.0,0.0,9.131745192821276e-06,0.0,0.0,0.0,0.0,0.0,0.0,0.0029819095867641933,0.003
Na2SO4,70.0,0.001,0.1,0.0,0.0,0.0019881424181215205,0.0,0.000988036102027875,0.0,0.0,0.0,0.0,1.1857034702387736e-05,0.0,0.0,0.0,0.0,0.0,0.0,0.0029765518598517567,0.003
Na2SO4,90.0,0.001,0.1,0.0,0.0,0.0019849421603076113,0.0,0.0009846556363842644,0.0,0.0,0.0,0.0,1.5056843230834204e-05,0.0,0.0,0.0,0.0,0.0,0.0,0.002970130686508772,0.003
Na2SO4,5.0,0.01,0.1,0.0,0.0,0.01953812181912422,0.0,0.009538109384986487,0.0,0.0,0.0,0.0,0.0004618776909834465,0.0,0.0,0.0,0.0,0.0,0.0,0.02907627668847446,0.03
Na2SO4,10.0,0.01,0.1,0.0,0.0,0.019538227666714276,0.0,0.009538210365415701,0.0,0.0,0.0,0.0,0.00046177171768900494,0.0,0.0,0.0,0.0,0.0,0.0,0.029076494592818247,0.03
Na2SO4,25.0,0.01,0.1,0.0,0.0,0.019514436001462056,0.0,0.009514391280199017,0.0,0.0,0.0,0.0,0.00048556281476219433,0.0,0.0,0.0,0.0,0.0,0.0,0.029028927042529174,0.03
Na2SO4,35.0,0.01,0.1,0.0,0.0,0.019483645666507385,0.0,0.009483564768906966,0.0,0.0,0.0,0.0,0.0005163525457562232,0.0,0.0,0.0,0.0,0.0,0.0,0.028967347075259605,0.03
Na2SO4,45.0,0.01,0.1,0.0,0.0,0.01944310819295904,0.0,0.009442966878269739,0.0,0.0,0.0,0.0,0.00055688914957023,0.0,0.0,0.0,0.0,0.0,0.0,0.028886253883725694,0.03
Na2SO4,70.0,0.01,0.1,0.0,0.0,0.019301903814542238,0.0,0.00930141497033996,0.0,0.0,0.0,0.0,0.0006980893970716572,0.0,0.0,0.0,0.0,0.0,0.0,0.028603612369671478,0.03
Na2SO4,90.0,0.01,0.1,0.0,0.0,0.01914559901841905,0.0,0.009144459549094664,0.0,0.0,0.0,0.0,0.0008543872028917035,0.0,0.0,0.0,0.0,0.0,0.0,0.028290432513473292,0.03
Na2SO4,5.0,0.1001,0.1,0.0,0.0,0.183828769773687,0.0,0.08372872885581499,0.0,0.0,0.0,0.0,0.016371225817631736,0.0,0.0,0.0,0.0,0.0,0.0,0.26755754634386514,0.3003
Na2SO4,10.0,0.1001,0.1,0.0,0.0,0.18373734488175694,0.0,0.08363728844152044,0.0,0.0,0.0,0.0,0.01646264947903302,0.0,0.0,0.0,0.0,0.0,0.0,0.2673746918428583,0.3003
Na2SO4,25.0,0.1001,0.1,0.0,0.0,0.1828442878398498,0.0,0.08274414833552653,0.0,0.0,0.0,0.0,0.017355700704381277,0.0,0.0,0.0,0.0,0.0,0.0,0.2655885346196665,0.3003
Na2SO4,35.0,0.1001,0.1,0.0,0.0,0.18189238491927623,0.0,0.08179214251002455,0.0,0.0,0.0,0.0,0.01830759715155891,0.0,0.0,0.0,0.0,0.0,0.0,0.26368465782724854,0.3003
Na2SO4,45.0,0.1001,0.1,0.0,0.0,0.1807355906829464,0.0,0.08063518557198675,0.0,0.0,0.0,0.0,0.01946438177972409,0.0,0.0,0.0,0.0,0.0,0.0,0.26137094149081325,0.3003
Na2SO4,70.0,0.1001,0.1,0.0,0.0,0.17715432383784727,0.0,0.0770530686131836,0.0,0.0,0.0,0.0,0.02304560166599567,0.0,0.0,0.0,0.0,0.0,0.0,0.2542076474811998,0.3003
Na2SO4,90.0,0.1001,0.1,0.0,0.0,0.17370708866868034,0.0,0.07360437264195802,0.0,0.0,0.0,0.0,0.02649275803825932,0.0,0.0,0.0,0.0,0.0,0.0,0.24731177929576068,0.3003
Na2SO4,5.0,0.1989,0.1,0.0,0.0,0.356274939827304,0.0,0.15737488935592905,0.0,0.0,0.0,0.0,0.041525052184923264,0.0,0.0,0.0,0.0,0.0,0.0,0.5136498796735757,0.5967
Na2SO4,10.0,0.1989,0.1,0.0,0.0,0.3557922814898925,0.0,0.1568922117061873,0.0,0.0,0.0,0.0,0.04200770822970989,0.0,0.0,0.0,0.0,0.0,0.0,0.5126845549088487,0.5967
Na2SO4,25.0,0.1989,0.1,0.0,0.0,0.3530643785011436,0.0,0.1541642059464323,0.0,0.0,0.0,0.0,0.044735600287784553,0.0,0.0,0.0,0.0,0.0,0.0,0.507228687272646,0.5967
Na2SO4,35.0,0.1989,0.1,0.0,0.0,0.35054270398164916,0.0,0.1516424051508412,0.0,0.0,0.0,0.0,0.04725726256921372,0.0,0.0,0.0,0.0,0.0,0.0,0.5021852446334845,0.5967
Na2SO4,45.0,0.1989,0.1,0.0,0.0,0.3476473391523351,0.0,0.1487468421769236,0.0,0.0,0.0,0.0,0.050152609206642294,0.0,0.0,0.0,0.0,0.0,0.0,0.4963943523990795,0.5967
Na2SO4,70.0,0.1989,0.1,0.0,0.0,0.339283002363934,0.0,0.14038148418228721,0.0,0.0,0.0,0.0,0.058516857515897434,0.0,0.0,0.0,0.0,0.0,0.0,0.47966475007199955,0.5967
Na2SO4,90.0,0.1989,0.1,0.0,0.0,0.33176101576455486,0.0,0.13285776625972012,0.0,0.0,0.0,0.0,0.06603869762419667,0.0,0.0,0.0,0.0,0.0,0.0,0.4646191123866322,0.5967
Na2SO4,5.0,0.4999,0.1,0.0,0.0,0.869644544438837,0.0,0.36974448530748655,0.0,0.0,0.0,0.0,0.13015543923749046,0.0,0.0,0.0,0.0,0.0,0.0,1.2393890861976218,1.4997
Na2SO4,10.0,0.4999,0.1,0.0,0.0,0.8661618753899928,0.0,0.36626179278988974,0.0,0.0,0.0,0.0,0.1336381033687678,0.0,0.0,0.0,0.0,0.0,0.0,1.2324237368415243,1.4997
Na2SO4,25.0,0.4999,0.1,0.0,0.0,0.853377124012803,0.0,0.3534769163243914,0.0,0.0,0.0,0.0,0.14642283101095274,0.0,0.0,0.0,0.0,0.0,0.0,1.206854153339151,1.4997
Na2SO4,35.0,0.4999,0.1,0.0,0.0,0.8438323846661075,0.0,0.3439320238434415,0.0,0.0,0.0,0.0,0.15596754358324505,0.0,0.0,0.0,0.0,0.0,0.0,1.187764556578692,1.4997
Na2SO4,45.0,0.4999,0.1,0.0,0.0,0.8339432541358599,0.0,0.33404265440314523,0.0,0.0,0.0,0.0,0.1658566342687995,0.0,0.0,0.0,0.0,0.0,0.0,1.1679860948579206,1.4997
Na2SO4,70.0,0.4999,0.1,0.0,0.0,0.8088545669648887,0.0,0.308952751826204,0.0,0.0,0.0,0.0,0.1909451291673522,0.0,0.0,0.0,0.0,0.0,0.0,1.117807606396288,1.4997
Na2SO4,90.0,0.4999,0.1,0.0,0.0,0.7889560615475266,0.0,0.2890522156601672,0.0,0.0,0.0,0.0,0.21084332198027897,0.0,0.0,0.0,0.0,0.0,0.0,1.078008641646185,1.4997
Na2SO4,5.0,0.5,0.1,0.0,0.0,0.8698141029185128,0.0,0.3698140437861829,0.0,0.0,0.0,0.0,0.13018588075548485,0.0,0.0,0.0,0.0,0.0,0.0,1.2396282031574608,1.5
Na2SO4,10.0,0.5,0.1,0.0,0.0,0.8663300241064884,0.0,0.3663299415047359,0.0,0.0,0.0,0.0,0.13366995464917658,0.0,0.0,0.0,0.0,0.0,0.0,1.2326600342745706,1.5
Na2SO4,20.0,0.5,0.1,0.0,0.0,0.8580794847619548,0.0,0.3580793300210902,0.0,0.0,0.0,0.0,0.14192047997257723,0.0,0.0,0.0,0.0,0.0,0.0,1.2161589117960903,1.5
Na2SO4,5.0,0.75,0.1,0.0,0.0,1.2934154929352284,0.0,0.5434154329133142,0.0,0.0,0.0,0.0,0.20658448552059652,0.0,0.0,0.0,0.0,0.0,0.0,1.8368309851305447,2.25
Na2SO4,10.0,0.75,0.1,0.0,0.0,1.2856561934434187,0.0,0.5356561089036991,0.0,0.0,0.0,0.0,0.21434377832849716,0.0,0.0,0.0,0.0,0.0,0.0,1.8213123742830744,2.25
Na2SO4,20.0,0.75,0.1,0.0,0.0,1.2689302085212082,0.0,0.5189300483572437,0.0,0.0,0.0,0.0,0.23106974409511202,0.0,0.0,0.0,0.0,0.0,0.0,1.7878603581128263,2.25
NaCl,5.0,0.000104,0.1,0.0,0.00010399841000103494,0.00010399840840908702,0.0,0.0,0.0,0.0,0.0,0.0,0.0,0.0,0.0,0.0,0.0,0.0,0.0,0.00010404212936531992,0.000104
NaCl,10.0,0.000104,0.1,0.0,0.00010399837860660561,0.0001039983764986249,0.0,0.0,0.0,0.0,0.0,0.0,0.0,0.0,0.0,0.0,0.0,0.0,0.0,0.00010405336980386865,0.000104
NaCl,25.0,0.000104,0.1,0.0,0.00010399823292922838,0.00010399822856536229,0.0,0.0,0.0,0.0,0.0,0.0,0.0,0.0,0.0,0.0,0.0,0.0,0.0,0.00010409998881236396,0.000104
NaCl,35.0,0.000104,0.1,0.0,0.0001039980988458268,0.00010399809223758019,0.0,0.0,0.0,0.0,0.0,0.0,0.0,0.0,0.0,0.0,0.0,0.0,0.0,0.00010414381576778249,0.000104
NaCl,45.0,0.000104,0.1,0.0,0.00010399793681500383,0.00010399792722435483,0.0,0.0,0.0,0.0,0.0,0.0,0.0,0.0,0.0,0.0,0.0,0.0,0.0,0.00010419954142349718,0.000104
NaCl,70.0,0.000104,0.1,0.0,0.00010399740073614835,0.00010399737967243795,0.0,0.0,0.0,0.0,0.0,0.0,0.0,0.0,0.0,0.0,0.0,0.0,0.0,0.00010439783049707662,0.000104
NaCl,90.0,0.000104,0.1,0.0,0.00010399680959451003,0.00010399677440372996,0.0,0.0,0.0,0.0,0.0,0.0,0.0,0.0,0.0,0.0,0.0,0.0,0.0,0.00010462045914578605,0.000104
NaCl,5.0,0.00099,0.1,0.0,0.0009898624903677284,0.0009898624755719817,0.0,0.0,0.0,0.0,0.0,0.0,0.0,0.0,0.0,0.0,0.0,0.0,0.0,0.0009899072084196404,0.00099
NaCl,10.0,0.00099,0.1,0.0,0.0009898598270619938,0.0009898598074717785,0.0,0.0,0.0,0.0,0.0,0.0,0.0,0.0,0.0,0.0,0.0,0.0,0.0,0.0009899160834698924,0.00099
NaCl,25.0,0.00099,0.1,0.0,0.0009898474299789024,0.0009898473894404366,0.0,0.0,0.0,0.0,0.0,0.0,0.0,0.0,0.0,0.0,0.0,0.0,0.0,0.000989951584029392,0.00099
NaCl,35.0,0.00099,0.1,0.0,0.0009898360186460795,0.0009898359572809536,0.0,0.0,0.0,0.0,0.0,0.0,0.0,0.0,0.0,0.0,0.0,0.0,0.0,0.0009899852320987938,0.00099
NaCl,45.0,0.00099,0.1,0.0,0.0009898222434105662,0.0009898221543888667,0.0,0.0,0.0,0.0,0.0,0.0,0.0,0.0,0.0,0.0,0.0,0.0,0.0,0.0009900287802737289,0.00099
NaCl,70.0,0.00099,0.1,0.0,0.0009897768068119672,0.000989776611552671,0.0,0.0,0.0,0.0,0.0,0.0,0.0,0.0,0.0,0.0,0.0,0.0,0.0,0.0009901875764933125,0.00099
NaCl,90.0,0.00099,0.1,0.0,0.0009897269433854924,0.000989726617586161,0.0,0.0,0.0,0.0,0.0,0.0,0.0,0.0,0.0,0.0,0.0,0.0,0.0,0.000990367493585671,0.00099
NaCl,5.0,0.01,0.1,0.0,0.00998772501932404,0.009987724880742227,0.0,0.0,0.0,0.0,0.0,0.0,0.0,0.0,0.0,0.0,0.0,0.0,0.0,0.009987772636607016,0.01
NaCl,10.0,0.01,0.1,0.0,0.009987495641825642,0.009987495458270504,0.0,0.0,0.0,0.0,0.0,0.0,0.0,0.0,0.0,0.0,0.0,0.0,0.0,0.009987555570938025,0.01
NaCl,25.0,0.01,0.1,0.0,0.009986426374411377,0.009986425994604935,0.0,0.0,0.0,0.0,0.0,0.0,0.0,0.0,0.0,0.0,0.0,0.0,0.0,0.00998653749449171,0.01
NaCl,35.0,0.01,0.1,0.0,0.009985444698697983,0.009985444124147376,0.0,0.0,0.0,0.0,0.0,0.0,0.0,0.0,0.0,0.0,0.0,0.0,0.0,0.009985604078412608,0.01
NaCl,45.0,0.01,0.1,0.0,0.009984263944324945,0.009984263111660417,0.0,0.0,0.0,0.0,0.0,0.0,0.0,0.0,0.0,0.0,0.0,0.0,0.0,0.009984484840351582,0.01
NaCl,70.0,0.01,0.1,0.0,0.009980401218305946,0.00998039939847509,0.0,0.0,0.0,0.0,0.0,0.0,0.0,0.0,0.0,0.0,0.0,0.0,0.0,0.009980842222540682,0.01
NaCl,90.0,0.01,0.1,0.0,0.009976212197452289,0.009976209172508825,0.0,0.0,0.0,0.0,0.0,0.0,0.0,0.0,0.0,0.0,0.0,0.0,0.0,0.009976902388964114,0.01
NaCl,5.0,0.1,0.1,0.0,0.09910106115299311,0.099101060054224,0.0,0.0,0.0,0.0,0.0,0.0,0.0,0.0,0.0,0.0,0.0,0.0,0.0,0.09910111507414673,0.1
NaCl,10.0,0.1,0.1,0.0,0.0990838601309808,0.09908385866560517,0.0,0.0,0.0,0.0,0.0,0.0,0.0,0.0,0.0,0.0,0.0,0.0,0.0,0.09908392803872304,0.1
NaCl,25.0,0.1,0.1,0.0,0.09900766701226285,0.09900766394650902,0.0,0.0,0.0,0.0,0.0,0.0,0.0,0.0,0.0,0.0,0.0,0.0,0.0,0.09900779327804507,0.1
NaCl,35.0,0.1,0.1,0.0,0.09893993356961928,0.0989399289188833,0.0,0.0,0.0,0.0,0.0,0.0,0.0,0.0,0.0,0.0,0.0,0.0,0.0,0.09894011511186257,0.1
NaCl,45.0,0.1,0.1,0.0,0.09886002881134823,0.09886002206683968,0.0,0.0,0.0,0.0,0.0,0.0,0.0,0.0,0.0,0.0,0.0,0.0,0.0,0.09886028113343291,0.1
NaCl,70.0,0.1,0.1,0.0,0.0986067219488094,0.0986067072722878,0.0,0.0,0.0,0.0,0.0,0.0,0.0,0.0,0.0,0.0,0.0,0.0,0.0,0.09860723006334138,0.1
NaCl,90.0,0.1,0.1,0.0,0.09834251340938854,0.09834248920301253,0.0,0.0,0.0,0.0,0.0,0.0,0.0,0.0,0.0,0.0,0.0,0.0,0.0,0.09834331542463838,0.1
NaCl,-6.15,0.1421366060209239,817.0,0.0,0.14083345533869604,0.14083360030424716,0.0,0.0,0.0,0.0,0.0,0.0,0.0,0.0,0.0,0.0,0.0,0.0,0.0,0.14083376507026027,0.1421366060209239
NaCl,-5.15,0.1421992491442509,817.0,0.0,0.1408973582504358,0.14089750482282307,0.0,0.0,0.0,0.0,0.0,0.0,0.0,0.0,0.0,0.0,0.0,0.0,0.0,0.14089767760039565,0.1421992491442509
NaCl,-4.15,0.1422620274867168,817.0,0.0,0.14096083957163716,0.14096098776524574,0.0,0.0,0.0,0.0,0.0,0.0,0.0,0.0,0.0,0.0,0.0,0.0,0.0,0.1409611688764034,0.1422620274867168
NaCl,-2.15,0.1423879909704114,817.0,0.0,0.14108662318510104,0.14108677466201044,0.0,0.0,0.0,0.0,0.0,0.0,0.0,0.0,0.0,0.0,0.0,0.0,0.0,0.14108697342514767,0.1423879909704114
NaCl,-1.15,0.1424511766847211,817.0,0.0,0.14114896414473074,0.14114911728287394,0.0,0.0,0.0,0.0,0.0,0.0,0.0,0.0,0.0,0.0,0.0,0.0,0.0,0.14114932537383487,0.1424511766847211
NaCl,-0.15,0.1425144987643392,817.0,0.0,0.14121096113950454,0.14121111595154698,0.0,0.0,0.0,0.0,0.0,0.0,0.0,0.0,0.0,0.0,0.0,0.0,0.0,0.14121133371118605,0.1425144987643392
NaCl,1.85,0.1426415531763391,817.0,0.0,0.14133398504767228,0.14133414324486462,0.0,0.0,0.0,0.0,0.0,0.0,0.0,0.0,0.0,0.0,0.0,0.0,0.0,0.14133438138326015,0.1426415531763391
NaCl,2.85,0.1427052860895857,817.0,0.0,0.14139503992152946,0.1413951998298338,0.0,0.0,0.0,0.0,0.0,0.0,0.0,0.0,0.0,0.0,0.0,0.0,0.0,0.14139544868766596,0.1427052860895857
NaCl,3.35,0.1427372041005685,817.0,0.0,0.14142545867653833,0.14142561944503407,0.0,0.0,0.0,0.0,0.0,0.0,0.0,0.0,0.0,0.0,0.0,0.0,0.0,0.14142587379712965,0.1427372041005685
NaCl,3.85,0.1427691565298783,817.0,0.0,0.141455806941292,0.14145596857307932,0.0,0.0,0.0,0.0,0.0,0.0,0.0,0.0,0.0,0.0,0.0,0.0,0.0,0.1414562285099017,0.1427691565298783
NaCl,4.85,0.1428331647901122,817.0,0.0,0.14151629755244893,0.14151646092016798,0.0,0.0,0.0,0.0,0.0,0.0,0.0,0.0,0.0,0.0,0.0,0.0,0.0,0.1415167323001157,0.1428331647901122
NaCl,6.85,0.1429615959469501,817.0,0.0,0.14163649103377504,0.1416366579112429,0.0,0.0,0.0,0.0,0.0,0.0,0.0,0.0,0.0,0.0,0.0,0.0,0.0,0.14163695328790873,0.1429615959469501
NaCl,7.85,0.1429882197,817.0,0.0,0.1416590522771663,0.14165922089438115,0.0,0.0,0.0,0.0,0.0,0.0,0.0,0.0,0.0,0.0,0.0,0.0,0.0,0.1416595288409904,0.1429882197
NaCl,9.85,0.1431065003,817.0,0.0,0.141766994844217,0.14176716703835363,0.0,0.0,0.0,0.0,0.0,0.0,0.0,0.0,0.0,0.0,0.0,0.0,0.0,0.14176750126201154,0.1431065003
NaCl,9.85,0.1431552837114079,817.0,0.0,0.141814947576711,0.1418151198165173,0.0,0.0,0.0,0.0,0.0,0.0,0.0,0.0,0.0,0.0,0.0,0.0,0.0,0.14181545403054144,0.1431552837114079
NaCl,10.85,0.1432249768,817.0,0.0,0.14187874436411269,0.14187891842303907,0.0,0.0,0.0,0.0,0.0,0.0,0.0,0.0,0.0,0.0,0.0,0.0,0.0,0.14187926635697737,0.1432249768
NaCl,12.85,0.1433436495,817.0,0.0,0.1419849207226081,0.14198509844197232,0.0,0.0,0.0,0.0,0.0,0.0,0.0,0.0,0.0,0.0,0.0,0.0,0.0,0.14198547500731884,0.1433436495
NaCl,14.35,0.1434481736265774,817.0,0.0,0.1420789006838366,0.14207908120163612,0.0,0.0,0.0,0.0,0.0,0.0,0.0,0.0,0.0,0.0,0.0,0.0,0.0,0.14207948029219908,0.1434481736265774
NaCl,14.85,0.143462519,817.0,0.0,0.14208991860167072,0.142090100039331,0.0,0.0,0.0,0.0,0.0,0.0,0.0,0.0,0.0,0.0,0.0,0.0,0.0,0.1420905068457728,0.143462519
NaCl,16.85,0.1435815861,817.0,0.0,0.1421937768442902,0.14219396206097035,0.0,0.0,0.0,0.0,0.0,0.0,0.0,0.0,0.0,0.0,0.0,0.0,0.0,0.14219440074861925,0.1435815861
NaCl,18.35,0.1437008508,817.0,0.0,0.1423002477527811,0.14230043587659785,0.0,0.0,0.0,0.0,0.0,0.0,0.0,0.0,0.0,0.0,0.0,0.0,0.0,0.14230089956320552,0.1437008508
NaCl,-12.15,0.1461512444441708,615.0,0.0,0.1447510910405528,0.1447512296669935,0.0,0.0,0.0,0.0,0.0,0.0,0.0,0.0,0.0,0.0,0.0,0.0,0.0,0.14475135213202117,0.1461512444441708
NaCl,-10.15,0.1462718052813214,615.0,0.0,0.14488209805469174,0.14488223979191328,0.0,0.0,0.0,0.0,0.0,0.0,0.0,0.0,0.0,0.0,0.0,0.0,0.0,0.14488237487912858,0.1462718052813214
NaCl,-8.15,0.1463929039450108,615.0,0.0,0.14501066433473134,0.1450108092656745,0.0,0.0,0.0,0.0,0.0,0.0,0.0,0.0,0.0,0.0,0.0,0.0,0.0,0.14501095817593712,0.1463929039450108
NaCl,-5.15,0.1465755651343579,615.0,0.0,0.1451995314553406,0.1451996813070466,0.0,0.0,0.0,0.0,0.0,0.0,0.0,0.0,0.0,0.0,0.0,0.0,0.0,0.14519985327901858,0.1465755651343579
NaCl,-3.15,0.1466980179267287,615.0,0.0,0.1453231133519675,0.1453232665596358,0.0,0.0,0.0,0.0,0.0,0.0,0.0,0.0,0.0,0.0,0.0,0.0,0.0,0.14532345551087517,0.1466980179267287
NaCl,-2.15,0.1467594487521185,615.0,0.0,0.14538427591633704,0.14538443082268504,0.0,0.0,0.0,0.0,0.0,0.0,0.0,0.0,0.0,0.0,0.0,0.0,0.0,0.14538462875908367,0.1467594487521185
NaCl,-0.15,0.146882720652949,615.0,0.0,0.14550544359634657,0.14550560193948237,0.0,0.0,0.0,0.0,0.0,0.0,0.0,0.0,0.0,0.0,0.0,0.0,0.0,0.14550581886095043,0.146882720652949
NaCl,1.85,0.1470065414203872,615.0,0.0,0.14562518283670228,0.1456253446677171,0.0,0.0,0.0,0.0,0.0,0.0,0.0,0.0,0.0,0.0,0.0,0.0,0.0,0.14562558195878467,0.1470065414203872
NaCl,2.85,0.14712262,615.0,0.0,0.14573759201393582,0.1457377556531251,0.0,0.0,0.0,0.0,0.0,0.0,0.0,0.0,0.0,0.0,0.0,0.0,0.0,0.14573800364942752,0.14712262
NaCl,4.85,0.1471933066294043,615.0,0.0,0.14580237040438188,0.14580253756181535,0.0,0.0,0.0,0.0,0.0,0.0,0.0,0.0,0.0,0.0,0.0,0.0,0.0,0.14580280808509896,0.1471933066294043
NaCl,4.85,0.1473732783,615.0,0.0,0.14597924627863879,0.14597941359164143,0.0,0.0,0.0,0.0,0.0,0.0,0.0,0.0,0.0,0.0,0.0,0.0,0.0,0.14597968407961734,0.1473732783
NaCl,7.85,0.1473813195306452,615.0,0.0,0.14597694155729116,0.14597711415655448,0.0,0.0,0.0,0.0,0.0,0.0,0.0,0.0,0.0,0.0,0.0,0.0,0.0,0.1459774212349801,0.1473813195306452
NaCl,7.85,0.147498928,615.0,0.0,0.14609251140920468,0.1460926841145151,0.0,0.0,0.0,0.0,0.0,0.0,0.0,0.0,0.0,0.0,0.0,0.0,0.0,0.1460929911696962,0.147498928
NaCl,9.85,0.1476247922,615.0,0.0,0.14620738481745663,0.14620756122006834,0.0,0.0,0.0,0.0,0.0,0.0,0.0,0.0,0.0,0.0,0.0,0.0,0.0,0.14620789455027997,0.1476247922
NaCl,11.85,0.1476339576558677,615.0,0.0,0.1462060772216045,0.14620625726569034,0.0,0.0,0.0,0.0,0.0,0.0,0.0,0.0,0.0,0.0,0.0,0.0,0.0,0.14620661845767363,0.1476339576558677
NaCl,15.85,0.1478888462678223,615.0,0.0,0.1464314920871343,0.1464316798098125,0.0,0.0,0.0,0.0,0.0,0.0,0.0,0.0,0.0,0.0,0.0,0.0,0.0,0.14643210149757196,0.1478888462678223
NaCl,-15.15,0.1519260658931484,414.0,0.0,0.15060624952138277,0.15060631988265,0.0,0.0,0.0,0.0,0.0,0.0,0.0,0.0,0.0,0.0,0.0,0.0,0.0,0.1506064118264813,0.1519260658931484
NaCl,-13.15,0.1520439350148489,414.0,0.0,0.15071750829304648,0.1507175801667904,0.0,0.0,0.0,0.0,0.0,0.0,0.0,0.0,0.0,0.0,0.0,0.0,0.0,0.1507176809687147,0.1520439350148489
NaCl,-12.15,0.1521030753259531,414.0,0.0,0.15077303833706543,0.15077311098914817,0.0,0.0,0.0,0.0,0.0,0.0,0.0,0.0,0.0,0.0,0.0,0.0,0.0,0.1507732165629251,0.1521030753259531
NaCl,-10.15,0.1522217687832337,414.0,0.0,0.15088383629472815,0.15088391054159483,0.0,0.0,0.0,0.0,0.0,0.0,0.0,0.0,0.0,0.0,0.0,0.0,0.0,0.150884026357037,0.1522217687832337
NaCl,-8.15,0.1523410144773543,414.0,0.0,0.15099423188846164,0.15099430777465978,0.0,0.0,0.0,0.0,0.0,0.0,0.0,0.0,0.0,0.0,0.0,0.0,0.0,0.1509944347829114,0.1523410144773543
NaCl,-7.15,0.1524008450879553,414.0,0.0,0.15104926620617234,0.1510493429268657,0.0,0.0,0.0,0.0,0.0,0.0,0.0,0.0,0.0,0.0,0.0,0.0,0.0,0.15104947589687642,0.1524008450879553
NaCl,-5.15,0.1524376973,414.0,0.0,0.1510771276797215,0.15107720606279482,0.0,0.0,0.0,0.0,0.0,0.0,0.0,0.0,0.0,0.0,0.0,0.0,0.0,0.15107735171462572,0.1524376973
NaCl,-5.15,0.1525209231937799,414.0,0.0,0.15115899468565536,0.15115907310212204,0.0,0.0,0.0,0.0,0.0,0.0,0.0,0.0,0.0,0.0,0.0,0.0,0.0,0.1511592187454368,0.1525209231937799
NaCl,-2.15,0.1525721351,414.0,0.0,0.15119491861359216,0.1511949995798639,0.0,0.0,0.0,0.0,0.0,0.0,0.0,0.0,0.0,0.0,0.0,0.0,0.0,0.15119516618249562,0.1525721351
NaCl,-2.15,0.1527020866646418,414.0,0.0,0.15132272409458383,0.15132280511531515,0.0,0.0,0.0,0.0,0.0,0.0,0.0,0.0,0.0,0.0,0.0,0.0,0.0,0.1513229717045122,0.1527020866646418
NaCl,-0.15,0.1527068103,414.0,0.0,0.1513164966440751,0.15131657938746196,0.0,0.0,0.0,0.0,0.0,0.0,0.0,0.0,0.0,0.0,0.0,0.0,0.0,0.15131676129345478,0.1527068103
NaCl,-0.15,0.1528235630645288,414.0,0.0,0.1514313046932319,0.15143138748695342,0.0,0.0,0.0,0.0,0.0,0.0,0.0,0.0,0.0,0.0,0.0,0.0,0.0,0.1514315693808486,0.1528235630645288
NaCl,1.85,0.1529456026553712,414.0,0.0,0.1515394373756608,0.15153952196988726,0.0,0.0,0.0,0.0,0.0,0.0,0.0,0.0,0.0,0.0,0.0,0.0,0.0,0.15153972028272963,0.1529456026553712
NaCl,2.85,0.1529768752,414.0,0.0,0.15156388648430372,0.15156397197529,0.0,0.0,0.0,0.0,0.0,0.0,0.0,0.0,0.0,0.0,0.0,0.0,0.0,0.1515641789299354,0.1529768752
NaCl,2.85,0.153006834345603,414.0,0.0,0.15159333943071351,0.15159342493516287,0.0,0.0,0.0,0.0,0.0,0.0,0.0,0.0,0.0,0.0,0.0,0.0,0.0,0.15159363188671565,0.153006834345603
NaCl,4.85,0.1531122661,414.0,0.0,0.15168366440130795,0.15168375173762014,0.0,0.0,0.0,0.0,0.0,0.0,0.0,0.0,0.0,0.0,0.0,0.0,0.0,0.1516839768499122,0.1531122661
NaCl,4.85,0.1531297229204908,414.0,0.0,0.15170082324562917,0.15170091059000124,0.0,0.0,0.0,0.0,0.0,0.0,0.0,0.0,0.0,0.0,0.0,0.0,0.0,0.15170113570050492,0.1531297229204908
NaCl,7.85,0.153247897,414.0,0.0,0.15179521453624856,0.15179530465612953,0.0,0.0,0.0,0.0,0.0,0.0,0.0,0.0,0.0,0.0,0.0,0.0,0.0,0.15179555928531124,0.153247897
NaCl,9.85,0.1533837683,414.0,0.0,0.15191305298148344,0.15191314500981198,0.0,0.0,0.0,0.0,0.0,0.0,0.0,0.0,0.0,0.0,0.0,0.0,0.0,0.15191342088232124,0.1533837683
NaCl,9.85,0.1534394378830094,414.0,0.0,0.15196774552072273,0.15196783757649368,0.0,0.0,0.0,0.0,0.0,0.0,0.0,0.0,0.0,0.0,0.0,0.0,0.0,0.15196811344351435,0.1534394378830094
NaCl,12.85,0.153656235,414.0,0.0,0.15215546549918518,0.1521555604731653,0.0,0.0,0.0,0.0,0.0,0.0,0.0,0.0,0.0,0.0,0.0,0.0,0.0,0.1521558706520849,0.153656235
NaCl,13.85,0.153656235,414.0,0.0,0.1521466022369284,0.15214669815918702,0.0,0.0,0.0,0.0,0.0,0.0,0.0,0.0,0.0,0.0,0.0,0.0,0.0,0.15214702045342582,0.153656235
NaCl,-15.15,0.1599053686,212.0,0.0,0.15862705041440398,0.15862706098435853,0.0,0.0,0.0,0.0,0.0,0.0,0.0,0.0,0.0,0.0,0.0,0.0,0.0,0.15862711364581825,0.1599053686
NaCl,-12.15,0.1600533072,212.0,0.0,0.15874022700637716,0.15874023782103358,0.0,0.0,0.0,0.0,0.0,0.0,0.0,0.0,0.0,0.0,0.0,0.0,0.0,0.158740298644706,0.1600533072
NaCl,-10.15,0.1602015198,212.0,0.0,0.1588647114994543,0.15886472248491104,0.0,0.0,0.0,0.0,0.0,0.0,0.0,0.0,0.0,0.0,0.0,0.0,0.0,0.15886478937292842,0.1602015198
NaCl,-8.15,0.1602851022806393,212.0,0.0,0.15892550190278323,0.15892551305674155,0.0,0.0,0.0,0.0,0.0,0.0,0.0,0.0,0.0,0.0,0.0,0.0,0.0,0.15892558653383748,0.1602851022806393
NaCl,-7.15,0.1603500072,212.0,0.0,0.15897860459691027,0.1589786158365732,0.0,0.0,0.0,0.0,0.0,0.0,0.0,0.0,0.0,0.0,0.0,0.0,0.0,0.15897869281224974,0.1603500072
NaCl,-5.15,0.160464355671725,212.0,0.0,0.15906942336967267,0.15906943477896643,0.0,0.0,0.0,0.0,0.0,0.0,0.0,0.0,0.0,0.0,0.0,0.0,0.0,0.15906951917583734,0.160464355671725
NaCl,-5.15,0.1604987701,212.0,0.0,0.15910329328381065,0.1591033046952657,0.0,0.0,0.0,0.0,0.0,0.0,0.0,0.0,0.0,0.0,0.0,0.0,0.0,0.1591033890921154,0.1604987701
NaCl,-2.15,0.1606449282847137,212.0,0.0,0.15921401607893798,0.15921402773855445,0.0,0.0,0.0,0.0,0.0,0.0,0.0,0.0,0.0,0.0,0.0,0.0,0.0,0.15921412437647187,0.1606449282847137
NaCl,-2.15,0.160647809,212.0,0.0,0.15921685002893346,0.15921686168873603,0.0,0.0,0.0,0.0,0.0,0.0,0.0,0.0,0.0,0.0,0.0,0.0,0.0,0.15921695832666083,0.160647809
NaCl,-0.15,0.1607660466564741,212.0,0.0,0.15931069611824847,0.15931070793977983,0.0,0.0,0.0,0.0,0.0,0.0,0.0,0.0,0.0,0.0,0.0,0.0,0.0,0.15931081351763698,0.1607660466564741
NaCl,-0.15,0.1607971254,212.0,0.0,0.15934126162764406,0.15934127345121937,0.0,0.0,0.0,0.0,0.0,0.0,0.0,0.0,0.0,0.0,0.0,0.0,0.0,0.15934137902923107,0.1607971254
NaCl,2.85,0.1609467195,212.0,0.0,0.15945397463561753,0.15945398668941438,0.0,0.0,0.0,0.0,0.0,0.0,0.0,0.0,0.0,0.0,0.0,0.0,0.0,0.15945410691660106,0.1609467195
NaCl,2.85,0.1609488348059159,212.0,0.0,0.1594560541135588,0.15945606616749833,0.0,0.0,0.0,0.0,0.0,0.0,0.0,0.0,0.0,0.0,0.0,0.0,0.0,0.15945618639470424,0.1609488348059159
NaCl,4.85,0.1610714372898724,212.0,0.0,0.15955314772771095,0.1595531599279557,0.0,0.0,0.0,0.0,0.0,0.0,0.0,0.0,0.0,0.0,0.0,0.0,0.0,0.1595532907900374,0.1610714372898724
NaCl,4.85,0.1610965921,212.0,0.0,0.159577869202377,0.1595778814043453,0.0,0.0,0.0,0.0,0.0,0.0,0.0,0.0,0.0,0.0,0.0,0.0,0.0,0.15957801226673318,0.1610965921
NaCl,7.85,0.1612467442,212.0,0.0,0.1596894782781667,0.15968949068153132,0.0,0.0,0.0,0.0,0.0,0.0,0.0,0.0,0.0,0.0,0.0,0.0,0.0,0.1596896388729441,0.1612467442
NaCl,7.85,0.1612564623392127,212.0,0.0,0.15969902474542835,0.1596990371494736,0.0,0.0,0.0,0.0,0.0,0.0,0.0,0.0,0.0,0.0,0.0,0.0,0.0,0.1596991853410551,0.1612564623392127
NaCl,9.85,0.1613805633029092,212.0,0.0,0.15979641429379562,0.15979642682175657,0.0,0.0,0.0,0.0,0.0,0.0,0.0,0.0,0.0,0.0,0.0,0.0,0.0,0.1597965875285135,0.1613805633029092
NaCl,9.85,0.1613971764,212.0,0.0,0.15981272893638543,0.15981274146552543,0.0,0.0,0.0,0.0,0.0,0.0,0.0,0.0,0.0,0.0,0.0,0.0,0.0,0.15981290217263466,0.1613971764
NaCl,12.85,0.1615478895,212.0,0.0,0.15992309098320426,0.15992310367517792,0.0,0.0,0.0,0.0,0.0,0.0,0.0,0.0,0.0,0.0,0.0,0.0,0.0,0.15992328467390443,0.1615478895
NaCl,14.85,0.1616988844,212.0,0.0,0.16004562397781033,0.16004563676691702,0.0,0.0,0.0,0.0,0.0,0.0,0.0,0.0,0.0,0.0,0.0,0.0,0.0,0.1600458323529219,0.1616988844
NaCl,16.85,0.1618501618,212.0,0.0,0.16016790137554118,0.16016791424871218,0.0,0.0,0.0,0.0,0.0,0.0,0.0,0.0,0.0,0.0,0.0,0.0,0.0,0.1601681253050108,0.1618501618
NaCl,19.85,0.1620017225,212.0,0.0,0.16027641886396152,0.16027643183112003,0.0,0.0,0.0,0.0,0.0,0.0,0.0,0.0,0.0,0.0,0.0,0.0,0.0,0.16027666781316796,0.1620017225
NaCl,-10.0,0.1711,0.1,0.0,0.1687776182889642,0.16877761774657632,0.0,0.0,0.0,0.0,0.0,0.0,0.0,0.0,0.0,0.0,0.0,0.0,0.0,0.16877764368893156,0.1711
NaCl,-6.0,0.1711,0.1,0.0,0.1687813809179329,0.16878138014278668,0.0,0.0,0.0,0.0,0.0,0.0,0.0,0.0,0.0,0.0,0.0,0.0,0.0,0.16878141269918873,0.1711
NaCl,-3.0,0.1711,0.1,0.0,0.16877459522929705,0.1687745942478869,0.0,0.0,0.0,0.0,0.0,0.0,0.0,0.0,0.0,0.0,0.0,0.0,0.0,0.16877463253516345,0.1711
NaCl,-1.0,0.1711,0.1,0.0,0.16876624935391057,0.16876624821833847,0.0,0.0,0.0,0.0,0.0,0.0,0.0,0.0,0.0,0.0,0.0,0.0,0.0,0.16876629072508487,0.1711
NaCl,5.0,0.1711,0.1,0.0,0.16872595912038224,0.16872595743276605,0.0,0.0,0.0,0.0,0.0,0.0,0.0,0.0,0.0,0.0,0.0,0.0,0.0,0.16872601470782778,0.1711
NaCl,20.0,0.1711,0.1,0.0,0.16855024026202786,0.1685502364650169,0.0,0.0,0.0,0.0,0.0,0.0,0.0,0.0,0.0,0.0,0.0,0.0,0.0,0.16855034731263657,0.1711
NaCl,25.0,0.1711,0.1,0.0,0.1684730455310022,0.16847304074583253,0.0,0.0,0.0,0.0,0.0,0.0,0.0,0.0,0.0,0.0,0.0,0.0,0.0,0.168473175772599,0.1711
NaCl,-20.15,0.173,212.0,0.0,0.1715935326738655,0.17159354358644488,0.0,0.0,0.0,0.0,0.0,0.0,0.0,0.0,0.0,0.0,0.0,0.0,0.0,0.17159358484496168,0.173
NaCl,-18.15,0.173,212.0,0.0,0.17156572300427866,0.17156573406557574,0.0,0.0,0.0,0.0,0.0,0.0,0.0,0.0,0.0,0.0,0.0,0.0,0.0,0.17156577950022725,0.173
NaCl,-16.15,0.173,414.0,0.0,0.17132900462623768,0.1713290812604685,0.0,0.0,0.0,0.0,0.0,0.0,0.0,0.0,0.0,0.0,0.0,0.0,0.0,0.17132916719860192,0.173
NaCl,21.85,0.173,817.0,0.0,0.17099838081309163,0.17099860671937647,0.0,0.0,0.0,0.0,0.0,0.0,0.0,0.0,0.0,0.0,0.0,0.0,0.0,0.17099912671174083,0.173
NaCl,5.0,0.5,0.1,0.0,0.48386500134819377,0.48386499794826493,0.0,0.0,0.0,0.0,0.0,0.0,0.0,0.0,0.0,0.0,0.0,0.0,0.0,0.48386505878953556,0.5
NaCl,10.0,0.5,0.1,0.0,0.4834506856697814,0.48345068096752164,0.0,0.0,0.0,0.0,0.0,0.0,0.0,0.0,0.0,0.0,0.0,0.0,0.0,0.4834507579550775,0.5
NaCl,20.0,0.5,0.1,0.0,0.4824594995509558,0.48245949134657307,0.0,0.0,0.0,0.0,0.0,0.0,0.0,0.0,0.0,0.0,0.0,0.0,0.0,0.48245961000391463,0.5
NaCl,25.0,0.5,0.1,0.0,0.4818954486890798,0.48189543821130587,0.0,0.0,0.0,0.0,0.0,0.0,0.0,0.0,0.0,0.0,0.0,0.0,0.0,0.4818955830705576,0.5
NaCl,35.0,0.5,0.1,0.0,0.48064846629818436,0.48064845004397816,0.0,0.0,0.0,0.0,0.0,0.0,0.0,0.0,0.0,0.0,0.0,0.0,0.0,0.4806486597447292,0.5
NaCl,45.0,0.5,0.1,0.0,0.4792546334212193,0.4792546095139681,0.0,0.0,0.0,0.0,0.0,0.0,0.0,0.0,0.0,0.0,0.0,0.0,0.0,0.47925490284455435,0.5
NaCl,70.0,0.5,0.1,0.0,0.47514967928039076,0.4751496264684687,0.0,0.0,0.0,0.0,0.0,0.0,0.0,0.0,0.0,0.0,0.0,0.0,0.0,0.47515022634959625,0.5
NaCl,90.0,0.5,0.1,0.0,0.4711941830645105,0.4711940959773895,0.0,0.0,0.0,0.0,0.0,0.0,0.0,0.0,0.0,0.0,0.0,0.0,0.0,0.4711950548274748,0.5
NaCl,-10.0,0.5133,0.1,0.0,0.4971983404542987,0.4971983395845542,0.0,0.0,0.0,0.0,0.0,0.0,0.0,0.0,0.0,0.0,0.0,0.0,0.0,0.49719836684540775,0.5133
NaCl,-6.0,0.5133,0.1,0.0,0.49708056474332774,0.49708056336167966,0.0,0.0,0.0,0.0,0.0,0.0,0.0,0.0,0.0,0.0,0.0,0.0,0.0,0.49708059769731217,0.5133
NaCl,-3.0,0.5133,0.1,0.0,0.49693887916527335,0.4969388773236511,0.0,0.0,0.0,0.0,0.0,0.0,0.0,0.0,0.0,0.0,0.0,0.0,0.0,0.4969389178006357,0.5133
NaCl,-1.0,0.5133,0.1,0.0,0.49682331542912234,0.49682331324086565,0.0,0.0,0.0,0.0,0.0,0.0,0.0,0.0,0.0,0.0,0.0,0.0,0.0,0.4968233582452236,0.5133
NaCl,5.0,0.5133,0.1,0.0,0.4963929793192317,0.4963929758758437,0.0,0.0,0.0,0.0,0.0,0.0,0.0,0.0,0.0,0.0,0.0,0.0,0.0,0.4963930367577348,0.5133
NaCl,20.0,0.5133,0.1,0.0,0.4949116205649267,0.49491161222959623,0.0,0.0,0.0,0.0,0.0,0.0,0.0,0.0,0.0,0.0,0.0,0.0,0.0,0.494911731000269,0.5133
NaCl,25.0,0.5133,0.1,0.0,0.49431879912886106,0.4943187884776711,0.0,0.0,0.0,0.0,0.0,0.0,0.0,0.0,0.0,0.0,0.0,0.0,0.0,0.4943189334866792,0.5133
NaCl,20.0,0.75,0.1,0.0,0.7135730426224373,0.7135730324184504,0.0,0.0,0.0,0.0,0.0,0.0,0.0,0.0,0.0,0.0,0.0,0.0,0.0,0.7135731519623845,0.75
NaCl,-16.15,0.7640991646264242,800.0,0.0,0.7350232013346127,0.7350235654677678,0.0,0.0,0.0,0.0,0.0,0.0,0.0,0.0,0.0,0.0,0.0,0.0,0.0,0.7350236198440068,0.7640991646264242
NaCl,-13.15,0.765281034569822,800.0,0.0,0.7368816614313538,0.736882044648,0.0,0.0,0.0,0.0,0.0,0.0,0.0,0.0,0.0,0.0,0.0,0.0,0.0,0.7368821100929023,0.765281034569822
NaCl,-10.15,0.7664685940103413,800.0,0.0,0.7385261744574873,0.7385265782054512,0.0,0.0,0.0,0.0,0.0,0.0,0.0,0.0,0.0,0.0,0.0,0.0,0.0,0.7385266568163882,0.7664685940103413
NaCl,-9.15,0.7668657176975037,800.0,0.0,0.7390339523999218,0.7390343632735256,0.0,0.0,0.0,0.0,0.0,0.0,0.0,0.0,0.0,0.0,0.0,0.0,0.0,0.7390344467697225,0.7668657176975037
NaCl,-7.15,0.7676618789159123,800.0,0.0,0.7399959555182871,0.7399963810262157,0.0,0.0,0.0,0.0,0.0,0.0,0.0,0.0,0.0,0.0,0.0,0.0,0.0,0.739996475077672,0.7676618789159123
NaCl,-5.15,0.7684606009047826,800.0,0.0,0.7408928210927633,0.7408932617098594,0.0,0.0,0.0,0.0,0.0,0.0,0.0,0.0,0.0,0.0,0.0,0.0,0.0,0.7408933674069735,0.7684606009047826
NaCl,-3.15,0.7692618944932638,800.0,0.0,0.7417308114048587,0.7417312675696901,0.0,0.0,0.0,0.0,0.0,0.0,0.0,0.0,0.0,0.0,0.0,0.0,0.0,0.7417313860548826,0.7692618944932638
NaCl,-1.15,0.770065770573921,800.0,0.0,0.7425150298593348,0.7425155019805693,0.0,0.0,0.0,0.0,0.0,0.0,0.0,0.0,0.0,0.0,0.0,0.0,0.0,0.7425156344467405,0.770065770573921
NaCl,0.85,0.7708722401031962,800.0,0.0,0.7432496566278679,0.7432501450895126,0.0,0.0,0.0,0.0,0.0,0.0,0.0,0.0,0.0,0.0,0.0,0.0,0.0,0.743250292777994,0.7708722401031962
NaCl,3.85,0.7720868312389365,800.0,0.0,0.7442659578007462,0.7442664714497527,0.0,0.0,0.0,0.0,0.0,0.0,0.0,0.0,0.0,0.0,0.0,0.0,0.0,0.7442666443989798,0.7720868312389365
NaCl,4.85,0.7724930036555372,800.0,0.0,0.7445832686584268,0.7445837908756554,0.0,0.0,0.0,0.0,0.0,0.0,0.0,0.0,0.0,0.0,0.0,0.0,0.0,0.7445839729137933,0.7724930036555372
NaCl,6.85,0.7733073199150657,800.0,0.0,0.7451874092707639,0.7451879488734647,0.0,0.0,0.0,0.0,0.0,0.0,0.0,0.0,0.0,0.0,0.0,0.0,0.0,0.7451881501221654,0.7733073199150657
NaCl,7.85,0.773715466562143,800.0,0.0,0.7454747161430324,0.745475264560403,0.0,0.0,0.0,0.0,0.0,0.0,0.0,0.0,0.0,0.0,0.0,0.0,0.0,0.7454754759399491,0.773715466562143
NaCl,9.85,0.7745337439323254,800.0,0.0,0.7460208309456832,0.746021397231013,0.0,0.0,0.0,0.0,0.0,0.0,0.0,0.0,0.0,0.0,0.0,0.0,0.0,0.7460216299447433,0.7745337439323254
NaCl,12.35,0.7755603253909814,800.0,0.0,0.7466517924602333,0.7466523815199041,0.0,0.0,0.0,0.0,0.0,0.0,0.0,0.0,0.0,0.0,0.0,0.0,0.0,0.7466526429520695,0.7755603253909814
NaCl,13.35,0.7759721244605087,800.0,0.0,0.7468885584334545,0.7468891567377504,0.0,0.0,0.0,0.0,0.0,0.0,0.0,0.0,0.0,0.0,0.0,0.0,0.0,0.746889430306486,0.7759721244605087
NaCl,15.85,0.7770045508735712,800.0,0.0,0.7474424359667465,0.7474430577169561,0.0,0.0,0.0,0.0,0.0,0.0,0.0,0.0,0.0,0.0,0.0,0.0,0.0,0.7474433632766699,0.7770045508735712
NaCl,17.85,0.7778335163,800.0,0.0,0.7478471696523695,0.7478478105022391,0.0,0.0,0.0,0.0,0.0,0.0,0.0,0.0,0.0,0.0,0.0,0.0,0.0,0.7478481433727151,0.7778335163
NaCl,20.85,0.7790820321002286,800.0,0.0,0.7483916491338689,0.748392319206229,0.0,0.0,0.0,0.0,0.0,0.0,0.0,0.0,0.0,0.0,0.0,0.0,0.0,0.748392695945638,0.7790820321002286
NaCl,-16.15,0.788829841892019,608.0,0.0,0.7580410577733016,0.7580414282045651,0.0,0.0,0.0,0.0,0.0,0.0,0.0,0.0,0.0,0.0,0.0,0.0,0.0,0.7580414816023343,0.788829841892019
NaCl,-15.15,0.789218342249004,608.0,0.0,0.7586983119171707,0.7586986886747834,0.0,0.0,0.0,0.0,0.0,0.0,0.0,0.0,0.0,0.0,0.0,0.0,0.0,0.7586987454924812,0.789218342249004
NaCl,-14.15,0.7896074645804164,608.0,0.0,0.7593262644019758,0.7593266476721741,0.0,0.0,0.0,0.0,0.0,0.0,0.0,0.0,0.0,0.0,0.0,0.0,0.0,0.7593267081276807,0.7896074645804164
NaCl,-12.15,0.790387580266668,608.0,0.0,0.7605028398601101,0.7605032366691621,0.0,0.0,0.0,0.0,0.0,0.0,0.0,0.0,0.0,0.0,0.0,0.0,0.0,0.7605033050790475,0.790387580266668
NaCl,-10.15,0.7911701991876354,608.0,0.0,0.76158548463731,0.7615858956075037,0.0,0.0,0.0,0.0,0.0,0.0,0.0,0.0,0.0,0.0,0.0,0.0,0.0,0.7615859729200168,0.7911701991876354
NaCl,-9.15,0.7915624505762257,608.0,0.0,0.762095288488563,0.7620957067529169,0.0,0.0,0.0,0.0,0.0,0.0,0.0,0.0,0.0,0.0,0.0,0.0,0.0,0.7620957888888517,0.7915624505762257
NaCl,-7.15,0.7923488436721379,608.0,0.0,0.763057916346312,0.7630583495934482,0.0,0.0,0.0,0.0,0.0,0.0,0.0,0.0,0.0,0.0,0.0,0.0,0.0,0.7630584421537114,0.7923488436721379
NaCl,-5.15,0.7931377658531159,608.0,0.0,0.7639512404599599,0.7639516891793088,0.0,0.0,0.0,0.0,0.0,0.0,0.0,0.0,0.0,0.0,0.0,0.0,0.0,0.7639517932446562,0.7931377658531159
NaCl,-4.15,0.7935331786120672,608.0,0.0,0.7643740472681846,0.7643745038953519,0.0,0.0,0.0,0.0,0.0,0.0,0.0,0.0,0.0,0.0,0.0,0.0,0.0,0.7643746141348483,0.7935331786120672
NaCl,-1.15,0.7947232393086294,608.0,0.0,0.7655553933721845,0.7655558743627195,0.0,0.0,0.0,0.0,0.0,0.0,0.0,0.0,0.0,0.0,0.0,0.0,0.0,0.7655560048872243,0.7947232393086294
NaCl,-0.15,0.794991423,608.0,0.0,0.7658009458668467,0.7658014351334294,0.0,0.0,0.0,0.0,0.0,0.0,0.0,0.0,0.0,0.0,0.0,0.0,0.0,0.7658015730381014,0.794991423
NaCl,1.85,0.7959190613692991,608.0,0.0,0.7666178240521101,0.7666183302993433,0.0,0.0,0.0,0.0,0.0,0.0,0.0,0.0,0.0,0.0,0.0,0.0,0.0,0.7666184838799175,0.7959190613692991
NaCl,2.85,0.7963968144,608.0,0.0,0.7670203237450358,0.7670208386278393,0.0,0.0,0.0,0.0,0.0,0.0,0.0,0.0,0.0,0.0,0.0,0.0,0.0,0.7670210005292398,0.7963968144
NaCl,4.85,0.7971206807111011,608.0,0.0,0.767573148353066,0.7675736806829583,0.0,0.0,0.0,0.0,0.0,0.0,0.0,0.0,0.0,0.0,0.0,0.0,0.0,0.76757386024356,0.7971206807111011
NaCl,6.35,0.7978071831,608.0,0.0,0.7680913429771432,0.7680918886771735,0.0,0.0,0.0,0.0,0.0,0.0,0.0,0.0,0.0,0.0,0.0,0.0,0.0,0.7680920823592188,0.7978071831
NaCl,9.85,0.799222556,608.0,0.0,0.7690305025990122,0.7690310801470729,0.0,0.0,0.0,0.0,0.0,0.0,0.0,0.0,0.0,0.0,0.0,0.0,0.0,0.7690313098623172,0.799222556
NaCl,11.85,0.7999472082637084,608.0,0.0,0.7694310854531384,0.7694316816044517,0.0,0.0,0.0,0.0,0.0,0.0,0.0,0.0,0.0,0.0,0.0,0.0,0.0,0.7694319338998219,0.7999472082637084
NaCl,13.85,0.8006429598,608.0,0.0,0.7697644968797009,0.7697651119328182,0.0,0.0,0.0,0.0,0.0,0.0,0.0,0.0,0.0,0.0,0.0,0.0,0.0,0.7697653882889389,0.8006429598
NaCl,13.85,0.8007606863069643,608.0,0.0,0.7698739144464146,0.7698745295572861,0.0,0.0,0.0,0.0,0.0,0.0,0.0,0.0,0.0,0.0,0.0,0.0,0.0,0.7698748058970799,0.8007606863069643
NaCl,14.85,0.801168415319193,608.0,0.0,0.7700813908966233,0.7700820156052244,0.0,0.0,0.0,0.0,0.0,0.0,0.0,0.0,0.0,0.0,0.0,0.0,0.0,0.7700823045279661,0.801168415319193
NaCl,16.35,0.8017812502208185,608.0,0.0,0.7703754777000787,0.7703761169520444,0.0,0.0,0.0,0.0,0.0,0.0,0.0,0.0,0.0,0.0,0.0,0.0,0.0,0.7703764254577838,0.8017812502208185
NaCl,17.85,0.8023955789553012,608.0,0.0,0.7706492740409954,0.7706499280121861,0.0,0.0,0.0,0.0,0.0,0.0,0.0,0.0,0.0,0.0,0.0,0.0,0.0,0.7706502569583584,0.8023955789553012
NaCl,-18.15,0.816607265,428.0,0.0,0.7886408754519652,0.7886411006386649,0.0,0.0,0.0,0.0,0.0,0.0,0.0,0.0,0.0,0.0,0.0,0.0,0.0,0.7886411473511656,0.816607265
NaCl,-16.15,0.8176110181891195,428.0,0.0,0.7895108462287102,0.7895110790952519,0.0,0.0,0.0,0.0,0.0,0.0,0.0,0.0,0.0,0.0,0.0,0.0,0.0,0.789511131263283,0.8176110181891195
NaCl,-15.15,0.8180901914,428.0,0.0,0.7899158026081116,0.7899160395046734,0.0,0.0,0.0,0.0,0.0,0.0,0.0,0.0,0.0,0.0,0.0,0.0,0.0,0.789916094677884,0.8180901914
NaCl,-13.15,0.8187722366138441,428.0,0.0,0.7904475302270438,0.7904477754802623,0.0,0.0,0.0,0.0,0.0,0.0,0.0,0.0,0.0,0.0,0.0,0.0,0.0,0.7904478372477209,0.8187722366138441
NaCl,-13.15,0.8188336762,428.0,0.0,0.7905051562010936,0.7905054014650006,0.0,0.0,0.0,0.0,0.0,0.0,0.0,0.0,0.0,0.0,0.0,0.0,0.0,0.7905054632300479,0.8188336762
NaCl,-10.15,0.8199390786930315,428.0,0.0,0.7913302268857924,0.7913304854541724,0.0,0.0,0.0,0.0,0.0,0.0,0.0,0.0,0.0,0.0,0.0,0.0,0.0,0.7913305586119526,0.8199390786930315
NaCl,-9.15,0.8203247073,428.0,0.0,0.791607727679678,0.7916079908656454,0.0,0.0,0.0,0.0,0.0,0.0,0.0,0.0,0.0,0.0,0.0,0.0,0.0,0.7916080682414811,0.8203247073
NaCl,-7.15,0.8211115784250842,428.0,0.0,0.7921567796236946,0.7921570522911153,0.0,0.0,0.0,0.0,0.0,0.0,0.0,0.0,0.0,0.0,0.0,0.0,0.0,0.7921571387658226,0.8211115784250842
NaCl,-6.15,0.8218211784,428.0,0.0,0.7927169233462253,0.7927172009335005,0.0,0.0,0.0,0.0,0.0,0.0,0.0,0.0,0.0,0.0,0.0,0.0,0.0,0.7927172922834405,0.8218211784
NaCl,-5.15,0.8218964049745261,428.0,0.0,0.7926765582543627,0.79267684070306,0.0,0.0,0.0,0.0,0.0,0.0,0.0,0.0,0.0,0.0,0.0,0.0,0.0,0.7926769371978949,0.8218964049745261
NaCl,-3.15,0.8225714632,428.0,0.0,0.7930666058500203,0.7930668983311923,0.0,0.0,0.0,0.0,0.0,0.0,0.0,0.0,0.0,0.0,0.0,0.0,0.0,0.7930670058184073,0.8225714632
NaCl,-0.15,0.8238696062801328,428.0,0.0,0.7938684759166376,0.7938687839809858,0.0,0.0,0.0,0.0,0.0,0.0,0.0,0.0,0.0,0.0,0.0,0.0,0.0,0.7938689098475902,0.8238696062801328
NaCl,-0.15,0.8240761503,428.0,0.0,0.794061301539964,0.7940616096530172,0.0,0.0,0.0,0.0,0.0,0.0,0.0,0.0,0.0,0.0,0.0,0.0,0.0,0.7940617355055066,0.8240761503
NaCl,1.85,0.82483056,428.0,0.0,0.7944590942056817,0.7944594129739543,0.0,0.0,0.0,0.0,0.0,0.0,0.0,0.0,0.0,0.0,0.0,0.0,0.0,0.7944595524221288,0.82483056
NaCl,4.85,0.8255863523,428.0,0.0,0.7946574174070783,0.7946577524572428,0.0,0.0,0.0,0.0,0.0,0.0,0.0,0.0,0.0,0.0,0.0,0.0,0.0,0.7946579144446403,0.8255863523
NaCl,6.85,0.8263435309,428.0,0.0,0.7949941685353767,0.7949945147513816,0.0,0.0,0.0,0.0,0.0,0.0,0.0,0.0,0.0,0.0,0.0,0.0,0.0,0.7949946932177953,0.8263435309
NaCl,6.85,0.8266590660599087,428.0,0.0,0.7952877129917642,0.7952880592946293,0.0,0.0,0.0,0.0,0.0,0.0,0.0,0.0,0.0,0.0,0.0,0.0,0.0,0.79528823773292,0.8266590660599087
NaCl,9.85,0.8278620625,428.0,0.0,0.7958078955404997,0.7958082589675264,0.0,0.0,0.0,0.0,0.0,0.0,0.0,0.0,0.0,0.0,0.0,0.0,0.0,0.7958084644241452,0.8278620625
NaCl,9.85,0.8278642822331306,428.0,0.0,0.7958099569773276,0.7958103204050051,0.0,0.0,0.0,0.0,0.0,0.0,0.0,0.0,0.0,0.0,0.0,0.0,0.0,0.795810525861404,0.8278642822331306
NaCl,11.85,0.828623423,428.0,0.0,0.796085963785771,0.7960863388405245,0.0,0.0,0.0,0.0,0.0,0.0,0.0,0.0,0.0,0.0,0.0,0.0,0.0,0.7960865639096726,0.828623423
NaCl,12.85,0.8290753902993142,428.0,0.0,0.7962818870011894,0.7962822679565837,0.0,0.0,0.0,0.0,0.0,0.0,0.0,0.0,0.0,0.0,0.0,0.0,0.0,0.7962825033173304,0.8290753902993142
NaCl,15.85,0.8301503532,428.0,0.0,0.7965727493442398,0.7965731481650669,0.0,0.0,0.0,0.0,0.0,0.0,0.0,0.0,0.0,0.0,0.0,0.0,0.0,0.7965734164579104,0.8301503532
NaCl,18.85,0.8316829212,428.0,0.0,0.7972320332221959,0.7972324504331253,0.0,0.0,0.0,0.0,0.0,0.0,0.0,0.0,0.0,0.0,0.0,0.0,0.0,0.7972327547283846,0.8316829212
NaCl,20.85,0.8324513291,428.0,0.0,0.7974072617035904,0.7974076912906325,0.0,0.0,0.0,0.0,0.0,0.0,0.0,0.0,0.0,0.0,0.0,0.0,0.0,0.7974080214102621,0.8324513291
NaCl,-10.0,0.8556,0.1,0.0,0.816423764881978,0.8164237642257216,0.0,0.0,0.0,0.0,0.0,0.0,0.0,0.0,0.0,0.0,0.0,0.0,0.0,0.816423791100814,0.8556
NaCl,-6.0,0.8556,0.1,0.0,0.815848561793543,0.8158485604771603,0.0,0.0,0.0,0.0,0.0,0.0,0.0,0.0,0.0,0.0,0.0,0.0,0.0,0.8158485944504363,0.8556
NaCl,-3.0,0.8556,0.1,0.0,0.81531044921201,0.8153104472922975,0.0,0.0,0.0,0.0,0.0,0.0,0.0,0.0,0.0,0.0,0.0,0.0,0.0,0.8153104874387327,0.8556
NaCl,-1.0,0.8556,0.1,0.0,0.8149099120567815,0.8149099096778459,0.0,0.0,0.0,0.0,0.0,0.0,0.0,0.0,0.0,0.0,0.0,0.0,0.0,0.8149099543806756,0.8556
NaCl,5.0,0.8556,0.1,0.0,0.8135447055666383,0.813544701502627,0.0,0.0,0.0,0.0,0.0,0.0,0.0,0.0,0.0,0.0,0.0,0.0,0.0,0.8135447622143297,0.8556
NaCl,20.0,0.8556,0.1,0.0,0.8093575766589538,0.8093575658694476,0.0,0.0,0.0,0.0,0.0,0.0,0.0,0.0,0.0,0.0,0.0,0.0,0.0,0.8093576851990694,0.8556
NaCl,25.0,0.8556,0.1,0.0,0.8077777830547034,0.807777769039935,0.0,0.0,0.0,0.0,0.0,0.0,0.0,0.0,0.0,0.0,0.0,0.0,0.0,0.8077779150246467,0.8556
NaCl,-40.15,0.901,428.0,0.0,0.8694217644455335,0.8694219791857799,0.0,0.0,0.0,0.0,0.0,0.0,0.0,0.0,0.0,0.0,0.0,0.0,0.0,0.8694220092658744,0.901
NaCl,-37.15,0.901,428.0,0.0,0.8694217644455335,0.8694219791857799,0.0,0.0,0.0,0.0,0.0,0.0,0.0,0.0,0.0,0.0,0.0,0.0,0.0,0.8694220092658744,0.901
NaCl,-34.15,0.901,428.0,0.0,0.8694217644455335,0.8694219791857799,0.0,0.0,0.0,0.0,0.0,0.0,0.0,0.0,0.0,0.0,0.0,0.0,0.0,0.8694220092658744,0.901
NaCl,-31.15,0.901,428.0,0.0,0.8686688332821881,0.8686690432197236,0.0,0.0,0.0,0.0,0.0,0.0,0.0,0.0,0.0,0.0,0.0,0.0,0.0,0.8686690712072968,0.901
NaCl,-28.15,0.901,428.0,0.0,0.8681478000337203,0.8681480101463473,0.0,0.0,0.0,0.0,0.0,0.0,0.0,0.0,0.0,0.0,0.0,0.0,0.0,0.8681480385441492,0.901
NaCl,-26.65,0.901,800.0,0.0,0.8542789950615883,0.8542793382617593,0.0,0.0,0.0,0.0,0.0,0.0,0.0,0.0,0.0,0.0,0.0,0.0,0.0,0.8542793649386914,0.901
NaCl,-25.15,0.901,428.0,0.0,0.8679408737849975,0.8679410891419249,0.0,0.0,0.0,0.0,0.0,0.0,0.0,0.0,0.0,0.0,0.0,0.0,0.0,0.8679411203469849,0.901
NaCl,-24.15,0.901,800.0,0.0,0.8569683751011389,0.8569687273313773,0.0,0.0,0.0,0.0,0.0,0.0,0.0,0.0,0.0,0.0,0.0,0.0,0.0,0.8569687576466584,0.901
NaCl,-23.65,0.901,428.0,0.0,0.867881662210252,0.8678818814164608,0.0,0.0,0.0,0.0,0.0,0.0,0.0,0.0,0.0,0.0,0.0,0.0,0.0,0.8678819146879003,0.901
NaCl,-23.65,0.901,608.0,0.0,0.8574162043690933,0.8574165587884431,0.0,0.0,0.0,0.0,0.0,0.0,0.0,0.0,0.0,0.0,0.0,0.0,0.0,0.8574165899585525,0.901
NaCl,-22.15,0.901,608.0,0.0,0.8586192811109317,0.8586196427257705,0.0,0.0,0.0,0.0,0.0,0.0,0.0,0.0,0.0,0.0,0.0,0.0,0.0,0.8586196767164767,0.901
NaCl,-21.65,0.901,800.0,0.0,0.8589787003144953,0.8589790645177452,0.0,0.0,0.0,0.0,0.0,0.0,0.0,0.0,0.0,0.0,0.0,0.0,0.0,0.8589790995349462,0.901
NaCl,-21.15,0.901,428.0,0.0,0.8677981185555783,0.8677983454948346,0.0,0.0,0.0,0.0,0.0,0.0,0.0,0.0,0.0,0.0,0.0,0.0,0.0,0.867798383082915,0.901
NaCl,-20.15,0.901,608.0,0.0,0.8599495431493029,0.8599499156201736,0.0,0.0,0.0,0.0,0.0,0.0,0.0,0.0,0.0,0.0,0.0,0.0,0.0,0.8599499539812491,0.901
NaCl,-19.15,0.901,800.0,0.0,0.8605170939808857,0.8605174723430989,0.0,0.0,0.0,0.0,0.0,0.0,0.0,0.0,0.0,0.0,0.0,0.0,0.0,0.8605175131587542,0.901
NaCl,-13.15,0.901,1000.0,0.0,0.8629062218499041,0.8629066406252901,0.0,0.0,0.0,0.0,0.0,0.0,0.0,0.0,0.0,0.0,0.0,0.0,0.0,0.8629067002607778,0.901
NaCl,-11.15,0.901,1000.0,0.0,0.8634030514225846,0.8634034852349303,0.0,0.0,0.0,0.0,0.0,0.0,0.0,0.0,0.0,0.0,0.0,0.0,0.0,0.8634035528470865,0.901
NaCl,-9.15,0.901,1000.0,0.0,0.8637835896762165,0.8637840391663848,0.0,0.0,0.0,0.0,0.0,0.0,0.0,0.0,0.0,0.0,0.0,0.0,0.0,0.8637841156937743,0.901
NaCl,-7.65,0.901,1214.0,0.0,0.8640010568052215,0.8640015184376433,0.0,0.0,0.0,0.0,0.0,0.0,0.0,0.0,0.0,0.0,0.0,0.0,0.0,0.8640016022998276,0.901
NaCl,-6.15,0.901,1214.0,0.0,0.8641656589989704,0.8641661330786766,0.0,0.0,0.0,0.0,0.0,0.0,0.0,0.0,0.0,0.0,0.0,0.0,0.0,0.8641662248566683,0.901
NaCl,-5.15,0.901,1000.0,0.0,0.864248053205973,0.8642485357440628,0.0,0.0,0.0,0.0,0.0,0.0,0.0,0.0,0.0,0.0,0.0,0.0,0.0,0.8642486331331758,0.901
NaCl,-4.15,0.901,1214.0,0.0,0.8643098215745961,0.8643103126934288,0.0,0.0,0.0,0.0,0.0,0.0,0.0,0.0,0.0,0.0,0.0,0.0,0.0,0.8643104159684895,0.901
NaCl,-3.15,0.901,1214.0,0.0,0.864351917055166,0.8643524168725999,0.0,0.0,0.0,0.0,0.0,0.0,0.0,0.0,0.0,0.0,0.0,0.0,0.0,0.8643525263149267,0.901
NaCl,-2.15,0.901,1000.0,0.0,0.8643752023240238,0.8643757109537867,0.0,0.0,0.0,0.0,0.0,0.0,0.0,0.0,0.0,0.0,0.0,0.0,0.0,0.8643758268510822,0.901
NaCl,-1.15,0.901,1214.0,0.0,0.8643804594701302,0.8643809770221573,0.0,0.0,0.0,0.0,0.0,0.0,0.0,0.0,0.0,0.0,0.0,0.0,0.0,0.8643810996683836,0.901
NaCl,-0.15,0.901,1436.0,0.0,0.8643683984192981,0.8643689250000389,0.0,0.0,0.0,0.0,0.0,0.0,0.0,0.0,0.0,0.0,0.0,0.0,0.0,0.8643690546952806,0.901
NaCl,0.85,0.901,1000.0,0.0,0.8643396642933863,0.8643402000060888,0.0,0.0,0.0,0.0,0.0,0.0,0.0,0.0,0.0,0.0,0.0,0.0,0.0,0.8643403370564013,0.901
NaCl,0.85,0.901,1214.0,0.0,0.8643396642933863,0.8643402000060888,0.0,0.0,0.0,0.0,0.0,0.0,0.0,0.0,0.0,0.0,0.0,0.0,0.0,0.8643403370564013,0.901
NaCl,1.85,0.901,1000.0,0.0,0.864294843866043,0.8642953888110158,0.0,0.0,0.0,0.0,0.0,0.0,0.0,0.0,0.0,0.0,0.0,0.0,0.0,0.8642955335282632,0.901
NaCl,1.85,0.901,1436.0,0.0,0.864294843866043,0.8642953888110158,0.0,0.0,0.0,0.0,0.0,0.0,0.0,0.0,0.0,0.0,0.0,0.0,0.0,0.8642955335282632,0.901
NaCl,2.85,0.901,1000.0,0.0,0.8642344712481448,0.8642350255229996,0.0,0.0,0.0,0.0,0.0,0.0,0.0,0.0,0.0,0.0,0.0,0.0,0.0,0.8642351782246809,0.901
NaCl,2.85,0.901,1214.0,0.0,0.8642344712481448,0.8642350255229996,0.0,0.0,0.0,0.0,0.0,0.0,0.0,0.0,0.0,0.0,0.0,0.0,0.0,0.8642351782246809,0.901
NaCl,3.85,0.901,1436.0,0.0,0.8641590329134844,0.8641595966133632,0.0,0.0,0.0,0.0,0.0,0.0,0.0,0.0,0.0,0.0,0.0,0.0,0.0,0.8641597576224294,0.901
NaCl,3.85,0.901,1214.0,0.0,0.8641590329134844,0.8641595966133632,0.0,0.0,0.0,0.0,0.0,0.0,0.0,0.0,0.0,0.0,0.0,0.0,0.0,0.8641597576224294,0.901
NaCl,4.85,0.901,1000.0,0.0,0.8640689721569196,0.8640695453747065,0.0,0.0,0.0,0.0,0.0,0.0,0.0,0.0,0.0,0.0,0.0,0.0,0.0,0.8640697150193684,0.901
NaCl,4.85,0.901,1214.0,0.0,0.8640689721569196,0.8640695453747065,0.0,0.0,0.0,0.0,0.0,0.0,0.0,0.0,0.0,0.0,0.0,0.0,0.0,0.8640697150193684,0.901
NaCl,5.85,0.901,1000.0,0.0,0.8639646930626335,0.8639652758891538,0.0,0.0,0.0,0.0,0.0,0.0,0.0,0.0,0.0,0.0,0.0,0.0,0.0,0.8639654545026827,0.901
NaCl,5.85,0.901,1436.0,0.0,0.8639646930626335,0.8639652758891538,0.0,0.0,0.0,0.0,0.0,0.0,0.0,0.0,0.0,0.0,0.0,0.0,0.0,0.8639654545026827,0.901
NaCl,6.35,0.901,1214.0,0.0,0.8639073380733303,0.8639079257376848,0.0,0.0,0.0,0.0,0.0,0.0,0.0,0.0,0.0,0.0,0.0,0.0,0.0,0.8639081089621489,0.901
NaCl,6.85,0.901,1666.0,0.0,0.8638465640477553,0.8638471565719626,0.0,0.0,0.0,0.0,0.0,0.0,0.0,0.0,0.0,0.0,0.0,0.0,0.0,0.8638473444924831,0.901
NaCl,7.35,0.901,1436.0,0.0,0.8637824119857712,0.8637830093916432,0.0,0.0,0.0,0.0,0.0,0.0,0.0,0.0,0.0,0.0,0.0,0.0,0.0,0.8637832020939151,0.901
NaCl,7.85,0.901,1000.0,0.0,0.8637149210369711,0.8637155233461239,0.0,0.0,0.0,0.0,0.0,0.0,0.0,0.0,0.0,0.0,0.0,0.0,0.0,0.8637157209164016,0.901
NaCl,7.85,0.901,1436.0,0.0,0.8637149210369711,0.8637155233461239,0.0,0.0,0.0,0.0,0.0,0.0,0.0,0.0,0.0,0.0,0.0,0.0,0.0,0.8637157209164016,0.901
NaCl,7.85,0.901,1214.0,0.0,0.8637149210369711,0.8637155233461239,0.0,0.0,0.0,0.0,0.0,0.0,0.0,0.0,0.0,0.0,0.0,0.0,0.0,0.8637157209164016,0.901
NaCl,7.85,0.901,1666.0,0.0,0.8637149210369711,0.8637155233461239,0.0,0.0,0.0,0.0,0.0,0.0,0.0,0.0,0.0,0.0,0.0,0.0,0.0,0.8637157209164016,0.901
NaCl,8.85,0.901,1666.0,0.0,0.8635700703153956,0.8635706824952234,0.0,0.0,0.0,0.0,0.0,0.0,0.0,0.0,0.0,0.0,0.0,0.0,0.0,0.8635708900624469,0.901
NaCl,9.85,0.901,1000.0,0.0,0.8634122911001503,0.863412913235012,0.0,0.0,0.0,0.0,0.0,0.0,0.0,0.0,0.0,0.0,0.0,0.0,0.0,0.8634131311505708,0.901
NaCl,9.85,0.901,1436.0,0.0,0.8634122911001503,0.863412913235012,0.0,0.0,0.0,0.0,0.0,0.0,0.0,0.0,0.0,0.0,0.0,0.0,0.0,0.8634131311505708,0.901
NaCl,9.85,0.901,1666.0,0.0,0.8634122911001503,0.863412913235012,0.0,0.0,0.0,0.0,0.0,0.0,0.0,0.0,0.0,0.0,0.0,0.0,0.0,0.8634131311505708,0.901
NaCl,10.35,0.901,1214.0,0.0,0.8633286337381003,0.8633292608817261,0.0,0.0,0.0,0.0,0.0,0.0,0.0,0.0,0.0,0.0,0.0,0.0,0.0,0.8633294841044747,0.901
NaCl,10.85,0.901,1666.0,0.0,0.8632418378654865,0.8632424700385191,0.0,0.0,0.0,0.0,0.0,0.0,0.0,0.0,0.0,0.0,0.0,0.0,0.0,0.8632426986577779,0.901
NaCl,11.85,0.901,1436.0,0.0,0.8630589424514847,0.8630595847447444,0.0,0.0,0.0,0.0,0.0,0.0,0.0,0.0,0.0,0.0,0.0,0.0,0.0,0.8630598244268153,0.901
NaCl,11.85,0.901,1214.0,0.0,0.8630589424514847,0.8630595847447444,0.0,0.0,0.0,0.0,0.0,0.0,0.0,0.0,0.0,0.0,0.0,0.0,0.0,0.8630598244268153,0.901
NaCl,11.85,0.901,1666.0,0.0,0.8630589424514847,0.8630595847447444,0.0,0.0,0.0,0.0,0.0,0.0,0.0,0.0,0.0,0.0,0.0,0.0,0.0,0.8630598244268153,0.901
NaCl,12.35,0.901,1214.0,0.0,0.8629628956638374,0.862963543047681,0.0,0.0,0.0,0.0,0.0,0.0,0.0,0.0,0.0,0.0,0.0,0.0,0.0,0.8629637883969328,0.901
NaCl,12.85,0.901,1000.0,0.0,0.862863815982335,0.8628644684769315,0.0,0.0,0.0,0.0,0.0,0.0,0.0,0.0,0.0,0.0,0.0,0.0,0.0,0.862864719584443,0.901
NaCl,12.85,0.901,1666.0,0.0,0.862863815982335,0.8628644684769315,0.0,0.0,0.0,0.0,0.0,0.0,0.0,0.0,0.0,0.0,0.0,0.0,0.0,0.862864719584443,0.901
NaCl,13.35,0.901,1000.0,0.0,0.8627617268477662,0.8627623844731864,0.0,0.0,0.0,0.0,0.0,0.0,0.0,0.0,0.0,0.0,0.0,0.0,0.0,0.8627626414304397,0.901
NaCl,13.85,0.901,1666.0,0.0,0.8626566506167404,0.8626573133929637,0.0,0.0,0.0,0.0,0.0,0.0,0.0,0.0,0.0,0.0,0.0,0.0,0.0,0.86265757629183,0.901
NaCl,14.85,0.901,1436.0,0.0,0.8624376211502214,0.8624382942876618,0.0,0.0,0.0,0.0,0.0,0.0,0.0,0.0,0.0,0.0,0.0,0.0,0.0,0.862438569346851,0.901
NaCl,14.85,0.901,1214.0,0.0,0.8624376211502214,0.8624382942876618,0.0,0.0,0.0,0.0,0.0,0.0,0.0,0.0,0.0,0.0,0.0,0.0,0.0,0.862438569346851,0.901
NaCl,15.35,0.901,1666.0,0.0,0.862323707619498,0.8623243859672063,0.0,0.0,0.0,0.0,0.0,0.0,0.0,0.0,0.0,0.0,0.0,0.0,0.0,0.8623246672458109,0.901
NaCl,15.85,0.901,1000.0,0.0,0.8622068864864668,0.8622075700641295,0.0,0.0,0.0,0.0,0.0,0.0,0.0,0.0,0.0,0.0,0.0,0.0,0.0,0.862207857655432,0.901
NaCl,16.35,0.901,1000.0,0.0,0.862087175353367,0.8620878641806144,0.0,0.0,0.0,0.0,0.0,0.0,0.0,0.0,0.0,0.0,0.0,0.0,0.0,0.8620881581782138,0.901
NaCl,16.85,0.901,1666.0,0.0,0.8619645909929317,0.861965285089344,0.0,0.0,0.0,0.0,0.0,0.0,0.0,0.0,0.0,0.0,0.0,0.0,0.0,0.861965585587142,0.901
NaCl,17.85,0.901,1436.0,0.0,0.8617108657538979,0.8617115704472116,0.0,0.0,0.0,0.0,0.0,0.0,0.0,0.0,0.0,0.0,0.0,0.0,0.0,0.8617118842282505,0.901
NaCl,17.85,0.901,1214.0,0.0,0.8617108657538979,0.8617115704472116,0.0,0.0,0.0,0.0,0.0,0.0,0.0,0.0,0.0,0.0,0.0,0.0,0.0,0.8617118842282505,0.901
NaCl,18.35,0.901,1666.0,0.0,0.8615797545992816,0.8615804646202622,0.0,0.0,0.0,0.0,0.0,0.0,0.0,0.0,0.0,0.0,0.0,0.0,0.0,0.8615807851848778,0.901
NaCl,18.85,0.901,1000.0,0.0,0.8614458297328286,0.8614465451009166,0.0,0.0,0.0,0.0,0.0,0.0,0.0,0.0,0.0,0.0,0.0,0.0,0.0,0.8614468725440788,0.901
NaCl,18.85,0.901,1666.0,0.0,0.8614458297328286,0.8614465451009166,0.0,0.0,0.0,0.0,0.0,0.0,0.0,0.0,0.0,0.0,0.0,0.0,0.0,0.8614468725440788,0.901
NaCl,18.85,0.901,1214.0,0.0,0.8614458297328286,0.8614465451009166,0.0,0.0,0.0,0.0,0.0,0.0,0.0,0.0,0.0,0.0,0.0,0.0,0.0,0.8614468725440788,0.901
NaCl,19.35,0.901,1436.0,0.0,0.8613091043085713,0.8613098250431866,0.0,0.0,0.0,0.0,0.0,0.0,0.0,0.0,0.0,0.0,0.0,0.0,0.0,0.861310159460098,0.901
NaCl,19.35,0.901,1214.0,0.0,0.8613091043085713,0.8613098250431866,0.0,0.0,0.0,0.0,0.0,0.0,0.0,0.0,0.0,0.0,0.0,0.0,0.0,0.861310159460098,0.901
NaCl,19.35,0.901,1666.0,0.0,0.8613091043085713,0.8613098250431866,0.0,0.0,0.0,0.0,0.0,0.0,0.0,0.0,0.0,0.0,0.0,0.0,0.0,0.861310159460098,0.901
NaCl,19.85,0.901,1000.0,0.0,0.8611695908542751,0.8611703169748227,0.0,0.0,0.0,0.0,0.0,0.0,0.0,0.0,0.0,0.0,0.0,0.0,0.0,0.8611706584609038,0.901
NaCl,19.85,0.901,1214.0,0.0,0.8611695908542751,0.8611703169748227,0.0,0.0,0.0,0.0,0.0,0.0,0.0,0.0,0.0,0.0,0.0,0.0,0.0,0.8611706584609038,0.901
NaCl,20.35,0.901,1666.0,0.0,0.861027301301485,0.8610280328273594,0.0,0.0,0.0,0.0,0.0,0.0,0.0,0.0,0.0,0.0,0.0,0.0,0.0,0.8610283814782359,0.901
NaCl,21.35,0.901,1436.0,0.0,0.8607344388194315,0.8607351812141286,0.0,0.0,0.0,0.0,0.0,0.0,0.0,0.0,0.0,0.0,0.0,0.0,0.0,0.8607355444822249,0.901
NaCl,21.35,0.901,1666.0,0.0,0.8607344388194315,0.8607351812141286,0.0,0.0,0.0,0.0,0.0,0.0,0.0,0.0,0.0,0.0,0.0,0.0,0.0,0.8607355444822249,0.901
NaCl,5.0,0.9999,0.1,0.0,0.9442856167089975,0.9442856126235406,0.0,0.0,0.0,0.0,0.0,0.0,0.0,0.0,0.0,0.0,0.0,0.0,0.0,0.9442856727915219,0.9999
NaCl,10.0,0.9999,0.1,0.0,0.9424829161204819,0.9424829100876314,0.0,0.0,0.0,0.0,0.0,0.0,0.0,0.0,0.0,0.0,0.0,0.0,0.0,0.9424829865400347,0.9999
NaCl,25.0,0.9999,0.1,0.0,0.9363687537672102,0.9363687388706482,0.0,0.0,0.0,0.0,0.0,0.0,0.0,0.0,0.0,0.0,0.0,0.0,0.0,0.9363688841556017,0.9999
NaCl,35.0,0.9999,0.1,0.0,0.9318363298496786,0.931836305923992,0.0,0.0,0.0,0.0,0.0,0.0,0.0,0.0,0.0,0.0,0.0,0.0,0.0,0.9318365173427566,0.9999
NaCl,45.0,0.9999,0.1,0.0,0.9269945195193914,0.926994483527275,0.0,0.0,0.0,0.0,0.0,0.0,0.0,0.0,0.0,0.0,0.0,0.0,0.0,0.9269947806101491,0.9999
NaCl,70.0,0.9999,0.1,0.0,0.9136095473041862,0.9136094654272859,0.0,0.0,0.0,0.0,0.0,0.0,0.0,0.0,0.0,0.0,0.0,0.0,0.0,0.9136100789320263,0.9999
NaCl,90.0,0.9999,0.1,0.0,0.9015513245003166,0.9015511882404184,0.0,0.0,0.0,0.0,0.0,0.0,0.0,0.0,0.0,0.0,0.0,0.0,0.0,0.9015521758003902,0.9999
NaCl,20.0,1.0,0.1,0.0,0.9385963103655764,0.9385962989870904,0.0,0.0,0.0,0.0,0.0,0.0,0.0,0.0,0.0,0.0,0.0,0.0,0.0,0.9385964176400374,1.0
NaCl,-10.0,1.2834,0.1,0.0,1.2039007749294062,1.2039007750090973,0.0,0.0,0.0,0.0,0.0,0.0,0.0,0.0,0.0,0.0,0.0,0.0,0.0,1.2039008005592187,1.2834
NaCl,-6.0,1.2834,0.1,0.0,1.202131220128217,1.2021312194874463,0.0,0.0,0.0,0.0,0.0,0.0,0.0,0.0,0.0,0.0,0.0,0.0,0.0,1.2021312519433405,1.2834
NaCl,-3.0,1.2834,0.1,0.0,1.2006338719584435,1.200633870640477,0.0,0.0,0.0,0.0,0.0,0.0,0.0,0.0,0.0,0.0,0.0,0.0,0.0,1.2006339091188223,1.2834
NaCl,-1.0,1.2834,0.1,0.0,1.1995704282068023,1.1995704263650897,0.0,0.0,0.0,0.0,0.0,0.0,0.0,0.0,0.0,0.0,0.0,0.0,0.0,1.1995704692965654,1.2834
NaCl,5.0,1.2834,0.1,0.0,1.1961319451748504,1.1961319413708793,0.0,0.0,0.0,0.0,0.0,0.0,0.0,0.0,0.0,0.0,0.0,0.0,0.0,1.196131999990047,1.2834
NaCl,20.0,1.2834,0.1,0.0,1.1864278168097797,1.1864278048880084,0.0,0.0,0.0,0.0,0.0,0.0,0.0,0.0,0.0,0.0,0.0,0.0,0.0,1.1864279212880184,1.2834
NaCl,25.0,1.2834,0.1,0.0,1.1829468197498334,1.182946803860592,0.0,0.0,0.0,0.0,0.0,0.0,0.0,0.0,0.0,0.0,0.0,0.0,0.0,1.1829469466458393,1.2834
NaCl,20.0,1.5,0.1,0.0,1.3706435618986428,1.3706435500238443,0.0,0.0,0.0,0.0,0.0,0.0,0.0,0.0,0.0,0.0,0.0,0.0,0.0,1.3706436641310655,1.5
NaCl,-10.0,1.7112,0.1,0.0,1.5789790884080037,1.578979089554297,0.0,0.0,0.0,0.0,0.0,0.0,0.0,0.0,0.0,0.0,0.0,0.0,0.0,1.5789791133516973,1.7112
NaCl,-6.0,1.7112,0.1,0.0,1.5752343071250132,1.575234307592697,0.0,0.0,0.0,0.0,0.0,0.0,0.0,0.0,0.0,0.0,0.0,0.0,0.0,1.5752343379815428,1.7112
NaCl,-3.0,1.7112,0.1,0.0,1.5722072448832678,1.5722072446865365,0.0,0.0,0.0,0.0,0.0,0.0,0.0,0.0,0.0,0.0,0.0,0.0,0.0,1.5722072808429397,1.7112
NaCl,-1.0,1.7112,0.1,0.0,1.5701086249790763,1.5701086242569622,0.0,0.0,0.0,0.0,0.0,0.0,0.0,0.0,0.0,0.0,0.0,0.0,0.0,1.5701086646872358,1.7112
NaCl,5.0,1.7112,0.1,0.0,1.563521777209304,1.5635217744632468,0.0,0.0,0.0,0.0,0.0,0.0,0.0,0.0,0.0,0.0,0.0,0.0,0.0,1.563521829997677,1.7112
NaCl,20.0,1.7112,0.1,0.0,1.5459025491001825,1.545902537592615,0.0,0.0,0.0,0.0,0.0,0.0,0.0,0.0,0.0,0.0,0.0,0.0,0.0,1.5459026491435384,1.7112
NaCl,25.0,1.7112,0.1,0.0,1.5398123122341811,1.5398122963458556,0.0,0.0,0.0,0.0,0.0,0.0,0.0,0.0,0.0,0.0,0.0,0.0,0.0,1.5398124335986334,1.7112
NaCl,-14.15,1.744187818,645.0,0.0,1.61701397356705,1.617014549091069,0.0,0.0,0.0,0.0,0.0,0.0,0.0,0.0,0.0,0.0,0.0,0.0,0.0,1.6170145830736082,1.744187818
NaCl,-12.15,1.745789598,645.0,0.0,1.6198833166019213,1.619883915381606,0.0,0.0,0.0,0.0,0.0,0.0,0.0,0.0,0.0,0.0,0.0,0.0,0.0,1.6198839542829577,1.745789598
NaCl,-10.15,1.747394323,645.0,0.0,1.6223528482634197,1.622353471454123,0.0,0.0,0.0,0.0,0.0,0.0,0.0,0.0,0.0,0.0,0.0,0.0,0.0,1.6223535159054794,1.747394323
NaCl,-9.15,1.7485549721934497,645.0,0.0,1.6237633598944126,1.6237639957621197,0.0,0.0,0.0,0.0,0.0,0.0,0.0,0.0,0.0,0.0,0.0,0.0,0.0,1.6237640432302167,1.7485549721934497
NaCl,-7.15,1.750612641,645.0,0.0,1.6261112407634255,1.6261119027160622,0.0,0.0,0.0,0.0,0.0,0.0,0.0,0.0,0.0,0.0,0.0,0.0,0.0,1.6261119567506168,1.750612641
NaCl,-6.15,1.750612641,645.0,0.0,1.6262790717255375,1.6262797468952026,0.0,0.0,0.0,0.0,0.0,0.0,0.0,0.0,0.0,0.0,0.0,0.0,0.0,1.6262798045173872,1.750612641
NaCl,-5.15,1.7521205676017906,645.0,0.0,1.6276839118183226,1.6276846007333023,0.0,0.0,0.0,0.0,0.0,0.0,0.0,0.0,0.0,0.0,0.0,0.0,0.0,1.6276846620907124,1.7521205676017906
NaCl,-3.15,1.753842835,645.0,0.0,1.629171538092692,1.6291722549375118,0.0,0.0,0.0,0.0,0.0,0.0,0.0,0.0,0.0,0.0,0.0,0.0,0.0,1.629172324398027,1.753842835
NaCl,-0.15,1.7566219188111258,645.0,0.0,1.6311112805214605,1.631112040943618,0.0,0.0,0.0,0.0,0.0,0.0,0.0,0.0,0.0,0.0,0.0,0.0,0.0,1.6311121241202646,1.7566219188111258
NaCl,-0.15,1.757084971,645.0,0.0,1.6315119720960813,1.6315127326216463,0.0,0.0,0.0,0.0,0.0,0.0,0.0,0.0,0.0,0.0,0.0,0.0,0.0,1.6315128157797365,1.757084971
NaCl,1.85,1.758710539,645.0,0.0,1.632325319046816,1.6323261096137038,0.0,0.0,0.0,0.0,0.0,0.0,0.0,0.0,0.0,0.0,0.0,0.0,0.0,1.6323262030303196,1.758710539
NaCl,2.85,1.759346610949818,645.0,0.0,1.6324997962005874,1.632500602041958,0.0,0.0,0.0,0.0,0.0,0.0,0.0,0.0,0.0,0.0,0.0,0.0,0.0,1.6325007009438839,1.759346610949818
NaCl,4.85,1.761970714,645.0,0.0,1.6338629123248776,1.633863749620229,0.0,0.0,0.0,0.0,0.0,0.0,0.0,0.0,0.0,0.0,0.0,0.0,0.0,1.6338638601455848,1.761970714
NaCl,7.85,1.7639279782160016,645.0,0.0,1.6338370863264156,1.633837971688834,0.0,0.0,0.0,0.0,0.0,0.0,0.0,0.0,0.0,0.0,0.0,0.0,0.0,1.6338381016151242,1.7639279782160016
NaCl,9.85,1.765242999,645.0,0.0,1.6335986639342968,1.63359958221028,0.0,0.0,0.0,0.0,0.0,0.0,0.0,0.0,0.0,0.0,0.0,0.0,0.0,1.6335997263688222,1.765242999
NaCl,14.85,1.770174279,645.0,0.0,1.633640009920825,1.633641013842754,0.0,0.0,0.0,0.0,0.0,0.0,0.0,0.0,0.0,0.0,0.0,0.0,0.0,1.6336411982150332,1.770174279
NaCl,14.85,1.7704273560064503,645.0,0.0,1.633855698135444,1.6338567021361308,0.0,0.0,0.0,0.0,0.0,0.0,0.0,0.0,0.0,0.0,0.0,0.0,0.0,1.6338568864880818,1.7704273560064503
NaCl,17.85,1.773477134,645.0,0.0,1.6334434878758712,1.6334445451934028,0.0,0.0,0.0,0.0,0.0,0.0,0.0,0.0,0.0,0.0,0.0,0.0,0.0,1.6334447570294022,1.773477134
NaCl,21.85,1.776792337,645.0,0.0,1.6316781568601881,1.6316792870797396,0.0,0.0,0.0,0.0,0.0,0.0,0.0,0.0,0.0,0.0,0.0,0.0,0.0,1.6316795396987516,1.776792337
NaCl,-40.15,1.901,140.0,0.0,1.8324918220978221,1.832491847970181,0.0,0.0,0.0,0.0,0.0,0.0,0.0,0.0,0.0,0.0,0.0,0.0,0.0,1.832491855721445,1.901
NaCl,-37.15,1.901,140.0,0.0,1.8324918220978221,1.832491847970181,0.0,0.0,0.0,0.0,0.0,0.0,0.0,0.0,0.0,0.0,0.0,0.0,0.0,1.832491855721445,1.901
NaCl,-35.15,1.901,140.0,0.0,1.8324918220978221,1.832491847970181,0.0,0.0,0.0,0.0,0.0,0.0,0.0,0.0,0.0,0.0,0.0,0.0,0.0,1.832491855721445,1.901
NaCl,-32.15,1.901,140.0,0.0,1.829267458932577,1.829267484859966,0.0,0.0,0.0,0.0,0.0,0.0,0.0,0.0,0.0,0.0,0.0,0.0,0.0,1.829267492964985,1.901
NaCl,-30.15,1.901,140.0,0.0,1.8235033358211763,1.8235033621543242,0.0,0.0,0.0,0.0,0.0,0.0,0.0,0.0,0.0,0.0,0.0,0.0,0.0,1.8235033711792263,1.901
NaCl,-27.15,1.901,140.0,0.0,1.815979949946286,1.8159799773789012,0.0,0.0,0.0,0.0,0.0,0.0,0.0,0.0,0.0,0.0,0.0,0.0,0.0,1.8159799882460992,1.901
NaCl,-25.15,1.901,140.0,0.0,1.8114306566889329,1.8114306850706137,0.0,0.0,0.0,0.0,0.0,0.0,0.0,0.0,0.0,0.0,0.0,0.0,0.0,1.8114306974594148,1.901
NaCl,-23.15,1.901,140.0,0.0,1.8071216474343184,1.8071216768861356,0.0,0.0,0.0,0.0,0.0,0.0,0.0,0.0,0.0,0.0,0.0,0.0,0.0,1.8071216910361163,1.901
NaCl,-22.15,1.901,140.0,0.0,1.805034773300861,1.8050348033239103,0.0,0.0,0.0,0.0,0.0,0.0,0.0,0.0,0.0,0.0,0.0,0.0,0.0,1.8050348184477318,1.901
NaCl,-21.15,1.901,645.0,0.0,1.7411075376960097,1.7411080636054952,0.0,0.0,0.0,0.0,0.0,0.0,0.0,0.0,0.0,0.0,0.0,0.0,0.0,1.7411080828990677,1.901
NaCl,-20.15,1.901,140.0,0.0,1.8009652631751307,1.8009652943990762,0.0,0.0,0.0,0.0,0.0,0.0,0.0,0.0,0.0,0.0,0.0,0.0,0.0,1.800965311666105,1.901
NaCl,-20.15,1.901,645.0,0.0,1.7432676452243792,1.7432681804183903,0.0,0.0,0.0,0.0,0.0,0.0,0.0,0.0,0.0,0.0,0.0,0.0,0.0,1.7432682010684464,1.901
NaCl,-18.65,1.901,140.0,0.0,1.79798678737949,1.797986819546466,0.0,0.0,0.0,0.0,0.0,0.0,0.0,0.0,0.0,0.0,0.0,0.0,0.0,1.7979868386002358,1.901
NaCl,-18.15,1.901,1258.0,0.0,1.746885613634826,1.7468861687413255,0.0,0.0,0.0,0.0,0.0,0.0,0.0,0.0,0.0,0.0,0.0,0.0,0.0,1.7468861924418349,1.901
NaCl,-17.15,1.901,645.0,0.0,1.7483913451858777,1.748391910861693,0.0,0.0,0.0,0.0,0.0,0.0,0.0,0.0,0.0,0.0,0.0,0.0,0.0,1.748391936264742,1.901
NaCl,-16.15,1.901,140.0,0.0,1.7931311242373473,1.7931311580383753,0.0,0.0,0.0,0.0,0.0,0.0,0.0,0.0,0.0,0.0,0.0,0.0,0.0,1.7931311804349324,1.901
NaCl,-16.15,1.901,1258.0,0.0,1.7497205219397687,1.749721098561542,0.0,0.0,0.0,0.0,0.0,0.0,0.0,0.0,0.0,0.0,0.0,0.0,0.0,1.7497211257914569,1.901
NaCl,-15.15,1.901,645.0,0.0,1.7508887844512593,1.7508893723756382,0.0,0.0,0.0,0.0,0.0,0.0,0.0,0.0,0.0,0.0,0.0,0.0,0.0,1.7508894015615866,1.901
NaCl,-15.15,1.901,1258.0,0.0,1.7508887844512593,1.7508893723756382,0.0,0.0,0.0,0.0,0.0,0.0,0.0,0.0,0.0,0.0,0.0,0.0,0.0,1.7508894015615866,1.901
NaCl,-15.15,1.901,1043.0,0.0,1.7508887844512593,1.7508893723756382,0.0,0.0,0.0,0.0,0.0,0.0,0.0,0.0,0.0,0.0,0.0,0.0,0.0,1.7508894015615866,1.901
NaCl,-14.15,1.901,1258.0,0.0,1.7519095708374794,1.751910170403645,0.0,0.0,0.0,0.0,0.0,0.0,0.0,0.0,0.0,0.0,0.0,0.0,0.0,1.7519102016798005,1.901
NaCl,-14.15,1.901,1043.0,0.0,1.7519095708374794,1.751910170403645,0.0,0.0,0.0,0.0,0.0,0.0,0.0,0.0,0.0,0.0,0.0,0.0,0.0,1.7519102016798005,1.901
NaCl,-13.15,1.901,1481.0,0.0,1.7527945113348953,1.7527951228666376,0.0,0.0,0.0,0.0,0.0,0.0,0.0,0.0,0.0,0.0,0.0,0.0,0.0,1.7527951563723203,1.901
NaCl,-12.15,1.901,1258.0,0.0,1.7535537352222401,1.7535543590296725,0.0,0.0,0.0,0.0,0.0,0.0,0.0,0.0,0.0,0.0,0.0,0.0,0.0,1.7535543949094667,1.901
NaCl,-12.15,1.901,1043.0,0.0,1.7535537352222401,1.7535543590296725,0.0,0.0,0.0,0.0,0.0,0.0,0.0,0.0,0.0,0.0,0.0,0.0,0.0,1.7535543949094667,1.901
NaCl,-11.15,1.901,1258.0,0.0,1.7541961131579735,1.7541967495389594,0.0,0.0,0.0,0.0,0.0,0.0,0.0,0.0,0.0,0.0,0.0,0.0,0.0,1.754196787942809,1.901
NaCl,-11.15,1.901,1043.0,0.0,1.7541961131579735,1.7541967495389594,0.0,0.0,0.0,0.0,0.0,0.0,0.0,0.0,0.0,0.0,0.0,0.0,0.0,1.754196787942809,1.901
NaCl,-11.15,1.901,1481.0,0.0,1.7541961131579735,1.7541967495389594,0.0,0.0,0.0,0.0,0.0,0.0,0.0,0.0,0.0,0.0,0.0,0.0,0.0,1.754196787942809,1.901
NaCl,-10.15,1.901,1258.0,0.0,1.7547294510714446,1.7547301003127946,0.0,0.0,0.0,0.0,0.0,0.0,0.0,0.0,0.0,0.0,0.0,0.0,0.0,1.7547301413960796,1.901
NaCl,-10.15,1.901,1043.0,0.0,1.7547294510714446,1.7547301003127946,0.0,0.0,0.0,0.0,0.0,0.0,0.0,0.0,0.0,0.0,0.0,0.0,0.0,1.7547301413960796,1.901
NaCl,-9.15,1.901,1481.0,0.0,1.755160647133512,1.7551613095119925,0.0,0.0,0.0,0.0,0.0,0.0,0.0,0.0,0.0,0.0,0.0,0.0,0.0,1.7551613534355872,1.901
NaCl,-8.15,1.901,1258.0,0.0,1.7554958201849478,1.7554964959681363,0.0,0.0,0.0,0.0,0.0,0.0,0.0,0.0,0.0,0.0,0.0,0.0,0.0,1.7554965428984506,1.901
NaCl,-8.15,1.901,1043.0,0.0,1.7554958201849478,1.7554964959681363,0.0,0.0,0.0,0.0,0.0,0.0,0.0,0.0,0.0,0.0,0.0,0.0,0.0,1.7554965428984506,1.901
NaCl,-8.15,1.901,1481.0,0.0,1.7554958201849478,1.7554964959681363,0.0,0.0,0.0,0.0,0.0,0.0,0.0,0.0,0.0,0.0,0.0,0.0,0.0,1.7554965428984506,1.901
NaCl,-6.15,1.901,1258.0,0.0,1.755899294723712,1.7558999980858474,0.0,0.0,0.0,0.0,0.0,0.0,0.0,0.0,0.0,0.0,0.0,0.0,0.0,1.7559000515510808,1.901
NaCl,-6.15,1.901,1481.0,0.0,1.755899294723712,1.7558999980858474,0.0,0.0,0.0,0.0,0.0,0.0,0.0,0.0,0.0,0.0,0.0,0.0,0.0,1.7559000515510808,1.901
NaCl,-5.15,1.901,1043.0,0.0,1.755976806924009,1.7559775244452662,0.0,0.0,0.0,0.0,0.0,0.0,0.0,0.0,0.0,0.0,0.0,0.0,0.0,1.7559775814498337,1.901
NaCl,-5.15,1.901,1481.0,0.0,1.755976806924009,1.7559775244452662,0.0,0.0,0.0,0.0,0.0,0.0,0.0,0.0,0.0,0.0,0.0,0.0,0.0,1.7559775814498337,1.901
NaCl,-4.15,1.901,1258.0,0.0,1.7559768544560008,1.7559775863735685,0.0,0.0,0.0,0.0,0.0,0.0,0.0,0.0,0.0,0.0,0.0,0.0,0.0,1.7559776471061195,1.901
NaCl,-4.15,1.901,1481.0,0.0,1.7559768544560008,1.7559775863735685,0.0,0.0,0.0,0.0,0.0,0.0,0.0,0.0,0.0,0.0,0.0,0.0,0.0,1.7559776471061195,1.901
NaCl,-3.15,1.901,1043.0,0.0,1.7559029447727308,1.7559036913173942,0.0,0.0,0.0,0.0,0.0,0.0,0.0,0.0,0.0,0.0,0.0,0.0,0.0,1.7559037559720907,1.901
NaCl,-2.15,1.901,1258.0,0.0,1.7557582364348148,1.7557589978313204,0.0,0.0,0.0,0.0,0.0,0.0,0.0,0.0,0.0,0.0,0.0,0.0,0.0,1.7557590666077894,1.901
NaCl,-2.15,1.901,1481.0,0.0,1.7557582364348148,1.7557589978313204,0.0,0.0,0.0,0.0,0.0,0.0,0.0,0.0,0.0,0.0,0.0,0.0,0.0,1.7557590666077894,1.901
NaCl,-1.15,1.901,1481.0,0.0,1.755545578444891,1.7555463549122674,0.0,0.0,0.0,0.0,0.0,0.0,0.0,0.0,0.0,0.0,0.0,0.0,0.0,1.7555464280155424,1.901
NaCl,-0.15,1.901,1258.0,0.0,1.7552675442799222,1.7552683360317671,0.0,0.0,0.0,0.0,0.0,0.0,0.0,0.0,0.0,0.0,0.0,0.0,0.0,1.7552684136722174,1.901
NaCl,-0.15,1.901,1043.0,0.0,1.7552675442799222,1.7552683360317671,0.0,0.0,0.0,0.0,0.0,0.0,0.0,0.0,0.0,0.0,0.0,0.0,0.0,1.7552684136722174,1.901
NaCl,-0.15,1.901,1481.0,0.0,1.7552675442799222,1.7552683360317671,0.0,0.0,0.0,0.0,0.0,0.0,0.0,0.0,0.0,0.0,0.0,0.0,0.0,1.7552684136722174,1.901
NaCl,0.85,1.901,1481.0,0.0,1.7549264614776408,1.7549272687223774,0.0,0.0,0.0,0.0,0.0,0.0,0.0,0.0,0.0,0.0,0.0,0.0,0.0,1.754927351115625,1.901
NaCl,1.85,1.901,1043.0,0.0,1.7545244374743838,1.7545252604154922,0.0,0.0,0.0,0.0,0.0,0.0,0.0,0.0,0.0,0.0,0.0,0.0,0.0,1.7545253477823173,1.901
NaCl,1.85,1.901,1258.0,0.0,1.7545244374743838,1.7545252604154922,0.0,0.0,0.0,0.0,0.0,0.0,0.0,0.0,0.0,0.0,0.0,0.0,0.0,1.7545253477823173,1.901
NaCl,2.85,1.901,1258.0,0.0,1.7540633822659395,1.7540642211021669,0.0,0.0,0.0,0.0,0.0,0.0,0.0,0.0,0.0,0.0,0.0,0.0,0.0,1.7540643136684047,1.901
NaCl,2.85,1.901,1043.0,0.0,1.7540633822659395,1.7540642211021669,0.0,0.0,0.0,0.0,0.0,0.0,0.0,0.0,0.0,0.0,0.0,0.0,0.0,1.7540643136684047,1.901
NaCl,2.85,1.901,1481.0,0.0,1.7540633822659395,1.7540642211021669,0.0,0.0,0.0,0.0,0.0,0.0,0.0,0.0,0.0,0.0,0.0,0.0,0.0,1.7540643136684047,1.901
NaCl,4.85,1.901,1258.0,0.0,1.7529709484349707,1.7529718196396875,0.0,0.0,0.0,0.0,0.0,0.0,0.0,0.0,0.0,0.0,0.0,0.0,0.0,1.7529719233018906,1.901
NaCl,4.85,1.901,1043.0,0.0,1.7529709484349707,1.7529718196396875,0.0,0.0,0.0,0.0,0.0,0.0,0.0,0.0,0.0,0.0,0.0,0.0,0.0,1.7529719233018906,1.901
NaCl,4.85,1.901,1481.0,0.0,1.7529709484349707,1.7529718196396875,0.0,0.0,0.0,0.0,0.0,0.0,0.0,0.0,0.0,0.0,0.0,0.0,0.0,1.7529719233018906,1.901
NaCl,5.85,1.901,1043.0,0.0,1.752342570963535,1.752343458633053,0.0,0.0,0.0,0.0,0.0,0.0,0.0,0.0,0.0,0.0,0.0,0.0,0.0,1.7523435682013078,1.901
NaCl,5.85,1.901,1713.0,0.0,1.752342570963535,1.752343458633053,0.0,0.0,0.0,0.0,0.0,0.0,0.0,0.0,0.0,0.0,0.0,0.0,0.0,1.7523435682013078,1.901
NaCl,6.85,1.901,1258.0,0.0,1.7516611941906521,1.7516620985065554,0.0,0.0,0.0,0.0,0.0,0.0,0.0,0.0,0.0,0.0,0.0,0.0,0.0,1.7516622142256775,1.901
NaCl,6.85,1.901,1713.0,0.0,1.7516611941906521,1.7516620985065554,0.0,0.0,0.0,0.0,0.0,0.0,0.0,0.0,0.0,0.0,0.0,0.0,0.0,1.7516622142256775,1.901
NaCl,7.35,1.901,1043.0,0.0,1.7513010042487274,1.751301916954689,0.0,0.0,0.0,0.0,0.0,0.0,0.0,0.0,0.0,0.0,0.0,0.0,0.0,1.7513020358424296,1.901
NaCl,7.85,1.901,1258.0,0.0,1.7509279985827253,1.7509289197226845,0.0,0.0,0.0,0.0,0.0,0.0,0.0,0.0,0.0,0.0,0.0,0.0,0.0,1.750929041841883,1.901
NaCl,7.85,1.901,1481.0,0.0,1.7509279985827253,1.7509289197226845,0.0,0.0,0.0,0.0,0.0,0.0,0.0,0.0,0.0,0.0,0.0,0.0,0.0,1.750929041841883,1.901
NaCl,8.85,1.901,1481.0,0.0,1.7501440580136294,1.750144996151535,0.0,0.0,0.0,0.0,0.0,0.0,0.0,0.0,0.0,0.0,0.0,0.0,0.0,1.7501451249242561,1.901
NaCl,8.85,1.901,1713.0,0.0,1.7501440580136294,1.750144996151535,0.0,0.0,0.0,0.0,0.0,0.0,0.0,0.0,0.0,0.0,0.0,0.0,0.0,1.7501451249242561,1.901
NaCl,9.85,1.901,1258.0,0.0,1.7493103498314306,1.7493113051375146,0.0,0.0,0.0,0.0,0.0,0.0,0.0,0.0,0.0,0.0,0.0,0.0,0.0,1.7493114408212809,1.901
NaCl,9.85,1.901,1043.0,0.0,1.7493103498314306,1.7493113051375146,0.0,0.0,0.0,0.0,0.0,0.0,0.0,0.0,0.0,0.0,0.0,0.0,0.0,1.7493114408212809,1.901
NaCl,9.85,1.901,1481.0,0.0,1.7493103498314306,1.7493113051375146,0.0,0.0,0.0,0.0,0.0,0.0,0.0,0.0,0.0,0.0,0.0,0.0,0.0,1.7493114408212809,1.901
NaCl,10.85,1.901,1713.0,0.0,1.7484277639525887,1.7484287365935431,0.0,0.0,0.0,0.0,0.0,0.0,0.0,0.0,0.0,0.0,0.0,0.0,0.0,1.7484288794497842,1.901
NaCl,11.85,1.901,1258.0,0.0,1.7474971111059072,1.747498101244995,0.0,0.0,0.0,0.0,0.0,0.0,0.0,0.0,0.0,0.0,0.0,0.0,0.0,1.7474982515388762,1.901
NaCl,11.85,1.901,1481.0,0.0,1.7474971111059072,1.747498101244995,0.0,0.0,0.0,0.0,0.0,0.0,0.0,0.0,0.0,0.0,0.0,0.0,0.0,1.7474982515388762,1.901
NaCl,12.85,1.901,1043.0,0.0,1.746519130332293,1.7465201381294522,0.0,0.0,0.0,0.0,0.0,0.0,0.0,0.0,0.0,0.0,0.0,0.0,0.0,1.746520296129697,1.901
NaCl,12.85,1.901,1258.0,0.0,1.746519130332293,1.7465201381294522,0.0,0.0,0.0,0.0,0.0,0.0,0.0,0.0,0.0,0.0,0.0,0.0,0.0,1.746520296129697,1.901
NaCl,13.85,1.901,1481.0,0.0,1.745494495831223,1.74549552144317,0.0,0.0,0.0,0.0,0.0,0.0,0.0,0.0,0.0,0.0,0.0,0.0,0.0,1.7454956874218799,1.901
NaCl,14.35,1.901,1258.0,0.0,1.7449648779444635,1.744965912521592,0.0,0.0,0.0,0.0,0.0,0.0,0.0,0.0,0.0,0.0,0.0,0.0,0.0,1.744966082592578,1.901
NaCl,14.85,1.901,1258.0,0.0,1.7444238232334546,1.7444248668137785,0.0,0.0,0.0,0.0,0.0,0.0,0.0,0.0,0.0,0.0,0.0,0.0,0.0,1.7444250410462496,1.901
NaCl,14.85,1.901,1043.0,0.0,1.7444238232334546,1.7444248668137785,0.0,0.0,0.0,0.0,0.0,0.0,0.0,0.0,0.0,0.0,0.0,0.0,0.0,1.7444250410462496,1.901
NaCl,14.85,1.901,1481.0,0.0,1.7444238232334546,1.7444248668137785,0.0,0.0,0.0,0.0,0.0,0.0,0.0,0.0,0.0,0.0,0.0,0.0,0.0,1.7444250410462496,1.901
NaCl,14.85,1.901,1713.0,0.0,1.7444238232334546,1.7444248668137785,0.0,0.0,0.0,0.0,0.0,0.0,0.0,0.0,0.0,0.0,0.0,0.0,0.0,1.7444250410462496,1.901
NaCl,17.85,1.901,1713.0,0.0,1.7409409726921705,1.7409420710692747,0.0,0.0,0.0,0.0,0.0,0.0,0.0,0.0,0.0,0.0,0.0,0.0,0.0,1.7409422717439633,1.901
NaCl,17.85,1.901,1481.0,0.0,1.7409409726921705,1.7409420710692747,0.0,0.0,0.0,0.0,0.0,0.0,0.0,0.0,0.0,0.0,0.0,0.0,0.0,1.7409422717439633,1.901
NaCl,18.35,1.901,1713.0,0.0,1.7403216298275062,1.7403227374636743,0.0,0.0,0.0,0.0,0.0,0.0,0.0,0.0,0.0,0.0,0.0,0.0,0.0,1.7403229427940239,1.901
NaCl,18.85,1.901,1043.0,0.0,1.7396913255199542,1.7396924424503415,0.0,0.0,0.0,0.0,0.0,0.0,0.0,0.0,0.0,0.0,0.0,0.0,0.0,1.7396926525081957,1.901
NaCl,18.85,1.901,1713.0,0.0,1.7396913255199542,1.7396924424503415,0.0,0.0,0.0,0.0,0.0,0.0,0.0,0.0,0.0,0.0,0.0,0.0,0.0,1.7396926525081957,1.901
NaCl,18.85,1.901,1481.0,0.0,1.7396913255199542,1.7396924424503415,0.0,0.0,0.0,0.0,0.0,0.0,0.0,0.0,0.0,0.0,0.0,0.0,0.0,1.7396926525081957,1.901
NaCl,21.35,1.901,1713.0,0.0,1.7363770393061573,1.7363782032234465,0.0,0.0,0.0,0.0,0.0,0.0,0.0,0.0,0.0,0.0,0.0,0.0,0.0,1.7363784380057572,1.901
NaCl,-12.65,1.9935866411776473,140.0,0.0,1.8685490630991883,1.8685491006135617,0.0,0.0,0.0,0.0,0.0,0.0,0.0,0.0,0.0,0.0,0.0,0.0,0.0,1.8685491276011559,1.9935866411776473
NaCl,-10.15,1.995201537121069,140.0,0.0,1.8648158785265367,1.864815917915292,0.0,0.0,0.0,0.0,0.0,0.0,0.0,0.0,0.0,0.0,0.0,0.0,0.0,1.8648159493596106,1.995201537121069
NaCl,-8.15,1.99704685,140.0,0.0,1.8623548547073985,1.862354895621299,0.0,0.0,0.0,0.0,0.0,0.0,0.0,0.0,0.0,0.0,0.0,0.0,0.0,1.8623549310420997,1.99704685
NaCl,-6.15,1.997808647506311,140.0,0.0,1.8589809243115107,1.8589809667384742,0.0,0.0,0.0,0.0,0.0,0.0,0.0,0.0,0.0,0.0,0.0,0.0,0.0,1.8589810065468777,1.997808647506311
NaCl,-5.15,1.999147003,140.0,0.0,1.8581366659995069,1.8581367091994252,0.0,0.0,0.0,0.0,0.0,0.0,0.0,0.0,0.0,0.0,0.0,0.0,0.0,1.858136751345841,1.999147003
NaCl,-2.15,1.999147003,140.0,0.0,1.8521765561013812,1.8521766015328922,0.0,0.0,0.0,0.0,0.0,0.0,0.0,0.0,0.0,0.0,0.0,0.0,0.0,1.8521766514192677,1.999147003
NaCl,-0.15,2.001251577,140.0,0.0,1.8500510346981645,1.8500510816371265,0.0,0.0,0.0,0.0,0.0,0.0,0.0,0.0,0.0,0.0,0.0,0.0,0.0,1.8500511372410506,2.001251577
NaCl,-0.15,2.001773417651029,140.0,0.0,1.8504974170856388,1.8504974640354224,0.0,0.0,0.0,0.0,0.0,0.0,0.0,0.0,0.0,0.0,0.0,0.0,0.0,1.8504975196303313,2.001773417651029
NaCl,1.85,2.003360587,140.0,0.0,1.8479476865693862,1.8479477349928835,0.0,0.0,0.0,0.0,0.0,0.0,0.0,0.0,0.0,0.0,0.0,0.0,0.0,1.847947796815495,2.003360587
NaCl,4.85,2.005474047,140.0,0.0,1.8439383200414219,1.8439383706080739,0.0,0.0,0.0,0.0,0.0,0.0,0.0,0.0,0.0,0.0,0.0,0.0,0.0,1.8439384427814325,2.005474047
NaCl,5.85,2.0058037205999644,140.0,0.0,1.8422972923476018,1.8422973435994863,0.0,0.0,0.0,0.0,0.0,0.0,0.0,0.0,0.0,0.0,0.0,0.0,0.0,1.8422974195134079,2.0058037205999644
NaCl,7.85,2.007591971,140.0,0.0,1.8399831012633616,1.8399831538777704,0.0,0.0,0.0,0.0,0.0,0.0,0.0,0.0,0.0,0.0,0.0,0.0,0.0,1.839983237693024,2.007591971
NaCl,9.85,2.0085273400218595,140.0,0.0,1.8369753502386734,1.8369754041408528,0.0,0.0,0.0,0.0,0.0,0.0,0.0,0.0,0.0,0.0,0.0,0.0,0.0,1.8369754964952998,2.0085273400218595
NaCl,11.85,2.009714374,140.0,0.0,1.834201185454642,1.8342012405907318,0.0,0.0,0.0,0.0,0.0,0.0,0.0,0.0,0.0,0.0,0.0,0.0,0.0,1.8342013421265055,2.009714374
NaCl,15.85,2.011841268,140.0,0.0,1.8285142491290078,1.8285143065177847,0.0,0.0,0.0,0.0,0.0,0.0,0.0,0.0,0.0,0.0,0.0,0.0,0.0,1.8285144284881376,2.011841268
NaCl,14.85,2.0119735784794432,140.0,0.0,1.83047556742243,1.8304756242960092,0.0,0.0,0.0,0.0,0.0,0.0,0.0,0.0,0.0,0.0,0.0,0.0,0.0,1.8304757408701384,2.0119735784794432
NaCl,18.85,2.013972669,140.0,0.0,1.8247438830110956,1.8247439418986968,0.0,0.0,0.0,0.0,0.0,0.0,0.0,0.0,0.0,0.0,0.0,0.0,0.0,1.8247440811036897,2.013972669
NaCl,21.85,2.018249048,140.0,0.0,1.8227547646171702,1.8227548248775896,0.0,0.0,0.0,0.0,0.0,0.0,0.0,0.0,0.0,0.0,0.0,0.0,0.0,1.8227549829998513,2.018249048
NaCl,-10.0,2.5667,0.1,0.0,2.290246568135041,2.2902465718814984,0.0,0.0,0.0,0.0,0.0,0.0,0.0,0.0,0.0,0.0,0.0,0.0,0.0,2.2902465917905968,2.5667
NaCl,-6.0,2.5667,0.1,0.0,2.280149300978762,2.2801493043331256,0.0,0.0,0.0,0.0,0.0,0.0,0.0,0.0,0.0,0.0,0.0,0.0,0.0,2.2801493300519313,2.5667
NaCl,-3.0,2.5667,0.1,0.0,2.2723465491306043,2.2723465520212653,0.0,0.0,0.0,0.0,0.0,0.0,0.0,0.0,0.0,0.0,0.0,0.0,0.0,2.2723465828659735,2.5667
NaCl,-1.0,2.5667,0.1,0.0,2.2670758852611708,2.267075887751621,0.0,0.0,0.0,0.0,0.0,0.0,0.0,0.0,0.0,0.0,0.0,0.0,0.0,2.2670759224152066,2.5667
NaCl,5.0,2.5667,0.1,0.0,2.2510957281531576,2.251095728942209,0.0,0.0,0.0,0.0,0.0,0.0,0.0,0.0,0.0,0.0,0.0,0.0,0.0,2.2510957772094335,2.5667
NaCl,20.0,2.5667,0.1,0.0,2.2112412184300267,2.211241210751682,0.0,0.0,0.0,0.0,0.0,0.0,0.0,0.0,0.0,0.0,0.0,0.0,0.0,2.2112413103351116,2.5667
NaCl,25.0,2.5667,0.1,0.0,2.198189773124792,2.1981897609410934,0.0,0.0,0.0,0.0,0.0,0.0,0.0,0.0,0.0,0.0,0.0,0.0,0.0,2.1981898843408887,2.5667
NaCl:MgSO4 (1:1),-10.0,0.05,0.1,0.0,0.049303131554185635,0.04759035020006952,0.035386376476143934,0.03367361672585174,0.0,0.0,0.0,0.0,0.0022242322481911183,0.01410213613909227,0.0,0.0,0.0,0.0,0.0,0.18793462487535875,0.25
NaCl:MgSO4 (1:1),-1.0,0.05,0.1,0.0,0.049366127397380465,0.04770991571312325,0.036019330237929297,0.03436314962449533,0.0,0.0,0.0,0.0,0.0021046854952853546,0.01353213814513015,0.0,0.0,0.0,0.0,0.0,0.19057965218033354,0.25
NaCl:MgSO4 (1:1),20.0,0.05,0.1,0.0,0.0494053684929612,0.04767613817578638,0.03600146171835423,0.03427229494258269,0.0,0.0,0.0,0.0,0.0021224440142946187,0.013605158619248806,0.0,0.0,0.0,0.0,0.0,0.19034635474542866,0.25
NaCl:MgSO4 (1:1),25.0,0.05,0.1,0.0,0.04940231905951911,0.04763229074287566,0.035841869971771294,0.034071914526352935,0.0,0.0,0.0,0.0,0.002160312533607045,0.013767633898499547,0.0,0.0,0.0,0.0,0.0,0.18962049942572964,0.25
NaCl:MgSO4 (1:1),-10.0,0.1,0.1,0.0,0.0977506646219808,0.09330007012831912,0.06998699716608298,0.06553643209720784,0.0,0.0,0.0,0.0,0.006072633736299385,0.028390911264536627,0.0,0.0,0.0,0.0,0.0,0.37041963453782145,0.5
NaCl:MgSO4 (1:1),-1.0,0.1,0.1,0.0,0.09794412855021717,0.09356341131770544,0.07128066227600102,0.06689998767936232,0.0,0.0,0.0,0.0,0.005805768623882586,0.02729420264831076,0.0,0.0,0.0,0.0,0.0,0.37573059776528667,0.5
NaCl:MgSO4 (1:1),20.0,0.1,0.1,0.0,0.09806256735122343,0.0933877782058276,0.07139217584935048,0.06671747465907438,0.0,0.0,0.0,0.0,0.005923461252306421,0.02735890800348078,0.0,0.0,0.0,0.0,0.0,0.37553088168887294,0.5
NaCl:MgSO4 (1:1),25.0,0.1,0.1,0.0,0.09805253924746161,0.09325660492477468,0.07113265983873071,0.06633682664264033,0.0,0.0,0.0,0.0,0.0060342512496307805,0.027628710729075044,0.0,0.0,0.0,0.0,0.0,0.37423026219246935,0.5
NaCl:MgSO4 (1:1),-10.0,0.4,0.1,0.0,0.37441481760907497,0.3541099324041685,0.284633620089977,0.2643287910836921,0.0,0.0,0.0,0.0,0.038920362942386245,0.09675079990058856,0.0,0.0,0.0,0.0,0.0,1.490955240355594,2.0
NaCl:MgSO4 (1:1),-1.0,0.4,0.1,0.0,0.37628560836269276,0.35406931771427,0.2896004413016118,0.2673842341697081,0.0,0.0,0.0,0.0,0.03872357030579052,0.09389211230754815,0.0,0.0,0.0,0.0,0.0,1.5067624412811917,2.0
NaCl:MgSO4 (1:1),20.0,0.4,0.1,0.0,0.37746610159496385,0.35018622382253395,0.29166197346903444,0.264382277072292,0.0,0.0,0.0,0.0,0.04172027899913289,0.09389712541663542,0.0,0.0,0.0,0.0,0.0,1.503995607981208,2.0
NaCl:MgSO4 (1:1),25.0,0.4,0.1,0.0,0.3773834064665785,0.348879727903183,0.29140313163034814,0.2628996647883464,0.0,0.0,0.0,0.0,0.04277586304517772,0.09432404116363242,0.0,0.0,0.0,0.0,0.0,1.5002619568024633,2.0
NaCl:MgSO4 (1:1),-10.0,0.7,0.1,0.0,0.6253094356658931,0.6030972576936859,0.48785490686006333,0.46564280237981426,0.0,0.0,0.0,0.0,0.07800251323167785,0.15635462656447793,0.0,0.0,0.0,0.0,0.0,2.5880953406778513,3.5
NaCl:MgSO4 (1:1),-1.0,0.7,0.1,0.0,0.6300982264267028,0.6002187377613999,0.4969384382788474,0.46705906048428747,0.0,0.0,0.0,0.0,0.07980875707011137,0.15313207692081104,0.0,0.0,0.0,0.0,0.0,2.608022743512988,3.5
NaCl:MgSO4 (1:1),20.0,0.7,0.1,0.0,0.6335140418561804,0.5878112858748966,0.5036187982749606,0.45791629063534606,0.0,0.0,0.0,0.0,0.0892767995986731,0.15280650157476097,0.0,0.0,0.0,0.0,0.0,2.600159022708123,3.5
NaCl:MgSO4 (1:1),25.0,0.7,0.1,0.0,0.6334266427473365,0.5843978403770763,0.5042194044173797,0.4551908943626129,0.0,0.0,0.0,0.0,0.09195226421764334,0.152856288871068,0.0,0.0,0.0,0.0,0.0,2.5951716762072716,3.5
