Salt,Temperature_C,Molality_molkg,Pressure_MPa,m_free_K,m_free_Cl,m_free_Na,m_free_Mg,m_free_SO4,m_free_Ca,m_free_NH4,m_free_CO3,m_pair_KSO4,m_pair_NaSO4,m_pair_MgSO4,m_pair_CaSO4,m_pair_NaCO3,m_pair_MgCO3,m_pair_CaCO3,m_pair_NH4SO4,I_eff,I_formal
CaCl2,5.0,7.6e-05,0.1,0.0,0.0001520000001202274,0.0,0.0,0.0,7.599972234406667e-05,0.0,0.0,0.0,0.0,0.0,0.0,0.0,0.0,0.0,0.0,0.00022804335027037354,0.000228
CaCl2,10.0,7.6e-05,0.1,0.0,0.00015200000015092266,0.0,0.0,0.0,7.599977889718205e-05,0.0,0.0,0.0,0.0,0.0,0.0,0.0,0.0,0.0,0.0,0.00022805467289937573,0.000228
CaCl2,25.0,7.6e-05,0.1,0.0,0.00015200000027890814,0.0,0.0,0.0,7.599988055535281e-05,0.0,0.0,0.0,0.0,0.0,0.0,0.0,0.0,0.0,0.0,0.00022810161496209983,0.000228
CaCl2,35.0,7.6e-05,0.1,0.0,0.00015200000039946148,0.0,0.0,0.0,7.599991675755396e-05,0.0,0.0,0.0,0.0,0.0,0.0,0.0,0.0,0.0,0.0,0.00022814571197437534,0.000228
CaCl2,45.0,7.6e-05,0.1,0.0,0.0001520000005526375,0.0,0.0,0.0,7.599994000370366e-05,0.0,0.0,0.0,0.0,0.0,0.0,0.0,0.0,0.0,0.0,0.00022820169648988885,0.000228
CaCl2,70.0,7.6e-05,0.1,0.0,0.00015200000109561308,0.0,0.0,0.0,7.59999702062343e-05,0.0,0.0,0.0,0.0,0.0,0.0,0.0,0.0,0.0,0.0,0.00022840004495366795,0.000228
CaCl2,90.0,7.6e-05,0.1,0.0,0.0001520000017017583,0.0,0.0,0.0,7.599998135315953e-05,0.0,0.0,0.0,0.0,0.0,0.0,0.0,0.0,0.0,0.0,0.00022862142409744055,0.000228
CaCl2,5.0,0.000755,0.1,0.0,0.0015100000012637682,0.0,0.0,0.0,0.0007549975678282897,0.0,0.0,0.0,0.0,0.0,0.0,0.0,0.0,0.0,0.0,0.0022650415931381937,0.002265
CaCl2,10.0,0.000755,0.1,0.0,0.0015100000015732657,0.0,0.0,0.0,0.0007549980480386613,0.0,0.0,0.0,0.0,0.0,0.0,0.0,0.0,0.0,0.0,0.0022650539310177633,0.002265
CaCl2,25.0,0.000755,0.1,0.0,0.0015100000028787333,0.0,0.0,0.0,0.0007549989369280799,0.0,0.0,0.0,0.0,0.0,0.0,0.0,0.0,0.0,0.0,0.0022651036991976235,0.002265
CaCl2,35.0,0.000755,0.1,0.0,0.001510000004115995,0.0,0.0,0.0,0.0007549992589561396,0.0,0.0,0.0,0.0,0.0,0.0,0.0,0.0,0.0,0.0,0.002265149826317742,0.002265
CaCl2,45.0,0.000755,0.1,0.0,0.001510000005692024,0.0,0.0,0.0,0.0007549994666169218,0.0,0.0,0.0,0.0,0.0,0.0,0.0,0.0,0.0,0.0,0.0022652081781622227,0.002265
CaCl2,70.0,0.000755,0.1,0.0,0.0015100000112957936,0.0,0.0,0.0,0.0007549997370551882,0.0,0.0,0.0,0.0,0.0,0.0,0.0,0.0,0.0,0.0,0.002265414719652076,0.002265
CaCl2,90.0,0.000755,0.1,0.0,0.0015100000175725559,0.0,0.0,0.0,0.0007549998371015858,0.0,0.0,0.0,0.0,0.0,0.0,0.0,0.0,0.0,0.0,0.00226564566029131,0.002265
CaCl2,5.0,0.00755,0.1,0.0,0.015100000015747034,0.0,0.0,0.0,0.0075499838248533156,0.0,0.0,0.0,0.0,0.0,0.0,0.0,0.0,0.0,0.0,0.022650025544587435,0.02265
CaCl2,10.0,0.00755,0.1,0.0,0.015100000018755952,0.0,0.0,0.0,0.007549986450919103,0.0,0.0,0.0,0.0,0.0,0.0,0.0,0.0,0.0,0.0,0.022650041859181444,0.02265
CaCl2,25.0,0.00755,0.1,0.0,0.015100000032275676,0.0,0.0,0.0,0.007549992192397488,0.0,0.0,0.0,0.0,0.0,0.0,0.0,0.0,0.0,0.0,0.022650103048184097,0.02265
CaCl2,35.0,0.00755,0.1,0.0,0.01510000004553556,0.0,0.0,0.0,0.007549994506758501,0.0,0.0,0.0,0.0,0.0,0.0,0.0,0.0,0.0,0.0,0.022650156427635102,0.02265
CaCl2,45.0,0.00755,0.1,0.0,0.01510000006263848,0.0,0.0,0.0,0.00754999604471517,0.0,0.0,0.0,0.0,0.0,0.0,0.0,0.0,0.0,0.0,0.022650222383412286,0.02265
CaCl2,70.0,0.00755,0.1,0.0,0.015100000124161562,0.0,0.0,0.0,0.0075499980843035525,0.0,0.0,0.0,0.0,0.0,0.0,0.0,0.0,0.0,0.0,0.02265045265576351,0.02265
CaCl2,90.0,0.00755,0.1,0.0,0.015100000193745999,0.0,0.0,0.0,0.0075499988491781415,0.0,0.0,0.0,0.0,0.0,0.0,0.0,0.0,0.0,0.0,0.022650710016713017,0.02265
CaCl2,5.0,0.0755,0.1,0.0,0.15100000027134175,0.0,0.0,0.0,0.07549993335213556,0.0,0.0,0.0,0.0,0.0,0.0,0.0,0.0,0.0,0.0,0.2264999665867332,0.22649999999999998
CaCl2,10.0,0.0755,0.1,0.0,0.15100000029602276,0.0,0.0,0.0,0.0754999392138033,0.0,0.0,0.0,0.0,0.0,0.0,0.0,0.0,0.0,0.0,0.22649998739529217,0.22649999999999998
CaCl2,25.0,0.0755,0.1,0.0,0.15100000042650205,0.0,0.0,0.0,0.07549995857458153,0.0,0.0,0.0,0.0,0.0,0.0,0.0,0.0,0.0,0.0,0.22650007414702852,0.22649999999999998
CaCl2,35.0,0.0755,0.1,0.0,0.1510000005695212,0.0,0.0,0.0,0.07549996946919779,0.0,0.0,0.0,0.0,0.0,0.0,0.0,0.0,0.0,0.0,0.22650014858244447,0.22649999999999998
CaCl2,45.0,0.0755,0.1,0.0,0.15100000076275372,0.0,0.0,0.0,0.07549997766875591,0.0,0.0,0.0,0.0,0.0,0.0,0.0,0.0,0.0,0.0,0.22650023611155895,0.22649999999999998
CaCl2,70.0,0.0755,0.1,0.0,0.15100000148529466,0.0,0.0,0.0,0.0754999895059134,0.0,0.0,0.0,0.0,0.0,0.0,0.0,0.0,0.0,0.0,0.22650052575736998,0.22649999999999998
CaCl2,90.0,0.0755,0.1,0.0,0.1510000023223712,0.0,0.0,0.0,0.07549999422141342,0.0,0.0,0.0,0.0,0.0,0.0,0.0,0.0,0.0,0.0,0.2265008433210892,0.22649999999999998
CaCl2,5.0,0.3773,0.1,0.0,0.75460000258267,0.0,0.0,0.0,0.37729983350034946,0.0,0.0,0.0,0.0,0.0,0.0,0.0,0.0,0.0,0.0,1.131899858273572,1.1319000000000001
CaCl2,10.0,0.3773,0.1,0.0,0.7546000026626167,0.0,0.0,0.0,0.3772998396256799,0.0,0.0,0.0,0.0,0.0,0.0,0.0,0.0,0.0,0.0,1.1318998764450852,1.1319000000000001
CaCl2,25.0,0.3773,0.1,0.0,0.7546000031668004,0.0,0.0,0.0,0.3772998685795013,0.0,0.0,0.0,0.0,0.0,0.0,0.0,0.0,0.0,0.0,1.1318999716926483,1.1319000000000001
CaCl2,35.0,0.3773,0.1,0.0,0.7546000038171707,0.0,0.0,0.0,0.37729989340023146,0.0,0.0,0.0,0.0,0.0,0.0,0.0,0.0,0.0,0.0,1.1319000695006107,1.1319000000000001
CaCl2,45.0,0.3773,0.1,0.0,0.7546000047827705,0.0,0.0,0.0,0.37729991736865165,0.0,0.0,0.0,0.0,0.0,0.0,0.0,0.0,0.0,0.0,1.1319001889498843,1.1319000000000001
CaCl2,70.0,0.3773,0.1,0.0,0.7546000087251358,0.0,0.0,0.0,0.37729996016345724,0.0,0.0,0.0,0.0,0.0,0.0,0.0,0.0,0.0,0.0,1.1319005665115751,1.1319000000000001
CaCl2,90.0,0.3773,0.1,0.0,0.7546000135029238,0.0,0.0,0.0,0.3772999795759688,0.0,0.0,0.0,0.0,0.0,0.0,0.0,0.0,0.0,0.0,1.131900959180191,1.1319000000000001
CaSO4,5.0,7.6e-05,0.1,0.0,0.0,0.0,0.0,7.520757542494322e-05,7.520750269179426e-05,0.0,0.0,0.0,0.0,0.0,7.922239215425322e-07,0.0,0.0,0.0,0.0,0.00030087426436551333,0.000304
CaSO4,10.0,7.6e-05,0.1,0.0,0.0,0.0,0.0,7.516643054350173e-05,7.516648829026318e-05,0.0,0.0,0.0,0.0,0.0,8.332940920671114e-07,0.0,0.0,0.0,0.0,0.00030072122078606656,0.000304
CaSO4,25.0,7.6e-05,0.1,0.0,0.0,0.0,0.0,7.50402713459545e-05,7.504084075508808e-05,0.0,0.0,0.0,0.0,0.0,9.5904179743268e-07,0.0,0.0,0.0,0.0,0.00030026467005209975,0.000304
CaSO4,35.0,7.6e-05,0.1,0.0,0.0,0.0,0.0,7.495429064574071e-05,7.49554381886606e-05,0.0,0.0,0.0,0.0,0.0,1.0444799963348196e-06,0.0,0.0,0.0,0.0,0.00029996631307401114,0.000304
CaSO4,45.0,7.6e-05,0.1,0.0,0.0,0.0,0.0,7.486708811173873e-05,7.486918710768581e-05,0.0,0.0,0.0,0.0,0.0,1.1307539362584514e-06,0.0,0.0,0.0,0.0,0.00029967595611366156,0.000304
CaSO4,70.0,7.6e-05,0.1,0.0,0.0,0.0,0.0,7.464405949490383e-05,7.465220645395642e-05,0.0,0.0,0.0,0.0,0.0,1.3477642332201712e-06,0.0,0.0,0.0,0.0,0.0002989977941880088,0.000304
CaSO4,90.0,7.6e-05,0.1,0.0,0.0,0.0,0.0,7.44577961901345e-05,7.447995777973575e-05,0.0,0.0,0.0,0.0,0.0,1.5200237995868112e-06,0.0,0.0,0.0,0.0,0.0002985098486911802,0.000304
CaSO4,5.0,0.00102,0.1,0.0,0.0,0.0,0.0,0.0009340844951173561,0.0009340837472749703,0.0,0.0,0.0,0.0,0.0,8.59133070020199e-05,0.0,0.0,0.0,0.0,0.003736384854509803,0.00408
CaSO4,10.0,0.00102,0.1,0.0,0.0,0.0,0.0,0.0009303894319720862,0.0009303900393345378,0.0,0.0,0.0,0.0,0.0,8.960759700674875e-05,0.0,0.0,0.0,0.0,0.003721619178268392,0.00408
CaSO4,25.0,0.00102,0.1,0.0,0.0,0.0,0.0,0.0009194977113710475,0.0009195036127038966,0.0,0.0,0.0,0.0,0.0,0.00010049510197441817,0.0,0.0,0.0,0.0,0.0036781135407061446,0.00408
CaSO4,35.0,0.00102,0.1,0.0,0.0,0.0,0.0,0.0009124492990879407,0.0009124610448799217,0.0,0.0,0.0,0.0,0.0,0.00010753805896220525,0.0,0.0,0.0,0.0,0.0036499804030295344,0.00408
CaSO4,45.0,0.00102,0.1,0.0,0.0,0.0,0.0,0.0009056108646397615,0.0009056320088296234,0.0,0.0,0.0,0.0,0.0,0.00011436734466561456,0.0,0.0,0.0,0.0,0.003622708834487453,0.00408
CaSO4,70.0,0.00102,0.1,0.0,0.0,0.0,0.0,0.0008895955002639977,0.0008896731304666251,0.0,0.0,0.0,0.0,0.0,0.0001303265444949591,0.0,0.0,0.0,0.0,0.0035589985657188275,0.00408
CaSO4,90.0,0.00102,0.1,0.0,0.0,0.0,0.0,0.0008780241754181807,0.0008782218166666918,0.0,0.0,0.0,0.0,0.0,0.00014177797441290564,0.0,0.0,0.0,0.0,0.0035132526378715773,0.00408
CaSO4,5.0,0.01245,0.1,0.0,0.0,0.0,0.0,0.008942531067728434,0.008942527313266023,0.0,0.0,0.0,0.0,0.0,0.0035074526949535356,0.0,0.0,0.0,0.0,0.035770185317571285,0.0498
CaSO4,10.0,0.01245,0.1,0.0,0.0,0.0,0.0,0.00884508762676479,0.008845091466179539,0.0,0.0,0.0,0.0,0.0,0.0036048917277393786,0.0,0.0,0.0,0.0,0.03538044030734964,0.0498
CaSO4,25.0,0.01245,0.1,0.0,0.0,0.0,0.0,0.008576935717676943,0.008576970408937677,0.0,0.0,0.0,0.0,0.0,0.0038730197684219655,0.0,0.0,0.0,0.0,0.03430795811913167,0.0498
CaSO4,35.0,0.01245,0.1,0.0,0.0,0.0,0.0,0.008418083501813221,0.008418150727643526,0.0,0.0,0.0,0.0,0.0,0.0040318422491114935,0.0,0.0,0.0,0.0,0.03367268085414449,0.0498
CaSO4,45.0,0.01245,0.1,0.0,0.0,0.0,0.0,0.008274760970432839,0.008274877578796672,0.0,0.0,0.0,0.0,0.0,0.004175117244672858,0.0,0.0,0.0,0.0,0.033099581167279325,0.0498
CaSO4,70.0,0.01245,0.1,0.0,0.0,0.0,0.0,0.007981468085934107,0.0079818463839398,0.0,0.0,0.0,0.0,0.0,0.004468150866519608,0.0,0.0,0.0,0.0,0.031927322999282186,0.0498
CaSO4,90.0,0.01245,0.1,0.0,0.0,0.0,0.0,0.007810025689033529,0.007810879421822514,0.0,0.0,0.0,0.0,0.0,0.004639118753660395,0.0,0.0,0.0,0.0,0.031243081535524665,0.0498
K2SO4,5.0,0.000102,0.1,0.0002039070631363651,0.0,0.0,0.0,0.00010190679254837332,0.0,0.0,0.0,9.293702549241541e-08,0.0,0.0,0.0,0.0,0.0,0.0,0.0,0.00030585759828235767,0.000306
K2SO4,10.0,0.000102,0.1,0.0002038975184568711,0.0,0.0,0.0,0.0001018971464789223,0.0,0.0,0.0,1.0248174658248696e-07,0.0,0.0,0.0,0.0,0.0,0.0,0.0,0.0003058496244664716,0.000306
K2SO4,25.0,0.000102,0.1,0.0002038653207447626,0.0,0.0,0.0,0.00010186439040105998,0.0,0.0,0.0,1.3467963214032496e-07,0.0,0.0,0.0,0.0,0.0,0.0,0.0,0.0003058313080270862,0.000306
K2SO4,35.0,0.000102,0.1,0.00020384083898557172,0.0,0.0,0.0,0.00010183917231728242,0.0,0.0,0.0,1.5916155499974801e-07,0.0,0.0,0.0,0.0,0.0,0.0,0.0,0.00030582540621334364,0.000306
K2SO4,45.0,0.000102,0.1,0.00020381392519131314,0.0,0.0,0.0,0.00010181099790898574,0.0,0.0,0.0,1.860755577917144e-07,0.0,0.0,0.0,0.0,0.0,0.0,0.0,0.0003058257995070868,0.000306
K2SO4,70.0,0.000102,0.1,0.00020373609419684175,0.0,0.0,0.0,0.00010172499905884503,0.0,0.0,0.0,2.6390729836521057e-07,0.0,0.0,0.0,0.0,0.0,0.0,0.0,0.0003058568168279627,0.000306
K2SO4,90.0,0.000102,0.1,0.00020366335238879144,0.0,0.0,0.0,0.00010163329028720575,0.0,0.0,0.0,3.366499579441987e-07,0.0,0.0,0.0,0.0,0.0,0.0,0.0,0.0003059051009614952,0.000306
K2SO4,5.0,0.00105,0.1,0.002091679063523327,0.0,0.0,0.0,0.0010416766600537856,0.0,0.0,0.0,8.320938247241981e-06,0.0,0.0,0.0,0.0,0.0,0.0,0.0,0.0031334001179329205,0.00315
K2SO4,10.0,0.00105,0.1,0.0020908439513527464,0.0,0.0,0.0,0.0010408406567292262,0.0,0.0,0.0,9.15605087833225e-06,0.0,0.0,0.0,0.0,0.0,0.0,0.0,0.0031317402839683493,0.00315
K2SO4,25.0,0.00105,0.1,0.002088052572257859,0.0,0.0,0.0,0.001038044432186726,0.0,0.0,0.0,1.1947431914578434e-05,0.0,0.0,0.0,0.0,0.0,0.0,0.0,0.003126199151037457,0.00315
K2SO4,35.0,0.00105,0.1,0.0020859561764843024,0.0,0.0,0.0,0.0010359417573253054,0.0,0.0,0.0,1.4043829551689152e-05,0.0,0.0,0.0,0.0,0.0,0.0,0.0,0.0031220430608388436,0.00315
K2SO4,45.0,0.00105,0.1,0.002083676879465896,0.0,0.0,0.0,0.0010336519109234257,0.0,0.0,0.0,1.6323128991667495e-05,0.0,0.0,0.0,0.0,0.0,0.0,0.0,0.0031175273777020846,0.00315
K2SO4,70.0,0.00105,0.1,0.0020772304142656875,0.0,0.0,0.0,0.0010271406239246391,0.0,0.0,0.0,2.2769603362453416e-05,0.0,0.0,0.0,0.0,0.0,0.0,0.0,0.00310474721054988,0.00315
K2SO4,90.0,0.00105,0.1,0.00207139351596997,0.0,0.0,0.0,0.0010211659822621944,0.0,0.0,0.0,2.8606513358511327e-05,0.0,0.0,0.0,0.0,0.0,0.0,0.0,0.0030931072035477467,0.00315
K2SO4,25.0,0.01,0.1,0.019330092887944895,0.0,0.0,0.0,0.009330045547935595,0.0,0.0,0.0,0.0006699071632909131,0.0,0.0,0.0,0.0,0.0,0.0,0.0,0.02866023332109883,0.03
K2SO4,25.0,0.01,56.2,0.019320146449591,0.0,0.0,0.0,0.009320088184330048,0.0,0.0,0.0,0.0006798536128764318,0.0,0.0,0.0,0.0,0.0,0.0,0.0,0.028640349772024728,0.03
K2SO4,25.0,0.01,108.8,0.01931307303814447,0.0,0.0,0.0,0.009313004960096466,0.0,0.0,0.0,0.0006869270343629777,0.0,0.0,0.0,0.0,0.0,0.0,0.0,0.028626211193866706,0.03
K2SO4,25.0,0.01,156.5,0.01931307303814447,0.0,0.0,0.0,0.009313004960096466,0.0,0.0,0.0,0.0006869270343629777,0.0,0.0,0.0,0.0,0.0,0.0,0.0,0.028626211193866706,0.03
K2SO4,25.0,0.01,209.6,0.01931307303814447,0.0,0.0,0.0,0.009313004960096466,0.0,0.0,0.0,0.0006869270343629777,0.0,0.0,0.0,0.0,0.0,0.0,0.0,0.028626211193866706,0.03
K2SO4,25.0,0.01,235.8,0.01931307303814447,0.0,0.0,0.0,0.009313004960096466,0.0,0.0,0.0,0.0006869270343629777,0.0,0.0,0.0,0.0,0.0,0.0,0.0,0.028626211193866706,0.03
K2SO4,25.0,0.01,261.0,0.01931307303814447,0.0,0.0,0.0,0.009313004960096466,0.0,0.0,0.0,0.0006869270343629777,0.0,0.0,0.0,0.0,0.0,0.0,0.0,0.028626211193866706,0.03
K2SO4,25.0,0.01,273.4,0.01931307303814447,0.0,0.0,0.0,0.009313004960096466,0.0,0.0,0.0,0.0006869270343629777,0.0,0.0,0.0,0.0,0.0,0.0,0.0,0.028626211193866706,0.03
K2SO4,25.0,0.01,303.7,0.01931307303814447,0.0,0.0,0.0,0.009313004960096466,0.0,0.0,0.0,0.0006869270343629777,0.0,0.0,0.0,0.0,0.0,0.0,0.0,0.028626211193866706,0.03
K2SO4,25.0,0.01,369.8,0.01931307303814447,0.0,0.0,0.0,0.009313004960096466,0.0,0.0,0.0,0.0006869270343629777,0.0,0.0,0.0,0.0,0.0,0.0,0.0,0.028626211193866706,0.03
K2SO4,5.0,0.01061,0.1,0.02068695165152152,0.0,0.0,0.0,0.0100769361287297,0.0,0.0,0.0,0.000533048370768142,0.0,0.0,0.0,0.0,0.0,0.0,0.0,0.03076393057371456,0.03183
K2SO4,10.0,0.01061,0.1,0.020638087589897002,0.0,0.0,0.0,0.010028066613866229,0.0,0.0,0.0,0.0005819124384576496,0.0,0.0,0.0,0.0,0.0,0.0,0.0,0.030666207412161552,0.03183
K2SO4,25.0,0.01061,0.1,0.02048017563939343,0.0,0.0,0.0,0.009870126407432405,0.0,0.0,0.0,0.0007398244155448376,0.0,0.0,0.0,0.0,0.0,0.0,0.0,0.03035039655151396,0.03183
K2SO4,35.0,0.01061,0.1,0.02036674381525598,0.0,0.0,0.0,0.009756660163716247,0.0,0.0,0.0,0.000853256266635287,0.0,0.0,0.0,0.0,0.0,0.0,0.0,0.030123534582726878,0.03183
K2SO4,45.0,0.01061,0.1,0.020248094290248986,0.0,0.0,0.0,0.009637956198924708,0.0,0.0,0.0,0.0009719058286278228,0.0,0.0,0.0,0.0,0.0,0.0,0.0,0.029886223420510328,0.03183
K2SO4,70.0,0.01061,0.1,0.019936452660352783,0.0,0.0,0.0,0.009326023106027904,0.0,0.0,0.0,0.0012835476166344025,0.0,0.0,0.0,0.0,0.0,0.0,0.0,0.029262770907803857,0.03183
K2SO4,90.0,0.01061,0.1,0.019681377227640736,0.0,0.0,0.0,0.009070425820658843,0.0,0.0,0.0,0.0015386232847323584,0.0,0.0,0.0,0.0,0.0,0.0,0.0,0.028752192190481717,0.03183
K2SO4,25.0,0.02499,0.1,0.04700236006926167,0.0,0.0,0.0,0.022012276947985392,0.0,0.0,0.0,0.002977640084831436,0.0,0.0,0.0,0.0,0.0,0.0,0.0,0.06901472510964826,0.07497
K2SO4,25.0,0.02499,54.0,0.04694680112937798,0.0,0.0,0.0,0.02195669957557812,0.0,0.0,0.0,0.003033199057184547,0.0,0.0,0.0,0.0,0.0,0.0,0.0,0.06890360644204506,0.07497
K2SO4,25.0,0.02499,106.7,0.04690357426710402,0.0,0.0,0.0,0.02191345461168891,0.0,0.0,0.0,0.003076425951201498,0.0,0.0,0.0,0.0,0.0,0.0,0.0,0.06881715178433973,0.07497
K2SO4,25.0,0.02499,172.0,0.04690357426710402,0.0,0.0,0.0,0.02191345461168891,0.0,0.0,0.0,0.003076425951201498,0.0,0.0,0.0,0.0,0.0,0.0,0.0,0.06881715178433973,0.07497
K2SO4,25.0,0.02499,243.0,0.04690357426710402,0.0,0.0,0.0,0.02191345461168891,0.0,0.0,0.0,0.003076425951201498,0.0,0.0,0.0,0.0,0.0,0.0,0.0,0.06881715178433973,0.07497
K2SO4,25.0,0.02499,259.9,0.04690357426710402,0.0,0.0,0.0,0.02191345461168891,0.0,0.0,0.0,0.003076425951201498,0.0,0.0,0.0,0.0,0.0,0.0,0.0,0.06881715178433973,0.07497
K2SO4,25.0,0.02499,285.9,0.04690357426710402,0.0,0.0,0.0,0.02191345461168891,0.0,0.0,0.0,0.003076425951201498,0.0,0.0,0.0,0.0,0.0,0.0,0.0,0.06881715178433973,0.07497
K2SO4,25.0,0.02499,308.7,0.04690357426710402,0.0,0.0,0.0,0.02191345461168891,0.0,0.0,0.0,0.003076425951201498,0.0,0.0,0.0,0.0,0.0,0.0,0.0,0.06881715178433973,0.07497
K2SO4,25.0,0.02499,353.0,0.04690357426710402,0.0,0.0,0.0,0.02191345461168891,0.0,0.0,0.0,0.003076425951201498,0.0,0.0,0.0,0.0,0.0,0.0,0.0,0.06881715178433973,0.07497
K2SO4,25.0,0.02499,416.2,0.04690357426710402,0.0,0.0,0.0,0.02191345461168891,0.0,0.0,0.0,0.003076425951201498,0.0,0.0,0.0,0.0,0.0,0.0,0.0,0.06881715178433973,0.07497
K2SO4,25.0,0.09842,0.1,0.17344791750789776,0.0,0.0,0.0,0.07502775186399264,0.0,0.0,0.0,0.023392083347323404,0.0,0.0,0.0,0.0,0.0,0.0,0.0,0.2484757453249752,0.29525999999999997
K2SO4,25.0,0.09842,58.3,0.17284211544088934,0.0,0.0,0.0,0.07442191014055882,0.0,0.0,0.0,0.02399788561104602,0.0,0.0,0.0,0.0,0.0,0.0,0.0,0.2472641174494704,0.29525999999999997
K2SO4,25.0,0.09842,105.5,0.17244746332120672,0.0,0.0,0.0,0.07402722537207358,0.0,0.0,0.0,0.024392537892187996,0.0,0.0,0.0,0.0,0.0,0.0,0.0,0.24647479352443682,0.29525999999999997
K2SO4,25.0,0.09842,136.8,0.17244746332120672,0.0,0.0,0.0,0.07402722537207358,0.0,0.0,0.0,0.024392537892187996,0.0,0.0,0.0,0.0,0.0,0.0,0.0,0.24647479352443682,0.29525999999999997
K2SO4,25.0,0.09842,163.3,0.17244746332120672,0.0,0.0,0.0,0.07402722537207358,0.0,0.0,0.0,0.024392537892187996,0.0,0.0,0.0,0.0,0.0,0.0,0.0,0.24647479352443682,0.29525999999999997
K2SO4,25.0,0.09842,188.5,0.17244746332120672,0.0,0.0,0.0,0.07402722537207358,0.0,0.0,0.0,0.024392537892187996,0.0,0.0,0.0,0.0,0.0,0.0,0.0,0.24647479352443682,0.29525999999999997
K2SO4,25.0,0.09842,214.5,0.17244746332120672,0.0,0.0,0.0,0.07402722537207358,0.0,0.0,0.0,0.024392537892187996,0.0,0.0,0.0,0.0,0.0,0.0,0.0,0.24647479352443682,0.29525999999999997
K2SO4,25.0,0.09842,260.6,0.17244746332120672,0.0,0.0,0.0,0.07402722537207358,0.0,0.0,0.0,0.024392537892187996,0.0,0.0,0.0,0.0,0.0,0.0,0.0,0.24647479352443682,0.29525999999999997
K2SO4,25.0,0.09842,294.1,0.17244746332120672,0.0,0.0,0.0,0.07402722537207358,0.0,0.0,0.0,0.024392537892187996,0.0,0.0,0.0,0.0,0.0,0.0,0.0,0.24647479352443682,0.29525999999999997
K2SO4,25.0,0.09842,312.8,0.17244746332120672,0.0,0.0,0.0,0.07402722537207358,0.0,0.0,0.0,0.024392537892187996,0.0,0.0,0.0,0.0,0.0,0.0,0.0,0.24647479352443682,0.29525999999999997
K2SO4,25.0,0.09842,369.1,0.17244746332120672,0.0,0.0,0.0,0.07402722537207358,0.0,0.0,0.0,0.024392537892187996,0.0,0.0,0.0,0.0,0.0,0.0,0.0,0.24647479352443682,0.29525999999999997
K2SO4,5.0,0.1048,0.1,0.18973732652235617,0.0,0.0,0.0,0.08493726725020233,0.0,0.0,0.0,0.01986267383571367,0.0,0.0,0.0,0.0,0.0,0.0,0.0,0.27467462950603055,0.3144
K2SO4,10.0,0.1048,0.1,0.18830601340840916,0.0,0.0,0.0,0.08350593516596305,0.0,0.0,0.0,0.021293987052164322,0.0,0.0,0.0,0.0,0.0,0.0,0.0,0.2718119925348986,0.3144
K2SO4,25.0,0.1048,0.1,0.18400661761001408,0.0,0.0,0.0,0.07920644727749616,0.0,0.0,0.0,0.02559338331607381,0.0,0.0,0.0,0.0,0.0,0.0,0.0,0.2632131402731343,0.3144
K2SO4,35.0,0.1048,0.1,0.18119092133661152,0.0,0.0,0.0,0.07639064676322978,0.0,0.0,0.0,0.02840908008122546,0.0,0.0,0.0,0.0,0.0,0.0,0.0,0.25758166972063407,0.3144
K2SO4,45.0,0.1048,0.1,0.1784585004062913,0.0,0.0,0.0,0.07365807054581695,0.0,0.0,0.0,0.031141501708496305,0.0,0.0,0.0,0.0,0.0,0.0,0.0,0.2521167022080589,0.3144
K2SO4,70.0,0.1048,0.1,0.17216081985868445,0.0,0.0,0.0,0.06735964013430092,0.0,0.0,0.0,0.03743918538691475,0.0,0.0,0.0,0.0,0.0,0.0,0.0,0.23952067208482378,0.3144
K2SO4,90.0,0.1048,0.1,0.16780088423161355,0.0,0.0,0.0,0.06299848205669445,0.0,0.0,0.0,0.04179912584555127,0.0,0.0,0.0,0.0,0.0,0.0,0.0,0.23079963789132069,0.3144
K2SO4,5.0,0.2029,0.1,0.35433560262966,0.0,0.0,0.0,0.15143552254601075,0.0,0.0,0.0,0.05146439819471012,0.0,0.0,0.0,0.0,0.0,0.0,0.0,0.5057711582667517,0.6087
K2SO4,10.0,0.2029,0.1,0.3510074232526783,0.0,0.0,0.0,0.14810731817968598,0.0,0.0,0.0,0.05479257780888761,0.0,0.0,0.0,0.0,0.0,0.0,0.0,0.49911478209818577,0.6087
K2SO4,25.0,0.2029,0.1,0.34127328687284897,0.0,0.0,0.0,0.13837306227038054,0.0,0.0,0.0,0.06452671526949481,0.0,0.0,0.0,0.0,0.0,0.0,0.0,0.47964641865713586,0.6087
K2SO4,35.0,0.2029,0.1,0.33510297828189106,0.0,0.0,0.0,0.13220262044742112,0.0,0.0,0.0,0.07069702500588253,0.0,0.0,0.0,0.0,0.0,0.0,0.0,0.46730569226471047,0.6087
K2SO4,45.0,0.2029,0.1,0.329263660482495,0.0,0.0,0.0,0.12636310642421023,0.0,0.0,0.0,0.07653634443203852,0.0,0.0,0.0,0.0,0.0,0.0,0.0,0.45562688755250935,0.6087
K2SO4,70.0,0.2029,0.1,0.31634718846655285,0.0,0.0,0.0,0.1134457032470622,0.0,0.0,0.0,0.089452823770391,0.0,0.0,0.0,0.0,0.0,0.0,0.0,0.4297930864755105,0.6087
K2SO4,90.0,0.2029,0.1,0.30785288605866407,0.0,0.0,0.0,0.10494990434633444,0.0,0.0,0.0,0.09794713748026435,0.0,0.0,0.0,0.0,0.0,0.0,0.0,0.4128030402981693,0.6087
K2SO4,5.0,0.4783,0.1,0.7885368222703047,0.0,0.0,0.0,0.3102367097283729,0.0,0.0,0.0,0.16806318015982377,0.0,0.0,0.0,0.0,0.0,0.0,0.0,1.0987735616832826,1.4349
K2SO4,10.0,0.4783,0.1,0.779376810916944,0.0,0.0,0.0,0.3010766642588241,0.0,0.0,0.0,0.1772231922123455,0.0,0.0,0.0,0.0,0.0,0.0,0.0,1.0804535116638625,1.4349
K2SO4,25.0,0.4783,0.1,0.7535392155729091,0.0,0.0,0.0,0.27523890826530495,0.0,0.0,0.0,0.20306079074435954,0.0,0.0,0.0,0.0,0.0,0.0,0.0,1.028778186259165,1.4349
K2SO4,35.0,0.4783,0.1,0.7378605672472797,0.0,0.0,0.0,0.2595600837101269,0.0,0.0,0.0,0.21873944245075602,0.0,0.0,0.0,0.0,0.0,0.0,0.0,0.9974207350144061,1.4349
K2SO4,45.0,0.4783,0.1,0.723500633054607,0.0,0.0,0.0,0.24519989293226446,0.0,0.0,0.0,0.23309938144584794,0.0,0.0,0.0,0.0,0.0,0.0,0.0,0.9687006345290854,1.4349
K2SO4,70.0,0.4783,0.1,0.6933486864613698,0.0,0.0,0.0,0.21504674922062517,0.0,0.0,0.0,0.26325134964644653,0.0,0.0,0.0,0.0,0.0,0.0,0.0,0.9083956117163136,1.4349
K2SO4,90.0,0.4783,0.1,0.6747649425249351,0.0,0.0,0.0,0.19646110674333947,0.0,0.0,0.0,0.2818351268942035,0.0,0.0,0.0,0.0,0.0,0.0,0.0,0.8712262763680633,1.4349
KCl,5.0,0.0001,0.1,0.00010000000007841246,0.00010000000007841246,0.0,0.0,0.0,0.0,0.0,0.0,0.0,0.0,0.0,0.0,0.0,0.0,0.0,0.0,0.0001000435256280872,0.0001
KCl,10.0,0.0001,0.1,0.00010000000009854246,0.00010000000009854246,0.0,0.0,0.0,0.0,0.0,0.0,0.0,0.0,0.0,0.0,0.0,0.0,0.0,0.0,0.00010005469951292384,0.0001
KCl,25.0,0.0001,0.1,0.00010000000018234362,0.00010000000018234362,0.0,0.0,0.0,0.0,0.0,0.0,0.0,0.0,0.0,0.0,0.0,0.0,0.0,0.0,0.00010010121634345656,0.0001
KCl,35.0,0.0001,0.1,0.00010000000026121112,0.00010000000026121112,0.0,0.0,0.0,0.0,0.0,0.0,0.0,0.0,0.0,0.0,0.0,0.0,0.0,0.0,0.00010014499455990651,0.0001
KCl,45.0,0.0001,0.1,0.00010000000036138409,0.00010000000036138409,0.0,0.0,0.0,0.0,0.0,0.0,0.0,0.0,0.0,0.0,0.0,0.0,0.0,0.0,0.00010020059914394742,0.0001
KCl,70.0,0.0001,0.1,0.00010000000071630534,0.00010000000071630534,0.0,0.0,0.0,0.0,0.0,0.0,0.0,0.0,0.0,0.0,0.0,0.0,0.0,0.0,0.00010039761086140208,0.0001
KCl,90.0,0.0001,0.1,0.0001000000011122987,0.0001000000011122987,0.0,0.0,0.0,0.0,0.0,0.0,0.0,0.0,0.0,0.0,0.0,0.0,0.0,0.0,0.00010061742111646256,0.0001
KCl,5.0,0.001,0.1,0.0010000000008021,0.0010000000008021,0.0,0.0,0.0,0.0,0.0,0.0,0.0,0.0,0.0,0.0,0.0,0.0,0.0,0.0,0.0010000445241412444,0.001
KCl,10.0,0.001,0.1,0.0010000000010081775,0.0010000000010081775,0.0,0.0,0.0,0.0,0.0,0.0,0.0,0.0,0.0,0.0,0.0,0.0,0.0,0.0,0.0010000559634071732,0.001
KCl,25.0,0.001,0.1,0.0010000000018665516,0.0010000000018665516,0.0,0.0,0.0,0.0,0.0,0.0,0.0,0.0,0.0,0.0,0.0,0.0,0.0,0.0,0.0010001036112973292,0.001
KCl,35.0,0.001,0.1,0.001000000002674971,0.001000000002674971,0.0,0.0,0.0,0.0,0.0,0.0,0.0,0.0,0.0,0.0,0.0,0.0,0.0,0.0,0.001000148486225443,0.001
KCl,45.0,0.001,0.1,0.0010000000037024646,0.0010000000037024646,0.0,0.0,0.0,0.0,0.0,0.0,0.0,0.0,0.0,0.0,0.0,0.0,0.0,0.0,0.00100020552185222,0.001
KCl,70.0,0.001,0.1,0.001000000007348156,0.001000000007348156,0.0,0.0,0.0,0.0,0.0,0.0,0.0,0.0,0.0,0.0,0.0,0.0,0.0,0.0,0.0010004078922591633,0.001
KCl,90.0,0.001,0.1,0.0010000000114241529,0.0010000000114241529,0.0,0.0,0.0,0.0,0.0,0.0,0.0,0.0,0.0,0.0,0.0,0.0,0.0,0.0,0.001000634148687398,0.001
KCl,5.0,0.01,0.1,0.010000000008526407,0.010000000008526407,0.0,0.0,0.0,0.0,0.0,0.0,0.0,0.0,0.0,0.0,0.0,0.0,0.0,0.0,0.010000047337307017,0.01
KCl,10.0,0.01,0.1,0.010000000010721512,0.010000000010721512,0.0,0.0,0.0,0.0,0.0,0.0,0.0,0.0,0.0,0.0,0.0,0.0,0.0,0.0,0.010000059524195585,0.01
KCl,25.0,0.01,0.1,0.010000000019877902,0.010000000019877902,0.0,0.0,0.0,0.0,0.0,0.0,0.0,0.0,0.0,0.0,0.0,0.0,0.0,0.0,0.010000110359074787,0.01
KCl,35.0,0.01,0.1,0.010000000028517574,0.010000000028517574,0.0,0.0,0.0,0.0,0.0,0.0,0.0,0.0,0.0,0.0,0.0,0.0,0.0,0.0,0.010000158325209053,0.01
KCl,45.0,0.01,0.1,0.010000000039517638,0.010000000039517638,0.0,0.0,0.0,0.0,0.0,0.0,0.0,0.0,0.0,0.0,0.0,0.0,0.0,0.0,0.010000219395891638,0.01
KCl,70.0,0.01,0.1,0.010000000078692846,0.010000000078692846,0.0,0.0,0.0,0.0,0.0,0.0,0.0,0.0,0.0,0.0,0.0,0.0,0.0,0.0,0.010000436890658555,0.01
KCl,90.0,0.01,0.1,0.01000000012272859,0.01000000012272859,0.0,0.0,0.0,0.0,0.0,0.0,0.0,0.0,0.0,0.0,0.0,0.0,0.0,0.0,0.010000681370375023,0.01
KCl,25.0,0.05022,0.1,0.05022000010869504,0.05022000010869504,0.0,0.0,0.0,0.0,0.0,0.0,0.0,0.0,0.0,0.0,0.0,0.0,0.0,0.0,0.05022012024999056,0.05022
KCl,25.0,0.05022,25.8,0.050220000118980555,0.050220000118980555,0.0,0.0,0.0,0.0,0.0,0.0,0.0,0.0,0.0,0.0,0.0,0.0,0.0,0.0,0.050220131628907594,0.05022
KCl,25.0,0.05022,51.7,0.050220000130089475,0.050220000130089475,0.0,0.0,0.0,0.0,0.0,0.0,0.0,0.0,0.0,0.0,0.0,0.0,0.0,0.0,0.050220143918782184,0.05022
KCl,25.0,0.05022,55.4,0.05022000013174043,0.05022000013174043,0.0,0.0,0.0,0.0,0.0,0.0,0.0,0.0,0.0,0.0,0.0,0.0,0.0,0.0,0.05022014574524425,0.05022
KCl,25.0,0.05022,76.6,0.05022000014152279,0.05022000014152279,0.0,0.0,0.0,0.0,0.0,0.0,0.0,0.0,0.0,0.0,0.0,0.0,0.0,0.0,0.05022015656752477,0.05022
KCl,25.0,0.05022,102.3,0.050220000152985174,0.050220000152985174,0.0,0.0,0.0,0.0,0.0,0.0,0.0,0.0,0.0,0.0,0.0,0.0,0.0,0.0,0.05022016924843242,0.05022
KCl,25.0,0.05022,128.5,0.050220000152985174,0.050220000152985174,0.0,0.0,0.0,0.0,0.0,0.0,0.0,0.0,0.0,0.0,0.0,0.0,0.0,0.0,0.05022016924843242,0.05022
KCl,25.0,0.05022,154.2,0.050220000152985174,0.050220000152985174,0.0,0.0,0.0,0.0,0.0,0.0,0.0,0.0,0.0,0.0,0.0,0.0,0.0,0.0,0.05022016924843242,0.05022
KCl,25.0,0.05022,160.5,0.050220000152985174,0.050220000152985174,0.0,0.0,0.0,0.0,0.0,0.0,0.0,0.0,0.0,0.0,0.0,0.0,0.0,0.0,0.05022016924843242,0.05022
KCl,25.0,0.05022,184.8,0.050220000152985174,0.050220000152985174,0.0,0.0,0.0,0.0,0.0,0.0,0.0,0.0,0.0,0.0,0.0,0.0,0.0,0.0,0.05022016924843242,0.05022
KCl,25.0,0.05022,211.5,0.050220000152985174,0.050220000152985174,0.0,0.0,0.0,0.0,0.0,0.0,0.0,0.0,0.0,0.0,0.0,0.0,0.0,0.0,0.05022016924843242,0.05022
KCl,25.0,0.05022,270.5,0.050220000152985174,0.050220000152985174,0.0,0.0,0.0,0.0,0.0,0.0,0.0,0.0,0.0,0.0,0.0,0.0,0.0,0.0,0.05022016924843242,0.05022
KCl,5.0,0.1,0.1,0.10000000009701256,0.10000000009701256,0.0,0.0,0.0,0.0,0.0,0.0,0.0,0.0,0.0,0.0,0.0,0.0,0.0,0.0,0.10000005394720185,0.1
KCl,10.0,0.1,0.1,0.1000000001220864,0.1000000001220864,0.0,0.0,0.0,0.0,0.0,0.0,0.0,0.0,0.0,0.0,0.0,0.0,0.0,0.0,0.1000000678903768,0.1
KCl,25.0,0.1,0.1,0.10000000022696977,0.10000000022696977,0.0,0.0,0.0,0.0,0.0,0.0,0.0,0.0,0.0,0.0,0.0,0.0,0.0,0.0,0.1000001262144154,0.1
KCl,35.0,0.1,0.1,0.10000000032629663,0.10000000032629663,0.0,0.0,0.0,0.0,0.0,0.0,0.0,0.0,0.0,0.0,0.0,0.0,0.0,0.0,0.10000018144856587,0.1
KCl,45.0,0.1,0.1,0.10000000045319034,0.10000000045319034,0.0,0.0,0.0,0.0,0.0,0.0,0.0,0.0,0.0,0.0,0.0,0.0,0.0,0.0,0.10000025201221899,0.1
KCl,70.0,0.1,0.1,0.10000000090839513,0.10000000090839513,0.0,0.0,0.0,0.0,0.0,0.0,0.0,0.0,0.0,0.0,0.0,0.0,0.0,0.0,0.10000050514464406,0.1
KCl,90.0,0.1,0.1,0.10000000142545937,0.10000000142545937,0.0,0.0,0.0,0.0,0.0,0.0,0.0,0.0,0.0,0.0,0.0,0.0,0.0,0.0,0.10000079267616621,0.1
KCl,5.0,0.5,0.1,0.5000000005476277,0.5000000005476277,0.0,0.0,0.0,0.0,0.0,0.0,0.0,0.0,0.0,0.0,0.0,0.0,0.0,0.0,0.5000000613435791,0.5
KCl,10.0,0.5,0.1,0.5000000006896396,0.5000000006896396,0.0,0.0,0.0,0.0,0.0,0.0,0.0,0.0,0.0,0.0,0.0,0.0,0.0,0.0,0.5000000772513058,0.5
KCl,20.0,0.5,0.1,0.5000000010555995,0.5000000010555995,0.0,0.0,0.0,0.0,0.0,0.0,0.0,0.0,0.0,0.0,0.0,0.0,0.0,0.0,0.5000001182450191,0.5
KCl,25.0,0.5,0.1,0.5000000012851232,0.5000000012851232,0.0,0.0,0.0,0.0,0.0,0.0,0.0,0.0,0.0,0.0,0.0,0.0,0.0,0.0,0.5000001439555779,0.5
KCl,35.0,0.5,0.1,0.5000000018508589,0.5000000018508589,0.0,0.0,0.0,0.0,0.0,0.0,0.0,0.0,0.0,0.0,0.0,0.0,0.0,0.0,0.5000002073275551,0.5
KCl,45.0,0.5,0.1,0.5000000025757515,0.5000000025757515,0.0,0.0,0.0,0.0,0.0,0.0,0.0,0.0,0.0,0.0,0.0,0.0,0.0,0.0,0.5000002885278109,0.5
KCl,70.0,0.5,0.1,0.5000000051926488,0.5000000051926488,0.0,0.0,0.0,0.0,0.0,0.0,0.0,0.0,0.0,0.0,0.0,0.0,0.0,0.0,0.5000005816646547,0.5
KCl,90.0,0.5,0.1,0.50000000819226,0.50000000819226,0.0,0.0,0.0,0.0,0.0,0.0,0.0,0.0,0.0,0.0,0.0,0.0,0.0,0.0,0.5000009176719278,0.5
KCl,5.0,0.75,0.1,0.7500000008457847,0.7500000008457847,0.0,0.0,0.0,0.0,0.0,0.0,0.0,0.0,0.0,0.0,0.0,0.0,0.0,0.0,0.7500000634434075,0.75
KCl,10.0,0.75,0.1,0.7500000010652881,0.7500000010652881,0.0,0.0,0.0,0.0,0.0,0.0,0.0,0.0,0.0,0.0,0.0,0.0,0.0,0.0,0.7500000799086398,0.75
KCl,20.0,0.75,0.1,0.7500000016311799,0.7500000016311799,0.0,0.0,0.0,0.0,0.0,0.0,0.0,0.0,0.0,0.0,0.0,0.0,0.0,0.0,0.7500001223569145,0.75
KCl,5.0,1.0,0.1,1.0000000011494043,1.0000000011494043,0.0,0.0,0.0,0.0,0.0,0.0,0.0,0.0,0.0,0.0,0.0,0.0,0.0,0.0,1.0000000649510836,1.0
KCl,10.0,1.0,0.1,1.0000000014478632,1.0000000014478632,0.0,0.0,0.0,0.0,0.0,0.0,0.0,0.0,0.0,0.0,0.0,0.0,0.0,0.0,1.0000000818165309,1.0
KCl,20.0,1.0,0.1,1.000000002217526,1.000000002217526,0.0,0.0,0.0,0.0,0.0,0.0,0.0,0.0,0.0,0.0,0.0,0.0,0.0,0.0,1.0000001253089992,1.0
KCl,25.0,1.0,0.1,1.0000000027005977,1.0000000027005977,0.0,0.0,0.0,0.0,0.0,0.0,0.0,0.0,0.0,0.0,0.0,0.0,0.0,0.0,1.0000001526066467,1.0
KCl,35.0,1.0,0.1,1.0000000038922896,1.0000000038922896,0.0,0.0,0.0,0.0,0.0,0.0,0.0,0.0,0.0,0.0,0.0,0.0,0.0,0.0,1.0000002199473341,1.0
KCl,45.0,1.0,0.1,1.0000000054210758,1.0000000054210758,0.0,0.0,0.0,0.0,0.0,0.0,0.0,0.0,0.0,0.0,0.0,0.0,0.0,0.0,1.0000003063367047,1.0
KCl,70.0,1.0,0.1,1.0000000109542637,1.0000000109542637,0.0,0.0,0.0,0.0,0.0,0.0,0.0,0.0,0.0,0.0,0.0,0.0,0.0,0.0,1.000000619008699,1.0
KCl,90.0,1.0,0.1,1.0000000173200227,1.0000000173200227,0.0,0.0,0.0,0.0,0.0,0.0,0.0,0.0,0.0,0.0,0.0,0.0,0.0,0.0,1.0000009787280157,1.0
KCl,5.0,1.5,0.1,1.5000000017645514,1.5000000017645514,0.0,0.0,0.0,0.0,0.0,0.0,0.0,0.0,0.0,0.0,0.0,0.0,0.0,0.0,1.5000000670629192,1.5
KCl,20.0,1.5,0.1,1.5000000034059096,1.5000000034059096,0.0,0.0,0.0,0.0,0.0,0.0,0.0,0.0,0.0,0.0,0.0,0.0,0.0,0.0,1.5000001294438028,1.5
MgCl2,5.0,0.000119,0.1,0.0,0.0002380000001913076,0.0,0.00011899866028563742,0.0,0.0,0.0,0.0,0.0,0.0,0.0,0.0,0.0,0.0,0.0,0.0,0.00035704193911851505,0.000357
MgCl2,10.0,0.000119,0.1,0.0,0.0002380000002406297,0.0,0.00011899822749642947,0.0,0.0,0.0,0.0,0.0,0.0,0.0,0.0,0.0,0.0,0.0,0.0,0.00035705257690371047,0.000357
MgCl2,25.0,0.000119,0.1,0.0,0.00023800000044686828,0.0,0.00011899603044419885,0.0,0.0,0.0,0.0,0.0,0.0,0.0,0.0,0.0,0.0,0.0,0.0,0.00035709628369439767,0.000357
MgCl2,35.0,0.000119,0.1,0.0,0.00023800000064228192,0.0,0.00011899338841993295,0.0,0.0,0.0,0.0,0.0,0.0,0.0,0.0,0.0,0.0,0.0,0.0,0.00035713657584982424,0.000357
MgCl2,45.0,0.000119,0.1,0.0,0.00023800000089234955,0.0,0.00011898921763497238,0.0,0.0,0.0,0.0,0.0,0.0,0.0,0.0,0.0,0.0,0.0,0.0,0.00035718655739307956,0.000357
MgCl2,70.0,0.000119,0.1,0.0,0.0002380000017967177,0.0,0.00011896642988569597,0.0,0.0,0.0,0.0,0.0,0.0,0.0,0.0,0.0,0.0,0.0,0.0,0.00035735190710798015,0.000357
MgCl2,90.0,0.000119,0.1,0.0,0.0002380000028466041,0.0,0.00011892335702277486,0.0,0.0,0.0,0.0,0.0,0.0,0.0,0.0,0.0,0.0,0.0,0.0,0.0003575106257352042,0.000357
MgCl2,5.0,0.000984,0.1,0.0,0.0019680000017835288,0.0,0.0009839908691110625,0.0,0.0,0.0,0.0,0.0,0.0,0.0,0.0,0.0,0.0,0.0,0.0,0.0029520320444711163,0.002952
MgCl2,10.0,0.000984,0.1,0.0,0.0019680000022527532,0.0,0.00098398797620858,0.0,0.0,0.0,0.0,0.0,0.0,0.0,0.0,0.0,0.0,0.0,0.0,0.0029520394936187284,0.002952
MgCl2,25.0,0.000984,0.1,0.0,0.001968000004254998,0.0,0.0009839735717685548,0.0,0.0,0.0,0.0,0.0,0.0,0.0,0.0,0.0,0.0,0.0,0.0,0.0029520671601064525,0.002952
MgCl2,35.0,0.000984,0.1,0.0,0.001968000006208854,0.0,0.0009839567005094788,0.0,0.0,0.0,0.0,0.0,0.0,0.0,0.0,0.0,0.0,0.0,0.0,0.002952088528095039,0.002952
MgCl2,45.0,0.000984,0.1,0.0,0.001968000008786616,0.0,0.0009839307762831036,0.0,0.0,0.0,0.0,0.0,0.0,0.0,0.0,0.0,0.0,0.0,0.0,0.002952109388060563,0.002952
MgCl2,70.0,0.000984,0.1,0.0,0.0019680000188233445,0.0,0.00098379827948659,0.0,0.0,0.0,0.0,0.0,0.0,0.0,0.0,0.0,0.0,0.0,0.0,0.002952127490692976,0.002952
MgCl2,90.0,0.000984,0.1,0.0,0.0019680000318955467,0.0,0.000983571038254746,0.0,0.0,0.0,0.0,0.0,0.0,0.0,0.0,0.0,0.0,0.0,0.0,0.0029520417230697042,0.002952
MgCl2,5.0,0.01137,0.1,0.0,0.022740000033808248,0.0,0.011369948083117502,0.0,0.0,0.0,0.0,0.0,0.0,0.0,0.0,0.0,0.0,0.0,0.0,0.034109978709271384,0.03411
MgCl2,10.0,0.01137,0.1,0.0,0.022740000043185774,0.0,0.01136993250208374,0.0,0.0,0.0,0.0,0.0,0.0,0.0,0.0,0.0,0.0,0.0,0.0,0.03410997044248437,0.03411
MgCl2,25.0,0.01137,0.1,0.0,0.02274000008511371,0.0,0.01136985854746849,0.0,0.0,0.0,0.0,0.0,0.0,0.0,0.0,0.0,0.0,0.0,0.0,0.03410992490056292,0.03411
MgCl2,35.0,0.01137,0.1,0.0,0.022740000128507472,0.0,0.011369776890434995,0.0,0.0,0.0,0.0,0.0,0.0,0.0,0.0,0.0,0.0,0.0,0.0,0.03410986753261183,0.03411
MgCl2,45.0,0.01137,0.1,0.0,0.022740000188781872,0.0,0.011369657847086724,0.0,0.0,0.0,0.0,0.0,0.0,0.0,0.0,0.0,0.0,0.0,0.0,0.03410977660620638,0.03411
MgCl2,70.0,0.01137,0.1,0.0,0.022740000447007427,0.0,0.01136910888077125,0.0,0.0,0.0,0.0,0.0,0.0,0.0,0.0,0.0,0.0,0.0,0.0,0.03410930913276779,0.03411
MgCl2,90.0,0.01137,0.1,0.0,0.022740000819157252,0.0,0.011368267588993824,0.0,0.0,0.0,0.0,0.0,0.0,0.0,0.0,0.0,0.0,0.0,0.0,0.03410853515517461,0.03411
MgCl2,5.0,0.09942,0.1,0.0,0.19884000064171597,0.0,0.09941984034971149,0.0,0.0,0.0,0.0,0.0,0.0,0.0,0.0,0.0,0.0,0.0,0.0,0.2982598601626758,0.29825999999999997
MgCl2,10.0,0.09942,0.1,0.0,0.19884000082413522,0.0,0.09941979400877742,0.0,0.0,0.0,0.0,0.0,0.0,0.0,0.0,0.0,0.0,0.0,0.0,0.29825981849644506,0.29825999999999997
MgCl2,25.0,0.09942,0.1,0.0,0.1988400016552572,0.0,0.09941957959493192,0.0,0.0,0.0,0.0,0.0,0.0,0.0,0.0,0.0,0.0,0.0,0.0,0.2982596221015677,0.29825999999999997
MgCl2,35.0,0.09942,0.1,0.0,0.1988400025328557,0.0,0.09941934950240851,0.0,0.0,0.0,0.0,0.0,0.0,0.0,0.0,0.0,0.0,0.0,0.0,0.29825940734704093,0.29825999999999997
MgCl2,45.0,0.09942,0.1,0.0,0.19884000376939465,0.0,0.09941902150433922,0.0,0.0,0.0,0.0,0.0,0.0,0.0,0.0,0.0,0.0,0.0,0.0,0.29825909716323507,0.29825999999999997
MgCl2,70.0,0.09942,0.1,0.0,0.1988400091696162,0.0,0.09941756444378695,0.0,0.0,0.0,0.0,0.0,0.0,0.0,0.0,0.0,0.0,0.0,0.0,0.29825769327616647,0.29825999999999997
MgCl2,90.0,0.09942,0.1,0.0,0.19884001704226814,0.0,0.09941541067960255,0.0,0.0,0.0,0.0,0.0,0.0,0.0,0.0,0.0,0.0,0.0,0.0,0.2982555874254238,0.29825999999999997
MgCl2,5.0,0.3609,0.1,0.0,0.7218000044566311,0.0,0.36089967172478593,0.0,0.0,0.0,0.0,0.0,0.0,0.0,0.0,0.0,0.0,0.0,0.0,1.0826996884054847,1.0827
MgCl2,10.0,0.3609,0.1,0.0,0.7218000057290136,0.0,0.360899577376654,0.0,0.0,0.0,0.0,0.0,0.0,0.0,0.0,0.0,0.0,0.0,0.0,1.0826995981952496,1.0827
MgCl2,25.0,0.3609,0.1,0.0,0.7218000115443445,0.0,0.3608991440372511,0.0,0.0,0.0,0.0,0.0,0.0,0.0,0.0,0.0,0.0,0.0,0.0,1.0826991816395828,1.0827
MgCl2,35.0,0.3609,0.1,0.0,0.7218000177023164,0.0,0.3608986827979314,0.0,0.0,0.0,0.0,0.0,0.0,0.0,0.0,0.0,0.0,0.0,0.0,1.0826987358054763,1.0827
MgCl2,45.0,0.3609,0.1,0.0,0.7218000263918951,0.0,0.36089802952882655,0.0,0.0,0.0,0.0,0.0,0.0,0.0,0.0,0.0,0.0,0.0,0.0,1.0826981018653674,1.0827
MgCl2,70.0,0.3609,0.1,0.0,0.7218000643593191,0.0,0.36089515973282454,0.0,0.0,0.0,0.0,0.0,0.0,0.0,0.0,0.0,0.0,0.0,0.0,1.0826953010599116,1.0827
MgCl2,90.0,0.3609,0.1,0.0,0.7218001195725096,0.0,0.36089096793601005,0.0,0.0,0.0,0.0,0.0,0.0,0.0,0.0,0.0,0.0,0.0,0.0,1.0826911911241957,1.0827
MgSO4,2.13,0.001012,0.1,0.0,0.0,0.0,0.0009451603116159057,0.0009451658757837663,0.0,0.0,0.0,0.0,0.0,6.68321628286662e-05,0.0,0.0,0.0,0.0,0.0,0.0037806971512531,0.004048
MgSO4,2.702,0.001012,0.1,0.0,0.0,0.0,0.0009441520990619571,0.0009441578315193226,0.0,0.0,0.0,0.0,0.0,6.78401342783187e-05,0.0,0.0,0.0,0.0,0.0,0.0037766659185997898,0.004048
MgSO4,4.22,0.001012,0.1,0.0,0.0,0.0,0.0009414337021741864,0.0009414399034802244,0.0,0.0,0.0,0.0,0.0,7.055785680962666e-05,0.0,0.0,0.0,0.0,0.0,0.0037657968089856142,0.004048
MgSO4,4.45,0.001012,0.1,0.0,0.0,0.0,0.0009410164286788794,0.0009410227039259953,0.0,0.0,0.0,0.0,0.0,7.097502360551246e-05,0.0,0.0,0.0,0.0,0.0,0.003764128417494305,0.004048
MgSO4,5.409,0.001012,0.1,0.0,0.0,0.0,0.0009392613599687329,0.0009392679520431625,0.0,0.0,0.0,0.0,0.0,7.272963407559193e-05,0.0,0.0,0.0,0.0,0.0,0.0037571111416846966,0.004048
MgSO4,6.6,0.001012,0.1,0.0,0.0,0.0,0.0009370477047297344,0.0009370547100122004,0.0,0.0,0.0,0.0,0.0,7.49426891765325e-05,0.0,0.0,0.0,0.0,0.0,0.0037482604060805865,0.004048
MgSO4,6.982,0.001012,0.1,0.0,0.0,0.0,0.0009363297667431165,0.0009363369093382447,0.0,0.0,0.0,0.0,0.0,7.566042711953099e-05,0.0,0.0,0.0,0.0,0.0,0.0037453899389874976,0.004048
MgSO4,7.57,0.001012,0.1,0.0,0.0,0.0,0.000935217178636358,0.0009352245372542237,0.0,0.0,0.0,0.0,0.0,7.677269990697114e-05,0.0,0.0,0.0,0.0,0.0,0.0037409416017676524,0.004048
MgSO4,8.68,0.001012,0.1,0.0,0.0,0.0,0.0009330922684382078,0.0009331000506623136,0.0,0.0,0.0,0.0,0.0,7.88969896672601e-05,0.0,0.0,0.0,0.0,0.0,0.003732445891511705,0.004048
MgSO4,9.12,0.001012,0.1,0.0,0.0,0.0,0.0009322411063958849,0.0009322490624083692,0.0,0.0,0.0,0.0,0.0,7.974789637194823e-05,0.0,0.0,0.0,0.0,0.0,0.003729042848034255,0.004048
MgSO4,9.76,0.001012,0.1,0.0,0.0,0.0,0.0009309941341518755,0.000931002349059911,0.0,0.0,0.0,0.0,0.0,8.099448738984908e-05,0.0,0.0,0.0,0.0,0.0,0.003724057341406337,0.004048
MgSO4,11.041,0.001012,0.1,0.0,0.0,0.0,0.000928466717935304,0.0009284754734311825,0.0,0.0,0.0,0.0,0.0,8.35211043852605e-05,0.0,0.0,0.0,0.0,0.0,0.003713952620559756,0.004048
MgSO4,13.06,0.001012,0.1,0.0,0.0,0.0,0.0009243989672283249,0.0009244086383050357,0.0,0.0,0.0,0.0,0.0,8.7587491892354e-05,0.0,0.0,0.0,0.0,0.0,0.0036976899030814686,0.004048
MgSO4,-0.15,0.005,0.1,0.0,0.0,0.0,0.004213528919687797,0.004213543567361502,0.0,0.0,0.0,0.0,0.0,0.0007864492219328565,0.0,0.0,0.0,0.0,0.0,0.01685419793547869,0.02
MgSO4,-0.15,0.005,98.1,0.0,0.0,0.0,0.004189829712619763,0.004189851105183367,0.0,0.0,0.0,0.0,0.0,0.000810138309929101,0.0,0.0,0.0,0.0,0.0,0.01675943842916138,0.02
MgSO4,-0.15,0.005,196.1,0.0,0.0,0.0,0.0041894002787603545,0.004189421822768297,0.0,0.0,0.0,0.0,0.0,0.0008105675164382338,0.0,0.0,0.0,0.0,0.0,0.016757721530355724,0.02
MgSO4,-0.15,0.005,294.2,0.0,0.0,0.0,0.0041894002787603545,0.004189421822768297,0.0,0.0,0.0,0.0,0.0,0.0008105675164382338,0.0,0.0,0.0,0.0,0.0,0.016757721530355724,0.02
MgSO4,-0.15,0.005,392.3,0.0,0.0,0.0,0.0041894002787603545,0.004189421822768297,0.0,0.0,0.0,0.0,0.0,0.0008105675164382338,0.0,0.0,0.0,0.0,0.0,0.016757721530355724,0.02
MgSO4,-0.15,0.005,490.3,0.0,0.0,0.0,0.0041894002787603545,0.004189421822768297,0.0,0.0,0.0,0.0,0.0,0.0008105675164382338,0.0,0.0,0.0,0.0,0.0,0.016757721530355724,0.02
MgSO4,-0.15,0.005,588.4,0.0,0.0,0.0,0.0041894002787603545,0.004189421822768297,0.0,0.0,0.0,0.0,0.0,0.0008105675164382338,0.0,0.0,0.0,0.0,0.0,0.016757721530355724,0.02
MgSO4,-0.15,0.005,686.5,0.0,0.0,0.0,0.0041894002787603545,0.004189421822768297,0.0,0.0,0.0,0.0,0.0,0.0008105675164382338,0.0,0.0,0.0,0.0,0.0,0.016757721530355724,0.02
MgSO4,-0.15,0.005,784.6,0.0,0.0,0.0,0.0041894002787603545,0.004189421822768297,0.0,0.0,0.0,0.0,0.0,0.0008105675164382338,0.0,0.0,0.0,0.0,0.0,0.016757721530355724,0.02
MgSO4,24.850000000000023,0.005,0.1,0.0,0.0,0.0,0.0037351819590093643,0.0037352274687075067,0.0,0.0,0.0,0.0,0.0,0.0012647414070125144,0.0,0.0,0.0,0.0,0.0,0.014940986721707168,0.02
MgSO4,24.850000000000023,0.005,98.1,0.0,0.0,0.0,0.0037020437443941374,0.0037021081702704075,0.0,0.0,0.0,0.0,0.0,0.0012978475575156467,0.0,0.0,0.0,0.0,0.0,0.01480854022501117,0.02
MgSO4,24.850000000000023,0.005,196.1,0.0,0.0,0.0,0.0037014636967644776,0.003701528542003082,0.0,0.0,0.0,0.0,0.0,0.001298426893915188,0.0,0.0,0.0,0.0,0.0,0.01480622239051693,0.02
MgSO4,24.850000000000023,0.005,294.2,0.0,0.0,0.0,0.0037014636967644776,0.003701528542003082,0.0,0.0,0.0,0.0,0.0,0.001298426893915188,0.0,0.0,0.0,0.0,0.0,0.01480622239051693,0.02
MgSO4,24.850000000000023,0.005,392.3,0.0,0.0,0.0,0.0037014636967644776,0.003701528542003082,0.0,0.0,0.0,0.0,0.0,0.001298426893915188,0.0,0.0,0.0,0.0,0.0,0.01480622239051693,0.02
MgSO4,24.850000000000023,0.005,490.3,0.0,0.0,0.0,0.0037014636967644776,0.003701528542003082,0.0,0.0,0.0,0.0,0.0,0.001298426893915188,0.0,0.0,0.0,0.0,0.0,0.01480622239051693,0.02
MgSO4,24.850000000000023,0.005,588.4,0.0,0.0,0.0,0.0037014636967644776,0.003701528542003082,0.0,0.0,0.0,0.0,0.0,0.001298426893915188,0.0,0.0,0.0,0.0,0.0,0.01480622239051693,0.02
MgSO4,24.850000000000023,0.005,686.5,0.0,0.0,0.0,0.0037014636967644776,0.003701528542003082,0.0,0.0,0.0,0.0,0.0,0.001298426893915188,0.0,0.0,0.0,0.0,0.0,0.01480622239051693,0.02
MgSO4,24.850000000000023,0.005,784.6,0.0,0.0,0.0,0.0037014636967644776,0.003701528542003082,0.0,0.0,0.0,0.0,0.0,0.001298426893915188,0.0,0.0,0.0,0.0,0.0,0.01480622239051693,0.02
MgSO4,49.85000000000002,0.005,0.1,0.0,0.0,0.0,0.0032465251611355026,0.0032466390735928488,0.0,0.0,0.0,0.0,0.0,0.0017532454185313754,0.0,0.0,0.0,0.0,0.0,0.012986764310182126,0.02
MgSO4,49.85000000000002,0.005,98.1,0.0,0.0,0.0,0.003205981749737088,0.0032061389409646463,0.0,0.0,0.0,0.0,0.0,0.001793700912012163,0.0,0.0,0.0,0.0,0.0,0.012824840899158228,0.02
MgSO4,49.85000000000002,0.005,196.1,0.0,0.0,0.0,0.0032052892156366917,0.0032054473559302585,0.0,0.0,0.0,0.0,0.0,0.0017943915172560349,0.0,0.0,0.0,0.0,0.0,0.01282207624845568,0.02
MgSO4,49.85000000000002,0.005,294.2,0.0,0.0,0.0,0.0032052892156366917,0.0032054473559302585,0.0,0.0,0.0,0.0,0.0,0.0017943915172560349,0.0,0.0,0.0,0.0,0.0,0.01282207624845568,0.02
MgSO4,49.85000000000002,0.005,392.3,0.0,0.0,0.0,0.0032052892156366917,0.0032054473559302585,0.0,0.0,0.0,0.0,0.0,0.0017943915172560349,0.0,0.0,0.0,0.0,0.0,0.01282207624845568,0.02
MgSO4,49.85000000000002,0.005,490.3,0.0,0.0,0.0,0.0032052892156366917,0.0032054473559302585,0.0,0.0,0.0,0.0,0.0,0.0017943915172560349,0.0,0.0,0.0,0.0,0.0,0.01282207624845568,0.02
MgSO4,49.85000000000002,0.005,588.4,0.0,0.0,0.0,0.0032052892156366917,0.0032054473559302585,0.0,0.0,0.0,0.0,0.0,0.0017943915172560349,0.0,0.0,0.0,0.0,0.0,0.01282207624845568,0.02
MgSO4,49.85000000000002,0.005,686.5,0.0,0.0,0.0,0.0032052892156366917,0.0032054473559302585,0.0,0.0,0.0,0.0,0.0,0.0017943915172560349,0.0,0.0,0.0,0.0,0.0,0.01282207624845568,0.02
MgSO4,49.85000000000002,0.005,784.6,0.0,0.0,0.0,0.0032052892156366917,0.0032054473559302585,0.0,0.0,0.0,0.0,0.0,0.0017943915172560349,0.0,0.0,0.0,0.0,0.0,0.01282207624845568,0.02
MgSO4,74.85000000000002,0.005,0.1,0.0,0.0,0.0,0.0028043970653948247,0.0028046268156639064,0.0,0.0,0.0,0.0,0.0,0.0021949923904851535,0.0,0.0,0.0,0.0,0.0,0.011219049717465403,0.02
MgSO4,74.85000000000002,0.005,98.1,0.0,0.0,0.0,0.002758395348571614,0.002758705694059838,0.0,0.0,0.0,0.0,0.0,0.0022407774821972914,0.0,0.0,0.0,0.0,0.0,0.011035553884461799,0.02
MgSO4,74.85000000000002,0.005,196.1,0.0,0.0,0.0,0.002757626725137478,0.002757938820646262,0.0,0.0,0.0,0.0,0.0,0.0022415414003567405,0.0,0.0,0.0,0.0,0.0,0.011032490486956209,0.02
MgSO4,74.85000000000002,0.005,294.2,0.0,0.0,0.0,0.002757626725137478,0.002757938820646262,0.0,0.0,0.0,0.0,0.0,0.0022415414003567405,0.0,0.0,0.0,0.0,0.0,0.011032490486956209,0.02
MgSO4,74.85000000000002,0.005,392.3,0.0,0.0,0.0,0.002757626725137478,0.002757938820646262,0.0,0.0,0.0,0.0,0.0,0.0022415414003567405,0.0,0.0,0.0,0.0,0.0,0.011032490486956209,0.02
MgSO4,74.85000000000002,0.005,490.3,0.0,0.0,0.0,0.002757626725137478,0.002757938820646262,0.0,0.0,0.0,0.0,0.0,0.0022415414003567405,0.0,0.0,0.0,0.0,0.0,0.011032490486956209,0.02
MgSO4,74.85000000000002,0.005,588.4,0.0,0.0,0.0,0.002757626725137478,0.002757938820646262,0.0,0.0,0.0,0.0,0.0,0.0022415414003567405,0.0,0.0,0.0,0.0,0.0,0.011032490486956209,0.02
MgSO4,74.85000000000002,0.005,686.5,0.0,0.0,0.0,0.002757626725137478,0.002757938820646262,0.0,0.0,0.0,0.0,0.0,0.0022415414003567405,0.0,0.0,0.0,0.0,0.0,0.011032490486956209,0.02
MgSO4,74.85000000000002,0.005,784.6,0.0,0.0,0.0,0.002757626725137478,0.002757938820646262,0.0,0.0,0.0,0.0,0.0,0.0022415414003567405,0.0,0.0,0.0,0.0,0.0,0.011032490486956209,0.02
MgSO4,99.85000000000002,0.005,0.1,0.0,0.0,0.0,0.0024312001418995517,0.002431569077041347,0.0,0.0,0.0,0.0,0.0,0.0025672983162101717,0.0,0.0,0.0,0.0,0.0,0.009727698901385815,0.02
MgSO4,99.85000000000002,0.005,98.1,0.0,0.0,0.0,0.0023805855466291492,0.0023810750566272613,0.0,0.0,0.0,0.0,0.0,0.002617415069921824,0.0,0.0,0.0,0.0,0.0,0.009526189160117115,0.02
MgSO4,99.85000000000002,0.005,196.1,0.0,0.0,0.0,0.0023797611190558184,0.0023802532230133323,0.0,0.0,0.0,0.0,0.0,0.002618228786811129,0.0,0.0,0.0,0.0,0.0,0.009522911859606806,0.02
MgSO4,99.85000000000002,0.005,294.2,0.0,0.0,0.0,0.0023797611190558184,0.0023802532230133323,0.0,0.0,0.0,0.0,0.0,0.002618228786811129,0.0,0.0,0.0,0.0,0.0,0.009522911859606806,0.02
MgSO4,99.85000000000002,0.005,392.3,0.0,0.0,0.0,0.0023797611190558184,0.0023802532230133323,0.0,0.0,0.0,0.0,0.0,0.002618228786811129,0.0,0.0,0.0,0.0,0.0,0.009522911859606806,0.02
MgSO4,99.85000000000002,0.005,490.3,0.0,0.0,0.0,0.0023797611190558184,0.0023802532230133323,0.0,0.0,0.0,0.0,0.0,0.002618228786811129,0.0,0.0,0.0,0.0,0.0,0.009522911859606806,0.02
MgSO4,99.85000000000002,0.005,588.4,0.0,0.0,0.0,0.0023797611190558184,0.0023802532230133323,0.0,0.0,0.0,0.0,0.0,0.002618228786811129,0.0,0.0,0.0,0.0,0.0,0.009522911859606806,0.02
MgSO4,99.85000000000002,0.005,686.5,0.0,0.0,0.0,0.0023797611190558184,0.0023802532230133323,0.0,0.0,0.0,0.0,0.0,0.002618228786811129,0.0,0.0,0.0,0.0,0.0,0.009522911859606806,0.02
MgSO4,99.85000000000002,0.005,784.6,0.0,0.0,0.0,0.0023797611190558184,0.0023802532230133323,0.0,0.0,0.0,0.0,0.0,0.002618228786811129,0.0,0.0,0.0,0.0,0.0,0.009522911859606806,0.02
MgSO4,124.85000000000002,0.005,0.1,0.0,0.0,0.0,0.002127466695592271,0.002127922803663338,0.0,0.0,0.0,0.0,0.0,0.002869013831674218,0.0,0.0,0.0,0.0,0.0,0.008515322416846717,0.02
MgSO4,124.85000000000002,0.005,98.1,0.0,0.0,0.0,0.0020718876013490826,0.0020724838840235483,0.0,0.0,0.0,0.0,0.0,0.0029234941186415987,0.0,0.0,0.0,0.0,0.0,0.00829469164939322,0.02
MgSO4,124.85000000000002,0.005,196.1,0.0,0.0,0.0,0.0020710114066013223,0.0020716106780012513,0.0,0.0,0.0,0.0,0.0,0.002924346894858707,0.0,0.0,0.0,0.0,0.0,0.008291222807655084,0.02
MgSO4,124.85000000000002,0.005,294.2,0.0,0.0,0.0,0.0020710114066013223,0.0020716106780012513,0.0,0.0,0.0,0.0,0.0,0.002924346894858707,0.0,0.0,0.0,0.0,0.0,0.008291222807655084,0.02
MgSO4,124.85000000000002,0.005,392.3,0.0,0.0,0.0,0.0020710114066013223,0.0020716106780012513,0.0,0.0,0.0,0.0,0.0,0.002924346894858707,0.0,0.0,0.0,0.0,0.0,0.008291222807655084,0.02
MgSO4,124.85000000000002,0.005,490.3,0.0,0.0,0.0,0.0020710114066013223,0.0020716106780012513,0.0,0.0,0.0,0.0,0.0,0.002924346894858707,0.0,0.0,0.0,0.0,0.0,0.008291222807655084,0.02
MgSO4,124.85000000000002,0.005,588.4,0.0,0.0,0.0,0.0020710114066013223,0.0020716106780012513,0.0,0.0,0.0,0.0,0.0,0.002924346894858707,0.0,0.0,0.0,0.0,0.0,0.008291222807655084,0.02
MgSO4,124.85000000000002,0.005,686.5,0.0,0.0,0.0,0.0020710114066013223,0.0020716106780012513,0.0,0.0,0.0,0.0,0.0,0.002924346894858707,0.0,0.0,0.0,0.0,0.0,0.008291222807655084,0.02
MgSO4,124.85000000000002,0.005,784.6,0.0,0.0,0.0,0.0020710114066013223,0.0020716106780012513,0.0,0.0,0.0,0.0,0.0,0.002924346894858707,0.0,0.0,0.0,0.0,0.0,0.008291222807655084,0.02
MgSO4,149.85000000000002,0.005,0.1,0.0,0.0,0.0,0.0018847035247022,0.0018850951839065396,0.0,0.0,0.0,0.0,0.0,0.0031072958636972573,0.0,0.0,0.0,0.0,0.0,0.007549097594663331,0.02
MgSO4,149.85000000000002,0.005,98.1,0.0,0.0,0.0,0.0018227773748425054,0.0018232839010105866,0.0,0.0,0.0,0.0,0.0,0.0031668559093769757,0.0,0.0,0.0,0.0,0.0,0.007304412837019916,0.02
MgSO4,149.85000000000002,0.005,196.1,0.0,0.0,0.0,0.0018218406274190118,0.0018223495799914611,0.0,0.0,0.0,0.0,0.0,0.0031677427010927384,0.0,0.0,0.0,0.0,0.0,0.0073007296382732005,0.02
MgSO4,149.85000000000002,0.005,294.2,0.0,0.0,0.0,0.0018218406274190118,0.0018223495799914611,0.0,0.0,0.0,0.0,0.0,0.0031677427010927384,0.0,0.0,0.0,0.0,0.0,0.0073007296382732005,0.02
MgSO4,149.85000000000002,0.005,392.3,0.0,0.0,0.0,0.0018218406274190118,0.0018223495799914611,0.0,0.0,0.0,0.0,0.0,0.0031677427010927384,0.0,0.0,0.0,0.0,0.0,0.0073007296382732005,0.02
MgSO4,149.85000000000002,0.005,490.3,0.0,0.0,0.0,0.0018218406274190118,0.0018223495799914611,0.0,0.0,0.0,0.0,0.0,0.0031677427010927384,0.0,0.0,0.0,0.0,0.0,0.0073007296382732005,0.02
MgSO4,149.85000000000002,0.005,588.4,0.0,0.0,0.0,0.0018218406274190118,0.0018223495799914611,0.0,0.0,0.0,0.0,0.0,0.0031677427010927384,0.0,0.0,0.0,0.0,0.0,0.0073007296382732005,0.02
MgSO4,149.85000000000002,0.005,686.5,0.0,0.0,0.0,0.0018218406274190118,0.0018223495799914611,0.0,0.0,0.0,0.0,0.0,0.0031677427010927384,0.0,0.0,0.0,0.0,0.0,0.0073007296382732005,0.02
MgSO4,149.85000000000002,0.005,784.6,0.0,0.0,0.0,0.0018218406274190118,0.0018223495799914611,0.0,0.0,0.0,0.0,0.0,0.0031677427010927384,0.0,0.0,0.0,0.0,0.0,0.0073007296382732005,0.02
MgSO4,-0.15,0.01,0.1,0.0,0.0,0.0,0.007893152222505697,0.0078931733212476,0.0,0.0,0.0,0.0,0.0,0.0021068134781676326,0.0,0.0,0.0,0.0,0.0,0.03157271521323372,0.04
MgSO4,-0.15,0.01,98.1,0.0,0.0,0.0,0.007817988985595976,0.007818019769541357,0.0,0.0,0.0,0.0,0.0,0.0021819608191514612,0.0,0.0,0.0,0.0,0.0,0.03127211057296204,0.04
MgSO4,-0.15,0.01,196.1,0.0,0.0,0.0,0.007816630914249867,0.00781666191554792,0.0,0.0,0.0,0.0,0.0,0.002183318533375438,0.0,0.0,0.0,0.0,0.0,0.031266679370531916,0.04
MgSO4,-0.15,0.01,294.2,0.0,0.0,0.0,0.007816630914249867,0.00781666191554792,0.0,0.0,0.0,0.0,0.0,0.002183318533375438,0.0,0.0,0.0,0.0,0.0,0.031266679370531916,0.04
MgSO4,-0.15,0.01,392.3,0.0,0.0,0.0,0.007816630914249867,0.00781666191554792,0.0,0.0,0.0,0.0,0.0,0.002183318533375438,0.0,0.0,0.0,0.0,0.0,0.031266679370531916,0.04
MgSO4,-0.15,0.01,490.3,0.0,0.0,0.0,0.007816630914249867,0.00781666191554792,0.0,0.0,0.0,0.0,0.0,0.002183318533375438,0.0,0.0,0.0,0.0,0.0,0.031266679370531916,0.04
MgSO4,-0.15,0.01,588.4,0.0,0.0,0.0,0.007816630914249867,0.00781666191554792,0.0,0.0,0.0,0.0,0.0,0.002183318533375438,0.0,0.0,0.0,0.0,0.0,0.031266679370531916,0.04
MgSO4,-0.15,0.01,686.5,0.0,0.0,0.0,0.007816630914249867,0.00781666191554792,0.0,0.0,0.0,0.0,0.0,0.002183318533375438,0.0,0.0,0.0,0.0,0.0,0.031266679370531916,0.04
MgSO4,-0.15,0.01,784.6,0.0,0.0,0.0,0.007816630914249867,0.00781666191554792,0.0,0.0,0.0,0.0,0.0,0.002183318533375438,0.0,0.0,0.0,0.0,0.0,0.031266679370531916,0.04
MgSO4,24.850000000000023,0.01,0.1,0.0,0.0,0.0,0.006774347319908631,0.006774410168434494,0.0,0.0,0.0,0.0,0.0,0.0032255347577757514,0.0,0.0,0.0,0.0,0.0,0.027097720866640383,0.04
MgSO4,24.850000000000023,0.01,98.1,0.0,0.0,0.0,0.0066789953497378395,0.006679084181224063,0.0,0.0,0.0,0.0,0.0,0.003320837460292489,0.0,0.0,0.0,0.0,0.0,0.02671644910034526,0.04
MgSO4,24.850000000000023,0.01,196.1,0.0,0.0,0.0,0.006677332818432568,0.006677422225628024,0.0,0.0,0.0,0.0,0.0,0.003322498899086665,0.0,0.0,0.0,0.0,0.0,0.026709801989686633,0.04
MgSO4,24.850000000000023,0.01,294.2,0.0,0.0,0.0,0.006677332818432568,0.006677422225628024,0.0,0.0,0.0,0.0,0.0,0.003322498899086665,0.0,0.0,0.0,0.0,0.0,0.026709801989686633,0.04
MgSO4,24.850000000000023,0.01,392.3,0.0,0.0,0.0,0.006677332818432568,0.006677422225628024,0.0,0.0,0.0,0.0,0.0,0.003322498899086665,0.0,0.0,0.0,0.0,0.0,0.026709801989686633,0.04
MgSO4,24.850000000000023,0.01,490.3,0.0,0.0,0.0,0.006677332818432568,0.006677422225628024,0.0,0.0,0.0,0.0,0.0,0.003322498899086665,0.0,0.0,0.0,0.0,0.0,0.026709801989686633,0.04
MgSO4,24.850000000000023,0.01,588.4,0.0,0.0,0.0,0.006677332818432568,0.006677422225628024,0.0,0.0,0.0,0.0,0.0,0.003322498899086665,0.0,0.0,0.0,0.0,0.0,0.026709801989686633,0.04
MgSO4,24.850000000000023,0.01,686.5,0.0,0.0,0.0,0.006677332818432568,0.006677422225628024,0.0,0.0,0.0,0.0,0.0,0.003322498899086665,0.0,0.0,0.0,0.0,0.0,0.026709801989686633,0.04
MgSO4,24.850000000000023,0.01,784.6,0.0,0.0,0.0,0.006677332818432568,0.006677422225628024,0.0,0.0,0.0,0.0,0.0,0.003322498899086665,0.0,0.0,0.0,0.0,0.0,0.026709801989686633,0.04
MgSO4,49.85000000000002,0.01,0.1,0.0,0.0,0.0,0.005721222381541008,0.0057213719125116455,0.0,0.0,0.0,0.0,0.0,0.004278430147904612,0.0,0.0,0.0,0.0,0.0,0.02288573640774166,0.04
MgSO4,49.85000000000002,0.01,98.1,0.0,0.0,0.0,0.0056137349004587766,0.005613940846492748,0.0,0.0,0.0,0.0,0.0,0.004385784931374348,0.0,0.0,0.0,0.0,0.0,0.022456104952788894,0.04
MgSO4,49.85000000000002,0.01,196.1,0.0,0.0,0.0,0.005611908547529114,0.005612115730118812,0.0,0.0,0.0,0.0,0.0,0.0043876083740596785,0.0,0.0,0.0,0.0,0.0,0.022448806520940202,0.04
MgSO4,49.85000000000002,0.01,294.2,0.0,0.0,0.0,0.005611908547529114,0.005612115730118812,0.0,0.0,0.0,0.0,0.0,0.0043876083740596785,0.0,0.0,0.0,0.0,0.0,0.022448806520940202,0.04
MgSO4,49.85000000000002,0.01,392.3,0.0,0.0,0.0,0.005611908547529114,0.005612115730118812,0.0,0.0,0.0,0.0,0.0,0.0043876083740596785,0.0,0.0,0.0,0.0,0.0,0.022448806520940202,0.04
MgSO4,49.85000000000002,0.01,490.3,0.0,0.0,0.0,0.005611908547529114,0.005612115730118812,0.0,0.0,0.0,0.0,0.0,0.0043876083740596785,0.0,0.0,0.0,0.0,0.0,0.022448806520940202,0.04
MgSO4,49.85000000000002,0.01,588.4,0.0,0.0,0.0,0.005611908547529114,0.005612115730118812,0.0,0.0,0.0,0.0,0.0,0.0043876083740596785,0.0,0.0,0.0,0.0,0.0,0.022448806520940202,0.04
MgSO4,49.85000000000002,0.01,686.5,0.0,0.0,0.0,0.005611908547529114,0.005612115730118812,0.0,0.0,0.0,0.0,0.0,0.0043876083740596785,0.0,0.0,0.0,0.0,0.0,0.022448806520940202,0.04
MgSO4,49.85000000000002,0.01,784.6,0.0,0.0,0.0,0.005611908547529114,0.005612115730118812,0.0,0.0,0.0,0.0,0.0,0.0043876083740596785,0.0,0.0,0.0,0.0,0.0,0.022448806520940202,0.04
MgSO4,74.85000000000002,0.01,0.1,0.0,0.0,0.0,0.004831088907538418,0.004831374439043516,0.0,0.0,0.0,0.0,0.0,0.005167993115774404,0.0,0.0,0.0,0.0,0.0,0.019326228749794106,0.04
MgSO4,74.85000000000002,0.01,98.1,0.0,0.0,0.0,0.004716506788047852,0.004716891699274769,0.0,0.0,0.0,0.0,0.0,0.005282251199627494,0.0,0.0,0.0,0.0,0.0,0.018868552667139958,0.04
MgSO4,74.85000000000002,0.01,196.1,0.0,0.0,0.0,0.0047146050853651734,0.004714992153868612,0.0,0.0,0.0,0.0,0.0,0.005284145866329326,0.0,0.0,0.0,0.0,0.0,0.01886096001894893,0.04
MgSO4,74.85000000000002,0.01,294.2,0.0,0.0,0.0,0.0047146050853651734,0.004714992153868612,0.0,0.0,0.0,0.0,0.0,0.005284145866329326,0.0,0.0,0.0,0.0,0.0,0.01886096001894893,0.04
MgSO4,74.85000000000002,0.01,392.3,0.0,0.0,0.0,0.0047146050853651734,0.004714992153868612,0.0,0.0,0.0,0.0,0.0,0.005284145866329326,0.0,0.0,0.0,0.0,0.0,0.01886096001894893,0.04
MgSO4,74.85000000000002,0.01,490.3,0.0,0.0,0.0,0.0047146050853651734,0.004714992153868612,0.0,0.0,0.0,0.0,0.0,0.005284145866329326,0.0,0.0,0.0,0.0,0.0,0.01886096001894893,0.04
MgSO4,74.85000000000002,0.01,588.4,0.0,0.0,0.0,0.0047146050853651734,0.004714992153868612,0.0,0.0,0.0,0.0,0.0,0.005284145866329326,0.0,0.0,0.0,0.0,0.0,0.01886096001894893,0.04
MgSO4,74.85000000000002,0.01,686.5,0.0,0.0,0.0,0.0047146050853651734,0.004714992153868612,0.0,0.0,0.0,0.0,0.0,0.005284145866329326,0.0,0.0,0.0,0.0,0.0,0.01886096001894893,0.04
MgSO4,74.85000000000002,0.01,784.6,0.0,0.0,0.0,0.0047146050853651734,0.004714992153868612,0.0,0.0,0.0,0.0,0.0,0.005284145866329326,0.0,0.0,0.0,0.0,0.0,0.01886096001894893,0.04
MgSO4,99.85000000000002,0.01,0.1,0.0,0.0,0.0,0.004119109937109124,0.004119544004436072,0.0,0.0,0.0,0.0,0.0,0.005878630830144692,0.0,0.0,0.0,0.0,0.0,0.01648022344131109,0.04
MgSO4,99.85000000000002,0.01,98.1,0.0,0.0,0.0,0.003998621857738634,0.00399919668807005,0.0,0.0,0.0,0.0,0.0,0.005998375024899572,0.0,0.0,0.0,0.0,0.0,0.0159995032881294,0.04
MgSO4,99.85000000000002,0.01,196.1,0.0,0.0,0.0,0.003996675387003617,0.0039972532454249235,0.0,0.0,0.0,0.0,0.0,0.006000305495087293,0.0,0.0,0.0,0.0,0.0,0.015991743911194206,0.04
MgSO4,99.85000000000002,0.01,294.2,0.0,0.0,0.0,0.003996675387003617,0.0039972532454249235,0.0,0.0,0.0,0.0,0.0,0.006000305495087293,0.0,0.0,0.0,0.0,0.0,0.015991743911194206,0.04
MgSO4,99.85000000000002,0.01,392.3,0.0,0.0,0.0,0.003996675387003617,0.0039972532454249235,0.0,0.0,0.0,0.0,0.0,0.006000305495087293,0.0,0.0,0.0,0.0,0.0,0.015991743911194206,0.04
MgSO4,99.85000000000002,0.01,490.3,0.0,0.0,0.0,0.003996675387003617,0.0039972532454249235,0.0,0.0,0.0,0.0,0.0,0.006000305495087293,0.0,0.0,0.0,0.0,0.0,0.015991743911194206,0.04
MgSO4,99.85000000000002,0.01,588.4,0.0,0.0,0.0,0.003996675387003617,0.0039972532454249235,0.0,0.0,0.0,0.0,0.0,0.006000305495087293,0.0,0.0,0.0,0.0,0.0,0.015991743911194206,0.04
MgSO4,99.85000000000002,0.01,686.5,0.0,0.0,0.0,0.003996675387003617,0.0039972532454249235,0.0,0.0,0.0,0.0,0.0,0.006000305495087293,0.0,0.0,0.0,0.0,0.0,0.015991743911194206,0.04
MgSO4,99.85000000000002,0.01,784.6,0.0,0.0,0.0,0.003996675387003617,0.0039972532454249235,0.0,0.0,0.0,0.0,0.0,0.006000305495087293,0.0,0.0,0.0,0.0,0.0,0.015991743911194206,0.04
MgSO4,124.85000000000002,0.01,0.1,0.0,0.0,0.0,0.0035639489927573533,0.0035644593454011077,0.0,0.0,0.0,0.0,0.0,0.006430732226974216,0.0,0.0,0.0,0.0,0.0,0.014263171251685011,0.04
MgSO4,124.85000000000002,0.01,98.1,0.0,0.0,0.0,0.0034358077033914964,0.003436473941227342,0.0,0.0,0.0,0.0,0.0,0.006557228078920073,0.0,0.0,0.0,0.0,0.0,0.013752869537214833,0.04
MgSO4,124.85000000000002,0.01,196.1,0.0,0.0,0.0,0.0034338077617079212,0.003434477323667633,0.0,0.0,0.0,0.0,0.0,0.006559192951218156,0.0,0.0,0.0,0.0,0.0,0.013744918027769662,0.04
MgSO4,124.85000000000002,0.01,294.2,0.0,0.0,0.0,0.0034338077617079212,0.003434477323667633,0.0,0.0,0.0,0.0,0.0,0.006559192951218156,0.0,0.0,0.0,0.0,0.0,0.013744918027769662,0.04
MgSO4,124.85000000000002,0.01,392.3,0.0,0.0,0.0,0.0034338077617079212,0.003434477323667633,0.0,0.0,0.0,0.0,0.0,0.006559192951218156,0.0,0.0,0.0,0.0,0.0,0.013744918027769662,0.04
MgSO4,124.85000000000002,0.01,490.3,0.0,0.0,0.0,0.0034338077617079212,0.003434477323667633,0.0,0.0,0.0,0.0,0.0,0.006559192951218156,0.0,0.0,0.0,0.0,0.0,0.013744918027769662,0.04
MgSO4,124.85000000000002,0.01,588.4,0.0,0.0,0.0,0.0034338077617079212,0.003434477323667633,0.0,0.0,0.0,0.0,0.0,0.006559192951218156,0.0,0.0,0.0,0.0,0.0,0.013744918027769662,0.04
MgSO4,124.85000000000002,0.01,686.5,0.0,0.0,0.0,0.0034338077617079212,0.003434477323667633,0.0,0.0,0.0,0.0,0.0,0.006559192951218156,0.0,0.0,0.0,0.0,0.0,0.013744918027769662,0.04
MgSO4,124.85000000000002,0.01,784.6,0.0,0.0,0.0,0.0034338077617079212,0.003434477323667633,0.0,0.0,0.0,0.0,0.0,0.006559192951218156,0.0,0.0,0.0,0.0,0.0,0.013744918027769662,0.04
MgSO4,149.85000000000002,0.01,0.1,0.0,0.0,0.0,0.003135988690399536,0.0031364075209886653,0.0,0.0,0.0,0.0,0.0,0.006851877776542568,0.0,0.0,0.0,0.0,0.0,0.012558461509648247,0.04
MgSO4,149.85000000000002,0.01,98.1,0.0,0.0,0.0,0.0029963017674775787,0.002996843528043826,0.0,0.0,0.0,0.0,0.0,0.006988018922272318,0.0,0.0,0.0,0.0,0.0,0.012003932938175895,0.04
MgSO4,149.85000000000002,0.01,196.1,0.0,0.0,0.0,0.0029942150077893687,0.0029947593645062013,0.0,0.0,0.0,0.0,0.0,0.006990030782678525,0.0,0.0,0.0,0.0,0.0,0.01199567505753068,0.04
MgSO4,149.85000000000002,0.01,294.2,0.0,0.0,0.0,0.0029942150077893687,0.0029947593645062013,0.0,0.0,0.0,0.0,0.0,0.006990030782678525,0.0,0.0,0.0,0.0,0.0,0.01199567505753068,0.04
MgSO4,149.85000000000002,0.01,392.3,0.0,0.0,0.0,0.0029942150077893687,0.0029947593645062013,0.0,0.0,0.0,0.0,0.0,0.006990030782678525,0.0,0.0,0.0,0.0,0.0,0.01199567505753068,0.04
MgSO4,149.85000000000002,0.01,490.3,0.0,0.0,0.0,0.0029942150077893687,0.0029947593645062013,0.0,0.0,0.0,0.0,0.0,0.006990030782678525,0.0,0.0,0.0,0.0,0.0,0.01199567505753068,0.04
MgSO4,149.85000000000002,0.01,588.4,0.0,0.0,0.0,0.0029942150077893687,0.0029947593645062013,0.0,0.0,0.0,0.0,0.0,0.006990030782678525,0.0,0.0,0.0,0.0,0.0,0.01199567505753068,0.04
MgSO4,149.85000000000002,0.01,686.5,0.0,0.0,0.0,0.0029942150077893687,0.0029947593645062013,0.0,0.0,0.0,0.0,0.0,0.006990030782678525,0.0,0.0,0.0,0.0,0.0,0.01199567505753068,0.04
MgSO4,149.85000000000002,0.01,784.6,0.0,0.0,0.0,0.0029942150077893687,0.0029947593645062013,0.0,0.0,0.0,0.0,0.0,0.006990030782678525,0.0,0.0,0.0,0.0,0.0,0.01199567505753068,0.04
MgSO4,-1.138,0.010124,0.1,0.0,0.0,0.0,0.008024827938498702,0.008024848169762906,0.0,0.0,0.0,0.0,0.0,0.0020991392678606073,0.0,0.0,0.0,0.0,0.0,0.032099413368112666,0.040496
MgSO4,-0.97,0.010124,0.1,0.0,0.0,0.0,0.008017409999238287,0.008017430396542263,0.0,0.0,0.0,0.0,0.0,0.002106556911655699,0.0,0.0,0.0,0.0,0.0,0.032069742480662876,0.040496
MgSO4,-0.66,0.010124,0.1,0.0,0.0,0.0,0.008003705837481898,0.008003726544164057,0.0,0.0,0.0,0.0,0.0,0.002120260522011287,0.0,0.0,0.0,0.0,0.0,0.032014927454509415,0.040496
MgSO4,-0.56,0.010124,0.1,0.0,0.0,0.0,0.00799928069279555,0.007999301500110743,0.0,0.0,0.0,0.0,0.0,0.002124685487098256,0.0,0.0,0.0,0.0,0.0,0.031997227403155505,0.040496
MgSO4,-0.32,0.010124,0.1,0.0,0.0,0.0,0.00798865163306601,0.007988672683570501,0.0,0.0,0.0,0.0,0.0,0.0021353141123193644,0.0,0.0,0.0,0.0,0.0,0.03195471243905535,0.040496
MgSO4,-0.245,0.010124,0.1,0.0,0.0,0.0,0.007985327555091813,0.007985348682078485,0.0,0.0,0.0,0.0,0.0,0.00213863805349939,0.0,0.0,0.0,0.0,0.0,0.031941416528179396,0.040496
MgSO4,0.32,0.010124,0.1,0.0,0.0,0.0,0.007960248783704703,0.007960270494354294,0.0,0.0,0.0,0.0,0.0,0.002163715778721617,0.0,0.0,0.0,0.0,0.0,0.031841104504450365,0.040496
MgSO4,0.86,0.010124,0.1,0.0,0.0,0.0,0.007936219840644677,0.007936242121649126,0.0,0.0,0.0,0.0,0.0,0.002187743695668666,0.0,0.0,0.0,0.0,0.0,0.031744991726729115,0.040496
MgSO4,1.475,0.010124,0.1,0.0,0.0,0.0,0.00790878547852346,0.007908808424255181,0.0,0.0,0.0,0.0,0.0,0.002215176857194212,0.0,0.0,0.0,0.0,0.0,0.03163525777133285,0.040496
MgSO4,1.675,0.010124,0.1,0.0,0.0,0.0,0.007899848689604305,0.007899871855031857,0.0,0.0,0.0,0.0,0.0,0.0022241132482057075,0.0,0.0,0.0,0.0,0.0,0.0315995117708637,0.040496
MgSO4,1.9,0.010124,0.1,0.0,0.0,0.0,0.007889786233693363,0.007889809648367286,0.0,0.0,0.0,0.0,0.0,0.0022341752520268193,0.0,0.0,0.0,0.0,0.0,0.031559263258242376,0.040496
MgSO4,2.04,0.010124,0.1,0.0,0.0,0.0,0.007883520646011022,0.007883544216893773,0.0,0.0,0.0,0.0,0.0,0.0022404405560161908,0.0,0.0,0.0,0.0,0.0,0.03153420172939613,0.040496
MgSO4,2.1,0.010124,0.1,0.0,0.0,0.0,0.007880834349647991,0.00788085798774199,0.0,0.0,0.0,0.0,0.0,0.0022431267302314563,0.0,0.0,0.0,0.0,0.0,0.03152345689762697,0.040496
MgSO4,2.902,0.010124,0.1,0.0,0.0,0.0,0.007844869135938976,0.007844893687814904,0.0,0.0,0.0,0.0,0.0,0.0022790902782399104,0.0,0.0,0.0,0.0,0.0,0.031379600854616684,0.040496
MgSO4,3.079,0.010124,0.1,0.0,0.0,0.0,0.00783691750531241,0.007836942262754767,0.0,0.0,0.0,0.0,0.0,0.002287041532864565,0.0,0.0,0.0,0.0,0.0,0.031347795415423374,0.040496
MgSO4,3.26,0.010124,0.1,0.0,0.0,0.0,0.007828781070986848,0.007828806040114301,0.0,0.0,0.0,0.0,0.0,0.0022951775795070363,0.0,0.0,0.0,0.0,0.0,0.031315250793996746,0.040496
MgSO4,3.395,0.010124,0.1,0.0,0.0,0.0,0.007822709152236368,0.007822734280224829,0.0,0.0,0.0,0.0,0.0,0.0023012492069917154,0.0,0.0,0.0,0.0,0.0,0.03129096395662518,0.040496
MgSO4,4.14,0.010124,0.1,0.0,0.0,0.0,0.007789152105391426,0.007789178125180595,0.0,0.0,0.0,0.0,0.0,0.0023348046135969747,0.0,0.0,0.0,0.0,0.0,0.031156740474810624,0.040496
MgSO4,4.352,0.010124,0.1,0.0,0.0,0.0,0.007779588371753366,0.0077796146500446264,0.0,0.0,0.0,0.0,0.0,0.002344367870158156,0.0,0.0,0.0,0.0,0.0,0.03111848690529472,0.040496
MgSO4,4.63,0.010124,0.1,0.0,0.0,0.0,0.007767037864878642,0.0077670644853599065,0.0,0.0,0.0,0.0,0.0,0.002356917744386806,0.0,0.0,0.0,0.0,0.0,0.031068286685477495,0.040496
MgSO4,4.94,0.010124,0.1,0.0,0.0,0.0,0.007753030507215579,0.0077530575136038294,0.0,0.0,0.0,0.0,0.0,0.0023709243870541252,0.0,0.0,0.0,0.0,0.0,0.031012259294439248,0.040496
MgSO4,5.47,0.010124,0.1,0.0,0.0,0.0,0.0077290539329385914,0.007729081609782916,0.0,0.0,0.0,0.0,0.0,0.002394899715306263,0.0,0.0,0.0,0.0,0.0,0.03091635654334091,0.040496
MgSO4,5.81,0.010124,0.1,0.0,0.0,0.0,0.007713654669169331,0.007713682783289549,0.0,0.0,0.0,0.0,0.0,0.0024102981638059687,0.0,0.0,0.0,0.0,0.0,0.03085476180268626,0.040496
MgSO4,5.82,0.010124,0.1,0.0,0.0,0.0,0.007713201543618844,0.007713229670685653,0.0,0.0,0.0,0.0,0.0,0.002410751265187244,0.0,0.0,0.0,0.0,0.0,0.030852949369028576,0.040496
MgSO4,5.822,0.010124,0.1,0.0,0.0,0.0,0.007713110917117119,0.007713139046773836,0.0,0.0,0.0,0.0,0.0,0.0024108418868538134,0.0,0.0,0.0,0.0,0.0,0.030852586876733788,0.040496
MgSO4,5.84,0.010124,0.1,0.0,0.0,0.0,0.007712295257754245,0.007712323410728949,0.0,0.0,0.0,0.0,0.0,0.002411657502680568,0.0,0.0,0.0,0.0,0.0,0.030849324362740113,0.040496
MgSO4,5.842,0.010124,0.1,0.0,0.0,0.0,0.007712204626621971,0.0077122327821885425,0.0,0.0,0.0,0.0,0.0,0.002411748128973304,0.0,0.0,0.0,0.0,0.0,0.030848961851933976,0.040496
MgSO4,5.843,0.010124,0.1,0.0,0.0,0.0,0.007712159310882431,0.007712187467745011,0.0,0.0,0.0,0.0,0.0,0.002411793442292911,0.0,0.0,0.0,0.0,0.0,0.030848780595837705,0.040496
MgSO4,6.39,0.010124,0.1,0.0,0.0,0.0,0.007687354686232459,0.007687383559401175,0.0,0.0,0.0,0.0,0.0,0.002436596726698375,0.0,0.0,0.0,0.0,0.0,0.030749565891602347,0.040496
MgSO4,6.775,0.010124,0.1,0.0,0.0,0.0,0.007669876805932206,0.007669906192184743,0.0,0.0,0.0,0.0,0.0,0.0024540736436398296,0.0,0.0,0.0,0.0,0.0,0.030679657090456548,0.040496
MgSO4,6.88,0.010124,0.1,0.0,0.0,0.0,0.007665107459795321,0.007665136987270506,0.0,0.0,0.0,0.0,0.0,0.002458842724129812,0.0,0.0,0.0,0.0,0.0,0.030660580454904045,0.040496
MgSO4,8.29,0.010124,0.1,0.0,0.0,0.0,0.007600961858101302,0.007600993336480771,0.0,0.0,0.0,0.0,0.0,0.002522984634615281,0.0,0.0,0.0,0.0,0.0,0.030404008409088735,0.040496
MgSO4,8.38,0.010124,0.1,0.0,0.0,0.0,0.007596861662053662,0.007596893268450356,0.0,0.0,0.0,0.0,0.0,0.0025270845870566843,0.0,0.0,0.0,0.0,0.0,0.030387608305692676,0.040496
MgSO4,8.565,0.010124,0.1,0.0,0.0,0.0,0.007588431505465741,0.007588463376343746,0.0,0.0,0.0,0.0,0.0,0.002535514239818941,0.0,0.0,0.0,0.0,0.0,0.030353889086206204,0.040496
MgSO4,9.139,0.010124,0.1,0.0,0.0,0.0,0.007562259207918574,0.007562291910916265,0.0,0.0,0.0,0.0,0.0,0.0025616849474845342,0.0,0.0,0.0,0.0,0.0,0.030249204325468723,0.040496
MgSO4,9.37,0.010124,0.1,0.0,0.0,0.0,0.007551720055023369,0.007551753097853533,0.0,0.0,0.0,0.0,0.0,0.0025722234490248167,0.0,0.0,0.0,0.0,0.0,0.030207049524211688,0.040496
MgSO4,9.72,0.010124,0.1,0.0,0.0,0.0,0.007535745205240503,0.007535778768439311,0.0,0.0,0.0,0.0,0.0,0.0025881972991165106,0.0,0.0,0.0,0.0,0.0,0.030143152898671383,0.040496
MgSO4,9.95,0.010124,0.1,0.0,0.0,0.0,0.007525243481683814,0.007525277390452339,0.0,0.0,0.0,0.0,0.0,0.002598698357255842,0.0,0.0,0.0,0.0,0.0,0.030101147847372684,0.040496
MgSO4,11.919,0.010124,0.1,0.0,0.0,0.0,0.007435236838831929,0.007435273825721254,0.0,0.0,0.0,0.0,0.0,0.0026886990192999975,0.0,0.0,0.0,0.0,0.0,0.029741137727712575,0.040496
MgSO4,12.31,0.010124,0.1,0.0,0.0,0.0,0.007417347151979315,0.007417384776170034,0.0,0.0,0.0,0.0,0.0,0.0027065874558980553,0.0,0.0,0.0,0.0,0.0,0.02966958239463301,0.040496
MgSO4,12.74,0.010124,0.1,0.0,0.0,0.0,0.0073976690720360585,0.007397707407283827,0.0,0.0,0.0,0.0,0.0,0.0027262641360800447,0.0,0.0,0.0,0.0,0.0,0.02959087388763392,0.040496
MgSO4,13.122,0.010124,0.1,0.0,0.0,0.0,0.0073801849428481005,0.007380223918814609,0.0,0.0,0.0,0.0,0.0,0.0027437469996369397,0.0,0.0,0.0,0.0,0.0,0.029520940809478386,0.040496
MgSO4,13.3,0.010124,0.1,0.0,0.0,0.0,0.007372037250434121,0.007372076527881141,0.0,0.0,0.0,0.0,0.0,0.002751894095108889,0.0,0.0,0.0,0.0,0.0,0.029488351658782445,0.040496
MgSO4,-6.0,0.0249,0.1,0.0,0.0,0.0,0.018591996175540384,0.01859201978279,0.0,0.0,0.0,0.0,0.0,0.0063079601430044005,0.0,0.0,0.0,0.0,0.0,0.07436809640472643,0.0996
MgSO4,-3.0,0.0249,0.1,0.0,0.0,0.0,0.018206140669681018,0.01820616797007735,0.0,0.0,0.0,0.0,0.0,0.006693807989200851,0.0,0.0,0.0,0.0,0.0,0.0728246930453248,0.0996
MgSO4,-1.0,0.0249,0.1,0.0,0.0,0.0,0.017947918244745634,0.017947948259204354,0.0,0.0,0.0,0.0,0.0,0.006952024672946991,0.0,0.0,0.0,0.0,0.0,0.07179181717948199,0.0996
MgSO4,5.0,0.0249,0.1,0.0,0.0,0.0,0.017172738475511876,0.01717277796601623,0.0,0.0,0.0,0.0,0.0,0.007727183684389085,0.0,0.0,0.0,0.0,0.0,0.06869114713148723,0.0996
MgSO4,20.0,0.0249,0.1,0.0,0.0,0.0,0.015280915161714578,0.015280988807856055,0.0,0.0,0.0,0.0,0.0,0.00961892352202771,0.0,0.0,0.0,0.0,0.0,0.06112403923831949,0.0996
MgSO4,25.0,0.0249,0.1,0.0,0.0,0.0,0.01467911881769175,0.014679207747752849,0.0,0.0,0.0,0.0,0.0,0.01022067820687353,0.0,0.0,0.0,0.0,0.0,0.058716941113841306,0.0996
MgSO4,-2.28,0.10124,0.1,0.0,0.0,0.0,0.0627486294383729,0.06274867492561843,0.0,0.0,0.0,0.0,0.0,0.038491247699197054,0.0,0.0,0.0,0.0,0.0,0.25099475547951894,0.40496
MgSO4,-2.26,0.10124,0.1,0.0,0.0,0.0,0.06273671386392338,0.06273675939225126,0.0,0.0,0.0,0.0,0.0,0.03850316314567857,0.0,0.0,0.0,0.0,0.0,0.2509470934173091,0.40496
MgSO4,-1.425,0.10124,0.1,0.0,0.0,0.0,0.062240341195214585,0.06224038846448868,0.0,0.0,0.0,0.0,0.0,0.038999530366137646,0.0,0.0,0.0,0.0,0.0,0.2489616127540881,0.40496
MgSO4,-1.19,0.10124,0.1,0.0,0.0,0.0,0.062101039785933315,0.06210108755431663,0.0,0.0,0.0,0.0,0.0,0.0391388302043497,0.0,0.0,0.0,0.0,0.0,0.24840440999726948,0.40496
MgSO4,-0.739,0.10124,0.1,0.0,0.0,0.0,0.06183420063592132,0.06183424937353812,0.0,0.0,0.0,0.0,0.0,0.039405666291880935,0.0,0.0,0.0,0.0,0.0,0.24733705900335587,0.40496
MgSO4,-0.645,0.10124,0.1,0.0,0.0,0.0,0.06177866856844314,0.06177871750996573,0.0,0.0,0.0,0.0,0.0,0.03946119771313522,0.0,0.0,0.0,0.0,0.0,0.247114931914998,0.40496
MgSO4,-0.01,0.10124,0.1,0.0,0.0,0.0,0.06140430641360127,0.06140435674981238,0.0,0.0,0.0,0.0,0.0,0.03983555542980273,0.0,0.0,0.0,0.0,0.0,0.24561749139724157,0.40496
MgSO4,0.07,0.10124,0.1,0.0,0.0,0.0,0.061357239650406674,0.06135729016446847,0.0,0.0,0.0,0.0,0.0,0.03988262162477469,0.0,0.0,0.0,0.0,0.0,0.2454292253800759,0.40496
MgSO4,0.23,0.10124,0.1,0.0,0.0,0.0,0.06126317212044323,0.06126322299165279,0.0,0.0,0.0,0.0,0.0,0.03997668801212502,0.0,0.0,0.0,0.0,0.0,0.24505295734157076,0.40496
MgSO4,0.89,0.10124,0.1,0.0,0.0,0.0,0.06087608642459528,0.06087613878954627,0.0,0.0,0.0,0.0,0.0,0.040363768906730706,0.0,0.0,0.0,0.0,0.0,0.24350462328781045,0.40496
MgSO4,1.55,0.10124,0.1,0.0,0.0,0.0,0.06049055151662625,0.06049060540865168,0.0,0.0,0.0,0.0,0.0,0.04074929886908033,0.0,0.0,0.0,0.0,0.0,0.24196249262120964,0.40496
MgSO4,1.859,0.10124,0.1,0.0,0.0,0.0,0.06031059625782442,0.06031065087637561,0.0,0.0,0.0,0.0,0.0,0.04092925176174495,0.0,0.0,0.0,0.0,0.0,0.24124267586579545,0.40496
MgSO4,2.062,0.10124,0.1,0.0,0.0,0.0,0.06019256543511319,0.060192620535010066,0.0,0.0,0.0,0.0,0.0,0.04104728101213767,0.0,0.0,0.0,0.0,0.0,0.24077055541556278,0.40496
MgSO4,2.529,0.10124,0.1,0.0,0.0,0.0,0.05992162233025694,0.05992167854974985,0.0,0.0,0.0,0.0,0.0,0.041318220445412196,0.0,0.0,0.0,0.0,0.0,0.23968678961906642,0.40496
MgSO4,3.648,0.10124,0.1,0.0,0.0,0.0,0.05927580003632325,0.05927585900886683,0.0,0.0,0.0,0.0,0.0,0.041964033625423225,0.0,0.0,0.0,0.0,0.0,0.23710351682227288,0.40496
MgSO4,3.668,0.10124,0.1,0.0,0.0,0.0,0.059264301613965224,0.05926436063662602,0.0,0.0,0.0,0.0,0.0,0.04197553188074214,0.0,0.0,0.0,0.0,0.0,0.2370575234322342,0.40496
MgSO4,4.508,0.10124,0.1,0.0,0.0,0.0,0.058782807720179915,0.0587828688770175,0.0,0.0,0.0,0.0,0.0,0.042457018624029154,0.0,0.0,0.0,0.0,0.0,0.23513156064697804,0.40496
MgSO4,4.62,0.10124,0.1,0.0,0.0,0.0,0.0587188232314039,0.05871888467714076,0.0,0.0,0.0,0.0,0.0,0.042521002139249475,0.0,0.0,0.0,0.0,0.0,0.23487562442930457,0.40496
MgSO4,4.996,0.10124,0.1,0.0,0.0,0.0,0.05850439265242266,0.05850445507556591,0.0,0.0,0.0,0.0,0.0,0.04273542941458055,0.0,0.0,0.0,0.0,0.0,0.23401790800221767,0.40496
MgSO4,5.14,0.10124,0.1,0.0,0.0,0.0,0.0584224240824665,0.05842248688301975,0.0,0.0,0.0,0.0,0.0,0.042817396704791906,0.0,0.0,0.0,0.0,0.0,0.23369003600071192,0.40496
MgSO4,5.35,0.10124,0.1,0.0,0.0,0.0,0.058303040333221465,0.05830310368723887,0.0,0.0,0.0,0.0,0.0,0.042936778573194,0.0,0.0,0.0,0.0,0.0,0.2332125043493081,0.40496
MgSO4,5.72,0.10124,0.1,0.0,0.0,0.0,0.058093144401473215,0.05809320873955331,0.0,0.0,0.0,0.0,0.0,0.043146671148685645,0.0,0.0,0.0,0.0,0.0,0.23237292658388095,0.40496
MgSO4,6.058,0.10124,0.1,0.0,0.0,0.0,0.057901904152352024,0.057901969399374836,0.0,0.0,0.0,0.0,0.0,0.043337908283989826,0.0,0.0,0.0,0.0,0.0,0.23160797110877332,0.40496
MgSO4,6.743,0.10124,0.1,0.0,0.0,0.0,0.057515821234516686,0.0575158883530994,0.0,0.0,0.0,0.0,0.0,0.04372398474868697,0.0,0.0,0.0,0.0,0.0,0.2300636508512338,0.40496
MgSO4,6.745,0.10124,0.1,0.0,0.0,0.0,0.05751469693190075,0.05751476405600597,0.0,0.0,0.0,0.0,0.0,0.04372510903217834,0.0,0.0,0.0,0.0,0.0,0.2300591536745389,0.40496
MgSO4,7.678,0.10124,0.1,0.0,0.0,0.0,0.056992105631425295,0.05699217536899281,0.0,0.0,0.0,0.0,0.0,0.04424769122742901,0.0,0.0,0.0,0.0,0.0,0.2279688045124477,0.40496
MgSO4,8.025,0.10124,0.1,0.0,0.0,0.0,0.05679871923597364,0.05679878996460745,0.0,0.0,0.0,0.0,0.0,0.044441074141445165,0.0,0.0,0.0,0.0,0.0,0.22719526504401194,0.40496
MgSO4,8.46,0.10124,0.1,0.0,0.0,0.0,0.05655704598553521,0.056557117971305984,0.0,0.0,0.0,0.0,0.0,0.04468274295315917,0.0,0.0,0.0,0.0,0.0,0.22622857982124941,0.40496
MgSO4,9.62,0.10124,0.1,0.0,0.0,0.0,0.05591675440106056,0.05591682982010663,0.0,0.0,0.0,0.0,0.0,0.045323022286296255,0.0,0.0,0.0,0.0,0.0,0.2236674348667897,0.40496
MgSO4,10.382,0.10124,0.1,0.0,0.0,0.0,0.05549950176390404,0.05549957950302864,0.0,0.0,0.0,0.0,0.0,0.045740266537329446,0.0,0.0,0.0,0.0,0.0,0.22199843888334328,0.40496
MgSO4,12.252,0.10124,0.1,0.0,0.0,0.0,0.05448705879066026,0.05448714244487557,0.0,0.0,0.0,0.0,0.0,0.046752687737795846,0.0,0.0,0.0,0.0,0.0,0.21794870454492243,0.40496
MgSO4,12.645,0.10124,0.1,0.0,0.0,0.0,0.05427639945982922,0.05427648439770424,0.0,0.0,0.0,0.0,0.0,0.04696334226899054,0.0,0.0,0.0,0.0,0.0,0.21710607545134133,0.40496
MgSO4,13.56,0.10124,0.1,0.0,0.0,0.0,0.053788824662863124,0.053788912644680775,0.0,0.0,0.0,0.0,0.0,0.04745090557776773,0.0,0.0,0.0,0.0,0.0,0.21515579589280412,0.40496
MgSO4,13.85,0.10124,0.1,0.0,0.0,0.0,0.05363514299574884,0.05363523195855142,0.0,0.0,0.0,0.0,0.0,0.047604583510444214,0.0,0.0,0.0,0.0,0.0,0.21454107558464292,0.40496
MgSO4,14.06,0.10124,0.1,0.0,0.0,0.0,0.05352411325744364,0.05352420293551983,0.0,0.0,0.0,0.0,0.0,0.047715610515946486,0.0,0.0,0.0,0.0,0.0,0.21409696127950295,0.40496
MgSO4,14.123,0.10124,0.1,0.0,0.0,0.0,0.05349084652538883,0.05349093641885224,0.0,0.0,0.0,0.0,0.0,0.04774887642345019,0.0,0.0,0.0,0.0,0.0,0.21396389575268357,0.40496
MgSO4,14.193,0.10124,0.1,0.0,0.0,0.0,0.05345390635822475,0.05345399649144368,0.0,0.0,0.0,0.0,0.0,0.047785815671885765,0.0,0.0,0.0,0.0,0.0,0.21381613664492707,0.40496
MgSO4,-10.0,0.3323,0.1,0.0,0.0,0.0,0.18820334754908433,0.1882033949235916,0.0,0.0,0.0,0.0,0.0,0.14409647742928913,0.0,0.0,0.0,0.0,0.0,0.7528136749408,1.3292
MgSO4,-6.0,0.3323,0.1,0.0,0.0,0.0,0.18013691147518124,0.18013696831229056,0.0,0.0,0.0,0.0,0.0,0.1521628728951612,0.0,0.0,0.0,0.0,0.0,0.720547994155204,1.3292
MgSO4,-3.0,0.3323,0.1,0.0,0.0,0.0,0.1742817025639941,0.17428176737997694,0.0,0.0,0.0,0.0,0.0,0.15801804611831347,0.0,0.0,0.0,0.0,0.0,0.6971272136518794,1.3292
MgSO4,-1.0,0.3323,0.1,0.0,0.0,0.0,0.17047539116059357,0.17047546173950107,0.0,0.0,0.0,0.0,0.0,0.16182433092305915,0.0,0.0,0.0,0.0,0.0,0.681902008761307,1.3292
MgSO4,5.0,0.3323,0.1,0.0,0.0,0.0,0.15954010906079943,0.15954019919080487,0.0,0.0,0.0,0.0,0.0,0.1727595176362721,0.0,0.0,0.0,0.0,0.0,0.638161024080652,1.3292
MgSO4,20.0,0.3323,0.1,0.0,0.0,0.0,0.13544670852595506,0.13544686379994214,0.0,0.0,0.0,0.0,0.0,0.19685254040527592,0.0,0.0,0.0,0.0,0.0,0.5417879646839233,1.3292
MgSO4,25.0,0.3323,0.1,0.0,0.0,0.0,0.12842406895425934,0.12842425143385464,0.0,0.0,0.0,0.0,0.0,0.20387499277351157,0.0,0.0,0.0,0.0,0.0,0.5136976641232358,1.3292
MgSO4,-10.0,0.6646,0.1,0.0,0.0,0.0,0.3282625330529009,0.32826259599293456,0.0,0.0,0.0,0.0,0.0,0.3363371822313225,0.0,0.0,0.0,0.0,0.0,1.3130505586200008,2.6584
MgSO4,-6.0,0.6646,0.1,0.0,0.0,0.0,0.3132463087607662,0.31324638368388885,0.0,0.0,0.0,0.0,0.0,0.35135334303340093,0.0,0.0,0.0,0.0,0.0,1.252985753129345,2.6584
MgSO4,-3.0,0.6646,0.1,0.0,0.0,0.0,0.3024686452712791,0.3024687302224916,0.0,0.0,0.0,0.0,0.0,0.3621309509475052,0.0,0.0,0.0,0.0,0.0,1.2098751785337594,2.6584
MgSO4,-1.0,0.6646,0.1,0.0,0.0,0.0,0.29551411830233254,0.2955142104584602,0.0,0.0,0.0,0.0,0.0,0.3690854366012225,0.0,0.0,0.0,0.0,0.0,1.182057129167642,2.6584
MgSO4,5.0,0.6646,0.1,0.0,0.0,0.0,0.27574517094071543,0.27574528733282383,0.0,0.0,0.0,0.0,0.0,0.3888542363446355,0.0,0.0,0.0,0.0,0.0,1.1029815457728764,2.6584
MgSO4,20.0,0.6646,0.1,0.0,0.0,0.0,0.23315634247876374,0.23315653796596447,0.0,0.0,0.0,0.0,0.0,0.4314424844080908,0.0,0.0,0.0,0.0,0.0,0.9326270087546789,2.6584
MgSO4,25.0,0.6646,0.1,0.0,0.0,0.0,0.22096004668788236,0.22096027465158005,0.0,0.0,0.0,0.0,0.0,0.44363849374726144,0.0,0.0,0.0,0.0,0.0,0.8838421951081369,2.6584
MgSO4,-10.0,0.997,0.1,0.0,0.0,0.0,0.4446366318080028,0.4446367081524456,0.0,0.0,0.0,0.0,0.0,0.5523629844054414,0.0,0.0,0.0,0.0,0.0,1.7785470818577311,3.988
MgSO4,-6.0,0.997,0.1,0.0,0.0,0.0,0.42381287118686534,0.4238129615542344,0.0,0.0,0.0,0.0,0.0,0.5731866619591721,0.0,0.0,0.0,0.0,0.0,1.6952521552144062,3.988
MgSO4,-3.0,0.997,0.1,0.0,0.0,0.0,0.40895187929349924,0.40895198134214317,0.0,0.0,0.0,0.0,0.0,0.5880475813342244,0.0,0.0,0.0,0.0,0.0,1.6358082877059634,3.988
MgSO4,-1.0,0.997,0.1,0.0,0.0,0.0,0.399397856772684,0.3993979671874881,0.0,0.0,0.0,0.0,0.0,0.597601550036893,0.0,0.0,0.0,0.0,0.0,1.5975922713006703,3.988
MgSO4,5.0,0.997,0.1,0.0,0.0,0.0,0.37238047956186265,0.37238061798003536,0.0,0.0,0.0,0.0,0.0,0.624618735437582,0.0,0.0,0.0,0.0,0.0,1.4895230214979185,3.988
MgSO4,20.0,0.997,0.1,0.0,0.0,0.0,0.31479597518677005,0.3147962039162146,0.0,0.0,0.0,0.0,0.0,0.6822024895107026,0.0,0.0,0.0,0.0,0.0,1.259185978533854,3.988
MgSO4,25.0,0.997,0.1,0.0,0.0,0.0,0.2984400900084259,0.2984403554774665,0.0,0.0,0.0,0.0,0.0,0.6985580055172981,0.0,0.0,0.0,0.0,0.0,1.1937629013961752,3.988
MgSO4,-10.0,1.4124,0.1,0.0,0.0,0.0,0.5681483522697335,0.5681484439562641,0.0,0.0,0.0,0.0,0.0,0.8442511484626628,0.0,0.0,0.0,0.0,0.0,2.2725941146735886,5.6496
MgSO4,-6.0,1.4124,0.1,0.0,0.0,0.0,0.5412728610510082,0.5412729689812756,0.0,0.0,0.0,0.0,0.0,0.8711265347212905,0.0,0.0,0.0,0.0,0.0,2.165092292938221,5.6496
MgSO4,-3.0,1.4124,0.1,0.0,0.0,0.0,0.5221693620277884,0.5221694834357543,0.0,0.0,0.0,0.0,0.0,0.8902299423343836,0.0,0.0,0.0,0.0,0.0,2.0886784202413633,5.6496
MgSO4,-1.0,1.4124,0.1,0.0,0.0,0.0,0.5099192692056679,0.509919400240357,0.0,0.0,0.0,0.0,0.0,0.9024799674240223,0.0,0.0,0.0,0.0,0.0,2.0396781396976786,5.6496
MgSO4,5.0,1.4124,0.1,0.0,0.0,0.0,0.4754009705256873,0.47540113364910663,0.0,0.0,0.0,0.0,0.0,0.9369980252557449,0.0,0.0,0.0,0.0,0.0,1.901605263500921,5.6496
MgSO4,20.0,1.4124,0.1,0.0,0.0,0.0,0.402355504842877,0.4023557704487967,0.0,0.0,0.0,0.0,0.0,1.0100425533300106,0.0,0.0,0.0,0.0,0.0,1.6094245961531037,5.6496
MgSO4,25.0,1.4124,0.1,0.0,0.0,0.0,0.3817197003322857,0.3817200073229211,0.0,0.0,0.0,0.0,0.0,1.030677897886709,0.0,0.0,0.0,0.0,0.0,1.5268819464178505,5.6496
MgSO4,-10.0,1.6616,0.1,0.0,0.0,0.0,0.6336475820478533,0.6336476824606431,0.0,0.0,0.0,0.0,0.0,1.0279518526336051,0.0,0.0,0.0,0.0,0.0,2.5345911210999463,6.6464
MgSO4,-6.0,1.6616,0.1,0.0,0.0,0.0,0.6036374727505608,0.603637590624853,0.0,0.0,0.0,0.0,0.0,1.0579618447975538,0.0,0.0,0.0,0.0,0.0,2.4145508423998563,6.6464
MgSO4,-3.0,1.6616,0.1,0.0,0.0,0.0,0.5823382217969711,0.582338354132681,0.0,0.0,0.0,0.0,0.0,1.0792609938560445,0.0,0.0,0.0,0.0,0.0,2.3293539750795347,6.6464
MgSO4,-1.0,1.6616,0.1,0.0,0.0,0.0,0.5686933145055968,0.5686934571577885,0.0,0.0,0.0,0.0,0.0,1.0929058257021365,0.0,0.0,0.0,0.0,0.0,2.2747744462302384,6.6464
MgSO4,5.0,1.6616,0.1,0.0,0.0,0.0,0.530295914192437,0.5302960911669438,0.0,0.0,0.0,0.0,0.0,1.1313029580368512,0.0,0.0,0.0,0.0,0.0,2.121185196808661,6.6464
MgSO4,20.0,1.6616,0.1,0.0,0.0,0.0,0.44925569032814233,0.44925597643906967,0.0,0.0,0.0,0.0,0.0,1.2123421411205362,0.0,0.0,0.0,0.0,0.0,1.7970256199880341,6.6464
MgSO4,25.0,1.6616,0.1,0.0,0.0,0.0,0.4264056031908588,0.4264059332311165,0.0,0.0,0.0,0.0,0.0,1.2351917184542458,0.0,0.0,0.0,0.0,0.0,1.7056258980639127,6.6464
NH4Cl,5.0,0.000977,0.1,0.0,0.0009770000000991178,0.0,0.0,0.0,0.0,0.0009766538776603607,0.0,0.0,0.0,0.0,0.0,0.0,0.0,0.0,0.0,0.0009770056314985518,0.000977
NH4Cl,10.0,0.000977,0.1,0.0,0.0009770000001281243,0.0,0.0,0.0,0.0,0.00097657737312727,0.0,0.0,0.0,0.0,0.0,0.0,0.0,0.0,0.0,0.0009770072795359554,0.000977
NH4Cl,25.0,0.000977,0.1,0.0,0.000977000000250914,0.0,0.0,0.0,0.0,0.0009762618052558344,0.0,0.0,0.0,0.0,0.0,0.0,0.0,0.0,0.0,0.0009770142559869276,0.000977
NH4Cl,35.0,0.000977,0.1,0.0,0.0009770000003662634,0.0,0.0,0.0,0.0,0.0009759621380773762,0.0,0.0,0.0,0.0,0.0,0.0,0.0,0.0,0.0,0.0009770208097022626,0.000977
NH4Cl,45.0,0.000977,0.1,0.0,0.0009770000005101193,0.0,0.0,0.0,0.0,0.0009755727880345542,0.0,0.0,0.0,0.0,0.0,0.0,0.0,0.0,0.0,0.0009770289830598041,0.000977
NH4Cl,70.0,0.000977,0.1,0.0,0.0009770000009868072,0.0,0.0,0.0,0.0,0.0009740911455683047,0.0,0.0,0.0,0.0,0.0,0.0,0.0,0.0,0.0,0.0009770560666519878,0.000977
NH4Cl,90.0,0.000977,0.1,0.0,0.0009770000014556364,0.0,0.0,0.0,0.0,0.0009722246389250496,0.0,0.0,0.0,0.0,0.0,0.0,0.0,0.0,0.0,0.0009770827037644035,0.000977
NH4Cl,5.0,0.00965,0.1,0.0,0.009650000000355534,0.0,0.0,0.0,0.0,0.0096489098145982,0.0,0.0,0.0,0.0,0.0,0.0,0.0,0.0,0.0,0.009650002045445685,0.00965
NH4Cl,10.0,0.00965,0.1,0.0,0.009650000000460162,0.0,0.0,0.0,0.0,0.009648668336793804,0.0,0.0,0.0,0.0,0.0,0.0,0.0,0.0,0.0,0.00965000264738606,0.00965
NH4Cl,25.0,0.00965,0.1,0.0,0.00965000000090455,0.0,0.0,0.0,0.0,0.009647672087661137,0.0,0.0,0.0,0.0,0.0,0.0,0.0,0.0,0.0,0.009650005204023551,0.00965
NH4Cl,35.0,0.00965,0.1,0.0,0.009650000001323622,0.0,0.0,0.0,0.0,0.00964672615547984,0.0,0.0,0.0,0.0,0.0,0.0,0.0,0.0,0.0,0.009650007615031035,0.00965
NH4Cl,45.0,0.00965,0.1,0.0,0.009650000001847963,0.0,0.0,0.0,0.0,0.009645497564987844,0.0,0.0,0.0,0.0,0.0,0.0,0.0,0.0,0.0,0.009650010631654125,0.00965
NH4Cl,70.0,0.00965,0.1,0.0,0.009650000003596566,0.0,0.0,0.0,0.0,0.009640826803378622,0.0,0.0,0.0,0.0,0.0,0.0,0.0,0.0,0.0,0.009650020691670905,0.00965
NH4Cl,90.0,0.00965,0.1,0.0,0.009650000005332362,0.0,0.0,0.0,0.0,0.009634949808910304,0.0,0.0,0.0,0.0,0.0,0.0,0.0,0.0,0.0,0.009650030677996638,0.00965
NH4Cl,5.0,0.09765,0.1,0.0,0.09765000000149418,0.0,0.0,0.0,0.0,0.09764659823392847,0.0,0.0,0.0,0.0,0.0,0.0,0.0,0.0,0.0,0.09765000085085775,0.09765
NH4Cl,10.0,0.09765,0.1,0.0,0.09765000000193755,0.0,0.0,0.0,0.0,0.09764584545456664,0.0,0.0,0.0,0.0,0.0,0.0,0.0,0.0,0.0,0.09765000110331909,0.09765
NH4Cl,25.0,0.09765,0.1,0.0,0.09765000000383267,0.0,0.0,0.0,0.0,0.09764274177737932,0.0,0.0,0.0,0.0,0.0,0.0,0.0,0.0,0.0,0.09765000218248397,0.09765
NH4Cl,35.0,0.09765,0.1,0.0,0.09765000000563484,0.0,0.0,0.0,0.0,0.09763979741698367,0.0,0.0,0.0,0.0,0.0,0.0,0.0,0.0,0.0,0.0976500032087199,0.09765
NH4Cl,45.0,0.09765,0.1,0.0,0.09765000000790751,0.0,0.0,0.0,0.0,0.09763597635031944,0.0,0.0,0.0,0.0,0.0,0.0,0.0,0.0,0.0,0.0976500045028694,0.09765
NH4Cl,70.0,0.09765,0.1,0.0,0.09765000001561673,0.0,0.0,0.0,0.0,0.09762147467447581,0.0,0.0,0.0,0.0,0.0,0.0,0.0,0.0,0.0,0.09765000889284262,0.09765
NH4Cl,90.0,0.09765,0.1,0.0,0.09765000002347106,0.0,0.0,0.0,0.0,0.09760327035818905,0.0,0.0,0.0,0.0,0.0,0.0,0.0,0.0,0.0,0.09765001336542939,0.09765
NH4Cl,-10.0,0.187,0.1,0.0,0.1870000000009306,0.0,0.0,0.0,0.0,0.18699754767362453,0.0,0.0,0.0,0.0,0.0,0.0,0.0,0.0,0.0,0.18700000027716646,0.187
NH4Cl,-6.0,0.187,0.1,0.0,0.1870000000012056,0.0,0.0,0.0,0.0,0.18699706447292536,0.0,0.0,0.0,0.0,0.0,0.0,0.0,0.0,0.0,0.18700000035907122,0.187
NH4Cl,-3.0,0.187,0.1,0.0,0.18700000000145012,0.0,0.0,0.0,0.0,0.1869966526802736,0.0,0.0,0.0,0.0,0.0,0.0,0.0,0.0,0.0,0.18700000043190038,0.187
NH4Cl,-1.0,0.187,0.1,0.0,0.18700000000163308,0.0,0.0,0.0,0.0,0.1869963526147652,0.0,0.0,0.0,0.0,0.0,0.0,0.0,0.0,0.0,0.18700000048639645,0.187
NH4Cl,5.0,0.187,0.1,0.0,0.18700000000228797,0.0,0.0,0.0,0.0,0.186995317248718,0.0,0.0,0.0,0.0,0.0,0.0,0.0,0.0,0.0,0.18700000068144437,0.187
NH4Cl,20.0,0.187,0.1,0.0,0.18700000000475522,0.0,0.0,0.0,0.0,0.18699165110493418,0.0,0.0,0.0,0.0,0.0,0.0,0.0,0.0,0.0,0.18700000141627832,0.187
NH4Cl,25.0,0.187,0.1,0.0,0.18700000000588513,0.0,0.0,0.0,0.0,0.1869900117196606,0.0,0.0,0.0,0.0,0.0,0.0,0.0,0.0,0.0,0.1870000017528009,0.187
NH4Cl,5.0,0.4735,0.1,0.0,0.4735000000041546,0.0,0.0,0.0,0.0,0.4734924731000107,0.0,0.0,0.0,0.0,0.0,0.0,0.0,0.0,0.0,0.47350000049120444,0.4735
NH4Cl,10.0,0.4735,0.1,0.0,0.47350000000539505,0.0,0.0,0.0,0.0,0.47349080799917703,0.0,0.0,0.0,0.0,0.0,0.0,0.0,0.0,0.0,0.4735000006378529,0.4735
NH4Cl,25.0,0.4735,0.1,0.0,0.47350000001072345,0.0,0.0,0.0,0.0,0.47348394390766335,0.0,0.0,0.0,0.0,0.0,0.0,0.0,0.0,0.0,0.47350000126783987,0.4735
NH4Cl,35.0,0.4735,0.1,0.0,0.4735000000158239,0.0,0.0,0.0,0.0,0.47347743343697846,0.0,0.0,0.0,0.0,0.0,0.0,0.0,0.0,0.0,0.47350000187086383,0.4735
NH4Cl,45.0,0.4735,0.1,0.0,0.4735000000222958,0.0,0.0,0.0,0.0,0.4734689859312362,0.0,0.0,0.0,0.0,0.0,0.0,0.0,0.0,0.0,0.4735000026360392,0.4735
NH4Cl,70.0,0.4735,0.1,0.0,0.47350000004454706,0.0,0.0,0.0,0.0,0.47343693801921705,0.0,0.0,0.0,0.0,0.0,0.0,0.0,0.0,0.0,0.4735000052668087,0.4735
NH4Cl,90.0,0.4735,0.1,0.0,0.47350000006768317,0.0,0.0,0.0,0.0,0.47339672806665783,0.0,0.0,0.0,0.0,0.0,0.0,0.0,0.0,0.0,0.4735000080021947,0.4735
NH4Cl,-10.0,0.9348,0.1,0.0,0.934800000002493,0.0,0.0,0.0,0.0,0.9347942125686702,0.0,0.0,0.0,0.0,0.0,0.0,0.0,0.0,0.0,0.9348000001505262,0.9348
NH4Cl,-6.0,0.9348,0.1,0.0,0.9348000000032316,0.0,0.0,0.0,0.0,0.9347930709731364,0.0,0.0,0.0,0.0,0.0,0.0,0.0,0.0,0.0,0.9348000001951264,0.9348
NH4Cl,-3.0,0.9348,0.1,0.0,0.9348000000038891,0.0,0.0,0.0,0.0,0.9347920978222938,0.0,0.0,0.0,0.0,0.0,0.0,0.0,0.0,0.0,0.93480000023482,0.9348
NH4Cl,-1.0,0.9348,0.1,0.0,0.9348000000043812,0.0,0.0,0.0,0.0,0.93479138856334,0.0,0.0,0.0,0.0,0.0,0.0,0.0,0.0,0.0,0.9348000002645412,0.9348
NH4Cl,5.0,0.9348,0.1,0.0,0.934800000006145,0.0,0.0,0.0,0.0,0.9347889404383214,0.0,0.0,0.0,0.0,0.0,0.0,0.0,0.0,0.0,0.9348000003710442,0.9348
NH4Cl,20.0,0.9348,0.1,0.0,0.9348000000128146,0.0,0.0,0.0,0.0,0.9347802629065461,0.0,0.0,0.0,0.0,0.0,0.0,0.0,0.0,0.0,0.9348000007737467,0.9348
NH4Cl,25.0,0.9348,0.1,0.0,0.9348000000158796,0.0,0.0,0.0,0.0,0.9347763787859017,0.0,0.0,0.0,0.0,0.0,0.0,0.0,0.0,0.0,0.9348000009588143,0.9348
NH4Cl,5.0,1.034,0.1,0.0,1.0340000000064706,0.0,0.0,0.0,0.0,1.0339882323622622,0.0,0.0,0.0,0.0,0.0,0.0,0.0,0.0,0.0,1.034000000353831,1.034
NH4Cl,10.0,1.034,0.1,0.0,1.0340000000084046,0.0,0.0,0.0,0.0,1.033985623917275,0.0,0.0,0.0,0.0,0.0,0.0,0.0,0.0,0.0,1.0340000004595826,1.034
NH4Cl,25.0,1.034,0.1,0.0,1.0340000000167204,0.0,0.0,0.0,0.0,1.033974857795136,0.0,0.0,0.0,0.0,0.0,0.0,0.0,0.0,0.0,1.0340000009143255,1.034
NH4Cl,35.0,1.034,0.1,0.0,1.0340000000246907,0.0,0.0,0.0,0.0,1.0339646300997274,0.0,0.0,0.0,0.0,0.0,0.0,0.0,0.0,0.0,1.0340000013501713,1.034
NH4Cl,45.0,1.034,0.1,0.0,1.0340000000348168,0.0,0.0,0.0,0.0,1.0339513401189393,0.0,0.0,0.0,0.0,0.0,0.0,0.0,0.0,0.0,1.0340000019038988,1.034
NH4Cl,70.0,1.034,0.1,0.0,1.0340000000697251,0.0,0.0,0.0,0.0,1.033900766242061,0.0,0.0,0.0,0.0,0.0,0.0,0.0,0.0,0.0,1.034000003812796,1.034
NH4Cl,90.0,1.034,0.1,0.0,1.0340000001061675,0.0,0.0,0.0,0.0,1.0338370419536924,0.0,0.0,0.0,0.0,0.0,0.0,0.0,0.0,0.0,1.0340000058055798,1.034
NH4Cl,-10.0,1.4021,0.1,0.0,1.402100000003023,0.0,0.0,0.0,0.0,1.4020924951415745,0.0,0.0,0.0,0.0,0.0,0.0,0.0,0.0,0.0,1.4021000001227097,1.4021
NH4Cl,-6.0,1.4021,0.1,0.0,1.4021000000039185,0.0,0.0,0.0,0.0,1.4020910124466974,0.0,0.0,0.0,0.0,0.0,0.0,0.0,0.0,0.0,1.4021000001590531,1.4021
NH4Cl,-3.0,1.4021,0.1,0.0,1.4021000000047152,0.0,0.0,0.0,0.0,1.4020897480854853,0.0,0.0,0.0,0.0,0.0,0.0,0.0,0.0,0.0,1.4021000001913952,1.4021
NH4Cl,-1.0,1.4021,0.1,0.0,1.4021000000053119,0.0,0.0,0.0,0.0,1.4020888263448374,0.0,0.0,0.0,0.0,0.0,0.0,0.0,0.0,0.0,1.4021000002156108,1.4021
NH4Cl,5.0,1.4021,0.1,0.0,1.4021000000074495,0.0,0.0,0.0,0.0,1.402085643372896,0.0,0.0,0.0,0.0,0.0,0.0,0.0,0.0,0.0,1.4021000003023747,1.4021
NH4Cl,20.0,1.4021,0.1,0.0,1.4021000000155297,0.0,0.0,0.0,0.0,1.402074346116523,0.0,0.0,0.0,0.0,0.0,0.0,0.0,0.0,0.0,1.402100000630341,1.4021
NH4Cl,25.0,1.4021,0.1,0.0,1.4021000000192418,0.0,0.0,0.0,0.0,1.402069283005424,0.0,0.0,0.0,0.0,0.0,0.0,0.0,0.0,0.0,1.40210000078102,1.4021
NH4Cl,-10.0,1.8005,0.1,0.0,1.800500000003325,0.0,0.0,0.0,0.0,1.8004910278854804,0.0,0.0,0.0,0.0,0.0,0.0,0.0,0.0,0.0,1.8005000001058353,1.8005
NH4Cl,-6.0,1.8005,0.1,0.0,1.8005000000043092,0.0,0.0,0.0,0.0,1.8004892526271024,0.0,0.0,0.0,0.0,0.0,0.0,0.0,0.0,0.0,1.8005000001371596,1.8005
NH4Cl,-3.0,1.8005,0.1,0.0,1.8005000000051847,0.0,0.0,0.0,0.0,1.8004877382794688,0.0,0.0,0.0,0.0,0.0,0.0,0.0,0.0,0.0,1.8005000001650302,1.8005
NH4Cl,-1.0,1.8005,0.1,0.0,1.8005000000058402,0.0,0.0,0.0,0.0,1.800486634020457,0.0,0.0,0.0,0.0,0.0,0.0,0.0,0.0,0.0,1.8005000001858946,1.8005
NH4Cl,5.0,1.8005,0.1,0.0,1.8005000000081886,0.0,0.0,0.0,0.0,1.8004828191352604,0.0,0.0,0.0,0.0,0.0,0.0,0.0,0.0,0.0,1.800500000260635,1.8005
NH4Cl,20.0,1.8005,0.1,0.0,1.8005000000170583,0.0,0.0,0.0,0.0,1.8004692618492448,0.0,0.0,0.0,0.0,0.0,0.0,0.0,0.0,0.0,1.8005000005429597,1.8005
NH4Cl,25.0,1.8005,0.1,0.0,1.8005000000211309,0.0,0.0,0.0,0.0,1.8004631785424134,0.0,0.0,0.0,0.0,0.0,0.0,0.0,0.0,0.0,1.8005000006725855,1.8005
Na2SO4,5.0,0.0001,0.1,0.0,0.0,0.000199919071330658,0.0,9.991880584520029e-05,0.0,0.0,0.0,0.0,8.092882798977824e-08,0.0,0.0,0.0,0.0,0.0,0.0,0.000299881614316315,0.00030000000000000003
Na2SO4,10.0,0.0001,0.1,0.0,0.0,0.00019991617385446578,0.0,9.991580887028776e-05,0.0,0.0,0.0,0.0,8.382634495142563e-08,0.0,0.0,0.0,0.0,0.0,0.0,0.0002998869356359446,0.00030000000000000003
Na2SO4,25.0,0.0001,0.1,0.0,0.0,0.0001999075312428799,0.0,9.99066181775187e-05,0.0,0.0,0.0,0.0,9.246912653504999e-08,0.0,0.0,0.0,0.0,0.0,0.0,0.0002999157359045599,0.00030000000000000003
Na2SO4,35.0,0.0001,0.1,0.0,0.0,0.00019990182995556152,0.0,9.990019391017072e-05,0.0,0.0,0.0,0.0,9.817057425788061e-08,0.0,0.0,0.0,0.0,0.0,0.0,0.0002999474064793908,0.00030000000000000003
Na2SO4,45.0,0.0001,0.1,0.0,0.0,0.00019989619264330026,0.0,9.989331846594712e-05,0.0,0.0,0.0,0.0,1.0380809088311395e-07,0.0,0.0,0.0,0.0,0.0,0.0,0.00029999037535622807,0.00030000000000000003
Na2SO4,70.0,0.0001,0.1,0.0,0.0,0.00019988245369784041,0.0,9.987155168160786e-05,0.0,0.0,0.0,0.0,1.1754776741456745e-07,0.0,0.0,0.0,0.0,0.0,0.0,0.0003001497454981215,0.00030000000000000003
Na2SO4,90.0,0.0001,0.1,0.0,0.0,0.00019987190971406735,0.0,9.984234777905909e-05,0.0,0.0,0.0,0.0,1.28092585282124e-07,0.0,0.0,0.0,0.0,0.0,0.0,0.00030032283466138184,0.00030000000000000003
Na2SO4,5.0,0.001,0.1,0.0,0.0,0.001993116596551647,0.0,0.0009931142941192275,0.0,0.0,0.0,0.0,6.883405130731853e-06,0.0,0.0,0.0,0.0,0.0,0.0,0.002986275278258352,0.003
Na2SO4,10.0,0.001,0.1,0.0,0.0,0.0019928799838457223,0.0,0.0009928768257161144,0.0,0.0,0.0,0.0,7.120018274060575e-06,0.0,0.0,0.0,0.0,0.0,0.0,0.002985812481479175,0.003
Na2SO4,25.0,0.001,0.1,0.0,0.0,0.0019921812865072264,0.0,0.0009921734660456713,0.0,0.0,0.0,0.0,7.81871745589495e-06,0.0,0.0,0.0,0.0,0.0,0.0,0.0029844569235097803,0.003
Na2SO4,35.0,0.001,0.1,0.0,0.0,0.001991726703688459,0.0,0.0009917128257153794,0.0,0.0,0.0,0.0,8.273302043269477e-06,0.0,0.0,0.0,0.0,0.0,0.0,0.0029835847300784006,0.003
Na2SO4,45.0,0.001,0.1,0.0,0.0,0.0019912826858327283,0.0,0.000991258605396457,0.0,0.0,0.0,0.0,8.717322196059485e-06,0.0,0.0,0.0,0.0,0.0,0.0,0.0029827400437166915,0.003
Na2SO4,70.0,0.001,0.1,0.0,0.0,0.001990226462386803,0.0,0.0009901393372486493,0.0,0.0,0.0,0.0,9.773554331373973e-06,0.0,0.0,0.0,0.0,0.0,0.0,0.002980742679124327,0.003
Na2SO4,90.0,0.001,0.1,0.0,0.0,0.0019894451283369472,0.0,0.0009892230876103153,0.0,0.0,0.0,0.0,1.0554899453236493e-05,0.0,0.0,0.0,0.0,0.0,0.0,0.002979217480466566,0.003
Na2SO4,5.0,0.01,0.1,0.0,0.0,0.0195579250408095,0.0,0.009557910102180656,0.0,0.0,0.0,0.0,0.00044207498002316465,0.0,0.0,0.0,0.0,0.0,0.0,0.02911587803279167,0.03
Na2SO4,10.0,0.01,0.1,0.0,0.0,0.019544598179692844,0.0,0.009544577931352695,0.0,0.0,0.0,0.0,0.00045540184681345326,0.0,0.0,0.0,0.0,0.0,0.0,0.029089229440700772,0.03
Na2SO4,25.0,0.01,0.1,0.0,0.0,0.019506381048199975,0.0,0.009506333042405373,0.0,0.0,0.0,0.0,0.0004936190032083676,0.0,0.0,0.0,0.0,0.0,0.0,0.02901280878898007,0.03
Na2SO4,35.0,0.01,0.1,0.0,0.0,0.019482499168699114,0.0,0.009482417004787738,0.0,0.0,0.0,0.0,0.000517500908019294,0.0,0.0,0.0,0.0,0.0,0.0,0.028965046972555045,0.03
Na2SO4,45.0,0.01,0.1,0.0,0.0,0.019459992358308528,0.0,0.00945985570303857,0.0,0.0,0.0,0.0,0.0005400077532476533,0.0,0.0,0.0,0.0,0.0,0.0,0.02892002107604866,0.03
Na2SO4,70.0,0.01,0.1,0.0,0.0,0.019410165265537915,0.0,0.00940973227789043,0.0,0.0,0.0,0.0,0.000589834996265654,0.0,0.0,0.0,0.0,0.0,0.0,0.028820191301030404,0.03
Na2SO4,90.0,0.01,0.1,0.0,0.0,0.01937733565310088,0.0,0.009376363735573883,0.0,0.0,0.0,0.0,0.0006226648355627023,0.0,0.0,0.0,0.0,0.0,0.0,0.028754083962459393,0.03
Na2SO4,5.0,0.1001,0.1,0.0,0.0,0.18227675579687425,0.0,0.08217669754918884,0.0,0.0,0.0,0.0,0.01792324454192369,0.0,0.0,0.0,0.0,0.0,0.0,0.2644534892033976,0.3003
Na2SO4,10.0,0.1001,0.1,0.0,0.0,0.1818853766647897,0.0,0.08178529919888243,0.0,0.0,0.0,0.0,0.018314623772543517,0.0,0.0,0.0,0.0,0.0,0.0,0.263670719872448,0.3003
Na2SO4,25.0,0.1001,0.1,0.0,0.0,0.18082891709462295,0.0,0.08072874450209701,0.0,0.0,0.0,0.0,0.019371083796036373,0.0,0.0,0.0,0.0,0.0,0.0,0.26155773639704777,0.3003
Na2SO4,35.0,0.1001,0.1,0.0,0.0,0.18022279964659993,0.0,0.08012251706319527,0.0,0.0,0.0,0.0,0.01997720173106761,0.0,0.0,0.0,0.0,0.0,0.0,0.26034541679312834,0.3003
Na2SO4,45.0,0.1001,0.1,0.0,0.0,0.17969473009659187,0.0,0.07959428086250371,0.0,0.0,0.0,0.0,0.020505271982145027,0.0,0.0,0.0,0.0,0.0,0.0,0.2592891391243406,0.3003
Na2SO4,70.0,0.1001,0.1,0.0,0.0,0.17871032899059155,0.0,0.07860905062583638,0.0,0.0,0.0,0.0,0.021489676338790942,0.0,0.0,0.0,0.0,0.0,0.0,0.2573195815668923,0.3003
Na2SO4,90.0,0.1001,0.1,0.0,0.0,0.17825953549690496,0.0,0.07815686274026232,0.0,0.0,0.0,0.0,0.021940475036420843,0.0,0.0,0.0,0.0,0.0,0.0,0.2564166512695508,0.3003
Na2SO4,5.0,0.1989,0.1,0.0,0.0,0.34792523585780266,0.0,0.1490251564102821,0.0,0.0,0.0,0.0,0.04987476494634679,0.0,0.0,0.0,0.0,0.0,0.0,0.4969504254313635,0.5967
Na2SO4,10.0,0.1989,0.1,0.0,0.0,0.3469903629512878,0.0,0.14809025777481255,0.0,0.0,0.0,0.0,0.05080963808971036,0.0,0.0,0.0,0.0,0.0,0.0,0.49508066132839784,0.5967
Na2SO4,25.0,0.1989,0.1,0.0,0.0,0.34452392200340004,0.0,0.14562369088674518,0.0,0.0,0.0,0.0,0.053276080136050716,0.0,0.0,0.0,0.0,0.0,0.0,0.4901476813780709,0.5967
Na2SO4,35.0,0.1989,0.1,0.0,0.0,0.3431551912693434,0.0,0.14425481619532052,0.0,0.0,0.0,0.0,0.05464481206022209,0.0,0.0,0.0,0.0,0.0,0.0,0.48741009865727813,0.5967
Na2SO4,45.0,0.1989,0.1,0.0,0.0,0.342000411108365,0.0,0.14309981972640579,0.0,0.0,0.0,0.0,0.05579959394489077,0.0,0.0,0.0,0.0,0.0,0.0,0.48510034710268973,0.5967
Na2SO4,70.0,0.1989,0.1,0.0,0.0,0.34001261781889613,0.0,0.14111096308985838,0.0,0.0,0.0,0.0,0.05778739529537266,0.0,0.0,0.0,0.0,0.0,0.0,0.4811237626829114,0.5967
Na2SO4,90.0,0.1989,0.1,0.0,0.0,0.339305171905068,0.0,0.14040174429929647,0.0,0.0,0.0,0.0,0.0584948541932666,0.0,0.0,0.0,0.0,0.0,0.0,0.479707143372745,0.5967
Na2SO4,5.0,0.4999,0.1,0.0,0.0,0.8109839054994658,0.0,0.31108379310019163,0.0,0.0,0.0,0.0,0.18881609703862662,0.0,0.0,0.0,0.0,0.0,0.0,1.1220677283820326,1.4997
Na2SO4,10.0,0.4999,0.1,0.0,0.0,0.8082926344631819,0.0,0.3083924863726304,0.0,0.0,0.0,0.0,0.19150736883011463,0.0,0.0,0.0,0.0,0.0,0.0,1.116685157233118,1.4997
Na2SO4,25.0,0.4999,0.1,0.0,0.0,0.8014133929896171,0.0,0.3015130720442747,0.0,0.0,0.0,0.0,0.19838661382949538,0.0,0.0,0.0,0.0,0.0,0.0,1.102926526091131,1.4997
Na2SO4,35.0,0.4999,0.1,0.0,0.0,0.7977703919296435,0.0,0.29786987546131755,0.0,0.0,0.0,0.0,0.20202961873611522,0.0,0.0,0.0,0.0,0.0,0.0,1.0956403484127062,1.4997
Na2SO4,45.0,0.4999,0.1,0.0,0.0,0.7948375743275935,0.0,0.29493676617515124,0.0,0.0,0.0,0.0,0.20496244193726343,0.0,0.0,0.0,0.0,0.0,0.0,1.0897744434994863,1.4997
Na2SO4,70.0,0.4999,0.1,0.0,0.0,0.790406590609782,0.0,0.2905043622233137,0.0,0.0,0.0,0.0,0.20939345203027476,0.0,0.0,0.0,0.0,0.0,0.0,1.0809111131233213,1.4997
Na2SO4,90.0,0.4999,0.1,0.0,0.0,0.7896466712552048,0.0,0.2897420889179304,0.0,0.0,0.0,0.0,0.21015341411719338,0.0,0.0,0.0,0.0,0.0,0.0,1.0793889603602003,1.4997
Na2SO4,5.0,0.5,0.1,0.0,0.0,0.8111303217730508,0.0,0.311130209366435,0.0,0.0,0.0,0.0,0.18886968076566404,0.0,0.0,0.0,0.0,0.0,0.0,1.1222605609212035,1.5
Na2SO4,10.0,0.5,0.1,0.0,0.0,0.8084384772459589,0.0,0.30843832914586206,0.0,0.0,0.0,0.0,0.19156152604814625,0.0,0.0,0.0,0.0,0.0,0.0,1.1168768427883153,1.5
Na2SO4,20.0,0.5,0.1,0.0,0.0,0.8036576171634774,0.0,0.3036573670387687,0.0,0.0,0.0,0.0,0.19634238823200623,0.0,0.0,0.0,0.0,0.0,0.0,1.107315036269122,1.5
Na2SO4,5.0,0.75,0.1,0.0,0.0,1.165988178053441,0.0,0.41598805108705855,0.0,0.0,0.0,0.0,0.33401182609328894,0.0,0.0,0.0,0.0,0.0,0.0,1.5819762576986947,2.25
Na2SO4,10.0,0.75,0.1,0.0,0.0,1.161914207665705,0.0,0.41191404064843357,0.0,0.0,0.0,0.0,0.33808579771773734,0.0,0.0,0.0,0.0,0.0,0.0,1.5738282832051418,2.25
Na2SO4,20.0,0.75,0.1,0.0,0.0,1.1547514571388269,0.0,0.404751175920192,0.0,0.0,0.0,0.0,0.3452485516892216,0.0,0.0,0.0,0.0,0.0,0.0,1.55950268294085,2.25
NaCl,5.0,0.000104,0.1,0.0,0.00010400000008156658,0.00010400000008156658,0.0,0.0,0.0,0.0,0.0,0.0,0.0,0.0,0.0,0.0,0.0,0.0,0.0,0.00010404353504798321,0.000104
NaCl,10.0,0.000104,0.1,0.0,0.00010400000010250648,0.00010400000010250648,0.0,0.0,0.0,0.0,0.0,0.0,0.0,0.0,0.0,0.0,0.0,0.0,0.0,0.00010405471143608431,0.000104
NaCl,25.0,0.000104,0.1,0.0,0.00010400000018967967,0.00010400000018967967,0.0,0.0,0.0,0.0,0.0,0.0,0.0,0.0,0.0,0.0,0.0,0.0,0.0,0.00010410123893333595,0.000104
NaCl,35.0,0.000104,0.1,0.0,0.00010400000027172122,0.00010400000027172122,0.0,0.0,0.0,0.0,0.0,0.0,0.0,0.0,0.0,0.0,0.0,0.0,0.0,0.00010414502748910549,0.000104
NaCl,45.0,0.000104,0.1,0.0,0.00010400000037592638,0.00010400000037592638,0.0,0.0,0.0,0.0,0.0,0.0,0.0,0.0,0.0,0.0,0.0,0.0,0.0,0.00010420064555935859,0.000104
NaCl,70.0,0.000104,0.1,0.0,0.00010400000074513898,0.00010400000074513898,0.0,0.0,0.0,0.0,0.0,0.0,0.0,0.0,0.0,0.0,0.0,0.0,0.0,0.000104397707729116,0.000104
NaCl,90.0,0.000104,0.1,0.0,0.00010400000115708557,0.00010400000115708557,0.0,0.0,0.0,0.0,0.0,0.0,0.0,0.0,0.0,0.0,0.0,0.0,0.0,0.00010461757858095138,0.000104
NaCl,5.0,0.00099,0.1,0.0,0.0009900000007939524,0.0009900000007939524,0.0,0.0,0.0,0.0,0.0,0.0,0.0,0.0,0.0,0.0,0.0,0.0,0.0,0.0009900445170340645,0.00099
NaCl,10.0,0.00099,0.1,0.0,0.0009900000009979357,0.0009900000009979357,0.0,0.0,0.0,0.0,0.0,0.0,0.0,0.0,0.0,0.0,0.0,0.0,0.0,0.0009900559544110486,0.00099
NaCl,25.0,0.00099,0.1,0.0,0.0009900000018475824,0.0009900000018475824,0.0,0.0,0.0,0.0,0.0,0.0,0.0,0.0,0.0,0.0,0.0,0.0,0.0,0.0009901035942497804,0.00099
NaCl,35.0,0.00099,0.1,0.0,0.0009900000026477785,0.0009900000026477785,0.0,0.0,0.0,0.0,0.0,0.0,0.0,0.0,0.0,0.0,0.0,0.0,0.0,0.0009901484613698483,0.00099
NaCl,45.0,0.00099,0.1,0.0,0.0009900000036648154,0.0009900000036648154,0.0,0.0,0.0,0.0,0.0,0.0,0.0,0.0,0.0,0.0,0.0,0.0,0.0,0.0009902054868066413,0.00099
NaCl,70.0,0.00099,0.1,0.0,0.0009900000072733698,0.0009900000072733698,0.0,0.0,0.0,0.0,0.0,0.0,0.0,0.0,0.0,0.0,0.0,0.0,0.0,0.0009904078190399238,0.00099
NaCl,90.0,0.00099,0.1,0.0,0.0009900000113077878,0.0009900000113077878,0.0,0.0,0.0,0.0,0.0,0.0,0.0,0.0,0.0,0.0,0.0,0.0,0.0,0.0009906340295153494,0.00099
NaCl,5.0,0.01,0.1,0.0,0.010000000008526407,0.010000000008526407,0.0,0.0,0.0,0.0,0.0,0.0,0.0,0.0,0.0,0.0,0.0,0.0,0.0,0.010000047337307017,0.01
NaCl,10.0,0.01,0.1,0.0,0.010000000010721512,0.010000000010721512,0.0,0.0,0.0,0.0,0.0,0.0,0.0,0.0,0.0,0.0,0.0,0.0,0.0,0.010000059524195585,0.01
NaCl,25.0,0.01,0.1,0.0,0.010000000019877902,0.010000000019877902,0.0,0.0,0.0,0.0,0.0,0.0,0.0,0.0,0.0,0.0,0.0,0.0,0.0,0.010000110359074787,0.01
NaCl,35.0,0.01,0.1,0.0,0.010000000028517574,0.010000000028517574,0.0,0.0,0.0,0.0,0.0,0.0,0.0,0.0,0.0,0.0,0.0,0.0,0.0,0.010000158325209053,0.01
NaCl,45.0,0.01,0.1,0.0,0.010000000039517638,0.010000000039517638,0.0,0.0,0.0,0.0,0.0,0.0,0.0,0.0,0.0,0.0,0.0,0.0,0.0,0.010000219395891638,0.01
NaCl,70.0,0.01,0.1,0.0,0.010000000078692846,0.010000000078692846,0.0,0.0,0.0,0.0,0.0,0.0,0.0,0.0,0.0,0.0,0.0,0.0,0.0,0.010000436890658555,0.01
NaCl,90.0,0.01,0.1,0.0,0.01000000012272859,0.01000000012272859,0.0,0.0,0.0,0.0,0.0,0.0,0.0,0.0,0.0,0.0,0.0,0.0,0.0,0.010000681370375023,0.01
NaCl,25.0,0.02001,0.1,0.0,0.020010000041063167,0.020010000041063167,0.0,0.0,0.0,0.0,0.0,0.0,0.0,0.0,0.0,0.0,0.0,0.0,0.0,0.02001011395178537,0.02001
NaCl,25.0,0.02001,51.8,0.0,0.02001000004922413,0.02001000004922413,0.0,0.0,0.0,0.0,0.0,0.0,0.0,0.0,0.0,0.0,0.0,0.0,0.0,0.020010136598766323,0.02001
NaCl,25.0,0.02001,104.7,0.0,0.020010000057928672,0.020010000057928672,0.0,0.0,0.0,0.0,0.0,0.0,0.0,0.0,0.0,0.0,0.0,0.0,0.0,0.020010160754181917,0.02001
NaCl,25.0,0.02001,151.9,0.0,0.020010000057928672,0.020010000057928672,0.0,0.0,0.0,0.0,0.0,0.0,0.0,0.0,0.0,0.0,0.0,0.0,0.0,0.020010160754181917,0.02001
NaCl,25.0,0.02001,184.8,0.0,0.020010000057928672,0.020010000057928672,0.0,0.0,0.0,0.0,0.0,0.0,0.0,0.0,0.0,0.0,0.0,0.0,0.0,0.020010160754181917,0.02001
NaCl,25.0,0.02001,215.5,0.0,0.020010000057928672,0.020010000057928672,0.0,0.0,0.0,0.0,0.0,0.0,0.0,0.0,0.0,0.0,0.0,0.0,0.0,0.020010160754181917,0.02001
NaCl,25.0,0.02001,229.1,0.0,0.020010000057928672,0.020010000057928672,0.0,0.0,0.0,0.0,0.0,0.0,0.0,0.0,0.0,0.0,0.0,0.0,0.0,0.020010160754181917,0.02001
NaCl,25.0,0.02001,264.3,0.0,0.020010000057928672,0.020010000057928672,0.0,0.0,0.0,0.0,0.0,0.0,0.0,0.0,0.0,0.0,0.0,0.0,0.0,0.020010160754181917,0.02001
NaCl,25.0,0.02001,288.1,0.0,0.020010000057928672,0.020010000057928672,0.0,0.0,0.0,0.0,0.0,0.0,0.0,0.0,0.0,0.0,0.0,0.0,0.0,0.020010160754181917,0.02001
NaCl,25.0,0.02001,318.1,0.0,0.020010000057928672,0.020010000057928672,0.0,0.0,0.0,0.0,0.0,0.0,0.0,0.0,0.0,0.0,0.0,0.0,0.0,0.020010160754181917,0.02001
NaCl,25.0,0.02001,367.6,0.0,0.020010000057928672,0.020010000057928672,0.0,0.0,0.0,0.0,0.0,0.0,0.0,0.0,0.0,0.0,0.0,0.0,0.0,0.020010160754181917,0.02001
NaCl,25.0,0.02001,418.6,0.0,0.020010000057928672,0.020010000057928672,0.0,0.0,0.0,0.0,0.0,0.0,0.0,0.0,0.0,0.0,0.0,0.0,0.0,0.020010160754181917,0.02001
NaCl,25.0,0.05013,0.1,0.0,0.05013000010848769,0.05013000010848769,0.0,0.0,0.0,0.0,0.0,0.0,0.0,0.0,0.0,0.0,0.0,0.0,0.0,0.05013012023587714,0.05013
NaCl,25.0,0.05013,49.7,0.0,0.05013000012895774,0.05013000012895774,0.0,0.0,0.0,0.0,0.0,0.0,0.0,0.0,0.0,0.0,0.0,0.0,0.0,0.05013014292263225,0.05013
NaCl,25.0,0.05013,99.7,0.0,0.05013000015254286,0.05013000015254286,0.0,0.0,0.0,0.0,0.0,0.0,0.0,0.0,0.0,0.0,0.0,0.0,0.0,0.05013016906180644,0.05013
NaCl,25.0,0.05013,152.2,0.0,0.0501300001526941,0.0501300001526941,0.0,0.0,0.0,0.0,0.0,0.0,0.0,0.0,0.0,0.0,0.0,0.0,0.0,0.05013016922941754,0.05013
NaCl,25.0,0.05013,186.9,0.0,0.0501300001526941,0.0501300001526941,0.0,0.0,0.0,0.0,0.0,0.0,0.0,0.0,0.0,0.0,0.0,0.0,0.0,0.05013016922941754,0.05013
NaCl,25.0,0.05013,196.7,0.0,0.0501300001526941,0.0501300001526941,0.0,0.0,0.0,0.0,0.0,0.0,0.0,0.0,0.0,0.0,0.0,0.0,0.0,0.05013016922941754,0.05013
NaCl,25.0,0.05013,212.7,0.0,0.0501300001526941,0.0501300001526941,0.0,0.0,0.0,0.0,0.0,0.0,0.0,0.0,0.0,0.0,0.0,0.0,0.0,0.05013016922941754,0.05013
NaCl,25.0,0.05013,240.4,0.0,0.0501300001526941,0.0501300001526941,0.0,0.0,0.0,0.0,0.0,0.0,0.0,0.0,0.0,0.0,0.0,0.0,0.0,0.05013016922941754,0.05013
NaCl,25.0,0.05013,268.0,0.0,0.0501300001526941,0.0501300001526941,0.0,0.0,0.0,0.0,0.0,0.0,0.0,0.0,0.0,0.0,0.0,0.0,0.0,0.05013016922941754,0.05013
NaCl,25.0,0.05013,310.1,0.0,0.0501300001526941,0.0501300001526941,0.0,0.0,0.0,0.0,0.0,0.0,0.0,0.0,0.0,0.0,0.0,0.0,0.0,0.05013016922941754,0.05013
NaCl,25.0,0.05013,347.0,0.0,0.0501300001526941,0.0501300001526941,0.0,0.0,0.0,0.0,0.0,0.0,0.0,0.0,0.0,0.0,0.0,0.0,0.0,0.05013016922941754,0.05013
NaCl,25.0,0.05013,416.1,0.0,0.0501300001526941,0.0501300001526941,0.0,0.0,0.0,0.0,0.0,0.0,0.0,0.0,0.0,0.0,0.0,0.0,0.0,0.05013016922941754,0.05013
NaCl,5.0,0.1,0.1,0.0,0.10000000009701256,0.10000000009701256,0.0,0.0,0.0,0.0,0.0,0.0,0.0,0.0,0.0,0.0,0.0,0.0,0.0,0.10000005394720185,0.1
NaCl,10.0,0.1,0.1,0.0,0.1000000001220864,0.1000000001220864,0.0,0.0,0.0,0.0,0.0,0.0,0.0,0.0,0.0,0.0,0.0,0.0,0.0,0.1000000678903768,0.1
NaCl,25.0,0.1,0.1,0.0,0.10000000022696977,0.10000000022696977,0.0,0.0,0.0,0.0,0.0,0.0,0.0,0.0,0.0,0.0,0.0,0.0,0.0,0.1000001262144154,0.1
NaCl,35.0,0.1,0.1,0.0,0.10000000032629663,0.10000000032629663,0.0,0.0,0.0,0.0,0.0,0.0,0.0,0.0,0.0,0.0,0.0,0.0,0.0,0.10000018144856587,0.1
NaCl,45.0,0.1,0.1,0.0,0.10000000045319034,0.10000000045319034,0.0,0.0,0.0,0.0,0.0,0.0,0.0,0.0,0.0,0.0,0.0,0.0,0.0,0.10000025201221899,0.1
NaCl,70.0,0.1,0.1,0.0,0.10000000090839513,0.10000000090839513,0.0,0.0,0.0,0.0,0.0,0.0,0.0,0.0,0.0,0.0,0.0,0.0,0.0,0.10000050514464406,0.1
NaCl,90.0,0.1,0.1,0.0,0.10000000142545937,0.10000000142545937,0.0,0.0,0.0,0.0,0.0,0.0,0.0,0.0,0.0,0.0,0.0,0.0,0.0,0.10000079267616621,0.1
NaCl,25.0,0.10045,0.1,0.0,0.10045000022806591,0.10045000022806591,0.0,0.0,0.0,0.0,0.0,0.0,0.0,0.0,0.0,0.0,0.0,0.0,0.0,0.10045012625684009,0.10045
NaCl,25.0,0.10045,51.1,0.0,0.10045000027209326,0.10045000027209326,0.0,0.0,0.0,0.0,0.0,0.0,0.0,0.0,0.0,0.0,0.0,0.0,0.0,0.10045015063029247,0.10045
NaCl,25.0,0.10045,95.7,0.0,0.1004500003158315,0.1004500003158315,0.0,0.0,0.0,0.0,0.0,0.0,0.0,0.0,0.0,0.0,0.0,0.0,0.0,0.10045017484369573,0.10045
NaCl,25.0,0.10045,102.1,0.0,0.1004500003203294,0.1004500003203294,0.0,0.0,0.0,0.0,0.0,0.0,0.0,0.0,0.0,0.0,0.0,0.0,0.0,0.10045017733372523,0.10045
NaCl,25.0,0.10045,152.4,0.0,0.1004500003203294,0.1004500003203294,0.0,0.0,0.0,0.0,0.0,0.0,0.0,0.0,0.0,0.0,0.0,0.0,0.0,0.10045017733372523,0.10045
NaCl,25.0,0.10045,182.4,0.0,0.1004500003203294,0.1004500003203294,0.0,0.0,0.0,0.0,0.0,0.0,0.0,0.0,0.0,0.0,0.0,0.0,0.0,0.10045017733372523,0.10045
NaCl,25.0,0.10045,208.2,0.0,0.1004500003203294,0.1004500003203294,0.0,0.0,0.0,0.0,0.0,0.0,0.0,0.0,0.0,0.0,0.0,0.0,0.0,0.10045017733372523,0.10045
NaCl,25.0,0.10045,217.8,0.0,0.1004500003203294,0.1004500003203294,0.0,0.0,0.0,0.0,0.0,0.0,0.0,0.0,0.0,0.0,0.0,0.0,0.0,0.10045017733372523,0.10045
NaCl,25.0,0.10045,234.0,0.0,0.1004500003203294,0.1004500003203294,0.0,0.0,0.0,0.0,0.0,0.0,0.0,0.0,0.0,0.0,0.0,0.0,0.0,0.10045017733372523,0.10045
NaCl,25.0,0.10045,258.8,0.0,0.1004500003203294,0.1004500003203294,0.0,0.0,0.0,0.0,0.0,0.0,0.0,0.0,0.0,0.0,0.0,0.0,0.0,0.10045017733372523,0.10045
NaCl,25.0,0.10045,307.7,0.0,0.1004500003203294,0.1004500003203294,0.0,0.0,0.0,0.0,0.0,0.0,0.0,0.0,0.0,0.0,0.0,0.0,0.0,0.10045017733372523,0.10045
NaCl,25.0,0.10045,313.5,0.0,0.1004500003203294,0.1004500003203294,0.0,0.0,0.0,0.0,0.0,0.0,0.0,0.0,0.0,0.0,0.0,0.0,0.0,0.10045017733372523,0.10045
NaCl,25.0,0.10045,364.6,0.0,0.1004500003203294,0.1004500003203294,0.0,0.0,0.0,0.0,0.0,0.0,0.0,0.0,0.0,0.0,0.0,0.0,0.0,0.10045017733372523,0.10045
NaCl,25.0,0.10045,416.8,0.0,0.1004500003203294,0.1004500003203294,0.0,0.0,0.0,0.0,0.0,0.0,0.0,0.0,0.0,0.0,0.0,0.0,0.0,0.10045017733372523,0.10045
NaCl,-10.0,0.1711,0.1,0.0,0.17110000007970083,0.17110000007970083,0.0,0.0,0.0,0.0,0.0,0.0,0.0,0.0,0.0,0.0,0.0,0.0,0.0,0.17110002593634469,0.1711
NaCl,-6.0,0.1711,0.1,0.0,0.17110000009924958,0.17110000009924958,0.0,0.0,0.0,0.0,0.0,0.0,0.0,0.0,0.0,0.0,0.0,0.0,0.0,0.17110003229792256,0.1711
NaCl,-3.0,0.1711,0.1,0.0,0.17110000011623291,0.17110000011623291,0.0,0.0,0.0,0.0,0.0,0.0,0.0,0.0,0.0,0.0,0.0,0.0,0.0,0.1711000378246547,0.1711
NaCl,-1.0,0.1711,0.1,0.0,0.17110000012875676,0.17110000012875676,0.0,0.0,0.0,0.0,0.0,0.0,0.0,0.0,0.0,0.0,0.0,0.0,0.0,0.17110004190017708,0.1711
NaCl,5.0,0.1711,0.1,0.0,0.17110000017267682,0.17110000017267682,0.0,0.0,0.0,0.0,0.0,0.0,0.0,0.0,0.0,0.0,0.0,0.0,0.0,0.17110005619270502,0.1711
NaCl,20.0,0.1711,0.1,0.0,0.1711000003323601,0.1711000003323601,0.0,0.0,0.0,0.0,0.0,0.0,0.0,0.0,0.0,0.0,0.0,0.0,0.0,0.17110010815703672,0.1711
NaCl,25.0,0.1711,0.1,0.0,0.1711000004044016,0.1711000004044016,0.0,0.0,0.0,0.0,0.0,0.0,0.0,0.0,0.0,0.0,0.0,0.0,0.0,0.17110013160086868,0.1711
NaCl,25.0,0.19709,0.1,0.0,0.19709000047098318,0.19709000047098318,0.0,0.0,0.0,0.0,0.0,0.0,0.0,0.0,0.0,0.0,0.0,0.0,0.0,0.19709013311879625,0.19709
NaCl,25.0,0.19709,24.5,0.0,0.19709000051263353,0.19709000051263353,0.0,0.0,0.0,0.0,0.0,0.0,0.0,0.0,0.0,0.0,0.0,0.0,0.0,0.1970901448908584,0.19709
NaCl,25.0,0.19709,25.2,0.0,0.19709000051386877,0.19709000051386877,0.0,0.0,0.0,0.0,0.0,0.0,0.0,0.0,0.0,0.0,0.0,0.0,0.0,0.19709014523999124,0.19709
NaCl,25.0,0.19709,52.4,0.0,0.1970900005636902,0.1970900005636902,0.0,0.0,0.0,0.0,0.0,0.0,0.0,0.0,0.0,0.0,0.0,0.0,0.0,0.197090159321529,0.19709
NaCl,25.0,0.19709,55.5,0.0,0.1970900005696004,0.1970900005696004,0.0,0.0,0.0,0.0,0.0,0.0,0.0,0.0,0.0,0.0,0.0,0.0,0.0,0.19709016099199733,0.19709
NaCl,25.0,0.19709,79.0,0.0,0.19709000061602494,0.19709000061602494,0.0,0.0,0.0,0.0,0.0,0.0,0.0,0.0,0.0,0.0,0.0,0.0,0.0,0.19709017411343066,0.19709
NaCl,25.0,0.19709,103.3,0.0,0.1970900006600334,0.1970900006600334,0.0,0.0,0.0,0.0,0.0,0.0,0.0,0.0,0.0,0.0,0.0,0.0,0.0,0.19709018655199995,0.19709
NaCl,25.0,0.19709,111.7,0.0,0.1970900006600334,0.1970900006600334,0.0,0.0,0.0,0.0,0.0,0.0,0.0,0.0,0.0,0.0,0.0,0.0,0.0,0.19709018655199995,0.19709
NaCl,25.0,0.19709,129.4,0.0,0.1970900006600334,0.1970900006600334,0.0,0.0,0.0,0.0,0.0,0.0,0.0,0.0,0.0,0.0,0.0,0.0,0.0,0.19709018655199995,0.19709
NaCl,25.0,0.19709,154.5,0.0,0.1970900006600334,0.1970900006600334,0.0,0.0,0.0,0.0,0.0,0.0,0.0,0.0,0.0,0.0,0.0,0.0,0.0,0.19709018655199995,0.19709
NaCl,25.0,0.19709,182.2,0.0,0.1970900006600334,0.1970900006600334,0.0,0.0,0.0,0.0,0.0,0.0,0.0,0.0,0.0,0.0,0.0,0.0,0.0,0.19709018655199995,0.19709
NaCl,25.0,0.19709,208.7,0.0,0.1970900006600334,0.1970900006600334,0.0,0.0,0.0,0.0,0.0,0.0,0.0,0.0,0.0,0.0,0.0,0.0,0.0,0.19709018655199995,0.19709
NaCl,25.0,0.19709,210.6,0.0,0.1970900006600334,0.1970900006600334,0.0,0.0,0.0,0.0,0.0,0.0,0.0,0.0,0.0,0.0,0.0,0.0,0.0,0.19709018655199995,0.19709
NaCl,25.0,0.19709,235.2,0.0,0.1970900006600334,0.1970900006600334,0.0,0.0,0.0,0.0,0.0,0.0,0.0,0.0,0.0,0.0,0.0,0.0,0.0,0.19709018655199995,0.19709
NaCl,25.0,0.19709,263.0,0.0,0.1970900006600334,0.1970900006600334,0.0,0.0,0.0,0.0,0.0,0.0,0.0,0.0,0.0,0.0,0.0,0.0,0.0,0.19709018655199995,0.19709
NaCl,25.0,0.19709,312.1,0.0,0.1970900006600334,0.1970900006600334,0.0,0.0,0.0,0.0,0.0,0.0,0.0,0.0,0.0,0.0,0.0,0.0,0.0,0.19709018655199995,0.19709
NaCl,25.0,0.19709,312.5,0.0,0.1970900006600334,0.1970900006600334,0.0,0.0,0.0,0.0,0.0,0.0,0.0,0.0,0.0,0.0,0.0,0.0,0.0,0.19709018655199995,0.19709
NaCl,25.0,0.19709,368.0,0.0,0.1970900006600334,0.1970900006600334,0.0,0.0,0.0,0.0,0.0,0.0,0.0,0.0,0.0,0.0,0.0,0.0,0.0,0.19709018655199995,0.19709
NaCl,25.0,0.19709,419.5,0.0,0.1970900006600334,0.1970900006600334,0.0,0.0,0.0,0.0,0.0,0.0,0.0,0.0,0.0,0.0,0.0,0.0,0.0,0.19709018655199995,0.19709
NaCl,25.0,0.19898,0.1,0.0,0.19898000047585448,0.19898000047585448,0.0,0.0,0.0,0.0,0.0,0.0,0.0,0.0,0.0,0.0,0.0,0.0,0.0,0.1989801332226439,0.19898
NaCl,25.0,0.19898,28.3,0.0,0.19898000052473333,0.19898000052473333,0.0,0.0,0.0,0.0,0.0,0.0,0.0,0.0,0.0,0.0,0.0,0.0,0.0,0.19898014690701302,0.19898
NaCl,25.0,0.19898,58.1,0.0,0.19898000058052642,0.19898000058052642,0.0,0.0,0.0,0.0,0.0,0.0,0.0,0.0,0.0,0.0,0.0,0.0,0.0,0.1989801625271314,0.19898
NaCl,25.0,0.19898,75.0,0.0,0.19898000061418855,0.19898000061418855,0.0,0.0,0.0,0.0,0.0,0.0,0.0,0.0,0.0,0.0,0.0,0.0,0.0,0.19898017195134962,0.19898
NaCl,25.0,0.19898,104.6,0.0,0.19898000066683802,0.19898000066683802,0.0,0.0,0.0,0.0,0.0,0.0,0.0,0.0,0.0,0.0,0.0,0.0,0.0,0.19898018669136625,0.19898
NaCl,25.0,0.19898,117.6,0.0,0.19898000066683802,0.19898000066683802,0.0,0.0,0.0,0.0,0.0,0.0,0.0,0.0,0.0,0.0,0.0,0.0,0.0,0.19898018669136625,0.19898
NaCl,25.0,0.19898,130.0,0.0,0.19898000066683802,0.19898000066683802,0.0,0.0,0.0,0.0,0.0,0.0,0.0,0.0,0.0,0.0,0.0,0.0,0.0,0.19898018669136625,0.19898
NaCl,25.0,0.19898,155.2,0.0,0.19898000066683802,0.19898000066683802,0.0,0.0,0.0,0.0,0.0,0.0,0.0,0.0,0.0,0.0,0.0,0.0,0.0,0.19898018669136625,0.19898
NaCl,25.0,0.19898,179.1,0.0,0.19898000066683802,0.19898000066683802,0.0,0.0,0.0,0.0,0.0,0.0,0.0,0.0,0.0,0.0,0.0,0.0,0.0,0.19898018669136625,0.19898
NaCl,25.0,0.19898,208.0,0.0,0.19898000066683802,0.19898000066683802,0.0,0.0,0.0,0.0,0.0,0.0,0.0,0.0,0.0,0.0,0.0,0.0,0.0,0.19898018669136625,0.19898
NaCl,25.0,0.19898,215.3,0.0,0.19898000066683802,0.19898000066683802,0.0,0.0,0.0,0.0,0.0,0.0,0.0,0.0,0.0,0.0,0.0,0.0,0.0,0.19898018669136625,0.19898
NaCl,25.0,0.19898,240.9,0.0,0.19898000066683802,0.19898000066683802,0.0,0.0,0.0,0.0,0.0,0.0,0.0,0.0,0.0,0.0,0.0,0.0,0.0,0.19898018669136625,0.19898
NaCl,25.0,0.19898,267.8,0.0,0.19898000066683802,0.19898000066683802,0.0,0.0,0.0,0.0,0.0,0.0,0.0,0.0,0.0,0.0,0.0,0.0,0.0,0.19898018669136625,0.19898
NaCl,25.0,0.19898,307.4,0.0,0.19898000066683802,0.19898000066683802,0.0,0.0,0.0,0.0,0.0,0.0,0.0,0.0,0.0,0.0,0.0,0.0,0.0,0.19898018669136625,0.19898
NaCl,25.0,0.19898,316.5,0.0,0.19898000066683802,0.19898000066683802,0.0,0.0,0.0,0.0,0.0,0.0,0.0,0.0,0.0,0.0,0.0,0.0,0.0,0.19898018669136625,0.19898
NaCl,25.0,0.19898,369.0,0.0,0.19898000066683802,0.19898000066683802,0.0,0.0,0.0,0.0,0.0,0.0,0.0,0.0,0.0,0.0,0.0,0.0,0.0,0.19898018669136625,0.19898
NaCl,25.0,0.19898,407.2,0.0,0.19898000066683802,0.19898000066683802,0.0,0.0,0.0,0.0,0.0,0.0,0.0,0.0,0.0,0.0,0.0,0.0,0.0,0.19898018669136625,0.19898
NaCl,5.0,0.5,0.1,0.0,0.5000000005476277,0.5000000005476277,0.0,0.0,0.0,0.0,0.0,0.0,0.0,0.0,0.0,0.0,0.0,0.0,0.0,0.5000000613435791,0.5
NaCl,10.0,0.5,0.1,0.0,0.5000000006896396,0.5000000006896396,0.0,0.0,0.0,0.0,0.0,0.0,0.0,0.0,0.0,0.0,0.0,0.0,0.0,0.5000000772513058,0.5
NaCl,20.0,0.5,0.1,0.0,0.5000000010555995,0.5000000010555995,0.0,0.0,0.0,0.0,0.0,0.0,0.0,0.0,0.0,0.0,0.0,0.0,0.0,0.5000001182450191,0.5
NaCl,25.0,0.5,0.1,0.0,0.5000000012851232,0.5000000012851232,0.0,0.0,0.0,0.0,0.0,0.0,0.0,0.0,0.0,0.0,0.0,0.0,0.0,0.5000001439555779,0.5
NaCl,35.0,0.5,0.1,0.0,0.5000000018508589,0.5000000018508589,0.0,0.0,0.0,0.0,0.0,0.0,0.0,0.0,0.0,0.0,0.0,0.0,0.0,0.5000002073275551,0.5
NaCl,45.0,0.5,0.1,0.0,0.5000000025757515,0.5000000025757515,0.0,0.0,0.0,0.0,0.0,0.0,0.0,0.0,0.0,0.0,0.0,0.0,0.0,0.5000002885278109,0.5
NaCl,70.0,0.5,0.1,0.0,0.5000000051926488,0.5000000051926488,0.0,0.0,0.0,0.0,0.0,0.0,0.0,0.0,0.0,0.0,0.0,0.0,0.0,0.5000005816646547,0.5
NaCl,90.0,0.5,0.1,0.0,0.50000000819226,0.50000000819226,0.0,0.0,0.0,0.0,0.0,0.0,0.0,0.0,0.0,0.0,0.0,0.0,0.0,0.5000009176719278,0.5
NaCl,25.0,0.50471,0.1,0.0,0.5047100012981562,0.5047100012981562,0.0,0.0,0.0,0.0,0.0,0.0,0.0,0.0,0.0,0.0,0.0,0.0,0.0,0.5047101440705855,0.50471
NaCl,25.0,0.50471,50.3,0.0,0.5047100015399966,0.5047100015399966,0.0,0.0,0.0,0.0,0.0,0.0,0.0,0.0,0.0,0.0,0.0,0.0,0.0,0.5047101709102403,0.50471
NaCl,25.0,0.50471,108.9,0.0,0.5047100018131724,0.5047100018131724,0.0,0.0,0.0,0.0,0.0,0.0,0.0,0.0,0.0,0.0,0.0,0.0,0.0,0.5047102012275462,0.50471
NaCl,25.0,0.50471,158.8,0.0,0.5047100018131724,0.5047100018131724,0.0,0.0,0.0,0.0,0.0,0.0,0.0,0.0,0.0,0.0,0.0,0.0,0.0,0.5047102012275462,0.50471
NaCl,25.0,0.50471,193.0,0.0,0.5047100018131724,0.5047100018131724,0.0,0.0,0.0,0.0,0.0,0.0,0.0,0.0,0.0,0.0,0.0,0.0,0.0,0.5047102012275462,0.50471
NaCl,25.0,0.50471,210.2,0.0,0.5047100018131724,0.5047100018131724,0.0,0.0,0.0,0.0,0.0,0.0,0.0,0.0,0.0,0.0,0.0,0.0,0.0,0.5047102012275462,0.50471
NaCl,25.0,0.50471,217.4,0.0,0.5047100018131724,0.5047100018131724,0.0,0.0,0.0,0.0,0.0,0.0,0.0,0.0,0.0,0.0,0.0,0.0,0.0,0.5047102012275462,0.50471
NaCl,25.0,0.50471,262.4,0.0,0.5047100018131724,0.5047100018131724,0.0,0.0,0.0,0.0,0.0,0.0,0.0,0.0,0.0,0.0,0.0,0.0,0.0,0.5047102012275462,0.50471
NaCl,25.0,0.50471,309.0,0.0,0.5047100018131724,0.5047100018131724,0.0,0.0,0.0,0.0,0.0,0.0,0.0,0.0,0.0,0.0,0.0,0.0,0.0,0.5047102012275462,0.50471
NaCl,25.0,0.50471,345.1,0.0,0.5047100018131724,0.5047100018131724,0.0,0.0,0.0,0.0,0.0,0.0,0.0,0.0,0.0,0.0,0.0,0.0,0.0,0.5047102012275462,0.50471
NaCl,25.0,0.50471,418.9,0.0,0.5047100018131724,0.5047100018131724,0.0,0.0,0.0,0.0,0.0,0.0,0.0,0.0,0.0,0.0,0.0,0.0,0.0,0.5047102012275462,0.50471
NaCl,-10.0,0.5133,0.1,0.0,0.5133000002596882,0.5133000002596882,0.0,0.0,0.0,0.0,0.0,0.0,0.0,0.0,0.0,0.0,0.0,0.0,0.0,0.5133000283424808,0.5133
NaCl,-6.0,0.5133,0.1,0.0,0.5133000003234737,0.5133000003234737,0.0,0.0,0.0,0.0,0.0,0.0,0.0,0.0,0.0,0.0,0.0,0.0,0.0,0.5133000353040567,0.5133
NaCl,-3.0,0.5133,0.1,0.0,0.5133000003789113,0.5133000003789113,0.0,0.0,0.0,0.0,0.0,0.0,0.0,0.0,0.0,0.0,0.0,0.0,0.0,0.513300041354532,0.5133
NaCl,-1.0,0.5133,0.1,0.0,0.5133000004198046,0.5133000004198046,0.0,0.0,0.0,0.0,0.0,0.0,0.0,0.0,0.0,0.0,0.0,0.0,0.0,0.5133000458176519,0.5133
NaCl,5.0,0.5133,0.1,0.0,0.5133000005632922,0.5133000005632922,0.0,0.0,0.0,0.0,0.0,0.0,0.0,0.0,0.0,0.0,0.0,0.0,0.0,0.5133000614779368,0.5133
NaCl,20.0,0.5133,0.1,0.0,0.5133000010858317,0.5133000010858317,0.0,0.0,0.0,0.0,0.0,0.0,0.0,0.0,0.0,0.0,0.0,0.0,0.0,0.5133001185081313,0.5133
NaCl,25.0,0.5133,0.1,0.0,0.5133000013219468,0.5133000013219468,0.0,0.0,0.0,0.0,0.0,0.0,0.0,0.0,0.0,0.0,0.0,0.0,0.0,0.513300144277808,0.5133
NaCl,20.0,0.75,0.1,0.0,0.7500000016311799,0.7500000016311799,0.0,0.0,0.0,0.0,0.0,0.0,0.0,0.0,0.0,0.0,0.0,0.0,0.0,0.7500001223569145,0.75
NaCl,-10.0,0.8556,0.1,0.0,0.855600000448593,0.855600000448593,0.0,0.0,0.0,0.0,0.0,0.0,0.0,0.0,0.0,0.0,0.0,0.0,0.0,0.8556000295518056,0.8556
NaCl,-6.0,0.8556,0.1,0.0,0.8556000005588432,0.8556000005588432,0.0,0.0,0.0,0.0,0.0,0.0,0.0,0.0,0.0,0.0,0.0,0.0,0.0,0.8556000368147243,0.8556
NaCl,-3.0,0.8556,0.1,0.0,0.8556000006546816,0.8556000006546816,0.0,0.0,0.0,0.0,0.0,0.0,0.0,0.0,0.0,0.0,0.0,0.0,0.0,0.8556000431282351,0.8556
NaCl,-1.0,0.8556,0.1,0.0,0.855600000725386,0.855600000725386,0.0,0.0,0.0,0.0,0.0,0.0,0.0,0.0,0.0,0.0,0.0,0.0,0.0,0.8556000477860121,0.8556
NaCl,5.0,0.8556,0.1,0.0,0.8556000009735345,0.8556000009735345,0.0,0.0,0.0,0.0,0.0,0.0,0.0,0.0,0.0,0.0,0.0,0.0,0.0,0.8556000641331931,0.8556
NaCl,20.0,0.8556,0.1,0.0,0.8556000018778663,0.8556000018778663,0.0,0.0,0.0,0.0,0.0,0.0,0.0,0.0,0.0,0.0,0.0,0.0,0.0,0.8556001237075647,0.8556
NaCl,25.0,0.8556,0.1,0.0,0.8556000022867799,0.8556000022867799,0.0,0.0,0.0,0.0,0.0,0.0,0.0,0.0,0.0,0.0,0.0,0.0,0.0,0.8556001506454283,0.8556
NaCl,5.0,0.9999,0.1,0.0,0.9999000011492821,0.9999000011492821,0.0,0.0,0.0,0.0,0.0,0.0,0.0,0.0,0.0,0.0,0.0,0.0,0.0,0.999900064950559,0.9999
NaCl,10.0,0.9999,0.1,0.0,0.9999000014477092,0.9999000014477092,0.0,0.0,0.0,0.0,0.0,0.0,0.0,0.0,0.0,0.0,0.0,0.0,0.0,0.9999000818158674,0.9999
NaCl,25.0,0.9999,0.1,0.0,0.9999000027003101,0.9999000027003101,0.0,0.0,0.0,0.0,0.0,0.0,0.0,0.0,0.0,0.0,0.0,0.0,0.0,0.9999001526053892,0.9999
NaCl,35.0,0.9999,0.1,0.0,0.9999000038918746,0.9999000038918746,0.0,0.0,0.0,0.0,0.0,0.0,0.0,0.0,0.0,0.0,0.0,0.0,0.0,0.9999002199454998,0.9999
NaCl,45.0,0.9999,0.1,0.0,0.9999000054204974,0.9999000054204974,0.0,0.0,0.0,0.0,0.0,0.0,0.0,0.0,0.0,0.0,0.0,0.0,0.0,0.9999003063341162,0.9999
NaCl,70.0,0.9999,0.1,0.0,0.9999000109530914,0.9999000109530914,0.0,0.0,0.0,0.0,0.0,0.0,0.0,0.0,0.0,0.0,0.0,0.0,0.0,0.9999006190032702,0.9999
NaCl,90.0,0.9999,0.1,0.0,0.9999000173181641,0.9999000173181641,0.0,0.0,0.0,0.0,0.0,0.0,0.0,0.0,0.0,0.0,0.0,0.0,0.0,0.9999009787191376,0.9999
NaCl,20.0,1.0,0.1,0.0,1.000000002217526,1.000000002217526,0.0,0.0,0.0,0.0,0.0,0.0,0.0,0.0,0.0,0.0,0.0,0.0,0.0,1.0000001253089992,1.0
NaCl,-10.0,1.2834,0.1,0.0,1.2834000006896693,1.2834000006896693,0.0,0.0,0.0,0.0,0.0,0.0,0.0,0.0,0.0,0.0,0.0,0.0,0.0,1.2834000305186284,1.2834
NaCl,-6.0,1.2834,0.1,0.0,1.283400000859241,1.283400000859241,0.0,0.0,0.0,0.0,0.0,0.0,0.0,0.0,0.0,0.0,0.0,0.0,0.0,1.2834000380223562,1.2834
NaCl,-3.0,1.2834,0.1,0.0,1.2834000010066655,1.2834000010066655,0.0,0.0,0.0,0.0,0.0,0.0,0.0,0.0,0.0,0.0,0.0,0.0,0.0,1.2834000445460596,1.2834
NaCl,-1.0,1.2834,0.1,0.0,1.2834000011154385,1.2834000011154385,0.0,0.0,0.0,0.0,0.0,0.0,0.0,0.0,0.0,0.0,0.0,0.0,0.0,1.2834000493593858,1.2834
NaCl,5.0,1.2834,0.1,0.0,1.283400001497261,1.283400001497261,0.0,0.0,0.0,0.0,0.0,0.0,0.0,0.0,0.0,0.0,0.0,0.0,0.0,1.2834000662554559,1.2834
NaCl,20.0,1.2834,0.1,0.0,1.2834000028894843,1.2834000028894843,0.0,0.0,0.0,0.0,0.0,0.0,0.0,0.0,0.0,0.0,0.0,0.0,0.0,1.283400127862872,1.2834
NaCl,25.0,1.2834,0.1,0.0,1.2834000035193307,1.2834000035193307,0.0,0.0,0.0,0.0,0.0,0.0,0.0,0.0,0.0,0.0,0.0,0.0,0.0,1.2834001557342756,1.2834
NaCl,20.0,1.5,0.1,0.0,1.5000000034059096,1.5000000034059096,0.0,0.0,0.0,0.0,0.0,0.0,0.0,0.0,0.0,0.0,0.0,0.0,0.0,1.5000001294438028,1.5
NaCl,-10.0,1.7112,0.1,0.0,1.7112000009328698,1.7112000009328698,0.0,0.0,0.0,0.0,0.0,0.0,0.0,0.0,0.0,0.0,0.0,0.0,0.0,1.7112000311936095,1.7112
NaCl,-6.0,1.7112,0.1,0.0,1.7112000011623012,1.7112000011623012,0.0,0.0,0.0,0.0,0.0,0.0,0.0,0.0,0.0,0.0,0.0,0.0,0.0,1.7112000388654067,1.7112
NaCl,-3.0,1.7112,0.1,0.0,1.711200001361785,1.711200001361785,0.0,0.0,0.0,0.0,0.0,0.0,0.0,0.0,0.0,0.0,0.0,0.0,0.0,1.7112000455358114,1.7112
NaCl,-1.0,1.7112,0.1,0.0,1.7112000015089777,1.7112000015089777,0.0,0.0,0.0,0.0,0.0,0.0,0.0,0.0,0.0,0.0,0.0,0.0,0.0,1.7112000504577014,1.7112
NaCl,5.0,1.7112,0.1,0.0,1.7112000020257252,1.7112000020257252,0.0,0.0,0.0,0.0,0.0,0.0,0.0,0.0,0.0,0.0,0.0,0.0,0.0,1.711200067736867,1.7112
NaCl,20.0,1.7112,0.1,0.0,1.7112000039105821,1.7112000039105821,0.0,0.0,0.0,0.0,0.0,0.0,0.0,0.0,0.0,0.0,0.0,0.0,0.0,1.7112001307633387,1.7112
NaCl,25.0,1.7112,0.1,0.0,1.7112000047635876,1.7112000047635876,0.0,0.0,0.0,0.0,0.0,0.0,0.0,0.0,0.0,0.0,0.0,0.0,0.0,1.7112001592864088,1.7112
NaCl,-10.0,2.5667,0.1,0.0,2.566700001418811,2.566700001418811,0.0,0.0,0.0,0.0,0.0,0.0,0.0,0.0,0.0,0.0,0.0,0.0,0.0,2.5667000321025784,2.5667
NaCl,-6.0,2.5667,0.1,0.0,2.5667000017678765,2.5667000017678765,0.0,0.0,0.0,0.0,0.0,0.0,0.0,0.0,0.0,0.0,0.0,0.0,0.0,2.566700040000674,2.5667
NaCl,-3.0,2.5667,0.1,0.0,2.5667000020714132,2.5667000020714132,0.0,0.0,0.0,0.0,0.0,0.0,0.0,0.0,0.0,0.0,0.0,0.0,0.0,2.5667000468686143,2.5667
NaCl,-1.0,2.5667,0.1,0.0,2.566700002295403,2.566700002295403,0.0,0.0,0.0,0.0,0.0,0.0,0.0,0.0,0.0,0.0,0.0,0.0,0.0,2.5667000519366936,2.5667
NaCl,5.0,2.5667,0.1,0.0,2.566700003081877,2.566700003081877,0.0,0.0,0.0,0.0,0.0,0.0,0.0,0.0,0.0,0.0,0.0,0.0,0.0,2.5667000697317626,2.5667
NaCl,20.0,2.5667,0.1,0.0,2.5667000059518856,2.5667000059518856,0.0,0.0,0.0,0.0,0.0,0.0,0.0,0.0,0.0,0.0,0.0,0.0,0.0,2.56670013466972,2.5667
NaCl,25.0,2.5667,0.1,0.0,2.5667000072513018,2.5667000072513018,0.0,0.0,0.0,0.0,0.0,0.0,0.0,0.0,0.0,0.0,0.0,0.0,0.0,2.5667001640708245,2.5667
NaCl,29.93,4.34763,0.1,0.0,4.347630014813093,4.347630014813093,0.0,0.0,0.0,0.0,0.0,0.0,0.0,0.0,0.0,0.0,0.0,0.0,0.0,4.347630203939625,4.34763
NaCl,29.93,4.34763,24.3,0.0,4.347630016045612,4.347630016045612,0.0,0.0,0.0,0.0,0.0,0.0,0.0,0.0,0.0,0.0,0.0,0.0,0.0,4.3476302209083535,4.34763
NaCl,29.93,4.34763,24.5,0.0,4.3476300160561205,4.3476300160561205,0.0,0.0,0.0,0.0,0.0,0.0,0.0,0.0,0.0,0.0,0.0,0.0,0.0,4.347630221053027,4.34763
NaCl,29.93,4.34763,48.5,0.0,4.347630017357008,4.347630017357008,0.0,0.0,0.0,0.0,0.0,0.0,0.0,0.0,0.0,0.0,0.0,0.0,0.0,4.3476302389630295,4.34763
NaCl,29.93,4.34763,49.7,0.0,4.347630017424176,4.347630017424176,0.0,0.0,0.0,0.0,0.0,0.0,0.0,0.0,0.0,0.0,0.0,0.0,0.0,4.347630239887782,4.34763
NaCl,29.93,4.34763,74.4,0.0,4.34763001885373,4.34763001885373,0.0,0.0,0.0,0.0,0.0,0.0,0.0,0.0,0.0,0.0,0.0,0.0,0.0,4.347630259569188,4.34763
NaCl,29.93,4.34763,75.4,0.0,4.347630018913539,4.347630018913539,0.0,0.0,0.0,0.0,0.0,0.0,0.0,0.0,0.0,0.0,0.0,0.0,0.0,4.347630260392607,4.34763
NaCl,29.93,4.34763,86.3,0.0,4.347630019575503,4.347630019575503,0.0,0.0,0.0,0.0,0.0,0.0,0.0,0.0,0.0,0.0,0.0,0.0,0.0,4.347630269506215,4.34763
NaCl,29.93,4.34763,99.9,0.0,4.347630020427747,4.347630020427747,0.0,0.0,0.0,0.0,0.0,0.0,0.0,0.0,0.0,0.0,0.0,0.0,0.0,4.347630281239512,4.34763
NaCl,29.93,4.34763,101.4,0.0,4.347630020434123,4.347630020434123,0.0,0.0,0.0,0.0,0.0,0.0,0.0,0.0,0.0,0.0,0.0,0.0,0.0,4.347630281327301,4.34763
NaCl,29.93,4.34763,149.2,0.0,4.347630020434123,4.347630020434123,0.0,0.0,0.0,0.0,0.0,0.0,0.0,0.0,0.0,0.0,0.0,0.0,0.0,4.347630281327301,4.34763
NaCl,29.93,4.34763,151.6,0.0,4.347630020434123,4.347630020434123,0.0,0.0,0.0,0.0,0.0,0.0,0.0,0.0,0.0,0.0,0.0,0.0,0.0,4.347630281327301,4.34763
NaCl,29.93,4.34763,180.8,0.0,4.347630020434123,4.347630020434123,0.0,0.0,0.0,0.0,0.0,0.0,0.0,0.0,0.0,0.0,0.0,0.0,0.0,4.347630281327301,4.34763
NaCl,29.93,4.34763,201.8,0.0,4.347630020434123,4.347630020434123,0.0,0.0,0.0,0.0,0.0,0.0,0.0,0.0,0.0,0.0,0.0,0.0,0.0,4.347630281327301,4.34763
NaCl,29.93,4.34763,203.2,0.0,4.347630020434123,4.347630020434123,0.0,0.0,0.0,0.0,0.0,0.0,0.0,0.0,0.0,0.0,0.0,0.0,0.0,4.347630281327301,4.34763
NaCl,29.93,4.34763,242.1,0.0,4.347630020434123,4.347630020434123,0.0,0.0,0.0,0.0,0.0,0.0,0.0,0.0,0.0,0.0,0.0,0.0,0.0,4.347630281327301,4.34763
NaCl,29.93,4.34763,242.7,0.0,4.347630020434123,4.347630020434123,0.0,0.0,0.0,0.0,0.0,0.0,0.0,0.0,0.0,0.0,0.0,0.0,0.0,4.347630281327301,4.34763
NaCl,29.93,4.34763,278.8,0.0,4.347630020434123,4.347630020434123,0.0,0.0,0.0,0.0,0.0,0.0,0.0,0.0,0.0,0.0,0.0,0.0,0.0,4.347630281327301,4.34763
NaCl,29.93,4.34763,304.0,0.0,4.347630020434123,4.347630020434123,0.0,0.0,0.0,0.0,0.0,0.0,0.0,0.0,0.0,0.0,0.0,0.0,0.0,4.347630281327301,4.34763
NaCl,29.93,4.34763,314.5,0.0,4.347630020434123,4.347630020434123,0.0,0.0,0.0,0.0,0.0,0.0,0.0,0.0,0.0,0.0,0.0,0.0,0.0,4.347630281327301,4.34763
NaCl,29.93,4.34763,345.5,0.0,4.347630020434123,4.347630020434123,0.0,0.0,0.0,0.0,0.0,0.0,0.0,0.0,0.0,0.0,0.0,0.0,0.0,4.347630281327301,4.34763
NaCl,29.93,4.34763,390.1,0.0,4.347630020434123,4.347630020434123,0.0,0.0,0.0,0.0,0.0,0.0,0.0,0.0,0.0,0.0,0.0,0.0,0.0,4.347630281327301,4.34763
NaCl,24.93,5.34161,0.1,0.0,5.341610014971722,5.341610014971722,0.0,0.0,0.0,0.0,0.0,0.0,0.0,0.0,0.0,0.0,0.0,0.0,0.0,5.341610170553537,5.34161
NaCl,24.93,5.34161,29.4,0.0,5.341610016515427,5.341610016515427,0.0,0.0,0.0,0.0,0.0,0.0,0.0,0.0,0.0,0.0,0.0,0.0,0.0,5.34161018813899,5.34161
NaCl,24.93,5.34161,52.8,0.0,5.34161001783555,5.34161001783555,0.0,0.0,0.0,0.0,0.0,0.0,0.0,0.0,0.0,0.0,0.0,0.0,0.0,5.34161020317744,5.34161
NaCl,24.93,5.34161,79.1,0.0,5.3416100194185265,5.3416100194185265,0.0,0.0,0.0,0.0,0.0,0.0,0.0,0.0,0.0,0.0,0.0,0.0,0.0,5.341610221210253,5.34161
NaCl,24.93,5.34161,104.6,0.0,5.341610020756043,5.341610020756043,0.0,0.0,0.0,0.0,0.0,0.0,0.0,0.0,0.0,0.0,0.0,0.0,0.0,5.341610236446865,5.34161
NaCl,24.93,5.34161,128.2,0.0,5.341610020756043,5.341610020756043,0.0,0.0,0.0,0.0,0.0,0.0,0.0,0.0,0.0,0.0,0.0,0.0,0.0,5.341610236446865,5.34161
NaCl,24.93,5.34161,154.0,0.0,5.341610020756043,5.341610020756043,0.0,0.0,0.0,0.0,0.0,0.0,0.0,0.0,0.0,0.0,0.0,0.0,0.0,5.341610236446865,5.34161
NaCl,29.93,5.37998,0.1,0.0,5.379980018194096,5.379980018194096,0.0,0.0,0.0,0.0,0.0,0.0,0.0,0.0,0.0,0.0,0.0,0.0,0.0,5.379980205913471,5.37998
NaCl,29.93,5.37998,24.1,0.0,5.379980019692111,5.379980019692111,0.0,0.0,0.0,0.0,0.0,0.0,0.0,0.0,0.0,0.0,0.0,0.0,0.0,5.379980222867392,5.37998
NaCl,29.93,5.37998,49.5,0.0,5.379980021381044,5.379980021381044,0.0,0.0,0.0,0.0,0.0,0.0,0.0,0.0,0.0,0.0,0.0,0.0,0.0,5.379980241982074,5.37998
NaCl,29.93,5.37998,71.5,0.0,5.379980022935447,5.379980022935447,0.0,0.0,0.0,0.0,0.0,0.0,0.0,0.0,0.0,0.0,0.0,0.0,0.0,5.379980259574175,5.37998
NaCl,29.93,5.37998,76.4,0.0,5.379980023293767,5.379980023293767,0.0,0.0,0.0,0.0,0.0,0.0,0.0,0.0,0.0,0.0,0.0,0.0,0.0,5.379980263629497,5.37998
NaCl,29.93,5.37998,98.8,0.0,5.379980024990269,5.379980024990269,0.0,0.0,0.0,0.0,0.0,0.0,0.0,0.0,0.0,0.0,0.0,0.0,0.0,5.379980282829827,5.37998
NaCl,29.93,5.37998,119.8,0.0,5.379980025083917,5.379980025083917,0.0,0.0,0.0,0.0,0.0,0.0,0.0,0.0,0.0,0.0,0.0,0.0,0.0,5.379980283889693,5.37998
NaCl,29.93,5.37998,147.2,0.0,5.379980025083917,5.379980025083917,0.0,0.0,0.0,0.0,0.0,0.0,0.0,0.0,0.0,0.0,0.0,0.0,0.0,5.379980283889693,5.37998
NaCl,29.93,5.37998,188.5,0.0,5.379980025083917,5.379980025083917,0.0,0.0,0.0,0.0,0.0,0.0,0.0,0.0,0.0,0.0,0.0,0.0,0.0,5.379980283889693,5.37998
NaCl,29.93,5.37998,198.5,0.0,5.379980025083917,5.379980025083917,0.0,0.0,0.0,0.0,0.0,0.0,0.0,0.0,0.0,0.0,0.0,0.0,0.0,5.379980283889693,5.37998
NaCl,29.93,5.37998,248.6,0.0,5.379980025083917,5.379980025083917,0.0,0.0,0.0,0.0,0.0,0.0,0.0,0.0,0.0,0.0,0.0,0.0,0.0,5.379980283889693,5.37998
NaCl,29.93,5.37998,268.3,0.0,5.379980025083917,5.379980025083917,0.0,0.0,0.0,0.0,0.0,0.0,0.0,0.0,0.0,0.0,0.0,0.0,0.0,5.379980283889693,5.37998
NaCl,29.93,5.37998,308.9,0.0,5.379980025083917,5.379980025083917,0.0,0.0,0.0,0.0,0.0,0.0,0.0,0.0,0.0,0.0,0.0,0.0,0.0,5.379980283889693,5.37998
NaCl,29.93,5.37998,351.5,0.0,5.379980025083917,5.379980025083917,0.0,0.0,0.0,0.0,0.0,0.0,0.0,0.0,0.0,0.0,0.0,0.0,0.0,5.379980283889693,5.37998
NaCl,29.93,5.37998,389.3,0.0,5.379980025083917,5.379980025083917,0.0,0.0,0.0,0.0,0.0,0.0,0.0,0.0,0.0,0.0,0.0,0.0,0.0,5.379980283889693,5.37998
NaCl,24.93,5.39773,0.1,0.0,5.3977300151211205,5.3977300151211205,0.0,0.0,0.0,0.0,0.0,0.0,0.0,0.0,0.0,0.0,0.0,0.0,0.0,5.3977301706217204,5.39773
NaCl,24.93,5.39773,26.6,0.0,5.397730016525926,5.397730016525926,0.0,0.0,0.0,0.0,0.0,0.0,0.0,0.0,0.0,0.0,0.0,0.0,0.0,5.397730186473085,5.39773
NaCl,24.93,5.39773,37.8,0.0,5.397730017149358,5.397730017149358,0.0,0.0,0.0,0.0,0.0,0.0,0.0,0.0,0.0,0.0,0.0,0.0,0.0,5.397730193507689,5.39773
NaCl,24.93,5.39773,50.7,0.0,5.397730017890272,5.397730017890272,0.0,0.0,0.0,0.0,0.0,0.0,0.0,0.0,0.0,0.0,0.0,0.0,0.0,5.397730201867912,5.39773
NaCl,24.93,5.39773,77.2,0.0,5.397730019492677,5.397730019492677,0.0,0.0,0.0,0.0,0.0,0.0,0.0,0.0,0.0,0.0,0.0,0.0,0.0,5.397730219948919,5.39773
NaCl,24.93,5.39773,82.6,0.0,5.397730019832994,5.397730019832994,0.0,0.0,0.0,0.0,0.0,0.0,0.0,0.0,0.0,0.0,0.0,0.0,0.0,5.397730223788962,5.39773
NaCl,24.93,5.39773,102.6,0.0,5.397730020962601,5.397730020962601,0.0,0.0,0.0,0.0,0.0,0.0,0.0,0.0,0.0,0.0,0.0,0.0,0.0,5.397730236535062,5.39773
NaCl,24.93,5.39773,126.6,0.0,5.397730020962601,5.397730020962601,0.0,0.0,0.0,0.0,0.0,0.0,0.0,0.0,0.0,0.0,0.0,0.0,0.0,5.397730236535062,5.39773
NaCl,24.93,5.39773,153.8,0.0,5.397730020962601,5.397730020962601,0.0,0.0,0.0,0.0,0.0,0.0,0.0,0.0,0.0,0.0,0.0,0.0,0.0,5.397730236535062,5.39773
NaCl,24.93,5.39773,173.5,0.0,5.397730020962601,5.397730020962601,0.0,0.0,0.0,0.0,0.0,0.0,0.0,0.0,0.0,0.0,0.0,0.0,0.0,5.397730236535062,5.39773
NaCl,24.93,5.39773,211.6,0.0,5.397730020962601,5.397730020962601,0.0,0.0,0.0,0.0,0.0,0.0,0.0,0.0,0.0,0.0,0.0,0.0,0.0,5.397730236535062,5.39773
NaCl,24.93,5.39773,256.7,0.0,5.397730020962601,5.397730020962601,0.0,0.0,0.0,0.0,0.0,0.0,0.0,0.0,0.0,0.0,0.0,0.0,0.0,5.397730236535062,5.39773
NaCl,24.93,5.39773,267.4,0.0,5.397730020962601,5.397730020962601,0.0,0.0,0.0,0.0,0.0,0.0,0.0,0.0,0.0,0.0,0.0,0.0,0.0,5.397730236535062,5.39773
NaCl,24.93,5.39773,316.6,0.0,5.397730020962601,5.397730020962601,0.0,0.0,0.0,0.0,0.0,0.0,0.0,0.0,0.0,0.0,0.0,0.0,0.0,5.397730236535062,5.39773
NaCl,24.93,5.39773,354.3,0.0,5.397730020962601,5.397730020962601,0.0,0.0,0.0,0.0,0.0,0.0,0.0,0.0,0.0,0.0,0.0,0.0,0.0,5.397730236535062,5.39773
NaCl,24.93,5.39773,392.3,0.0,5.397730020962601,5.397730020962601,0.0,0.0,0.0,0.0,0.0,0.0,0.0,0.0,0.0,0.0,0.0,0.0,0.0,5.397730236535062,5.39773
NaCl,24.93,5.63108,0.1,0.0,5.631080015738771,5.631080015738771,0.0,0.0,0.0,0.0,0.0,0.0,0.0,0.0,0.0,0.0,0.0,0.0,0.0,5.63108017088399,5.63108
NaCl,24.93,5.63108,27.3,0.0,5.631080017240416,5.631080017240416,0.0,0.0,0.0,0.0,0.0,0.0,0.0,0.0,0.0,0.0,0.0,0.0,0.0,5.63108018718812,5.63108
NaCl,24.93,5.63108,52.0,0.0,5.631080018699091,5.631080018699091,0.0,0.0,0.0,0.0,0.0,0.0,0.0,0.0,0.0,0.0,0.0,0.0,0.0,5.631080203025716,5.63108
NaCl,24.93,5.63108,69.8,0.0,5.6310800198099615,5.6310800198099615,0.0,0.0,0.0,0.0,0.0,0.0,0.0,0.0,0.0,0.0,0.0,0.0,0.0,5.63108021508701,5.63108
NaCl,24.93,5.63108,78.4,0.0,5.6310800203654185,5.6310800203654185,0.0,0.0,0.0,0.0,0.0,0.0,0.0,0.0,0.0,0.0,0.0,0.0,0.0,5.6310802211178945,5.63108
NaCl,24.93,5.63108,103.3,0.0,5.63108002181651,5.63108002181651,0.0,0.0,0.0,0.0,0.0,0.0,0.0,0.0,0.0,0.0,0.0,0.0,0.0,5.6310802368731565,5.63108
NaCl,24.93,5.63108,127.5,0.0,5.63108002181651,5.63108002181651,0.0,0.0,0.0,0.0,0.0,0.0,0.0,0.0,0.0,0.0,0.0,0.0,0.0,5.6310802368731565,5.63108
NaCl,24.93,5.63108,153.6,0.0,5.63108002181651,5.63108002181651,0.0,0.0,0.0,0.0,0.0,0.0,0.0,0.0,0.0,0.0,0.0,0.0,0.0,5.6310802368731565,5.63108
NaCl,24.93,5.63108,157.6,0.0,5.63108002181651,5.63108002181651,0.0,0.0,0.0,0.0,0.0,0.0,0.0,0.0,0.0,0.0,0.0,0.0,0.0,5.6310802368731565,5.63108
NaCl,24.93,5.63108,201.5,0.0,5.63108002181651,5.63108002181651,0.0,0.0,0.0,0.0,0.0,0.0,0.0,0.0,0.0,0.0,0.0,0.0,0.0,5.6310802368731565,5.63108
NaCl,24.93,5.63108,243.0,0.0,5.63108002181651,5.63108002181651,0.0,0.0,0.0,0.0,0.0,0.0,0.0,0.0,0.0,0.0,0.0,0.0,0.0,5.6310802368731565,5.63108
NaCl,24.93,5.63108,257.9,0.0,5.63108002181651,5.63108002181651,0.0,0.0,0.0,0.0,0.0,0.0,0.0,0.0,0.0,0.0,0.0,0.0,0.0,5.6310802368731565,5.63108
NaCl,24.93,5.63108,305.3,0.0,5.63108002181651,5.63108002181651,0.0,0.0,0.0,0.0,0.0,0.0,0.0,0.0,0.0,0.0,0.0,0.0,0.0,5.6310802368731565,5.63108
NaCl,24.93,5.63108,351.7,0.0,5.63108002181651,5.63108002181651,0.0,0.0,0.0,0.0,0.0,0.0,0.0,0.0,0.0,0.0,0.0,0.0,0.0,5.6310802368731565,5.63108
NaCl,24.93,5.63108,390.5,0.0,5.63108002181651,5.63108002181651,0.0,0.0,0.0,0.0,0.0,0.0,0.0,0.0,0.0,0.0,0.0,0.0,0.0,5.6310802368731565,5.63108
NaCl,0.0,6.04033,0.1,0.0,6.040330005604423,6.040330005604423,0.0,0.0,0.0,0.0,0.0,0.0,0.0,0.0,0.0,0.0,0.0,0.0,0.0,6.040330057107068,6.04033
NaCl,0.0,6.04033,28.5,0.0,6.040330006220721,6.040330006220721,0.0,0.0,0.0,0.0,0.0,0.0,0.0,0.0,0.0,0.0,0.0,0.0,0.0,6.040330063386921,6.04033
NaCl,0.0,6.04033,47.7,0.0,6.040330006665873,6.040330006665873,0.0,0.0,0.0,0.0,0.0,0.0,0.0,0.0,0.0,0.0,0.0,0.0,0.0,6.04033006792286,6.04033
NaCl,0.0,6.04033,99.7,0.0,6.040330007999573,6.040330007999573,0.0,0.0,0.0,0.0,0.0,0.0,0.0,0.0,0.0,0.0,0.0,0.0,0.0,6.04033008151279,6.04033
NaCl,0.0,6.04033,136.1,0.0,6.040330008007849,6.040330008007849,0.0,0.0,0.0,0.0,0.0,0.0,0.0,0.0,0.0,0.0,0.0,0.0,0.0,6.040330081597114,6.04033
NaCl,0.0,6.04033,150.3,0.0,6.040330008007849,6.040330008007849,0.0,0.0,0.0,0.0,0.0,0.0,0.0,0.0,0.0,0.0,0.0,0.0,0.0,6.040330081597114,6.04033
NaCl,0.0,6.04033,190.2,0.0,6.040330008007849,6.040330008007849,0.0,0.0,0.0,0.0,0.0,0.0,0.0,0.0,0.0,0.0,0.0,0.0,0.0,6.040330081597114,6.04033
NaCl,0.0,6.04033,229.4,0.0,6.040330008007849,6.040330008007849,0.0,0.0,0.0,0.0,0.0,0.0,0.0,0.0,0.0,0.0,0.0,0.0,0.0,6.040330081597114,6.04033
NaCl,0.0,6.04033,239.7,0.0,6.040330008007849,6.040330008007849,0.0,0.0,0.0,0.0,0.0,0.0,0.0,0.0,0.0,0.0,0.0,0.0,0.0,6.040330081597114,6.04033
NaCl,0.0,6.04033,287.7,0.0,6.040330008007849,6.040330008007849,0.0,0.0,0.0,0.0,0.0,0.0,0.0,0.0,0.0,0.0,0.0,0.0,0.0,6.040330081597114,6.04033
NaCl,0.0,6.04033,328.9,0.0,6.040330008007849,6.040330008007849,0.0,0.0,0.0,0.0,0.0,0.0,0.0,0.0,0.0,0.0,0.0,0.0,0.0,6.040330081597114,6.04033
NaCl,29.93,6.16314,0.1,0.0,6.163140020670606,6.163140020670606,0.0,0.0,0.0,0.0,0.0,0.0,0.0,0.0,0.0,0.0,0.0,0.0,0.0,6.163140206840924,6.16314
NaCl,29.93,6.16314,23.0,0.0,6.163140022290284,6.163140022290284,0.0,0.0,0.0,0.0,0.0,0.0,0.0,0.0,0.0,0.0,0.0,0.0,0.0,6.1631402230482735,6.16314
NaCl,29.93,6.16314,49.9,0.0,6.163140024318152,6.163140024318152,0.0,0.0,0.0,0.0,0.0,0.0,0.0,0.0,0.0,0.0,0.0,0.0,0.0,6.163140243340185,6.16314
NaCl,29.93,6.16314,73.1,0.0,6.1631400261829015,6.1631400261829015,0.0,0.0,0.0,0.0,0.0,0.0,0.0,0.0,0.0,0.0,0.0,0.0,0.0,6.1631402619998426,6.16314
NaCl,29.93,6.16314,75.4,0.0,6.163140026373886,6.163140026373886,0.0,0.0,0.0,0.0,0.0,0.0,0.0,0.0,0.0,0.0,0.0,0.0,0.0,6.163140263910931,6.16314
NaCl,29.93,6.16314,99.1,0.0,6.163140028408706,6.163140028408706,0.0,0.0,0.0,0.0,0.0,0.0,0.0,0.0,0.0,0.0,0.0,0.0,0.0,6.163140284272411,6.16314
NaCl,29.93,6.16314,123.5,0.0,6.163140028488426,6.163140028488426,0.0,0.0,0.0,0.0,0.0,0.0,0.0,0.0,0.0,0.0,0.0,0.0,0.0,6.163140285070133,6.16314
NaCl,29.93,6.16314,150.2,0.0,6.163140028488426,6.163140028488426,0.0,0.0,0.0,0.0,0.0,0.0,0.0,0.0,0.0,0.0,0.0,0.0,0.0,6.163140285070133,6.16314
NaCl,29.93,6.16314,158.2,0.0,6.163140028488426,6.163140028488426,0.0,0.0,0.0,0.0,0.0,0.0,0.0,0.0,0.0,0.0,0.0,0.0,0.0,6.163140285070133,6.16314
NaCl,29.93,6.16314,212.7,0.0,6.163140028488426,6.163140028488426,0.0,0.0,0.0,0.0,0.0,0.0,0.0,0.0,0.0,0.0,0.0,0.0,0.0,6.163140285070133,6.16314
NaCl,29.93,6.16314,250.4,0.0,6.163140028488426,6.163140028488426,0.0,0.0,0.0,0.0,0.0,0.0,0.0,0.0,0.0,0.0,0.0,0.0,0.0,6.163140285070133,6.16314
NaCl,29.93,6.16314,256.3,0.0,6.163140028488426,6.163140028488426,0.0,0.0,0.0,0.0,0.0,0.0,0.0,0.0,0.0,0.0,0.0,0.0,0.0,6.163140285070133,6.16314
NaCl,29.93,6.16314,313.7,0.0,6.163140028488426,6.163140028488426,0.0,0.0,0.0,0.0,0.0,0.0,0.0,0.0,0.0,0.0,0.0,0.0,0.0,6.163140285070133,6.16314
NaCl,29.93,6.16314,342.3,0.0,6.163140028488426,6.163140028488426,0.0,0.0,0.0,0.0,0.0,0.0,0.0,0.0,0.0,0.0,0.0,0.0,0.0,6.163140285070133,6.16314
NaCl,29.93,6.16314,386.6,0.0,6.163140028488426,6.163140028488426,0.0,0.0,0.0,0.0,0.0,0.0,0.0,0.0,0.0,0.0,0.0,0.0,0.0,6.163140285070133,6.16314
NaCl:MgSO4 (1:1),-10.0,0.05,0.1,0.0,0.050000000061716315,0.04793575053917106,0.03779701453179238,0.03573279105824767,0.0,0.0,0.0,0.0,0.0020642495225453457,0.012202933229959006,0.0,0.0,0.0,0.0,0.0,0.1970596797561781,0.25
NaCl:MgSO4 (1:1),-1.0,0.05,0.1,0.0,0.05000000010058536,0.04791584666900672,0.03555380004894831,0.03346968698806896,0.0,0.0,0.0,0.0,0.002084153431578743,0.014446114924573723,0.0,0.0,0.0,0.0,0.0,0.18804708584023194,0.25
NaCl:MgSO4 (1:1),20.0,0.05,0.1,0.0,0.0500000002789938,0.04792983266535402,0.03053277388157125,0.028462704551811265,0.0,0.0,0.0,0.0,0.002070167613639882,0.019466986014987323,0.0,0.0,0.0,0.0,0.0,0.16799126687496965,0.25
NaCl:MgSO4 (1:1),25.0,0.05,0.1,0.0,0.0500000003486102,0.04794254580146762,0.029427401179362874,0.027370065053634738,0.0,0.0,0.0,0.0,0.0020574545471426816,0.020572296620895335,0.0,0.0,0.0,0.0,0.0,0.16359531982981168,0.25
NaCl:MgSO4 (1:1),-10.0,0.1,0.1,0.0,0.10000000017210615,0.09404202151622638,0.07149216245434405,0.06553421805762852,0.0,0.0,0.0,0.0,0.005957978655879873,0.02850775747135758,0.0,0.0,0.0,0.0,0.0,0.37405285672836214,0.5
NaCl:MgSO4 (1:1),-1.0,0.1,0.1,0.0,0.10000000027963665,0.09403673950095214,0.06679841584842602,0.06083520782799056,0.0,0.0,0.0,0.0,0.0059632607786846035,0.033201454384525764,0.0,0.0,0.0,0.0,0.0,0.3552674028533215,0.5
NaCl:MgSO4 (1:1),20.0,0.1,0.1,0.0,0.10000000077653354,0.09417972804938973,0.056718534093732835,0.05089838739303969,0.0,0.0,0.0,0.0,0.005820272727143898,0.04328110232224432,0.0,0.0,0.0,0.0,0.0,0.31523427479079436,0.5
NaCl:MgSO4 (1:1),25.0,0.1,0.1,0.0,0.10000000097196728,0.09423603586744271,0.05456846191107959,0.04880464790650388,0.0,0.0,0.0,0.0,0.005763965104524663,0.0454310810146482,0.0,0.0,0.0,0.0,0.0,0.30674676013013263,0.5
NaCl:MgSO4 (1:1),-10.0,0.4,0.1,0.0,0.4000000015773079,0.3533885220926476,0.24591675916227954,0.19930534517932136,0.0,0.0,0.0,0.0,0.0466114794846604,0.1540830352961031,0.0,0.0,0.0,0.0,0.0,1.2904444291442076,2.0
NaCl:MgSO4 (1:1),-1.0,0.4,0.1,0.0,0.4000000025195621,0.35432274531226826,0.2274978594933995,0.18182070189517716,0.0,0.0,0.0,0.0,0.04567725720729398,0.17250181313418897,0.0,0.0,0.0,0.0,0.0,1.2186374749381386,2.0
NaCl:MgSO4 (1:1),20.0,0.4,0.1,0.0,0.4000000068642049,0.3571292545529548,0.19097817642733259,0.1481076548131411,0.0,0.0,0.0,0.0,0.04287075231125018,0.2090209322982237,0.0,0.0,0.0,0.0,0.0,1.0781726218977794,2.0
NaCl:MgSO4 (1:1),25.0,0.4,0.1,0.0,0.400000008582344,0.3578592666543713,0.18361523200493163,0.14147476472797732,0.0,0.0,0.0,0.0,0.04214074192797281,0.216383652656278,0.0,0.0,0.0,0.0,0.0,1.0501811930289775,2.0
NaCl:MgSO4 (1:1),-10.0,0.7,0.1,0.0,0.7000000041691258,0.5960364011010931,0.39410808358675614,0.29014457422975803,0.0,0.0,0.0,0.0,0.10396360306803269,0.3058915992913773,0.0,0.0,0.0,0.0,0.0,2.0685056504035413,3.5
NaCl:MgSO4 (1:1),-1.0,0.7,0.1,0.0,0.7000000065784545,0.5991093877524338,0.36388227459298433,0.26299179730305183,0.0,0.0,0.0,0.0,0.10089061882602075,0.33611722615576195,0.0,0.0,0.0,0.0,0.0,1.9537486720264152,3.5
NaCl:MgSO4 (1:1),20.0,0.7,0.1,0.0,0.7000000176029139,0.6068948470040401,0.3055631437705123,0.2124582969395073,0.0,0.0,0.0,0.0,0.09310517059887399,0.39443552261049264,0.0,0.0,0.0,0.0,0.0,1.7360442948944135,3.5
NaCl:MgSO4 (1:1),25.0,0.7,0.1,0.0,0.7000000219526545,0.6087589489633353,0.2940076020154393,0.20276691362587532,0.0,0.0,0.0,0.0,0.09124107298931942,0.4059907344272933,0.0,0.0,0.0,0.0,0.0,1.693550794031682,3.5
