Salt,Temperature_C,Molality_molkg,Pressure_MPa,m_free_K,m_free_Cl,m_free_Na,m_free_Mg,m_free_SO4,m_free_NH4,m_free_Ca,m_pair_KSO4,m_pair_NaSO4,m_pair_MgSO4,I_eff,I_formal
CaCl2,5.0,7.6e-05,0.1,0.0,0.0001520000001203,0.0,0.0,0.0,0.0,7.600000006015202e-05,0.0,0.0,0.0,0.0002280439319039,0.000228
CaCl2,5.0,0.000755,0.1,0.0,0.0015100000012397,0.0,0.0,0.0,0.0,0.0007550000006198,0.0,0.0,0.0,0.0022650455727606,0.002265
CaCl2,5.0,0.00755,0.1,0.0,0.0151000000137436,0.0,0.0,0.0,0.0,0.0075500000068718,0.0,0.0,0.0,0.0226500505411618,0.02265
CaCl2,5.0,0.0755,0.1,0.0,0.1510000001760546,0.0,0.0,0.0,0.0,0.0755000000880273,0.0,0.0,0.0,0.2265000649801498,0.2264999999999999
CaCl2,5.0,0.3773,0.1,0.0,0.7546000011783632,0.0,0.0,0.0,0.0,0.3773000005891816,0.0,0.0,0.0,1.1319000884445642,1.1319
CaCl2,10.0,7.6e-05,0.1,0.0,0.0001520000001511,0.0,0.0,0.0,0.0,7.600000007557688e-05,0.0,0.0,0.0,0.0002280551974236,0.000228
CaCl2,10.0,0.000755,0.1,0.0,0.001510000001558,0.0,0.0,0.0,0.0,0.000755000000779,0.0,0.0,0.0,0.0022650572735481,0.002265
CaCl2,10.0,0.00755,0.1,0.0,0.0151000000172858,0.0,0.0,0.0,0.0,0.0075500000086429,0.0,0.0,0.0,0.0226500635672888,0.02265
CaCl2,10.0,0.0755,0.1,0.0,0.1510000002219525,0.0,0.0,0.0,0.0,0.0755000001109762,0.0,0.0,0.0,0.2265000819206572,0.2264999999999999
CaCl2,10.0,0.3773,0.1,0.0,0.7546000014919555,0.0,0.0,0.0,0.0,0.3773000007459777,0.0,0.0,0.0,1.1319001119819052,1.1319
CaCl2,25.0,7.6e-05,0.1,0.0,0.0001520000002805,0.0,0.0,0.0,0.0,7.60000001402501e-05,0.0,0.0,0.0,0.0002281024313728,0.000228
CaCl2,25.0,0.000755,0.1,0.0,0.0015100000028937,0.0,0.0,0.0,0.0,0.0007550000014468,0.0,0.0,0.0,0.0022651063750131,0.002265
CaCl2,25.0,0.00755,0.1,0.0,0.0151000000321897,0.0,0.0,0.0,0.0,0.0075500000160948,0.0,0.0,0.0,0.0226501183747566,0.02265
CaCl2,25.0,0.0755,0.1,0.0,0.151000000416541,0.0,0.0,0.0,0.0,0.0755000002082705,0.0,0.0,0.0,0.2265001537414909,0.2264999999999999
CaCl2,25.0,0.3773,0.1,0.0,0.7546000028387644,0.0,0.0,0.0,0.0,0.3773000014193822,0.0,0.0,0.0,1.1319002130695237,1.1319
CaCl2,35.0,7.6e-05,0.1,0.0,0.0001520000004033,0.0,0.0,0.0,0.0,7.600000020165219e-05,0.0,0.0,0.0,0.0002281472762562,0.000228
CaCl2,35.0,0.000755,0.1,0.0,0.0015100000041633,0.0,0.0,0.0,0.0,0.0007550000020816,0.0,0.0,0.0,0.002265153045763,0.002265
CaCl2,35.0,0.00755,0.1,0.0,0.0151000000464043,0.0,0.0,0.0,0.0,0.0075500000232021,0.0,0.0,0.0,0.0226501706478707,0.02265
CaCl2,35.0,0.0755,0.1,0.0,0.1510000006039433,0.0,0.0,0.0,0.0,0.0755000003019716,0.0,0.0,0.0,0.2265002229099628,0.2264999999999999
CaCl2,35.0,0.3773,0.1,0.0,0.7546000041568892,0.0,0.0,0.0,0.0,0.3773000020784446,0.0,0.0,0.0,1.1319003120042104,1.1319
CaCl2,45.0,7.6e-05,0.1,0.0,0.0001520000005603,0.0,0.0,0.0,0.0,7.600000028018464e-05,0.0,0.0,0.0,0.0002282046322737,0.000228
CaCl2,45.0,0.000755,0.1,0.0,0.0015100000057888,0.0,0.0,0.0,0.0,0.0007550000028944,0.0,0.0,0.0,0.0022652128001919,0.002265
CaCl2,45.0,0.00755,0.1,0.0,0.015100000064662,0.0,0.0,0.0,0.0,0.007550000032331,0.0,0.0,0.0,0.0226502377888313,0.02265
CaCl2,45.0,0.0755,0.1,0.0,0.1510000008468008,0.0,0.0,0.0,0.0,0.0755000004234004,0.0,0.0,0.0,0.2265003125464293,0.2264999999999999
CaCl2,45.0,0.3773,0.1,0.0,0.7546000058898544,0.0,0.0,0.0,0.0,0.3773000029449272,0.0,0.0,0.0,1.1319004420756242,1.1319
CaCl2,70.0,7.6e-05,0.1,0.0,0.0001520000011225,0.0,0.0,0.0,0.0,7.600000056128885e-05,0.0,0.0,0.0,0.0002284099361711,0.000228
CaCl2,70.0,0.000755,0.1,0.0,0.0015100000116205,0.0,0.0,0.0,0.0,0.0007550000058102,0.0,0.0,0.0,0.0022654271769913,0.002265
CaCl2,70.0,0.00755,0.1,0.0,0.015100000130613,0.0,0.0,0.0,0.0,0.0075500000653065,0.0,0.0,0.0,0.0226504803176272,0.02265
CaCl2,70.0,0.0755,0.1,0.0,0.1510000017407064,0.0,0.0,0.0,0.0,0.0755000008703532,0.0,0.0,0.0,0.2265006424787846,0.2264999999999999
CaCl2,70.0,0.3773,0.1,0.0,0.7546000124600721,0.0,0.0,0.0,0.0,0.377300006230036,0.0,0.0,0.0,1.1319009352173568,1.1319
CaCl2,90.0,7.6e-05,0.1,0.0,0.000152000001754,0.0,0.0,0.0,0.0,7.600000087703532e-05,0.0,0.0,0.0,0.0002286405409634,0.000228
CaCl2,90.0,0.000755,0.1,0.0,0.0015100000181927,0.0,0.0,0.0,0.0,0.0007550000090963,0.0,0.0,0.0,0.0022656687760754,0.002265
CaCl2,90.0,0.00755,0.1,0.0,0.0151000002056799,0.0,0.0,0.0,0.0,0.0075500001028399,0.0,0.0,0.0,0.0226507563690073,0.02265
CaCl2,90.0,0.0755,0.1,0.0,0.1510000027857113,0.0,0.0,0.0,0.0,0.0755000013928556,0.0,0.0,0.0,0.2265010281805275,0.2264999999999999
CaCl2,90.0,0.3773,0.1,0.0,0.7546000204577222,0.0,0.0,0.0,0.0,0.3773000102288611,0.0,0.0,0.0,1.1319015354980853,1.1319
CaSO4,5.0,7.6e-05,0.1,0.0,0.0,0.0,0.0,7.599982754672085e-05,0.0,7.600000006043318e-05,0.0,0.0,0.0,0.0003040437910999,0.000304
CaSO4,5.0,0.00102,0.1,0.0,0.0,0.0,0.0,0.0010199980583667,0.0,0.0010200000008703,0.0,0.0,0.0,0.0040800434782809,0.00408
CaSO4,5.0,0.01245,0.1,0.0,0.0,0.0,0.0,0.0124499860275342,0.0,0.0124500000138894,0.0,0.0,0.0,0.0498000340053796,0.0498
CaSO4,10.0,7.6e-05,0.1,0.0,0.0,0.0,0.0,7.599975388995517e-05,0.0,7.60000000759513e-05,0.0,0.0,0.0,0.0003040549773916,0.000304
CaSO4,10.0,0.00102,0.1,0.0,0.0,0.0,0.0,0.0010199972363223,0.0,0.0010200000010969,0.0,0.0,0.0,0.004080054164801,0.00408
CaSO4,10.0,0.01245,0.1,0.0,0.0,0.0,0.0,0.0124499803967551,0.0,0.0124500000177341,0.0,0.0,0.0,0.0498000398925505,0.0498
CaSO4,25.0,7.6e-05,0.1,0.0,0.0,0.0,0.0,7.599931861191742e-05,0.0,7.600000014110611e-05,0.0,0.0,0.0,0.0003041016924633,0.000304
CaSO4,25.0,0.00102,0.1,0.0,0.0,0.0,0.0,0.001019992444879,0.0,0.0010200000020608,0.0,0.0,0.0,0.0040800970374205,0.00408
CaSO4,25.0,0.01245,0.1,0.0,0.0,0.0,0.0,0.0124499491709572,0.0,0.0124500000349445,0.0,0.0,0.0,0.0498000542047836,0.0498
CaSO4,35.0,7.6e-05,0.1,0.0,0.0,0.0,0.0,7.5998704578754e-05,0.0,7.60000002031083e-05,0.0,0.0,0.0,0.0003041457475076,0.000304
CaSO4,35.0,0.00102,0.1,0.0,0.0,0.0,0.0,0.0010199858130591,0.0,0.0010200000029973,0.0,0.0,0.0,0.0040801347413191,0.00408
CaSO4,35.0,0.01245,0.1,0.0,0.0,0.0,0.0,0.0124499086598948,0.0,0.0124500000528904,0.0,0.0,0.0,0.049800053227612,0.0498
CaSO4,45.0,7.6e-05,0.1,0.0,0.0,0.0,0.0,7.599759971461855e-05,0.0,7.600000028263422e-05,0.0,0.0,0.0,0.0003042016192856,0.000304
CaSO4,45.0,0.00102,0.1,0.0,0.0,0.0,0.0,0.0010199741297941,0.0,0.0010200000042281,0.0,0.0,0.0,0.0040801783553414,0.00408
CaSO4,45.0,0.01245,0.1,0.0,0.0,0.0,0.0,0.0124498417681221,0.0,0.0124500000781721,0.0,0.0,0.0,0.0498000322085773,0.0498
CaSO4,70.0,7.6e-05,0.1,0.0,0.0,0.0,0.0,7.598982169578863e-05,0.0,7.600000056998542e-05,0.0,0.0,0.0,0.0003043959293149,0.000304
CaSO4,70.0,0.00102,0.1,0.0,0.0,0.0,0.0,0.0010198968655368,0.0,0.0010200000090066,0.0,0.0,0.0,0.004080283868019,0.00408
CaSO4,70.0,0.01245,0.1,0.0,0.0,0.0,0.0,0.0124494610579533,0.0,0.0124500001922465,0.0,0.0,0.0,0.0497997795980766,0.0498
CaSO4,90.0,7.6e-05,0.1,0.0,0.0,0.0,0.0,7.597034978342802e-05,0.0,7.600000090032149e-05,0.0,0.0,0.0,0.0003045982454366,0.000304
CaSO4,90.0,0.00102,0.1,0.0,0.0,0.0,0.0,0.0010197231378358,0.0,0.0010200000153391,0.0,0.0,0.0,0.0040802810265381,0.00408
CaSO4,90.0,0.01245,0.1,0.0,0.0,0.0,0.0,0.0124487466399825,0.0,0.012450000373019,0.0,0.0,0.0,0.0497991570669959,0.0498
K2SO4,5.0,0.000102,0.1,0.0002040000001622,0.0,0.0,0.0,0.0001019997680898,0.0,0.0,0.0,0.0,0.0,0.0003060436889405,0.000306
K2SO4,5.0,0.00105,0.1,0.002100000001777,0.0,0.0,0.0,0.001049997931674,0.0,0.0,0.0,0.0,0.0,0.0031500428327369,0.00315
K2SO4,5.0,0.01061,0.1,0.021220000022435,0.0,0.0,0.0,0.0106099865651723,0.0,0.0,0.0,0.0,0.0,0.0318300318247564,0.03183
K2SO4,5.0,0.1048,0.1,0.2096000003558977,0.0,0.0,0.0,0.1047999513850543,0.0,0.0,0.0,0.0,0.0,0.3143999971956122,0.3144
K2SO4,5.0,0.2029,0.1,0.4058000008017601,0.0,0.0,0.0,0.2028999368055596,0.0,0.0,0.0,0.0,0.0,0.6086999836773305,0.6087
K2SO4,5.0,0.4783,0.1,0.9566000022435848,0.0,0.0,0.0,0.4782999154166299,0.0,0.0,0.0,0.0,0.0,1.4348999621366811,1.4349
K2SO4,10.0,0.000102,0.1,0.0002040000002039,0.0,0.0,0.0,0.0001019996688847,0.0,0.0,0.0,0.0,0.0,0.0003060548339083,0.000306
K2SO4,10.0,0.00105,0.1,0.0021000000022401,0.0,0.0,0.0,0.0010499970537549,0.0,0.0,0.0,0.0,0.0,0.0031500533189786,0.00315
K2SO4,10.0,0.01061,0.1,0.0212200000286593,0.0,0.0,0.0,0.0106099810969211,0.0,0.0,0.0,0.0,0.0,0.0318300371727266,0.03183
K2SO4,10.0,0.1048,0.1,0.2096000004650473,0.0,0.0,0.0,0.1047999324631689,0.0,0.0,0.0,0.0,0.0,0.3143999883113836,0.3144
K2SO4,10.0,0.2029,0.1,0.4058000010547182,0.0,0.0,0.0,0.2028999122166471,0.0,0.0,0.0,0.0,0.0,0.608699969226142,0.6087
K2SO4,10.0,0.4783,0.1,0.9566000029813206,0.0,0.0,0.0,0.478299882316708,0.0,0.0,0.0,0.0,0.0,1.4348999391124595,1.4349
K2SO4,25.0,0.000102,0.1,0.000204000000379,0.0,0.0,0.0,0.0001019990825819,0.0,0.0,0.0,0.0,0.0,0.0003061013106514,0.000306
K2SO4,25.0,0.00105,0.1,0.0021000000042125,0.0,0.0,0.0,0.0010499919303097,0.0,0.0,0.0,0.0,0.0,0.0031500952054704,0.00315
K2SO4,25.0,0.01,0.1,0.020000000052719,0.0,0.0,0.0,0.0099999525514724,0.0,0.0,0.0,0.0,0.0,0.0300000514399705,0.03
K2SO4,25.0,0.01,56.2,0.0200000000621023,0.0,0.0,0.0,0.0099999584060392,0.0,0.0,0.0,0.0,0.0,0.0300000891952871,0.03
K2SO4,25.0,0.01,108.8,0.0200000000724342,0.0,0.0,0.0,0.0099999577166045,0.0,0.0,0.0,0.0,0.0,0.0300001164957665,0.03
K2SO4,25.0,0.01,156.5,0.0200000000826732,0.0,0.0,0.0,0.0099999536161001,0.0,0.0,0.0,0.0,0.0,0.0300001367162036,0.03
K2SO4,25.0,0.01,209.6,0.0200000000947794,0.0,0.0,0.0,0.0099999456002369,0.0,0.0,0.0,0.0,0.0,0.0300001542891122,0.03
K2SO4,25.0,0.01,235.8,0.0200000001008875,0.0,0.0,0.0,0.0099999403170879,0.0,0.0,0.0,0.0,0.0,0.0300001606777668,0.03
K2SO4,25.0,0.01,261.0,0.0200000001067252,0.0,0.0,0.0,0.0099999344134671,0.0,0.0,0.0,0.0,0.0,0.0300001650747499,0.03
K2SO4,25.0,0.01,273.4,0.0200000001095471,0.0,0.0,0.0,0.0099999312202395,0.0,0.0,0.0,0.0,0.0,0.0300001665215446,0.03
K2SO4,25.0,0.01,303.7,0.020000000116168,0.0,0.0,0.0,0.0099999226678499,0.0,0.0,0.0,0.0,0.0,0.0300001677950177,0.03
K2SO4,25.0,0.01,369.8,0.0200000001279996,0.0,0.0,0.0,0.0099999011411867,0.0,0.0,0.0,0.0,0.0,0.0300001575839685,0.03
K2SO4,25.0,0.01061,0.1,0.021220000056578,0.0,0.0,0.0,0.0106099506460256,0.0,0.0,0.0,0.0,0.0,0.0318300493130634,0.03183
K2SO4,25.0,0.02499,0.1,0.0499800001609306,0.0,0.0,0.0,0.0249899166557528,0.0,0.0,0.0,0.0,0.0,0.0749700121152895,0.07497
K2SO4,25.0,0.02499,54.0,0.0499800001831878,0.0,0.0,0.0,0.024989924469229,0.0,0.0,0.0,0.0,0.0,0.07497005247157,0.07497
K2SO4,25.0,0.02499,106.7,0.0499800002111999,0.0,0.0,0.0,0.0249899223724424,0.0,0.0,0.0,0.0,0.0,0.07497007940128,0.07497
K2SO4,25.0,0.02499,172.0,0.0499800002516632,0.0,0.0,0.0,0.0249899103230279,0.0,0.0,0.0,0.0,0.0,0.0749701002600478,0.07497
K2SO4,25.0,0.02499,243.0,0.0499800003008774,0.0,0.0,0.0,0.0249898864846569,0.0,0.0,0.0,0.0,0.0,0.0749701072636338,0.07497
K2SO4,25.0,0.02499,259.9,0.0499800003129708,0.0,0.0,0.0,0.024989879219913,0.0,0.0,0.0,0.0,0.0,0.0749701061706735,0.07497
K2SO4,25.0,0.02499,285.9,0.0499800003314445,0.0,0.0,0.0,0.0249898669498262,0.0,0.0,0.0,0.0,0.0,0.0749701021561359,0.07497
K2SO4,25.0,0.02499,308.7,0.0499800003471793,0.0,0.0,0.0,0.0249898552233069,0.0,0.0,0.0,0.0,0.0,0.0749700961854841,0.07497
K2SO4,25.0,0.02499,353.0,0.0499800003750042,0.0,0.0,0.0,0.0249898305953357,0.0,0.0,0.0,0.0,0.0,0.0749700778449547,0.07497
K2SO4,25.0,0.02499,416.2,0.0499800004032816,0.0,0.0,0.0,0.0249897947734286,0.0,0.0,0.0,0.0,0.0,0.0749700376192919,0.07497
K2SO4,25.0,0.09842,0.1,0.1968400009094004,0.0,0.0,0.0,0.0984198365195089,0.0,0.0,0.0,0.0,0.0,0.2952599299311406,0.2952599999999999
K2SO4,25.0,0.09842,58.3,0.1968400010099796,0.0,0.0,0.0,0.0984198453874628,0.0,0.0,0.0,0.0,0.0,0.2952599760793034,0.2952599999999999
K2SO4,25.0,0.09842,105.5,0.1968400011316424,0.0,0.0,0.0,0.0984198378689873,0.0,0.0,0.0,0.0,0.0,0.2952599954104573,0.2952599999999999
K2SO4,25.0,0.09842,136.8,0.1968400012268972,0.0,0.0,0.0,0.0984198271559561,0.0,0.0,0.0,0.0,0.0,0.2952600008925848,0.2952599999999999
K2SO4,25.0,0.09842,163.3,0.1968400013157037,0.0,0.0,0.0,0.0984198147668817,0.0,0.0,0.0,0.0,0.0,0.2952600012010675,0.2952599999999999
K2SO4,25.0,0.09842,188.5,0.1968400014066406,0.0,0.0,0.0,0.0984198002308174,0.0,0.0,0.0,0.0,0.0,0.2952599978173742,0.2952599999999999
K2SO4,25.0,0.09842,214.5,0.1968400015065037,0.0,0.0,0.0,0.0984197824764,0.0,0.0,0.0,0.0,0.0,0.2952599905185437,0.2952599999999999
K2SO4,25.0,0.09842,260.6,0.1968400016954233,0.0,0.0,0.0,0.0984197444985342,0.0,0.0,0.0,0.0,0.0,0.2952599679300404,0.2952599999999999
K2SO4,25.0,0.09842,294.1,0.1968400018375194,0.0,0.0,0.0,0.0984197124149971,0.0,0.0,0.0,0.0,0.0,0.2952599439031792,0.2952599999999999
K2SO4,25.0,0.09842,312.8,0.1968400019162757,0.0,0.0,0.0,0.0984196932908241,0.0,0.0,0.0,0.0,0.0,0.2952599279024199,0.2952599999999999
K2SO4,25.0,0.09842,369.1,0.1968400021358892,0.0,0.0,0.0,0.0984196337295211,0.0,0.0,0.0,0.0,0.0,0.2952598708176691,0.2952599999999999
K2SO4,25.0,0.1048,0.1,0.2096000009850746,0.0,0.0,0.0,0.1047998321215096,0.0,0.0,0.0,0.0,0.0,0.3143999256015736,0.3144
K2SO4,25.0,0.2029,0.1,0.4058000022761434,0.0,0.0,0.0,0.2028997824826725,0.0,0.0,0.0,0.0,0.0,0.6086998774381343,0.6087
K2SO4,25.0,0.4783,0.1,0.9566000066109648,0.0,0.0,0.0,0.4782997080440652,0.0,0.0,0.0,0.0,0.0,1.4348998029902025,1.4349
K2SO4,35.0,0.000102,0.1,0.0002040000005458,0.0,0.0,0.0,0.000101998255576,0.0,0.0,0.0,0.0,0.0,0.0003061450360746,0.000306
K2SO4,35.0,0.00105,0.1,0.0021000000061321,0.0,0.0,0.0,0.001049984832388,0.0,0.0,0.0,0.0,0.0,0.0031501317489977,0.00315
K2SO4,35.0,0.01061,0.1,0.0212200000857745,0.0,0.0,0.0,0.0106099110096004,0.0,0.0,0.0,0.0,0.0,0.0318300464256506,0.03183
K2SO4,35.0,0.1048,0.1,0.2096000015656186,0.0,0.0,0.0,0.1047997088257271,0.0,0.0,0.0,0.0,0.0,0.3143998330398021,0.3144
K2SO4,35.0,0.2029,0.1,0.4058000036567751,0.0,0.0,0.0,0.2028996240552683,0.0,0.0,0.0,0.0,0.0,0.6086997501194774,0.6087
K2SO4,35.0,0.4783,0.1,0.9566000107846242,0.0,0.0,0.0,0.4782994958867451,0.0,0.0,0.0,0.0,0.0,1.4348996229368087,1.4349
K2SO4,45.0,0.000102,0.1,0.0002040000007599,0.0,0.0,0.0,0.0001019967679321,0.0,0.0,0.0,0.0,0.0,0.000306200322177,0.000306
K2SO4,45.0,0.00105,0.1,0.0021000000086598,0.0,0.0,0.0,0.0010499723238699,0.0,0.0,0.0,0.0,0.0,0.0031501735436449,0.00315
K2SO4,45.0,0.01061,0.1,0.0212200001270274,0.0,0.0,0.0,0.0106098454429214,0.0,0.0,0.0,0.0,0.0,0.0318300232201444,0.03183
K2SO4,45.0,0.1048,0.1,0.2096000024265604,0.0,0.0,0.0,0.104799514537452,0.0,0.0,0.0,0.0,0.0,0.3143996728880907,0.3144
K2SO4,45.0,0.2029,0.1,0.4058000057203877,0.0,0.0,0.0,0.2028993756617363,0.0,0.0,0.0,0.0,0.0,0.6086995366296986,0.6087
K2SO4,45.0,0.4783,0.1,0.9566000170913664,0.0,0.0,0.0,0.4782991641130646,0.0,0.0,0.0,0.0,0.0,1.4348993284882448,1.4349
K2SO4,70.0,0.000102,0.1,0.0002040000015361,0.0,0.0,0.0,0.0001019863116082,0.0,0.0,0.0,0.0,0.0,0.0003063905943618,0.000306
K2SO4,70.0,0.00105,0.1,0.002100000018529,0.0,0.0,0.0,0.0010498896847763,0.0,0.0,0.0,0.0,0.0,0.0031502691285042,0.00315
K2SO4,70.0,0.01061,0.1,0.0212200003144042,0.0,0.0,0.0,0.0106094715971085,0.0,0.0,0.0,0.0,0.0,0.0318297657532026,0.03183
K2SO4,70.0,0.1048,0.1,0.2096000066157676,0.0,0.0,0.0,0.1047984942666781,0.0,0.0,0.0,0.0,0.0,0.3143987438258884,0.3144
K2SO4,70.0,0.2029,0.1,0.4058000158545922,0.0,0.0,0.0,0.2028980815705185,0.0,0.0,0.0,0.0,0.0,0.6086983396931442,0.6087
K2SO4,70.0,0.4783,0.1,0.9566000484916072,0.0,0.0,0.0,0.4782974420314246,0.0,0.0,0.0,0.0,0.0,1.434897722007687,1.4349
K2SO4,90.0,0.000102,0.1,0.0002040000024352,0.0,0.0,0.0,0.0001019602379895,0.0,0.0,0.0,0.0,0.0,0.0003065830759994,0.000306
K2SO4,90.0,0.00105,0.1,0.0021000000317408,0.0,0.0,0.0,0.0010497045648817,0.0,0.0,0.0,0.0,0.0,0.0031502481041321,0.00315
K2SO4,90.0,0.01061,0.1,0.0212200006137829,0.0,0.0,0.0,0.010608769203828,0.0,0.0,0.0,0.0,0.0,0.0318291442161834,0.03183
K2SO4,90.0,0.1048,0.1,0.2096000136167041,0.0,0.0,0.0,0.1047967044680185,0.0,0.0,0.0,0.0,0.0,0.3143970217151939,0.3144
K2SO4,90.0,0.2029,0.1,0.4058000328689712,0.0,0.0,0.0,0.2028958259414555,0.0,0.0,0.0,0.0,0.0,0.6086961642064034,0.6087
K2SO4,90.0,0.4783,0.1,0.9566001016768124,0.0,0.0,0.0,0.4782944473422694,0.0,0.0,0.0,0.0,0.0,1.4348948452658077,1.4349
KCl,5.0,0.0001,0.1,0.0001000000000786,0.0001000000000786,0.0,0.0,0.0,0.0,0.0,0.0,0.0,0.0,0.0001000436589976,0.0001
KCl,5.0,0.001,0.1,0.0010000000008048,0.0010000000008048,0.0,0.0,0.0,0.0,0.0,0.0,0.0,0.0,0.0010000446769959,0.001
KCl,5.0,0.01,0.1,0.0100000000085737,0.0100000000085737,0.0,0.0,0.0,0.0,0.0,0.0,0.0,0.0,0.0100000475980925,0.01
KCl,5.0,0.1,0.1,0.1000000000972818,0.1000000000972818,0.0,0.0,0.0,0.0,0.0,0.0,0.0,0.0,0.1000000540947343,0.1
KCl,5.0,0.5,0.1,0.5000000005156101,0.5000000005156101,0.0,0.0,0.0,0.0,0.0,0.0,0.0,0.0,0.5000000577547474,0.5
KCl,5.0,0.75,0.1,0.7500000007616819,0.7500000007616819,0.0,0.0,0.0,0.0,0.0,0.0,0.0,0.0,0.750000057132467,0.75
KCl,5.0,1.0,0.1,1.0000000009894163,1.0000000009894163,0.0,0.0,0.0,0.0,0.0,0.0,0.0,0.0,1.0000000559081694,1.0
KCl,5.0,1.5,0.1,1.5000000013869497,1.5000000013869497,0.0,0.0,0.0,0.0,0.0,0.0,0.0,0.0,1.5000000527098396,1.5
KCl,10.0,0.0001,0.1,0.0001000000000988,0.0001000000000988,0.0,0.0,0.0,0.0,0.0,0.0,0.0,0.0,0.0001000548522123,0.0001
KCl,10.0,0.001,0.1,0.0010000000010114,0.0010000000010114,0.0,0.0,0.0,0.0,0.0,0.0,0.0,0.0,0.001000056141031,0.001
KCl,10.0,0.01,0.1,0.0100000000107794,0.0100000000107794,0.0,0.0,0.0,0.0,0.0,0.0,0.0,0.0,0.0100000598433581,0.01
KCl,10.0,0.1,0.1,0.1000000001225012,0.1000000001225012,0.0,0.0,0.0,0.0,0.0,0.0,0.0,0.0,0.1000000681183363,0.1
KCl,10.0,0.5,0.1,0.5000000006512114,0.5000000006512114,0.0,0.0,0.0,0.0,0.0,0.0,0.0,0.0,0.5000000729437664,0.5
KCl,10.0,0.75,0.1,0.750000000963253,0.750000000963253,0.0,0.0,0.0,0.0,0.0,0.0,0.0,0.0,0.750000072251964,0.75
KCl,10.0,1.0,0.1,1.0000000012526746,1.0000000012526746,0.0,0.0,0.0,0.0,0.0,0.0,0.0,0.0,1.000000070783909,1.0
KCl,20.0,0.5,0.1,0.5000000010046115,0.5000000010046115,0.0,0.0,0.0,0.0,0.0,0.0,0.0,0.0,0.5000001125289748,0.5
KCl,20.0,0.75,0.1,0.7500000014898944,0.7500000014898944,0.0,0.0,0.0,0.0,0.0,0.0,0.0,0.0,0.7500001117544294,0.75
KCl,20.0,1.0,0.1,1.0000000019419393,1.0000000019419393,0.0,0.0,0.0,0.0,0.0,0.0,0.0,0.0,1.0000001097316429,1.0
KCl,20.0,1.5,0.1,1.5000000027381226,1.5000000027381226,0.0,0.0,0.0,0.0,0.0,0.0,0.0,0.0,1.500000104060008,1.5
KCl,25.0,0.0001,0.1,0.0001000000001833,0.0001000000001833,0.0,0.0,0.0,0.0,0.0,0.0,0.0,0.0,0.0001001017762384,0.0001
KCl,25.0,0.001,0.1,0.0010000000018777,0.0010000000018777,0.0,0.0,0.0,0.0,0.0,0.0,0.0,0.0,0.0010001042287445,0.001
KCl,25.0,0.01,0.1,0.010000000020048,0.010000000020048,0.0,0.0,0.0,0.0,0.0,0.0,0.0,0.0,0.0100001112992166,0.01
KCl,25.0,0.05022,0.1,0.0502200001099235,0.0502200001099235,0.0,0.0,0.0,0.0,0.0,0.0,0.0,0.0,0.050220121604123,0.05022
KCl,25.0,0.05022,25.8,0.050220000122311,0.050220000122311,0.0,0.0,0.0,0.0,0.0,0.0,0.0,0.0,0.0502201353080116,0.05022
KCl,25.0,0.05022,51.7,0.0502200001348856,0.0502200001348856,0.0,0.0,0.0,0.0,0.0,0.0,0.0,0.0,0.0502201492187488,0.05022
KCl,25.0,0.05022,55.4,0.0502200001366901,0.0502200001366901,0.0,0.0,0.0,0.0,0.0,0.0,0.0,0.0,0.0502201512150263,0.05022
KCl,25.0,0.05022,76.6,0.0502200001470726,0.0502200001470726,0.0,0.0,0.0,0.0,0.0,0.0,0.0,0.0,0.0502201627007466,0.05022
KCl,25.0,0.05022,102.3,0.0502200001597631,0.0502200001597631,0.0,0.0,0.0,0.0,0.0,0.0,0.0,0.0,0.0502201767397854,0.05022
KCl,25.0,0.05022,128.5,0.0502200001728179,0.0502200001728179,0.0,0.0,0.0,0.0,0.0,0.0,0.0,0.0,0.0502201911818144,0.05022
KCl,25.0,0.05022,154.2,0.0502200001857159,0.0502200001857159,0.0,0.0,0.0,0.0,0.0,0.0,0.0,0.0,0.0502202054503437,0.05022
KCl,25.0,0.05022,160.5,0.0502200001888859,0.0502200001888859,0.0,0.0,0.0,0.0,0.0,0.0,0.0,0.0,0.0502202089571548,0.05022
KCl,25.0,0.05022,184.8,0.0502200002011079,0.0502200002011079,0.0,0.0,0.0,0.0,0.0,0.0,0.0,0.0,0.0502202224779049,0.05022
KCl,25.0,0.05022,211.5,0.0502200002144277,0.0502200002144277,0.0,0.0,0.0,0.0,0.0,0.0,0.0,0.0,0.050220237213106,0.05022
KCl,25.0,0.05022,270.5,0.0502200002423291,0.0502200002423291,0.0,0.0,0.0,0.0,0.0,0.0,0.0,0.0,0.0502202680793711,0.05022
KCl,25.0,0.1,0.1,0.1000000002290103,0.1000000002290103,0.0,0.0,0.0,0.0,0.0,0.0,0.0,0.0,0.1000001273439771,0.1
KCl,25.0,0.5,0.1,0.5000000012287681,0.5000000012287681,0.0,0.0,0.0,0.0,0.0,0.0,0.0,0.0,0.500000137637308,0.5
KCl,25.0,1.0,0.1,1.00000000238109,1.00000000238109,0.0,0.0,0.0,0.0,0.0,0.0,0.0,0.0,1.0000001345463971,1.0
KCl,35.0,0.0001,0.1,0.0001000000002636,0.0001000000002636,0.0,0.0,0.0,0.0,0.0,0.0,0.0,0.0,0.0001001463185057,0.0001
KCl,35.0,0.001,0.1,0.0010000000027007,0.0010000000027007,0.0,0.0,0.0,0.0,0.0,0.0,0.0,0.0,0.0010001499106411,0.001
KCl,35.0,0.01,0.1,0.0100000000288732,0.0100000000288732,0.0,0.0,0.0,0.0,0.0,0.0,0.0,0.0,0.0100001602933557,0.01
KCl,35.0,0.1,0.1,0.1000000003310796,0.1000000003310796,0.0,0.0,0.0,0.0,0.0,0.0,0.0,0.0,0.1000001841008836,0.1
KCl,35.0,0.5,0.1,0.5000000017881003,0.5000000017881003,0.0,0.0,0.0,0.0,0.0,0.0,0.0,0.0,0.5000002002894743,0.5
KCl,35.0,1.0,0.1,1.0000000034822716,1.0000000034822716,0.0,0.0,0.0,0.0,0.0,0.0,0.0,0.0,1.0000001967700003,1.0
KCl,45.0,0.0001,0.1,0.0001000000003662,0.0001000000003662,0.0,0.0,0.0,0.0,0.0,0.0,0.0,0.0,0.00010020327751,0.0001
KCl,45.0,0.001,0.1,0.0010000000037539,0.0010000000037539,0.0,0.0,0.0,0.0,0.0,0.0,0.0,0.0,0.001000208368593,0.001
KCl,45.0,0.01,0.1,0.0100000000401907,0.0100000000401907,0.0,0.0,0.0,0.0,0.0,0.0,0.0,0.0,0.0100002231240096,0.01
KCl,45.0,0.1,0.1,0.100000000462753,0.100000000462753,0.0,0.0,0.0,0.0,0.0,0.0,0.0,0.0,0.1000002573194743,0.1
KCl,45.0,0.5,0.1,0.5000000025164846,0.5000000025164846,0.0,0.0,0.0,0.0,0.0,0.0,0.0,0.0,0.5000002818775734,0.5
KCl,45.0,1.0,0.1,1.000000004925849,1.000000004925849,0.0,0.0,0.0,0.0,0.0,0.0,0.0,0.0,1.0000002783410884,1.0
KCl,70.0,0.0001,0.1,0.0001000000007334,0.0001000000007334,0.0,0.0,0.0,0.0,0.0,0.0,0.0,0.0,0.0001004070836568,0.0001
KCl,70.0,0.001,0.1,0.0010000000075279,0.0010000000075279,0.0,0.0,0.0,0.0,0.0,0.0,0.0,0.0,0.0010004178576069,0.001
KCl,70.0,0.01,0.1,0.0100000000809341,0.0100000000809341,0.0,0.0,0.0,0.0,0.0,0.0,0.0,0.0,0.0100004493157011,0.01
KCl,70.0,0.1,0.1,0.1000000009427847,0.1000000009427847,0.0,0.0,0.0,0.0,0.0,0.0,0.0,0.0,0.1000005242469246,0.1
KCl,70.0,0.5,0.1,0.5000000052241237,0.5000000052241237,0.0,0.0,0.0,0.0,0.0,0.0,0.0,0.0,0.5000005851668188,0.5
KCl,70.0,1.0,0.1,1.000000010364541,1.000000010364541,0.0,0.0,0.0,0.0,0.0,0.0,0.0,0.0,1.000000585661004,1.0
KCl,90.0,0.0001,0.1,0.0001000000011456,0.0001000000011456,0.0,0.0,0.0,0.0,0.0,0.0,0.0,0.0,0.000100635880632,0.0001
KCl,90.0,0.001,0.1,0.0010000000117742,0.0010000000117742,0.0,0.0,0.0,0.0,0.0,0.0,0.0,0.0,0.0010006535566019,0.001
KCl,90.0,0.01,0.1,0.0100000001270805,0.0100000001270805,0.0,0.0,0.0,0.0,0.0,0.0,0.0,0.0,0.010000705503391,0.01
KCl,90.0,0.1,0.1,0.1000000014963846,0.1000000014963846,0.0,0.0,0.0,0.0,0.0,0.0,0.0,0.0,0.1000008320828943,0.1
KCl,90.0,0.5,0.1,0.5000000084326102,0.5000000084326102,0.0,0.0,0.0,0.0,0.0,0.0,0.0,0.0,0.5000009445571736,0.5
KCl,90.0,1.0,0.1,1.00000001692704,1.00000001692704,0.0,0.0,0.0,0.0,0.0,0.0,0.0,0.0,1.000000956482996,1.0
MgCl2,5.0,0.000119,0.1,0.0,0.0002380000001904,0.0,0.0001189993856618,0.0,0.0,0.0,0.0,0.0,0.0,0.000357043185708,0.000357
MgCl2,5.0,0.000984,0.1,0.0,0.0019680000017044,0.0,0.0009839956333755,0.0,0.0,0.0,0.0,0.0,0.0,0.0029520393393965,0.002952
MgCl2,5.0,0.01137,0.1,0.0,0.0227400000278109,0.0,0.0113699716791089,0.0,0.0,0.0,0.0,0.0,0.0,0.0341100112561455,0.03411
MgCl2,5.0,0.09942,0.1,0.0,0.1988400004362209,0.0,0.0994199137282139,0.0,0.0,0.0,0.0,0.0,0.0,0.2982599494456919,0.2982599999999999
MgCl2,5.0,0.3609,0.1,0.0,0.7218000023809205,0.0,0.3608998516126742,0.0,0.0,0.0,0.0,0.0,0.0,1.082699887507925,1.0827
MgCl2,10.0,0.000119,0.1,0.0,0.0002380000002393,0.0,0.0001189992002553,0.0,0.0,0.0,0.0,0.0,0.0,0.00035705422003,0.000357
MgCl2,10.0,0.000984,0.1,0.0,0.0019680000021455,0.0,0.0009839943274614,0.0,0.0,0.0,0.0,0.0,0.0,0.0029520491712383,0.002952
MgCl2,10.0,0.01137,0.1,0.0,0.0227400000352216,0.0,0.0113699634724374,0.0,0.0,0.0,0.0,0.0,0.0,0.0341100129352286,0.03411
MgCl2,10.0,0.09942,0.1,0.0,0.1988400005551341,0.0,0.0994198894074663,0.0,0.0,0.0,0.0,0.0,0.0,0.2982599340582829,0.2982599999999999
MgCl2,10.0,0.3609,0.1,0.0,0.7218000030333486,0.0,0.3608998103622243,0.0,0.0,0.0,0.0,0.0,0.0,1.082699855504771,1.0827
MgCl2,25.0,0.000119,0.1,0.0,0.0002380000004446,0.0,0.0001189982929696,0.0,0.0,0.0,0.0,0.0,0.0,0.0003571002955809,0.000357
MgCl2,25.0,0.000984,0.1,0.0,0.0019680000040134,0.0,0.0009839879921393,0.0,0.0,0.0,0.0,0.0,0.0,0.0029520891822883,0.002952
MgCl2,25.0,0.01137,0.1,0.0,0.0227400000675137,0.0,0.0113699248288382,0.0,0.0,0.0,0.0,0.0,0.0,0.0341100144861505,0.03411
MgCl2,25.0,0.09942,0.1,0.0,0.1988400010844345,0.0,0.0994197775333038,0.0,0.0,0.0,0.0,0.0,0.0,0.298259858328912,0.2982599999999999
MgCl2,25.0,0.3609,0.1,0.0,0.721800005954591,0.0,0.3608996224295643,0.0,0.0,0.0,0.0,0.0,0.0,1.082699705742802,1.0827
MgCl2,35.0,0.000119,0.1,0.0,0.00023800000064,0.0,0.0001189972424684,0.0,0.0,0.0,0.0,0.0,0.0,0.0003571437644112,0.000357
MgCl2,35.0,0.000984,0.1,0.0,0.0019680000058123,0.0,0.0009839807432305,0.0,0.0,0.0,0.0,0.0,0.0,0.0029521254244777,0.002952
MgCl2,35.0,0.01137,0.1,0.0,0.0227400000998722,0.0,0.011369882309045,0.0,0.0,0.0,0.0,0.0,0.0,0.0341100084469103,0.03411
MgCl2,35.0,0.09942,0.1,0.0,0.1988400016289824,0.0,0.0994196578698904,0.0,0.0,0.0,0.0,0.0,0.0,0.2982597712849742,0.2982599999999999
MgCl2,35.0,0.3609,0.1,0.0,0.7218000089812537,0.0,0.3608994235713099,0.0,0.0,0.0,0.0,0.0,0.0,1.082699542289132,1.0827
MgCl2,45.0,0.000119,0.1,0.0,0.0002380000008906,0.0,0.000118995630387,0.0,0.0,0.0,0.0,0.0,0.0,0.0003571989669343,0.000357
MgCl2,45.0,0.000984,0.1,0.0,0.0019680000081488,0.0,0.0009839697537839,0.0,0.0,0.0,0.0,0.0,0.0,0.0029521693435024,0.002952
MgCl2,45.0,0.01137,0.1,0.0,0.0227400001435435,0.0,0.0113698202283279,0.0,0.0,0.0,0.0,0.0,0.0,0.034109990904696,0.03411
MgCl2,45.0,0.09942,0.1,0.0,0.1988400023806907,0.0,0.0994194873487843,0.0,0.0,0.0,0.0,0.0,0.0,0.2982596404581053,0.2982599999999999
MgCl2,45.0,0.3609,0.1,0.0,0.7218000131834653,0.0,0.3608991425911924,0.0,0.0,0.0,0.0,0.0,0.0,1.0826993055788872,1.0827
MgCl2,70.0,0.000119,0.1,0.0,0.0002380000017933,0.0,0.0001189872034323,0.0,0.0,0.0,0.0,0.0,0.0,0.0003573926561023,0.000357
MgCl2,70.0,0.000984,0.1,0.0,0.0019680000168511,0.0,0.0009839140564274,0.0,0.0,0.0,0.0,0.0,0.0,0.0029523033975167,0.002952
MgCl2,70.0,0.01137,0.1,0.0,0.0227400003204867,0.0,0.0113695308812557,0.0,0.0,0.0,0.0,0.0,0.0,0.0341098442008658,0.03411
MgCl2,70.0,0.09942,0.1,0.0,0.1988400055532361,0.0,0.0994187275859216,0.0,0.0,0.0,0.0,0.0,0.0,0.2982590081351877,0.2982599999999999
MgCl2,70.0,0.3609,0.1,0.0,0.7218000310908032,0.0,0.3608979080561104,0.0,0.0,0.0,0.0,0.0,0.0,1.0826982225316215,1.0827
MgCl2,90.0,0.000119,0.1,0.0,0.0002380000028207,0.0,0.0001189718010323,0.0,0.0,0.0,0.0,0.0,0.0,0.0003576014671181,0.000357
MgCl2,90.0,0.000984,0.1,0.0,0.0019680000273508,0.0,0.0009838170777341,0.0,0.0,0.0,0.0,0.0,0.0,0.0029524055839101,0.002952
MgCl2,90.0,0.01137,0.1,0.0,0.0227400005599198,0.0,0.0113690796218223,0.0,0.0,0.0,0.0,0.0,0.0,0.0341095262356226,0.03411
MgCl2,90.0,0.09942,0.1,0.0,0.1988400100304036,0.0,0.0994175976643859,0.0,0.0,0.0,0.0,0.0,0.0,0.2982580003327082,0.2982599999999999
MgCl2,90.0,0.3609,0.1,0.0,0.7218000565922873,0.0,0.3608960956355949,0.0,0.0,0.0,0.0,0.0,0.0,1.0826965714982777,1.0827
MgSO4,-10.0,0.3323,0.1,0.0,0.0,0.0,0.332299906247233,0.332299951516399,0.0,0.0,0.0,0.0,0.0,1.329199837078776,1.3292
MgSO4,-10.0,0.6646,0.1,0.0,0.0,0.0,0.6645998766095108,0.6645999409084198,0.0,0.0,0.0,0.0,0.0,2.6583997891023112,2.6584
MgSO4,-10.0,0.997,0.1,0.0,0.0,0.0,0.9969998571709484,0.9969999357146608,0.0,0.0,0.0,0.0,0.0,3.9879997605943993,3.988
MgSO4,-10.0,1.4124,0.1,0.0,0.0,0.0,1.4123998377249982,1.4123999299368966,0.0,0.0,0.0,0.0,0.0,5.649599729923675,5.6496
MgSO4,-10.0,1.6616,0.1,0.0,0.0,0.0,1.661599827014231,1.661599925595615,0.0,0.0,0.0,0.0,0.0,6.646399710297221,6.6464
MgSO4,-6.0,0.0249,0.1,0.0,0.0,0.0,0.0248999711597337,0.0248999856781408,0.0,0.0,0.0,0.0,0.0,0.0995999699013457,0.0996
MgSO4,-6.0,0.3323,0.1,0.0,0.0,0.0,0.33229988007863,0.3322999345336517,0.0,0.0,0.0,0.0,0.0,1.3291997843551204,1.3292
MgSO4,-6.0,0.6646,0.1,0.0,0.0,0.0,0.6645998417260378,0.6645999197440488,0.0,0.0,0.0,0.0,0.0,2.658399720107738,2.6584
MgSO4,-6.0,0.997,0.1,0.0,0.0,0.0,0.9969998164532076,0.996999912273881,0.0,0.0,0.0,0.0,0.0,3.9879996816029752,3.988
MgSO4,-6.0,1.4124,0.1,0.0,0.0,0.0,1.4123997910460624,1.4123999040074442,0.0,0.0,0.0,0.0,0.0,5.649599640164064,5.6496
MgSO4,-6.0,1.6616,0.1,0.0,0.0,0.0,1.6615997770004938,1.661599897939515,0.0,0.0,0.0,0.0,0.0,6.6463996137577555,6.6464
MgSO4,-3.0,0.0249,0.1,0.0,0.0,0.0,0.0248999657333399,0.0248999821483475,0.0,0.0,0.0,0.0,0.0,0.0995999622849605,0.0996
MgSO4,-3.0,0.3323,0.1,0.0,0.0,0.0,0.3322998563045471,0.3322999184579049,0.0,0.0,0.0,0.0,0.0,1.3291997350059117,1.3292
MgSO4,-3.0,0.6646,0.1,0.0,0.0,0.0,0.6645998100237261,0.6645998996596373,0.0,0.0,0.0,0.0,0.0,2.6583996555427776,2.6584
MgSO4,-3.0,0.997,0.1,0.0,0.0,0.0,0.9969997794451352,0.9969998899831658,0.0,0.0,0.0,0.0,0.0,3.9879996076785793,3.988
MgSO4,-3.0,1.4124,0.1,0.0,0.0,0.0,1.41239974860916,1.412399879318997,0.0,0.0,0.0,0.0,0.0,5.649599556186972,5.6496
MgSO4,-3.0,1.6616,0.1,0.0,0.0,0.0,1.661599731521208,1.6615998716098024,0.0,0.0,0.0,0.0,0.0,6.64639952347826,6.6464
MgSO4,-2.28,0.10124,0.1,0.0,0.0,0.0,0.1012399168789079,0.10123995154014,0.0,0.0,0.0,0.0,0.0,0.4049598572317414,0.40496
MgSO4,-2.26,0.10124,0.1,0.0,0.0,0.0,0.1012399167817391,0.1012399514707863,0.0,0.0,0.0,0.0,0.0,0.4049598570368538,0.40496
MgSO4,-1.425,0.10124,0.1,0.0,0.0,0.0,0.1012399126311312,0.1012399484934683,0.0,0.0,0.0,0.0,0.0,0.4049598486762449,0.40496
MgSO4,-1.19,0.10124,0.1,0.0,0.0,0.0,0.1012399114293656,0.1012399476261161,0.0,0.0,0.0,0.0,0.0,0.4049598462426813,0.40496
MgSO4,-1.138,0.010124,0.1,0.0,0.0,0.0,0.010123979458949,0.0101239899961614,0.0,0.0,0.0,0.0,0.0,0.0404959939776233,0.040496
MgSO4,-1.0,0.0249,0.1,0.0,0.0,0.0,0.024899961611254,0.0248999793693747,0.0,0.0,0.0,0.0,0.0,0.0995999562243082,0.0996
MgSO4,-1.0,0.3323,0.1,0.0,0.0,0.0,0.3322998381702965,0.3322999058491711,0.0,0.0,0.0,0.0,0.0,1.3291996965810269,1.3292
MgSO4,-1.0,0.6646,0.1,0.0,0.0,0.0,0.6645997858427952,0.6645998838842092,0.0,0.0,0.0,0.0,0.0,2.658399605292185,2.6584
MgSO4,-1.0,0.997,0.1,0.0,0.0,0.0,0.9969997512208856,0.9969998724540622,0.0,0.0,0.0,0.0,0.0,3.9879995501533383,3.988
MgSO4,-1.0,1.4124,0.1,0.0,0.0,0.0,1.4123997162453148,1.4123998598926677,0.0,0.0,0.0,0.0,0.0,5.6495994908674625,5.6496
MgSO4,-1.0,1.6616,0.1,0.0,0.0,0.0,1.6615996968350544,1.6615998508964849,0.0,0.0,0.0,0.0,0.0,6.646399453287551,6.6464
MgSO4,-0.97,0.010124,0.1,0.0,0.0,0.0,0.0101239792657935,0.0101239898729764,0.0,0.0,0.0,0.0,0.0,0.0404959938389555,0.040496
MgSO4,-0.739,0.10124,0.1,0.0,0.0,0.0,0.1012399090805911,0.1012399459242609,0.0,0.0,0.0,0.0,0.0,0.4049598414702512,0.40496
MgSO4,-0.66,0.010124,0.1,0.0,0.0,0.0,0.010123978904986,0.0101239896419961,0.0,0.0,0.0,0.0,0.0,0.0404959935768489,0.040496
MgSO4,-0.645,0.10124,0.1,0.0,0.0,0.0,0.1012399085839351,0.1012399455632849,0.0,0.0,0.0,0.0,0.0,0.404959840458402,0.40496
MgSO4,-0.56,0.010124,0.1,0.0,0.0,0.0,0.0101239787873708,0.0101239895664576,0.0,0.0,0.0,0.0,0.0,0.040495993490548,0.040496
MgSO4,-0.32,0.010124,0.1,0.0,0.0,0.0,0.01012397850263,0.0101239893830905,0.0,0.0,0.0,0.0,0.0,0.0404959932798824,0.040496
MgSO4,-0.245,0.010124,0.1,0.0,0.0,0.0,0.0101239784129304,0.0101239893251825,0.0,0.0,0.0,0.0,0.0,0.0404959932130124,0.040496
MgSO4,-0.15,0.005,0.1,0.0,0.0,0.0,0.0049999872082012,0.0049999941020941,0.0,0.0,0.0,0.0,0.0,0.0200000112665349,0.02
MgSO4,-0.15,0.005,98.1,0.0,0.0,0.0,0.0049999883556641,0.0049999937625336,0.0,0.0,0.0,0.0,0.0,0.0200000246039024,0.02
MgSO4,-0.15,0.005,196.1,0.0,0.0,0.0,0.0049999812675617,0.004999983273324,0.0,0.0,0.0,0.0,0.0,0.0199999971118571,0.02
MgSO4,-0.15,0.005,294.2,0.0,0.0,0.0,0.0049999550322741,0.0049999414357878,0.0,0.0,0.0,0.0,0.0,0.0199998870596083,0.02
MgSO4,-0.15,0.005,392.3,0.0,0.0,0.0,0.0049998487765925,0.0049998106071848,0.0,0.0,0.0,0.0,0.0,0.0199995247853132,0.02
MgSO4,-0.15,0.005,490.3,0.0,0.0,0.0,0.0049994659740506,0.004999415829153,0.0,0.0,0.0,0.0,0.0,0.01999835399499,0.02
MgSO4,-0.15,0.005,588.4,0.0,0.0,0.0,0.004998286151055,0.0049982395570382,0.0,0.0,0.0,0.0,0.0,0.0199948140107932,0.02
MgSO4,-0.15,0.005,686.5,0.0,0.0,0.0,0.0049949311861036,0.0049948949231659,0.0,0.0,0.0,0.0,0.0,0.0199847583330899,0.02
MgSO4,-0.15,0.005,784.6,0.0,0.0,0.0,0.0049854864237611,0.0049854603152823,0.0,0.0,0.0,0.0,0.0,0.0199564346303579,0.02
MgSO4,-0.15,0.01,0.1,0.0,0.0,0.0,0.0099999784909898,0.0099999893606274,0.0,0.0,0.0,0.0,0.0,0.0399999935274877,0.04
MgSO4,-0.15,0.01,98.1,0.0,0.0,0.0,0.0099999800179582,0.0099999888401245,0.0,0.0,0.0,0.0,0.0,0.0400000076432768,0.04
MgSO4,-0.15,0.01,196.1,0.0,0.0,0.0,0.0099999671224805,0.0099999704345799,0.0,0.0,0.0,0.0,0.0,0.0399999593162038,0.04
MgSO4,-0.15,0.01,294.2,0.0,0.0,0.0,0.0099999174258588,0.0099999003986436,0.0,0.0,0.0,0.0,0.0,0.0399997715312813,0.04
MgSO4,-0.15,0.01,392.3,0.0,0.0,0.0,0.0099997214088747,0.009999678740172,0.0,0.0,0.0,0.0,0.0,0.0399991385034991,0.04
MgSO4,-0.15,0.01,490.3,0.0,0.0,0.0,0.0099990427699701,0.0099989893168985,0.0,0.0,0.0,0.0,0.0,0.0399970814665964,0.04
MgSO4,-0.15,0.01,588.4,0.0,0.0,0.0,0.0099969920473493,0.0099969429602425,0.0,0.0,0.0,0.0,0.0,0.0399909297164134,0.04
MgSO4,-0.15,0.01,686.5,0.0,0.0,0.0,0.0099912597220452,0.0099912214720396,0.0,0.0,0.0,0.0,0.0,0.0399737431153762,0.04
MgSO4,-0.15,0.01,784.6,0.0,0.0,0.0,0.0099754553723457,0.0099754276668816,0.0,0.0,0.0,0.0,0.0,0.0399263430091179,0.04
MgSO4,-0.01,0.10124,0.1,0.0,0.0,0.0,0.1012399051633756,0.1012399430668672,0.0,0.0,0.0,0.0,0.0,0.4049598334645351,0.40496
MgSO4,0.07,0.10124,0.1,0.0,0.0,0.0,0.1012399047242406,0.1012399427450909,0.0,0.0,0.0,0.0,0.0,0.4049598325635302,0.40496
MgSO4,0.23,0.10124,0.1,0.0,0.0,0.0,0.1012399038403893,0.101239942096578,0.0,0.0,0.0,0.0,0.0,0.4049598307479468,0.40496
MgSO4,0.32,0.010124,0.1,0.0,0.0,0.0,0.0101239777260496,0.0101239888795034,0.0,0.0,0.0,0.0,0.0,0.0404959926930197,0.040496
MgSO4,0.86,0.010124,0.1,0.0,0.0,0.0,0.0101239770508304,0.0101239884375917,0.0,0.0,0.0,0.0,0.0,0.0404959921684093,0.040496
MgSO4,0.89,0.10124,0.1,0.0,0.0,0.0,0.1012399001146894,0.1012399393503428,0.0,0.0,0.0,0.0,0.0,0.404959823064076,0.40496
MgSO4,1.475,0.010124,0.1,0.0,0.0,0.0,0.0101239762589266,0.0101239879146418,0.0,0.0,0.0,0.0,0.0,0.0404959915365698,0.040496
MgSO4,1.55,0.10124,0.1,0.0,0.0,0.0,0.1012398962574191,0.1012399364863593,0.0,0.0,0.0,0.0,0.0,0.4049598150580957,0.40496
MgSO4,1.675,0.010124,0.1,0.0,0.0,0.0,0.0101239759960292,0.0101239877399405,0.0,0.0,0.0,0.0,0.0,0.0404959913229319,0.040496
MgSO4,1.859,0.10124,0.1,0.0,0.0,0.0,0.1012398944051036,0.1012399351037634,0.0,0.0,0.0,0.0,0.0,0.4049598111957056,0.40496
MgSO4,1.9,0.010124,0.1,0.0,0.0,0.0,0.0101239756970693,0.0101239875406245,0.0,0.0,0.0,0.0,0.0,0.0404959910776741,0.040496
MgSO4,2.04,0.010124,0.1,0.0,0.0,0.0,0.0101239755093247,0.0101239874151046,0.0,0.0,0.0,0.0,0.0,0.0404959909224052,0.040496
MgSO4,2.062,0.10124,0.1,0.0,0.0,0.0,0.1012398931717957,0.1012399341806479,0.0,0.0,0.0,0.0,0.0,0.4049598086177823,0.40496
MgSO4,2.1,0.010124,0.1,0.0,0.0,0.0,0.0101239754284549,0.0101239873609549,0.0,0.0,0.0,0.0,0.0,0.0404959908552291,0.040496
MgSO4,2.13,0.001012,0.1,0.0,0.0,0.0,0.0010119961880041,0.0010119983502701,0.0,0.0,0.0,0.0,0.0,0.0040480322378284,0.004048
MgSO4,2.529,0.10124,0.1,0.0,0.0,0.0,0.1012398902843875,0.101239932011622,0.0,0.0,0.0,0.0,0.0,0.4049598025631323,0.40496
MgSO4,2.702,0.001012,0.1,0.0,0.0,0.0,0.001011996068517,0.001011998280042,0.0,0.0,0.0,0.0,0.0,0.0040480330838572,0.004048
MgSO4,2.902,0.010124,0.1,0.0,0.0,0.0,0.0101239743236322,0.0101239866162594,0.0,0.0,0.0,0.0,0.0,0.040495989919954,0.040496
MgSO4,3.079,0.010124,0.1,0.0,0.0,0.0,0.0101239740737214,0.0101239864465594,0.0,0.0,0.0,0.0,0.0,0.0404959897039324,0.040496
MgSO4,3.26,0.010124,0.1,0.0,0.0,0.0,0.0101239738158489,0.0101239862709784,0.0,0.0,0.0,0.0,0.0,0.0404959894793318,0.040496
MgSO4,3.395,0.010124,0.1,0.0,0.0,0.0,0.0101239736219779,0.0101239861386599,0.0,0.0,0.0,0.0,0.0,0.0404959893093484,0.040496
MgSO4,3.648,0.10124,0.1,0.0,0.0,0.0,0.1012398830727888,0.1012399265479796,0.0,0.0,0.0,0.0,0.0,0.4049597873271675,0.40496
MgSO4,3.668,0.10124,0.1,0.0,0.0,0.0,0.101239882940038,0.1012399264468051,0.0,0.0,0.0,0.0,0.0,0.4049597870452255,0.40496
MgSO4,4.14,0.010124,0.1,0.0,0.0,0.0,0.0101239725281158,0.0101239853871077,0.0,0.0,0.0,0.0,0.0,0.0404959883324278,0.040496
MgSO4,4.22,0.001012,0.1,0.0,0.0,0.0,0.0010119957345181,0.001011998080005,0.0,0.0,0.0,0.0,0.0,0.0040480354031139,0.004048
MgSO4,4.352,0.010124,0.1,0.0,0.0,0.0,0.0101239722092947,0.0101239851664918,0.0,0.0,0.0,0.0,0.0,0.0404959880420797,0.040496
MgSO4,4.45,0.001012,0.1,0.0,0.0,0.0,0.0010119956816951,0.0010119980478801,0.0,0.0,0.0,0.0,0.0,0.004048035763946,0.004048
MgSO4,4.508,0.10124,0.1,0.0,0.0,0.0,0.1012398772382894,0.1012399220816057,0.0,0.0,0.0,0.0,0.0,0.4049597748869966,0.40496
MgSO4,4.62,0.10124,0.1,0.0,0.0,0.0,0.1012398764591388,0.1012399214821671,0.0,0.0,0.0,0.0,0.0,0.4049597732183168,0.40496
MgSO4,4.63,0.010124,0.1,0.0,0.0,0.0,0.0101239717860533,0.010123984872549,0.0,0.0,0.0,0.0,0.0,0.0404959876527951,0.040496
MgSO4,4.94,0.010124,0.1,0.0,0.0,0.0,0.0101239713070968,0.0101239845384573,0.0,0.0,0.0,0.0,0.0,0.0404959872070429,0.040496
MgSO4,4.996,0.10124,0.1,0.0,0.0,0.0,0.1012398738101751,0.1012399194390611,0.0,0.0,0.0,0.0,0.0,0.4049597675324201,0.40496
MgSO4,5.0,0.0249,0.1,0.0,0.0,0.0,0.0248999463533568,0.0248999684801536,0.0,0.0,0.0,0.0,0.0,0.0995999320617792,0.0996
MgSO4,5.0,0.3323,0.1,0.0,0.0,0.0,0.332299770660125,0.3322998568108964,0.0,0.0,0.0,0.0,0.0,1.3291995487530703,1.3292
MgSO4,5.0,0.6646,0.1,0.0,0.0,0.0,0.6645996958758404,0.664599822424381,0.0,0.0,0.0,0.0,0.0,2.6583994122106773,2.6584
MgSO4,5.0,0.997,0.1,0.0,0.0,0.0,0.996999646274406,0.9969998040642836,0.0,0.0,0.0,0.0,0.0,3.98799932927224,3.988
MgSO4,5.0,1.4124,0.1,0.0,0.0,0.0,1.4123995959589282,1.412399784066623,0.0,0.0,0.0,0.0,0.0,5.649599240346757,5.6496
MgSO4,5.0,1.6616,0.1,0.0,0.0,0.0,1.6615995679319795,1.661599770097297,0.0,0.0,0.0,0.0,0.0,6.6463991843439425,6.6464
MgSO4,5.14,0.10124,0.1,0.0,0.0,0.0,0.1012398727819759,0.101239918643918,0.0,0.0,0.0,0.0,0.0,0.4049597653202051,0.40496
MgSO4,5.35,0.10124,0.1,0.0,0.0,0.0,0.1012398712687577,0.1012399174715792,0.0,0.0,0.0,0.0,0.0,0.4049597620592088,0.40496
MgSO4,5.409,0.001012,0.1,0.0,0.0,0.0,0.001011995454899,0.001011997908488,0.0,0.0,0.0,0.0,0.0,0.0040480372953362,0.004048
MgSO4,5.47,0.010124,0.1,0.0,0.0,0.0,0.0101239704708507,0.0101239839515043,0.0,0.0,0.0,0.0,0.0,0.0404959864157004,0.040496
MgSO4,5.72,0.10124,0.1,0.0,0.0,0.0,0.1012398685624311,0.1012399153687171,0.0,0.0,0.0,0.0,0.0,0.4049597562117038,0.40496
MgSO4,5.81,0.010124,0.1,0.0,0.0,0.0,0.0101239699226287,0.0101239835642494,0.0,0.0,0.0,0.0,0.0,0.0404959858880557,0.040496
MgSO4,5.82,0.010124,0.1,0.0,0.0,0.0,0.0101239699063635,0.0101239835527305,0.0,0.0,0.0,0.0,0.0,0.0404959858722952,0.040496
MgSO4,5.822,0.010124,0.1,0.0,0.0,0.0,0.0101239699031095,0.0101239835504259,0.0,0.0,0.0,0.0,0.0,0.0404959858691415,0.040496
MgSO4,5.84,0.010124,0.1,0.0,0.0,0.0,0.0101239698738087,0.0101239835296705,0.0,0.0,0.0,0.0,0.0,0.0404959858407325,0.040496
MgSO4,5.842,0.010124,0.1,0.0,0.0,0.0,0.0101239698705514,0.0101239835273628,0.0,0.0,0.0,0.0,0.0,0.0404959858375731,0.040496
MgSO4,5.843,0.010124,0.1,0.0,0.0,0.0,0.0101239698689227,0.0101239835262089,0.0,0.0,0.0,0.0,0.0,0.0404959858359932,0.040496
MgSO4,6.058,0.10124,0.1,0.0,0.0,0.0,0.1012398660447081,0.101239913405412,0.0,0.0,0.0,0.0,0.0,0.4049597507543374,0.40496
MgSO4,6.39,0.010124,0.1,0.0,0.0,0.0,0.0101239689657315,0.0101239828837457,0.0,0.0,0.0,0.0,0.0,0.0404959849506278,0.040496
MgSO4,6.6,0.001012,0.1,0.0,0.0,0.0,0.0010119951580021,0.0010119977225313,0.0,0.0,0.0,0.0,0.0,0.0040480392577461,0.004048
MgSO4,6.743,0.10124,0.1,0.0,0.0,0.0,0.1012398608061596,0.1012399092994289,0.0,0.0,0.0,0.0,0.0,0.4049597393471109,0.40496
MgSO4,6.745,0.10124,0.1,0.0,0.0,0.0,0.1012398607905935,0.1012399092871867,0.0,0.0,0.0,0.0,0.0,0.4049597393131116,0.40496
MgSO4,6.775,0.010124,0.1,0.0,0.0,0.0,0.0101239683151393,0.0101239824178246,0.0,0.0,0.0,0.0,0.0,0.0404959843015648,0.040496
MgSO4,6.88,0.010124,0.1,0.0,0.0,0.0,0.0101239681355359,0.0101239822887465,0.0,0.0,0.0,0.0,0.0,0.0404959841207413,0.040496
MgSO4,6.982,0.001012,0.1,0.0,0.0,0.0,0.0010119950590642,0.0010119976597146,0.0,0.0,0.0,0.0,0.0,0.0040480399014096,0.004048
MgSO4,7.57,0.001012,0.1,0.0,0.0,0.0,0.0010119949031354,0.0010119975598759,0.0,0.0,0.0,0.0,0.0,0.004048040905713,0.004048
MgSO4,7.678,0.10124,0.1,0.0,0.0,0.0,0.1012398533524408,0.1012399034102241,0.0,0.0,0.0,0.0,0.0,0.4049597229990836,0.40496
MgSO4,8.025,0.10124,0.1,0.0,0.0,0.0,0.1012398504943412,0.101239901137973,0.0,0.0,0.0,0.0,0.0,0.4049597166953563,0.40496
MgSO4,8.29,0.010124,0.1,0.0,0.0,0.0,0.0101239656309938,0.0101239804688653,0.0,0.0,0.0,0.0,0.0,0.040495981527293,0.040496
MgSO4,8.38,0.010124,0.1,0.0,0.0,0.0,0.0101239654651243,0.0101239803470609,0.0,0.0,0.0,0.0,0.0,0.0404959813509147,0.040496
MgSO4,8.46,0.10124,0.1,0.0,0.0,0.0,0.1012398468392792,0.1012398982211539,0.0,0.0,0.0,0.0,0.0,0.404959708606416,0.40496
MgSO4,8.565,0.010124,0.1,0.0,0.0,0.0,0.0101239651218488,0.0101239800944894,0.0,0.0,0.0,0.0,0.0,0.0404959809841137,0.040496
MgSO4,8.68,0.001012,0.1,0.0,0.0,0.0,0.0010119945963863,0.0010119973605564,0.0,0.0,0.0,0.0,0.0,0.0040480428463158,0.004048
MgSO4,9.12,0.001012,0.1,0.0,0.0,0.0,0.0010119944701643,0.0010119972774483,0.0,0.0,0.0,0.0,0.0,0.0040480436317339,0.004048
MgSO4,9.139,0.010124,0.1,0.0,0.0,0.0,0.0101239640366278,0.0101239792917215,0.0,0.0,0.0,0.0,0.0,0.0404959798089689,0.040496
MgSO4,9.37,0.010124,0.1,0.0,0.0,0.0,0.0101239635911663,0.0101239789603418,0.0,0.0,0.0,0.0,0.0,0.0404959793198605,0.040496
MgSO4,9.62,0.10124,0.1,0.0,0.0,0.0,0.1012398366879849,0.1012398900581782,0.0,0.0,0.0,0.0,0.0,0.4049596859851603,0.40496
MgSO4,9.72,0.010124,0.1,0.0,0.0,0.0,0.0101239629065135,0.0101239784489561,0.0,0.0,0.0,0.0,0.0,0.0404959785606189,0.040496
MgSO4,9.76,0.001012,0.1,0.0,0.0,0.0,0.001011994281726,0.0010119971522232,0.0,0.0,0.0,0.0,0.0,0.0040480447905189,0.004048
MgSO4,9.95,0.010124,0.1,0.0,0.0,0.0,0.0101239624501495,0.0101239781067098,0.0,0.0,0.0,0.0,0.0,0.0404959780495496,0.040496
MgSO4,10.382,0.10124,0.1,0.0,0.0,0.0,0.1012398296875256,0.1012398843782748,0.0,0.0,0.0,0.0,0.0,0.4049596702579242,0.40496
MgSO4,11.041,0.001012,0.1,0.0,0.0,0.0,0.0010119938867074,0.0010119968853721,0.0,0.0,0.0,0.0,0.0,0.0040480471679443,0.004048
MgSO4,11.919,0.010124,0.1,0.0,0.0,0.0,0.010123958325665,0.0101239749657254,0.0,0.0,0.0,0.0,0.0,0.0404959732569491,0.040496
MgSO4,12.252,0.10124,0.1,0.0,0.0,0.0,0.1012398113242233,0.1012398692975484,0.0,0.0,0.0,0.0,0.0,0.4049596285445531,0.40496
MgSO4,12.31,0.010124,0.1,0.0,0.0,0.0,0.0101239574584062,0.0101239742947554,0.0,0.0,0.0,0.0,0.0,0.0404959722110138,0.040496
MgSO4,12.645,0.10124,0.1,0.0,0.0,0.0,0.1012398072409039,0.1012398659106163,0.0,0.0,0.0,0.0,0.0,0.4049596191840494,0.40496
MgSO4,12.74,0.010124,0.1,0.0,0.0,0.0,0.010123956485405,0.0101239735378198,0.0,0.0,0.0,0.0,0.0,0.0404959710224367,0.040496
MgSO4,13.06,0.001012,0.1,0.0,0.0,0.0,0.001011993212928,0.0010119964172973,0.0,0.0,0.0,0.0,0.0,0.0040480510708163,0.004048
MgSO4,13.122,0.010124,0.1,0.0,0.0,0.0,0.010123955603806,0.0101239728482687,0.0,0.0,0.0,0.0,0.0,0.0404959699319771,0.040496
MgSO4,13.3,0.010124,0.1,0.0,0.0,0.0,0.0101239551873946,0.0101239725213584,0.0,0.0,0.0,0.0,0.0,0.0404959694125095,0.040496
MgSO4,13.56,0.10124,0.1,0.0,0.0,0.0,0.1012397974173693,0.1012398577156358,0.0,0.0,0.0,0.0,0.0,0.4049595965458135,0.40496
MgSO4,13.85,0.10124,0.1,0.0,0.0,0.0,0.1012397942091788,0.1012398550254533,0.0,0.0,0.0,0.0,0.0,0.4049595891172929,0.40496
MgSO4,14.06,0.10124,0.1,0.0,0.0,0.0,0.101239791856925,0.1012398530487984,0.0,0.0,0.0,0.0,0.0,0.4049595836599513,0.40496
MgSO4,14.123,0.10124,0.1,0.0,0.0,0.0,0.1012397911464442,0.1012398524510731,0.0,0.0,0.0,0.0,0.0,0.4049595820098366,0.40496
MgSO4,14.193,0.10124,0.1,0.0,0.0,0.0,0.1012397903544067,0.1012398517843588,0.0,0.0,0.0,0.0,0.0,0.4049595801693449,0.40496
MgSO4,20.0,0.0249,0.1,0.0,0.0,0.0,0.0248998805369871,0.024899914604539,0.0,0.0,0.0,0.0,0.0,0.0995998074564477,0.0996
MgSO4,20.0,0.3323,0.1,0.0,0.0,0.0,0.3322994767859849,0.3322996203922846,0.0,0.0,0.0,0.0,0.0,1.329198852067403,1.3292
MgSO4,20.0,0.6646,0.1,0.0,0.0,0.0,0.6645993060181472,0.6645995257498655,0.0,0.0,0.0,0.0,0.0,2.658398507659544,2.6584
MgSO4,20.0,0.997,0.1,0.0,0.0,0.0,0.9969991932028888,0.9969994735616456,0.0,0.0,0.0,0.0,0.0,3.987998298471858,3.988
MgSO4,20.0,1.4124,0.1,0.0,0.0,0.0,1.412399078381797,1.4123994181640498,0.0,0.0,0.0,0.0,0.0,5.649598077263901,5.6496
MgSO4,20.0,1.6616,0.1,0.0,0.0,0.0,1.6615990140819,1.661599381324733,0.0,0.0,0.0,0.0,0.0,6.646397940333212,6.6464
MgSO4,24.850000000000023,0.005,0.1,0.0,0.0,0.0,0.0049999527735823,0.0049999674196619,0.0,0.0,0.0,0.0,0.0,0.0199999974101215,0.02
MgSO4,24.850000000000023,0.005,98.1,0.0,0.0,0.0,0.0049999637740584,0.004999974266817,0.0,0.0,0.0,0.0,0.0,0.0200000752351644,0.02
MgSO4,24.850000000000023,0.005,196.1,0.0,0.0,0.0,0.0049999624494168,0.0049999686919897,0.0,0.0,0.0,0.0,0.0,0.0200001174134944,0.02
MgSO4,24.850000000000023,0.005,294.2,0.0,0.0,0.0,0.0049999560295751,0.0049999548763318,0.0,0.0,0.0,0.0,0.0,0.0200001355816322,0.02
MgSO4,24.850000000000023,0.005,392.3,0.0,0.0,0.0,0.0049999483756875,0.0049999339796195,0.0,0.0,0.0,0.0,0.0,0.0200001194055292,0.02
MgSO4,24.850000000000023,0.005,490.3,0.0,0.0,0.0,0.004999944122955,0.0049999116659577,0.0,0.0,0.0,0.0,0.0,0.0200000658838339,0.02
MgSO4,24.850000000000023,0.005,588.4,0.0,0.0,0.0,0.0049999451155451,0.0049998950702408,0.0,0.0,0.0,0.0,0.0,0.0199999961259194,0.02
MgSO4,24.850000000000023,0.005,686.5,0.0,0.0,0.0,0.0049999487594486,0.0049998852847979,0.0,0.0,0.0,0.0,0.0,0.0199999345997036,0.02
MgSO4,24.850000000000023,0.005,784.6,0.0,0.0,0.0,0.004999951885218,0.0049998785586153,0.0,0.0,0.0,0.0,0.0,0.0199998877117404,0.02
MgSO4,24.850000000000023,0.01,0.1,0.0,0.0,0.0,0.0099999196950783,0.0099999422696644,0.0,0.0,0.0,0.0,0.0,0.0399999173341244,0.04
MgSO4,24.850000000000023,0.01,98.1,0.0,0.0,0.0,0.0099999373046041,0.0099999545980195,0.0,0.0,0.0,0.0,0.0,0.0400000157466302,0.04
MgSO4,24.850000000000023,0.01,196.1,0.0,0.0,0.0,0.0099999341211047,0.0099999449331019,0.0,0.0,0.0,0.0,0.0,0.0400000514554204,0.04
MgSO4,24.850000000000023,0.01,294.2,0.0,0.0,0.0,0.0099999219836133,0.0099999210866127,0.0,0.0,0.0,0.0,0.0,0.040000048337465,0.04
MgSO4,24.850000000000023,0.01,392.3,0.0,0.0,0.0,0.0099999075496357,0.0099998859605968,0.0,0.0,0.0,0.0,0.0,0.0400000023617076,0.04
MgSO4,24.850000000000023,0.01,490.3,0.0,0.0,0.0,0.0099998993160465,0.0099998506413234,0.0,0.0,0.0,0.0,0.0,0.0399999238680453,0.04
MgSO4,24.850000000000023,0.01,588.4,0.0,0.0,0.0,0.0099999010133903,0.0099998278748338,0.0,0.0,0.0,0.0,0.0,0.0399998453714406,0.04
MgSO4,24.850000000000023,0.01,686.5,0.0,0.0,0.0,0.0099999082202726,0.0099998186057004,0.0,0.0,0.0,0.0,0.0,0.039999789143512,0.04
MgSO4,24.850000000000023,0.01,784.6,0.0,0.0,0.0,0.0099999152744211,0.0099998154096913,0.0,0.0,0.0,0.0,0.0,0.0399997528688348,0.04
MgSO4,25.0,0.0249,0.1,0.0,0.0,0.0,0.0248998455633355,0.0248998831557331,0.0,0.0,0.0,0.0,0.0,0.0995997327019458,0.0996
MgSO4,25.0,0.3323,0.1,0.0,0.0,0.0,0.3322993203400051,0.3322994856461908,0.0,0.0,0.0,0.0,0.0,1.329198460199852,1.3292
MgSO4,25.0,0.6646,0.1,0.0,0.0,0.0,0.6645990997077208,0.6645993568971766,0.0,0.0,0.0,0.0,0.0,2.6583980021594664,2.6584
MgSO4,25.0,0.997,0.1,0.0,0.0,0.0,0.9969989545551622,0.996999285641097,0.0,0.0,0.0,0.0,0.0,3.987997724974665,3.988
MgSO4,25.0,1.4124,0.1,0.0,0.0,0.0,1.412398806946888,1.412399210729116,0.0,0.0,0.0,0.0,0.0,5.649597433742086,5.6496
MgSO4,25.0,1.6616,0.1,0.0,0.0,0.0,1.661598724229694,1.661599161599107,0.0,0.0,0.0,0.0,0.0,6.646397254557379,6.6464
MgSO4,49.85000000000002,0.005,0.1,0.0,0.0,0.0,0.0049998441098053,0.0049998537270631,0.0,0.0,0.0,0.0,0.0,0.0199998209645459,0.02
MgSO4,49.85000000000002,0.005,98.1,0.0,0.0,0.0,0.0049998906249525,0.004999895421068,0.0,0.0,0.0,0.0,0.0,0.0200000859017162,0.02
MgSO4,49.85000000000002,0.005,196.1,0.0,0.0,0.0,0.0049999057593854,0.0049999074543808,0.0,0.0,0.0,0.0,0.0,0.0200003176757313,0.02
MgSO4,49.85000000000002,0.005,294.2,0.0,0.0,0.0,0.0049999112719312,0.0049999104911241,0.0,0.0,0.0,0.0,0.0,0.0200005940848367,0.02
MgSO4,49.85000000000002,0.005,392.3,0.0,0.0,0.0,0.0049999147069562,0.0049999117222942,0.0,0.0,0.0,0.0,0.0,0.0200009345474934,0.02
MgSO4,49.85000000000002,0.005,490.3,0.0,0.0,0.0,0.0049999207249048,0.0049999159311054,0.0,0.0,0.0,0.0,0.0,0.0200013079740147,0.02
MgSO4,49.85000000000002,0.005,588.4,0.0,0.0,0.0,0.0049999315747168,0.0049999257250161,0.0,0.0,0.0,0.0,0.0,0.0200016344415598,0.02
MgSO4,49.85000000000002,0.005,686.5,0.0,0.0,0.0,0.0049999459326845,0.004999939971135,0.0,0.0,0.0,0.0,0.0,0.0200018352999275,0.02
MgSO4,49.85000000000002,0.005,784.6,0.0,0.0,0.0,0.0049999603436015,0.0049999549903518,0.0,0.0,0.0,0.0,0.0,0.0200018991951732,0.02
MgSO4,49.85000000000002,0.01,0.1,0.0,0.0,0.0,0.0099997313916449,0.0099997471205608,0.0,0.0,0.0,0.0,0.0,0.0399995092575482,0.04
MgSO4,49.85000000000002,0.01,98.1,0.0,0.0,0.0,0.0099998092412292,0.009999818624427,0.0,0.0,0.0,0.0,0.0,0.0399998729330254,0.04
MgSO4,49.85000000000002,0.01,196.1,0.0,0.0,0.0,0.0099998342120591,0.0099998389596453,0.0,0.0,0.0,0.0,0.0,0.0400001418683462,0.04
MgSO4,49.85000000000002,0.01,294.2,0.0,0.0,0.0,0.0099998430170348,0.0099998438071859,0.0,0.0,0.0,0.0,0.0,0.0400004395594945,0.04
MgSO4,49.85000000000002,0.01,392.3,0.0,0.0,0.0,0.0099998486723655,0.009999845768753,0.0,0.0,0.0,0.0,0.0,0.0400008020018119,0.04
MgSO4,49.85000000000002,0.01,490.3,0.0,0.0,0.0,0.009999859423712,0.0099998533211695,0.0,0.0,0.0,0.0,0.0,0.0400012076645133,0.04
MgSO4,49.85000000000002,0.01,588.4,0.0,0.0,0.0,0.0099998791923986,0.0099998710221321,0.0,0.0,0.0,0.0,0.0,0.0400015788560545,0.04
MgSO4,49.85000000000002,0.01,686.5,0.0,0.0,0.0,0.0099999053582488,0.009999896660387,0.0,0.0,0.0,0.0,0.0,0.0400018301415856,0.04
MgSO4,49.85000000000002,0.01,784.6,0.0,0.0,0.0,0.0099999314753254,0.0099999235034582,0.0,0.0,0.0,0.0,0.0,0.040001940565915,0.04
MgSO4,74.85000000000002,0.005,0.1,0.0,0.0,0.0,0.0049995220242348,0.0049994513729891,0.0,0.0,0.0,0.0,0.0,0.019998997378789,0.02
MgSO4,74.85000000000002,0.005,98.1,0.0,0.0,0.0,0.0049996884232724,0.004999618004228,0.0,0.0,0.0,0.0,0.0,0.0199997667362339,0.02
MgSO4,74.85000000000002,0.005,196.1,0.0,0.0,0.0,0.004999759541221,0.0049997049324889,0.0,0.0,0.0,0.0,0.0,0.020000442320773,0.02
MgSO4,74.85000000000002,0.005,294.2,0.0,0.0,0.0,0.0049997950345501,0.0049997603114643,0.0,0.0,0.0,0.0,0.0,0.0200012865883813,0.02
MgSO4,74.85000000000002,0.005,392.3,0.0,0.0,0.0,0.0049998083416141,0.004999792913584,0.0,0.0,0.0,0.0,0.0,0.0200025837194391,0.02
MgSO4,74.85000000000002,0.005,490.3,0.0,0.0,0.0,0.0049997923249629,0.0049997964117808,0.0,0.0,0.0,0.0,0.0,0.0200051399674752,0.02
MgSO4,74.85000000000002,0.005,588.4,0.0,0.0,0.0,0.0049996817593198,0.0049997200489353,0.0,0.0,0.0,0.0,0.0,0.0200132613533835,0.02
MgSO4,74.85000000000002,0.005,686.5,0.0,0.0,0.0,0.0049982019017433,0.0049985905032073,0.0,0.0,0.0,0.0,0.0,0.0201170172295616,0.02
MgSO4,74.85000000000002,0.005,784.6,0.0,0.0,0.0,5.261505606158213e-15,5.261505606158213e-15,0.0,0.0,0.0,0.0,0.0,2864.956486544301,0.02
MgSO4,74.85000000000002,0.01,0.1,0.0,0.0,0.0,0.0099991657113187,0.0099990777434756,0.0,0.0,0.0,0.0,0.0,0.0399979386719409,0.04
MgSO4,74.85000000000002,0.01,98.1,0.0,0.0,0.0,0.0099994502027638,0.0099993532444796,0.0,0.0,0.0,0.0,0.0,0.0399990635464698,0.04
MgSO4,74.85000000000002,0.01,196.1,0.0,0.0,0.0,0.0099995746101659,0.0099994946009409,0.0,0.0,0.0,0.0,0.0,0.039999924441969,0.04
MgSO4,74.85000000000002,0.01,294.2,0.0,0.0,0.0,0.0099996367513909,0.0099995848359692,0.0,0.0,0.0,0.0,0.0,0.0400008981306826,0.04
MgSO4,74.85000000000002,0.01,392.3,0.0,0.0,0.0,0.0099996587932114,0.0099996375596632,0.0,0.0,0.0,0.0,0.0,0.0400022994344004,0.04
MgSO4,74.85000000000002,0.01,490.3,0.0,0.0,0.0,0.0099996269741294,0.0099996394927714,0.0,0.0,0.0,0.0,0.0,0.0400049460339198,0.04
MgSO4,74.85000000000002,0.01,588.4,0.0,0.0,0.0,0.0099994195348989,0.009999496096448,0.0,0.0,0.0,0.0,0.0,0.0400131553261609,0.04
MgSO4,74.85000000000002,0.01,686.5,0.0,0.0,0.0,0.0099966308860215,0.009997393132078,0.0,0.0,0.0,0.0,0.0,0.0401169484651614,0.04
MgSO4,74.85000000000002,0.01,784.6,0.0,0.0,0.0,5.020218093784816e-15,5.020218093784816e-15,0.0,0.0,0.0,0.0,0.0,2731.0269170652846,0.04
MgSO4,99.85000000000002,0.005,0.1,0.0,0.0,0.0,0.0049986024635366,0.0049982439597546,0.0,0.0,0.0,0.0,0.0,0.0199961965562733,0.02
MgSO4,99.85000000000002,0.005,98.1,0.0,0.0,0.0,0.00499914988052,0.0049987755013528,0.0,0.0,0.0,0.0,0.0,0.0199982799392322,0.02
MgSO4,99.85000000000002,0.005,196.1,0.0,0.0,0.0,0.0049993997656783,0.0049990944491591,0.0,0.0,0.0,0.0,0.0,0.0199999227170433,0.02
MgSO4,99.85000000000002,0.005,294.2,0.0,0.0,0.0,0.0049995232137276,0.0049993156567187,0.0,0.0,0.0,0.0,0.0,0.0200018084734987,0.02
MgSO4,99.85000000000002,0.005,392.3,0.0,0.0,0.0,0.0049995581706677,0.0049994365599529,0.0,0.0,0.0,0.0,0.0,0.0200048093063989,0.02
MgSO4,99.85000000000002,0.005,490.3,0.0,0.0,0.0,0.0049994133252557,0.0049993607108228,0.0,0.0,0.0,0.0,0.0,0.0200133185990604,0.02
MgSO4,99.85000000000002,0.005,588.4,0.0,0.0,0.0,0.0049951964500175,0.0049956205712514,0.0,0.0,0.0,0.0,0.0,0.020192669654714,0.02
MgSO4,99.85000000000002,0.01,0.1,0.0,0.0,0.0,0.0099975487857868,0.0099971152616565,0.0,0.0,0.0,0.0,0.0,0.0399929939711932,0.04
MgSO4,99.85000000000002,0.01,98.1,0.0,0.0,0.0,0.0099984804633072,0.0099979829006259,0.0,0.0,0.0,0.0,0.0,0.0399961869452907,0.04
MgSO4,99.85000000000002,0.01,196.1,0.0,0.0,0.0,0.0099989264276666,0.0099984841611284,0.0,0.0,0.0,0.0,0.0,0.0399984398600701,0.04
MgSO4,99.85000000000002,0.01,294.2,0.0,0.0,0.0,0.0099991503919186,0.0099988307225599,0.0,0.0,0.0,0.0,0.0,0.0400007357565799,0.04
MgSO4,99.85000000000002,0.01,392.3,0.0,0.0,0.0,0.009999210149727,0.0099990177560148,0.0,0.0,0.0,0.0,0.0,0.0400040075393848,0.04
MgSO4,99.85000000000002,0.01,490.3,0.0,0.0,0.0,0.009998934901516,0.0099988588208117,0.0,0.0,0.0,0.0,0.0,0.0400125662717306,0.04
MgSO4,99.85000000000002,0.01,588.4,0.0,0.0,0.0,0.0099909549802377,0.0099918637555027,0.0,0.0,0.0,0.0,0.0,0.0401873900855291,0.04
MgSO4,124.85000000000002,0.005,0.1,0.0,0.0,0.0,0.0049960806635903,0.0049950625184219,0.0,0.0,0.0,0.0,0.0,0.0199881807411856,0.02
MgSO4,124.85000000000002,0.005,98.1,0.0,0.0,0.0,0.0049977453283617,0.0049965667928051,0.0,0.0,0.0,0.0,0.0,0.0199936516372391,0.02
MgSO4,124.85000000000002,0.005,196.1,0.0,0.0,0.0,0.0049985271836957,0.0049974541481153,0.0,0.0,0.0,0.0,0.0,0.0199973536117645,0.02
MgSO4,124.85000000000002,0.005,294.2,0.0,0.0,0.0,0.0049989181198302,0.0049981131969284,0.0,0.0,0.0,0.0,0.0,0.0200010416965158,0.02
MgSO4,124.85000000000002,0.005,392.3,0.0,0.0,0.0,0.0049990678827249,0.0049985338762235,0.0,0.0,0.0,0.0,0.0,0.0200061549438601,0.02
MgSO4,124.85000000000002,0.005,490.3,0.0,0.0,0.0,0.0049988802399492,0.0049985208620108,0.0,0.0,0.0,0.0,0.0,0.0200186494942152,0.02
MgSO4,124.85000000000002,0.005,588.4,0.0,0.0,0.0,0.0049940440763443,0.0049936347394322,0.0,0.0,0.0,0.0,0.0,0.0201939823362825,0.02
MgSO4,124.85000000000002,0.01,0.1,0.0,0.0,0.0,0.0099931785452248,0.009991995335036,0.0,0.0,0.0,0.0,0.0,0.0399793546844551,0.04
MgSO4,124.85000000000002,0.01,98.1,0.0,0.0,0.0,0.0099959472311941,0.0099944657944817,0.0,0.0,0.0,0.0,0.0,0.0399879895990425,0.04
MgSO4,124.85000000000002,0.01,196.1,0.0,0.0,0.0,0.009997329082541,0.0099958525057112,0.0,0.0,0.0,0.0,0.0,0.0399934097763482,0.04
MgSO4,124.85000000000002,0.01,294.2,0.0,0.0,0.0,0.0099980514028855,0.0099968474266083,0.0,0.0,0.0,0.0,0.0,0.0399982044779508,0.04
MgSO4,124.85000000000002,0.01,392.3,0.0,0.0,0.0,0.0099983277095675,0.0099974800433701,0.0,0.0,0.0,0.0,0.0,0.0400040355883005,0.04
MgSO4,124.85000000000002,0.01,490.3,0.0,0.0,0.0,0.0099979696992203,0.0099973826181902,0.0,0.0,0.0,0.0,0.0,0.0400167107991769,0.04
MgSO4,124.85000000000002,0.01,588.4,0.0,0.0,0.0,0.0099888306192638,0.0099882553359872,0.0,0.0,0.0,0.0,0.0,0.0401856435916147,0.04
MgSO4,149.85000000000002,0.005,0.1,0.0,0.0,0.0,0.0049895428237768,0.004987390649183,0.0,0.0,0.0,0.0,0.0,0.0199675720469428,0.02
MgSO4,149.85000000000002,0.005,98.1,0.0,0.0,0.0,0.0049942026652001,0.0049914462987987,0.0,0.0,0.0,0.0,0.0,0.019981699900189,0.02
MgSO4,149.85000000000002,0.005,196.1,0.0,0.0,0.0,0.0049964090749124,0.0049935818689442,0.0,0.0,0.0,0.0,0.0,0.0199898209314403,0.02
MgSO4,149.85000000000002,0.005,294.2,0.0,0.0,0.0,0.0049975825580995,0.0049952112488563,0.0,0.0,0.0,0.0,0.0,0.0199967606586494,0.02
MgSO4,149.85000000000002,0.005,392.3,0.0,0.0,0.0,0.0049981893039575,0.0049965340878009,0.0,0.0,0.0,0.0,0.0,0.0200045882998834,0.02
MgSO4,149.85000000000002,0.005,490.3,0.0,0.0,0.0,0.0049984435785493,0.0049974349106975,0.0,0.0,0.0,0.0,0.0,0.0200161781901783,0.02
MgSO4,149.85000000000002,0.005,588.4,0.0,0.0,0.0,0.0049983089749152,0.0049977552651429,0.0,0.0,0.0,0.0,0.0,0.020042360760796,0.02
MgSO4,149.85000000000002,0.005,686.5,0.0,0.0,0.0,0.0049964316985642,0.0049963046843018,0.0,0.0,0.0,0.0,0.0,0.0201824118662821,0.02
MgSO4,149.85000000000002,0.005,784.6,0.0,0.0,0.0,0.0041566210915935,0.0044002671123738,0.0,0.0,0.0,0.0,0.0,0.1538199447151104,0.02
MgSO4,149.85000000000002,0.01,0.1,0.0,0.0,0.0,0.0099821144906383,0.009979681878504,0.0,0.0,0.0,0.0,0.0,0.0399450727807468,0.04
MgSO4,149.85000000000002,0.01,98.1,0.0,0.0,0.0,0.0099896519342295,0.0099863498092718,0.0,0.0,0.0,0.0,0.0,0.0399675487055001,0.04
MgSO4,149.85000000000002,0.01,196.1,0.0,0.0,0.0,0.0099934358357212,0.0099897723035808,0.0,0.0,0.0,0.0,0.0,0.0399800911849416,0.04
MgSO4,149.85000000000002,0.01,294.2,0.0,0.0,0.0,0.0099955850501349,0.009992225141489,0.0,0.0,0.0,0.0,0.0,0.0399898690667199,0.04
MgSO4,149.85000000000002,0.01,392.3,0.0,0.0,0.0,0.0099967364117834,0.0099941979157053,0.0,0.0,0.0,0.0,0.0,0.039999731653593,0.04
MgSO4,149.85000000000002,0.01,490.3,0.0,0.0,0.0,0.0099972132566681,0.0099955834942798,0.0,0.0,0.0,0.0,0.0,0.0400128895890821,0.04
MgSO4,149.85000000000002,0.01,588.4,0.0,0.0,0.0,0.0099969513896951,0.0099960408463064,0.0,0.0,0.0,0.0,0.0,0.0400403175298712,0.04
MgSO4,149.85000000000002,0.01,686.5,0.0,0.0,0.0,0.0099934254934658,0.0099932967736819,0.0,0.0,0.0,0.0,0.0,0.0401817488469936,0.04
MgSO4,149.85000000000002,0.01,784.6,0.0,0.0,0.0,0.0083091621515974,0.0088080776095496,0.0,0.0,0.0,0.0,0.0,0.1726261382458809,0.04
NH4Cl,-10.0,0.187,0.1,0.0,0.1870000000009306,0.0,0.0,0.0,0.1869975477238225,0.0,0.0,0.0,0.0,0.1870000002771513,0.187
NH4Cl,-10.0,0.9348,0.1,0.0,0.9348000000024927,0.0,0.0,0.0,0.934794212661474,0.0,0.0,0.0,0.0,0.9348000001505172,0.9348
NH4Cl,-10.0,1.4021,0.1,0.0,1.402100000003023,0.0,0.0,0.0,1.4020924952384806,0.0,0.0,0.0,0.0,1.4021000001227018,1.4021
NH4Cl,-10.0,1.8005,0.1,0.0,1.8005000000033249,0.0,0.0,0.0,1.8004910279770785,0.0,0.0,0.0,0.0,1.8005000001058282,1.8005
NH4Cl,-6.0,0.187,0.1,0.0,0.1870000000012055,0.0,0.0,0.0,0.1869970645330216,0.0,0.0,0.0,0.0,0.1870000003590516,0.187
NH4Cl,-6.0,0.9348,0.1,0.0,0.9348000000032316,0.0,0.0,0.0,0.934793071084115,0.0,0.0,0.0,0.0,0.9348000001951148,0.9348
NH4Cl,-6.0,1.4021,0.1,0.0,1.4021000000039183,0.0,0.0,0.0,1.4020910125624375,0.0,0.0,0.0,0.0,1.402100000159043,1.4021
NH4Cl,-6.0,1.8005,0.1,0.0,1.8005000000043092,0.0,0.0,0.0,1.800489252736304,0.0,0.0,0.0,0.0,1.8005000001371505,1.8005
NH4Cl,-3.0,0.187,0.1,0.0,0.1870000000014501,0.0,0.0,0.0,0.1869966527488065,0.0,0.0,0.0,0.0,0.1870000004318768,0.187
NH4Cl,-3.0,0.9348,0.1,0.0,0.934800000003889,0.0,0.0,0.0,0.93479209794874,0.0,0.0,0.0,0.0,0.934800000234806,0.9348
NH4Cl,-3.0,1.4021,0.1,0.0,1.402100000004715,0.0,0.0,0.0,1.4020897482172252,0.0,0.0,0.0,0.0,1.4021000001913833,1.4021
NH4Cl,-3.0,1.8005,0.1,0.0,1.8005000000051847,0.0,0.0,0.0,1.800487738403583,0.0,0.0,0.0,0.0,1.800500000165019,1.8005
NH4Cl,-1.0,0.187,0.1,0.0,0.187000000001633,0.0,0.0,0.0,0.1869963526894464,0.0,0.0,0.0,0.0,0.1870000004863699,0.187
NH4Cl,-1.0,0.9348,0.1,0.0,0.9348000000043812,0.0,0.0,0.0,0.9347913887010452,0.0,0.0,0.0,0.0,0.9348000002645258,0.9348
NH4Cl,-1.0,1.4021,0.1,0.0,1.4021000000053117,0.0,0.0,0.0,1.402088826488207,0.0,0.0,0.0,0.0,1.4021000002155972,1.4021
NH4Cl,-1.0,1.8005,0.1,0.0,1.80050000000584,0.0,0.0,0.0,1.8004866341553858,0.0,0.0,0.0,0.0,1.8005000001858822,1.8005
NH4Cl,5.0,0.000977,0.1,0.0,0.0009770000000991,0.0,0.0,0.0,0.0009766538845944,0.0,0.0,0.0,0.0,0.0009770056311645,0.000977
NH4Cl,5.0,0.00965,0.1,0.0,0.0096500000003555,0.0,0.0,0.0,0.0096489098369123,0.0,0.0,0.0,0.0,0.009650002045328,0.00965
NH4Cl,5.0,0.09765,0.1,0.0,0.0976500000014941,0.0,0.0,0.0,0.0976465983045027,0.0,0.0,0.0,0.0,0.0976500008508112,0.09765
NH4Cl,5.0,0.187,0.1,0.0,0.1870000000022879,0.0,0.0,0.0,0.1869953173446173,0.0,0.0,0.0,0.0,0.1870000006814072,0.187
NH4Cl,5.0,0.4735,0.1,0.0,0.4735000000041546,0.0,0.0,0.0,0.4734924732426147,0.0,0.0,0.0,0.0,0.473500000491177,0.4735
NH4Cl,5.0,0.9348,0.1,0.0,0.934800000006145,0.0,0.0,0.0,0.9347889406147992,0.0,0.0,0.0,0.0,0.9348000003710222,0.9348
NH4Cl,5.0,1.034,0.1,0.0,1.0340000000064706,0.0,0.0,0.0,1.0339882325421617,0.0,0.0,0.0,0.0,1.0340000003538097,1.034
NH4Cl,5.0,1.4021,0.1,0.0,1.402100000007449,0.0,0.0,0.0,1.4020856435562064,0.0,0.0,0.0,0.0,1.4021000003023552,1.4021
NH4Cl,5.0,1.8005,0.1,0.0,1.800500000008188,0.0,0.0,0.0,1.8004828193073643,0.0,0.0,0.0,0.0,1.8005000002606175,1.8005
NH4Cl,10.0,0.000977,0.1,0.0,0.0009770000001281,0.0,0.0,0.0,0.0009765773815854,0.0,0.0,0.0,0.0,0.0009770072791043,0.000977
NH4Cl,10.0,0.00965,0.1,0.0,0.0096500000004601,0.0,0.0,0.0,0.0096486683640506,0.0,0.0,0.0,0.0,0.0096500026472338,0.00965
NH4Cl,10.0,0.09765,0.1,0.0,0.0976500000019375,0.0,0.0,0.0,0.0976458455407788,0.0,0.0,0.0,0.0,0.0976500011032588,0.09765
NH4Cl,10.0,0.4735,0.1,0.0,0.4735000000053949,0.0,0.0,0.0,0.4734908081732563,0.0,0.0,0.0,0.0,0.4735000006378173,0.4735
NH4Cl,10.0,1.034,0.1,0.0,1.0340000000084044,0.0,0.0,0.0,1.0339856241365144,0.0,0.0,0.0,0.0,1.034000000459555,1.034
NH4Cl,20.0,0.187,0.1,0.0,0.1870000000047551,0.0,0.0,0.0,0.186991651276001,0.0,0.0,0.0,0.0,0.1870000014162013,0.187
NH4Cl,20.0,0.9348,0.1,0.0,0.9348000000128142,0.0,0.0,0.0,0.9347802632196808,0.0,0.0,0.0,0.0,0.9348000007737008,0.9348
NH4Cl,20.0,1.4021,0.1,0.0,1.4021000000155288,0.0,0.0,0.0,1.4020743464399088,0.0,0.0,0.0,0.0,1.4021000006303006,1.4021
NH4Cl,20.0,1.8005,0.1,0.0,1.800500000017058,0.0,0.0,0.0,1.8004692621500038,0.0,0.0,0.0,0.0,1.8005000005429237,1.8005
NH4Cl,25.0,0.000977,0.1,0.0,0.0009770000002509,0.0,0.0,0.0,0.0009762618199978,0.0,0.0,0.0,0.0,0.0009770142551425,0.000977
NH4Cl,25.0,0.00965,0.1,0.0,0.0096500000009045,0.0,0.0,0.0,0.0096476721353136,0.0,0.0,0.0,0.0,0.0096500052037247,0.00965
NH4Cl,25.0,0.09765,0.1,0.0,0.0976500000038326,0.0,0.0,0.0,0.0976427419281153,0.0,0.0,0.0,0.0,0.097650002182365,0.09765
NH4Cl,25.0,0.187,0.1,0.0,0.187000000005885,0.0,0.0,0.0,0.1869900119243518,0.0,0.0,0.0,0.0,0.1870000017527057,0.187
NH4Cl,25.0,0.4735,0.1,0.0,0.4735000000107233,0.0,0.0,0.0,0.473483944211209,0.0,0.0,0.0,0.0,0.4735000012677692,0.4735
NH4Cl,25.0,0.9348,0.1,0.0,0.9348000000158794,0.0,0.0,0.0,0.9347763791598364,0.0,0.0,0.0,0.0,0.9348000009587576,0.9348
NH4Cl,25.0,1.034,0.1,0.0,1.03400000001672,0.0,0.0,0.0,1.0339748581757924,0.0,0.0,0.0,0.0,1.0340000009142702,1.034
NH4Cl,25.0,1.4021,0.1,0.0,1.4021000000192414,0.0,0.0,0.0,1.402069283390715,0.0,0.0,0.0,0.0,1.4021000007809707,1.4021
NH4Cl,25.0,1.8005,0.1,0.0,1.8005000000211304,0.0,0.0,0.0,1.8004631788995134,0.0,0.0,0.0,0.0,1.800500000672541,1.8005
NH4Cl,35.0,0.000977,0.1,0.0,0.0009770000003662,0.0,0.0,0.0,0.0009759621587863,0.0,0.0,0.0,0.0,0.0009770208084704,0.000977
NH4Cl,35.0,0.00965,0.1,0.0,0.0096500000013236,0.0,0.0,0.0,0.0096467262225045,0.0,0.0,0.0,0.0,0.0096500076145942,0.00965
NH4Cl,35.0,0.09765,0.1,0.0,0.0976500000056347,0.0,0.0,0.0,0.0976397976289853,0.0,0.0,0.0,0.0,0.0976500032085453,0.09765
NH4Cl,35.0,0.4735,0.1,0.0,0.4735000000158236,0.0,0.0,0.0,0.4734774338633561,0.0,0.0,0.0,0.0,0.4735000018707596,0.4735
NH4Cl,35.0,1.034,0.1,0.0,1.0340000000246905,0.0,0.0,0.0,1.0339646306321355,0.0,0.0,0.0,0.0,1.03400000135009,1.034
NH4Cl,45.0,0.000977,0.1,0.0,0.0009770000005101,0.0,0.0,0.0,0.0009755728165004,0.0,0.0,0.0,0.0,0.0009770289813449,0.000977
NH4Cl,45.0,0.00965,0.1,0.0,0.0096500000018479,0.0,0.0,0.0,0.0096454976571825,0.0,0.0,0.0,0.0,0.009650010631045,0.00965
NH4Cl,45.0,0.09765,0.1,0.0,0.0976500000079073,0.0,0.0,0.0,0.0976359766418644,0.0,0.0,0.0,0.0,0.0976500045026249,0.09765
NH4Cl,45.0,0.4735,0.1,0.0,0.4735000000222955,0.0,0.0,0.0,0.4734689865165608,0.0,0.0,0.0,0.0,0.4735000026358925,0.4735
NH4Cl,45.0,1.034,0.1,0.0,1.0340000000348162,0.0,0.0,0.0,1.0339513408467311,0.0,0.0,0.0,0.0,1.034000001903784,1.034
NH4Cl,70.0,0.000977,0.1,0.0,0.0009770000009867,0.0,0.0,0.0,0.0009740912036044,0.0,0.0,0.0,0.0,0.0009770560633368,0.000977
NH4Cl,70.0,0.00965,0.1,0.0,0.0096500000035965,0.0,0.0,0.0,0.0096408269913326,0.0,0.0,0.0,0.0,0.0096500206904891,0.00965
NH4Cl,70.0,0.09765,0.1,0.0,0.0976500000156165,0.0,0.0,0.0,0.097621475268748,0.0,0.0,0.0,0.0,0.0976500088923627,0.09765
NH4Cl,70.0,0.4735,0.1,0.0,0.4735000000445464,0.0,0.0,0.0,0.4734369392054819,0.0,0.0,0.0,0.0,0.4735000052665168,0.4735
NH4Cl,70.0,1.034,0.1,0.0,1.0340000000697238,0.0,0.0,0.0,1.033900767698879,0.0,0.0,0.0,0.0,1.0340000038125663,1.034
NH4Cl,90.0,0.000977,0.1,0.0,0.0009770000014556,0.0,0.0,0.0,0.0009722247342967,0.0,0.0,0.0,0.0,0.0009770826988753,0.000977
NH4Cl,90.0,0.00965,0.1,0.0,0.0096500000053322,0.0,0.0,0.0,0.0096349501174055,0.0,0.0,0.0,0.0,0.0096500306762496,0.00965
NH4Cl,90.0,0.09765,0.1,0.0,0.0976500000234707,0.0,0.0,0.0,0.0976032713334243,0.0,0.0,0.0,0.0,0.097650013364712,0.09765
NH4Cl,90.0,0.4735,0.1,0.0,0.4735000000676821,0.0,0.0,0.0,0.4733967300033093,0.0,0.0,0.0,0.0,0.4735000080017532,0.4735
NH4Cl,90.0,1.034,0.1,0.0,1.034000000106165,0.0,0.0,0.0,1.0338370443037923,0.0,0.0,0.0,0.0,1.0340000058052303,1.034
Na2SO4,5.0,0.0001,0.1,0.0,0.0,0.000200000000159,0.0,9.99997724749137e-05,0.0,0.0,0.0,0.0,0.0,0.0003000436878454,0.0003
Na2SO4,5.0,0.001,0.1,0.0,0.0,0.0020000000016887,0.0,0.0009999980195919,0.0,0.0,0.0,0.0,0.0,0.0030000429071247,0.003
Na2SO4,5.0,0.01,0.1,0.0,0.0,0.0200000000209927,0.0,0.0099999870835892,0.0,0.0,0.0,0.0,0.0,0.0300000324378344,0.03
Na2SO4,5.0,0.1001,0.1,0.0,0.0,0.2002000003403627,0.0,0.1000999522549959,0.0,0.0,0.0,0.0,0.0,0.3002999990458533,0.3003
Na2SO4,5.0,0.1989,0.1,0.0,0.0,0.3978000007956227,0.0,0.1988999378829035,0.0,0.0,0.0,0.0,0.0,0.5966999871780296,0.5967
Na2SO4,5.0,0.4999,0.1,0.0,0.0,0.9998000024003688,0.0,0.4998999204528698,0.0,0.0,0.0,0.0,0.0,1.4996999753667617,1.4997
Na2SO4,5.0,0.5,0.1,0.0,0.0,1.0000000024009237,0.0,0.4999999204497785,0.0,0.0,0.0,0.0,0.0,1.499999975365002,1.5
Na2SO4,5.0,0.75,0.1,0.0,0.0,1.5000000037896644,0.0,0.7499999151419127,0.0,0.0,0.0,0.0,0.0,2.249999972410742,2.25
Na2SO4,10.0,0.0001,0.1,0.0,0.0,0.0002000000001999,0.0,9.999967515291758e-05,0.0,0.0,0.0,0.0,0.0,0.0003000548335407,0.0003
Na2SO4,10.0,0.001,0.1,0.0,0.0,0.0020000000021285,0.0,0.0009999971789399,0.0,0.0,0.0,0.0,0.0,0.0030000534329975,0.003
Na2SO4,10.0,0.01,0.1,0.0,0.0,0.0200000000267977,0.0,0.0099999818326045,0.0,0.0,0.0,0.0,0.0,0.0300000380495203,0.03
Na2SO4,10.0,0.1001,0.1,0.0,0.0,0.2002000004436322,0.0,0.1000999338173069,0.0,0.0,0.0,0.0,0.0,0.3002999908539839,0.3003
Na2SO4,10.0,0.1989,0.1,0.0,0.0,0.3978000010429632,0.0,0.1988999138347233,0.0,0.0,0.0,0.0,0.0,0.5966999737174951,0.5967
Na2SO4,10.0,0.4999,0.1,0.0,0.0,0.9998000031729796,0.0,0.4998998887498351,0.0,0.0,0.0,0.0,0.0,1.499699955240276,1.4997
Na2SO4,10.0,0.5,0.1,0.0,0.0,1.0000000031737195,0.0,0.4999998887451885,0.0,0.0,0.0,0.0,0.0,1.4999999552372063,1.5
Na2SO4,10.0,0.75,0.1,0.0,0.0,1.5000000050342397,0.0,0.7499998804849464,0.0,0.0,0.0,0.0,0.0,2.249999949773527,2.25
Na2SO4,20.0,0.5,0.1,0.0,0.0,1.000000005392058,0.0,0.4999997919839868,0.0,0.0,0.0,0.0,0.0,1.4999998859555423,1.5
Na2SO4,20.0,0.75,0.1,0.0,0.0,1.50000000863017,0.0,0.7499997742803975,0.0,0.0,0.0,0.0,0.0,2.2499998722267187,2.25
Na2SO4,25.0,0.0001,0.1,0.0,0.0,0.0002000000003715,0.0,9.999909996484004e-05,0.0,0.0,0.0,0.0,0.0,0.0003001013178139,0.0003
Na2SO4,25.0,0.001,0.1,0.0,0.0,0.0020000000040005,0.0,0.0009999922709165,0.0,0.0,0.0,0.0,0.0,0.0030000955692415,0.003
Na2SO4,25.0,0.01,0.1,0.0,0.0,0.0200000000527778,0.0,0.0099999525651628,0.0,0.0,0.0,0.0,0.0,0.0300000516303857,0.03
Na2SO4,25.0,0.1001,0.1,0.0,0.0,0.2002000009333365,0.0,0.1000998361998627,0.0,0.0,0.0,0.0,0.0,0.3002999316363307,0.3003
Na2SO4,25.0,0.1989,0.1,0.0,0.0,0.3978000022296635,0.0,0.1988997871705163,0.0,0.0,0.0,0.0,0.0,0.5966998865662471,0.5967
Na2SO4,25.0,0.4999,0.1,0.0,0.0,0.9998000069364334,0.0,0.4998997213202139,0.0,0.0,0.0,0.0,0.0,1.499699831199634,1.4997
Na2SO4,35.0,0.0001,0.1,0.0,0.0,0.000200000000535,0.0,9.999828859893034e-05,0.0,0.0,0.0,0.0,0.0,0.0003001450575875,0.0003
Na2SO4,35.0,0.001,0.1,0.0,0.0,0.0020000000058206,0.0,0.0009999854667086,0.0,0.0,0.0,0.0,0.0,0.0030001324757003,0.003
Na2SO4,35.0,0.01,0.1,0.0,0.0,0.0200000000798749,0.0,0.0099999144053737,0.0,0.0,0.0,0.0,0.0,0.0300000505273801,0.03
Na2SO4,35.0,0.1001,0.1,0.0,0.0,0.2002000014776689,0.0,0.1000997163317885,0.0,0.0,0.0,0.0,0.0,0.3002998430906057,0.3003
Na2SO4,35.0,0.1989,0.1,0.0,0.0,0.3978000035629772,0.0,0.1988996327179673,0.0,0.0,0.0,0.0,0.0,0.5966997643690459,0.5967
Na2SO4,35.0,0.4999,0.1,0.0,0.0,0.9998000112186554,0.0,0.4998995175100905,0.0,0.0,0.0,0.0,0.0,1.4996996634579818,1.4997
Na2SO4,45.0,0.0001,0.1,0.0,0.0,0.0002000000007448,0.0,9.999682900079654e-05,0.0,0.0,0.0,0.0,0.0,0.0003002003735788,0.0003
Na2SO4,45.0,0.001,0.1,0.0,0.0,0.0020000000082147,0.0,0.0009999734657428,0.0,0.0,0.0,0.0,0.0,0.0030001749192291,0.003
Na2SO4,45.0,0.01,0.1,0.0,0.0,0.020000000118078,0.0,0.0099998511646519,0.0,0.0,0.0,0.0,0.0,0.0300000300904896,0.03
Na2SO4,45.0,0.1001,0.1,0.0,0.0,0.2002000022827197,0.0,0.1000995274421169,0.0,0.0,0.0,0.0,0.0,0.3002996889172024,0.3003
Na2SO4,45.0,0.1989,0.1,0.0,0.0,0.3978000055477045,0.0,0.1988993908194518,0.0,0.0,0.0,0.0,0.0,0.5966995584992774,0.5967
Na2SO4,45.0,0.4999,0.1,0.0,0.0,0.9998000176349486,0.0,0.4998991995845607,0.0,0.0,0.0,0.0,0.0,1.4996993870304876,1.4997
Na2SO4,70.0,0.0001,0.1,0.0,0.0,0.0002000000015052,0.0,9.99865677528572e-05,0.0,0.0,0.0,0.0,0.0,0.0003003908900004,0.0003
Na2SO4,70.0,0.001,0.1,0.0,0.0,0.0020000000175359,0.0,0.0009998939844473,0.0,0.0,0.0,0.0,0.0,0.0030002746540618,0.003
Na2SO4,70.0,0.01,0.1,0.0,0.0,0.0200000002909947,0.0,0.0099994891715046,0.0,0.0,0.0,0.0,0.0,0.0299997860880874,0.03
Na2SO4,70.0,0.1001,0.1,0.0,0.0,0.2002000061869127,0.0,0.1000985351364682,0.0,0.0,0.0,0.0,0.0,0.3002987887104687,0.3003
Na2SO4,70.0,0.1989,0.1,0.0,0.0,0.3978000152344875,0.0,0.1988981335413461,0.0,0.0,0.0,0.0,0.0,0.5966984004120996,0.5967
Na2SO4,70.0,0.4999,0.1,0.0,0.0,0.9998000490701332,0.0,0.4998975644383471,0.0,0.0,0.0,0.0,0.0,1.499697877652852,1.4997
Na2SO4,90.0,0.0001,0.1,0.0,0.0,0.0002000000023856,0.0,9.996097073864378e-05,0.0,0.0,0.0,0.0,0.0,0.0003005840198302,0.0003
Na2SO4,90.0,0.001,0.1,0.0,0.0,0.0020000000299571,0.0,0.0009997152561594,0.0,0.0,0.0,0.0,0.0,0.0030002619299333,0.003
Na2SO4,90.0,0.01,0.1,0.0,0.0,0.0200000005665414,0.0,0.0099988064954494,0.0,0.0,0.0,0.0,0.0,0.0299991856015408,0.03
Na2SO4,90.0,0.1001,0.1,0.0,0.0,0.200200012696459,0.0,0.1000967943549462,0.0,0.0,0.0,0.0,0.0,0.3002971151988342,0.3003
Na2SO4,90.0,0.1989,0.1,0.0,0.0,0.3978000314000489,0.0,0.1988959500431216,0.0,0.0,0.0,0.0,0.0,0.5966962971272638,0.5967
Na2SO4,90.0,0.4999,0.1,0.0,0.0,0.9998001013019352,0.0,0.4998947625826532,0.0,0.0,0.0,0.0,0.0,1.4996951998270505,1.4997
NaCl,-10.0,0.1711,0.1,0.0,0.1711000000806556,0.1711000000806556,0.0,0.0,0.0,0.0,0.0,0.0,0.0,0.1711000262459872,0.1711
NaCl,-10.0,0.5133,0.1,0.0,0.5133000002527043,0.5133000002527043,0.0,0.0,0.0,0.0,0.0,0.0,0.0,0.513300027579134,0.5133
NaCl,-10.0,0.8556,0.1,0.0,0.8556000004157168,0.8556000004157168,0.0,0.0,0.0,0.0,0.0,0.0,0.0,0.855600027384943,0.8556
NaCl,-10.0,1.2834,0.1,0.0,1.2834000005973774,1.2834000005973774,0.0,0.0,0.0,0.0,0.0,0.0,0.0,1.283400026433557,1.2834
NaCl,-10.0,1.7112,0.1,0.0,1.7112000007511834,1.7112000007511834,0.0,0.0,0.0,0.0,0.0,0.0,0.0,1.7112000251173316,1.7112
NaCl,-10.0,2.5667,0.1,0.0,2.566700000974407,2.566700000974407,0.0,0.0,0.0,0.0,0.0,0.0,0.0,2.5667000220464704,2.5667
NaCl,-6.0,0.1711,0.1,0.0,0.1711000001001964,0.1711000001001964,0.0,0.0,0.0,0.0,0.0,0.0,0.0,0.1711000326047211,0.1711
NaCl,-6.0,0.5133,0.1,0.0,0.5133000003141861,0.5133000003141861,0.0,0.0,0.0,0.0,0.0,0.0,0.0,0.5133000342890163,0.5133
NaCl,-6.0,0.8556,0.1,0.0,0.8556000005171497,0.8556000005171497,0.0,0.0,0.0,0.0,0.0,0.0,0.0,0.8556000340667271,0.8556
NaCl,-6.0,1.2834,0.1,0.0,1.2834000007436144,1.2834000007436144,0.0,0.0,0.0,0.0,0.0,0.0,0.0,1.283400032904455,1.2834
NaCl,-6.0,1.7112,0.1,0.0,1.7112000009357216,1.7112000009357216,0.0,0.0,0.0,0.0,0.0,0.0,0.0,1.7112000312877345,1.7112
NaCl,-6.0,2.5667,0.1,0.0,2.566700001215912,2.566700001215912,0.0,0.0,0.0,0.0,0.0,0.0,0.0,2.56670002751063,2.5667
NaCl,-3.0,0.1711,0.1,0.0,0.1711000001171971,0.1711000001171971,0.0,0.0,0.0,0.0,0.0,0.0,0.0,0.1711000381369057,0.1711
NaCl,-3.0,0.5133,0.1,0.0,0.5133000003677199,0.5133000003677199,0.0,0.0,0.0,0.0,0.0,0.0,0.0,0.5133000401314974,0.5133
NaCl,-3.0,0.8556,0.1,0.0,0.855600000605511,0.855600000605511,0.0,0.0,0.0,0.0,0.0,0.0,0.0,0.8556000398874495,0.8556
NaCl,-3.0,1.2834,0.1,0.0,1.283400000871069,1.283400000871069,0.0,0.0,0.0,0.0,0.0,0.0,0.0,1.2834000385442428,1.2834
NaCl,-3.0,1.7112,0.1,0.0,1.7112000010966422,1.7112000010966422,0.0,0.0,0.0,0.0,0.0,0.0,0.0,1.7112000366684366,1.7112
NaCl,-3.0,2.5667,0.1,0.0,2.566700001426795,2.566700001426795,0.0,0.0,0.0,0.0,0.0,0.0,0.0,2.5667000322819726,2.5667
NaCl,-1.0,0.1711,0.1,0.0,0.17110000012975,0.17110000012975,0.0,0.0,0.0,0.0,0.0,0.0,0.0,0.171100042221698,0.1711
NaCl,-1.0,0.5133,0.1,0.0,0.5133000004072716,0.5133000004072716,0.0,0.0,0.0,0.0,0.0,0.0,0.0,0.5133000444480116,0.5133
NaCl,-1.0,0.8556,0.1,0.0,0.8556000006708158,0.8556000006708158,0.0,0.0,0.0,0.0,0.0,0.0,0.0,0.8556000441893268,0.8556
NaCl,-1.0,1.2834,0.1,0.0,1.2834000009652986,1.2834000009652986,0.0,0.0,0.0,0.0,0.0,0.0,0.0,1.283400042713843,1.2834
NaCl,-1.0,1.7112,0.1,0.0,1.711200001215657,1.711200001215657,0.0,0.0,0.0,0.0,0.0,0.0,0.0,1.7112000406479393,1.7112
NaCl,-1.0,2.5667,0.1,0.0,2.566700001582909,2.566700001582909,0.0,0.0,0.0,0.0,0.0,0.0,0.0,2.5667000358141285,2.5667
NaCl,0.0,6.04033,0.1,0.0,6.040330001827823,6.040330001827823,0.0,0.0,0.0,0.0,0.0,0.0,0.0,6.040330018624195,6.04033
NaCl,0.0,6.04033,28.5,0.0,6.040330002045647,6.040330002045647,0.0,0.0,0.0,0.0,0.0,0.0,0.0,6.040330020843654,6.04033
NaCl,0.0,6.04033,47.7,0.0,6.040330002155057,6.040330002155057,0.0,0.0,0.0,0.0,0.0,0.0,0.0,6.040330021958469,6.04033
NaCl,0.0,6.04033,99.7,0.0,6.0403300023101245,6.0403300023101245,0.0,0.0,0.0,0.0,0.0,0.0,0.0,6.040330023538487,6.04033
NaCl,0.0,6.04033,136.1,0.0,6.040330002315811,6.040330002315811,0.0,0.0,0.0,0.0,0.0,0.0,0.0,6.0403300235964155,6.04033
NaCl,0.0,6.04033,150.3,0.0,6.04033000229977,6.04033000229977,0.0,0.0,0.0,0.0,0.0,0.0,0.0,6.040330023432974,6.04033
NaCl,0.0,6.04033,190.2,0.0,6.040330002211564,6.040330002211564,0.0,0.0,0.0,0.0,0.0,0.0,0.0,6.040330022534231,6.04033
NaCl,0.0,6.04033,229.4,0.0,6.040330002077753,6.040330002077753,0.0,0.0,0.0,0.0,0.0,0.0,0.0,6.040330021170775,6.04033
NaCl,0.0,6.04033,239.7,0.0,6.040330002036816,6.040330002036816,0.0,0.0,0.0,0.0,0.0,0.0,0.0,6.040330020753659,6.04033
NaCl,0.0,6.04033,287.7,0.0,6.040330001823612,6.040330001823612,0.0,0.0,0.0,0.0,0.0,0.0,0.0,6.040330018581281,6.04033
NaCl,0.0,6.04033,328.9,0.0,6.04033000162099,6.04033000162099,0.0,0.0,0.0,0.0,0.0,0.0,0.0,6.040330016516712,6.04033
NaCl,5.0,0.000104,0.1,0.0,0.0001040000000818,0.0001040000000818,0.0,0.0,0.0,0.0,0.0,0.0,0.0,0.0001040436689626,0.000104
NaCl,5.0,0.00099,0.1,0.0,0.0009900000007967,0.0009900000007967,0.0,0.0,0.0,0.0,0.0,0.0,0.0,0.0009900446738852,0.00099
NaCl,5.0,0.01,0.1,0.0,0.0100000000085815,0.0100000000085815,0.0,0.0,0.0,0.0,0.0,0.0,0.0,0.0100000476416422,0.01
NaCl,5.0,0.1,0.1,0.0,0.1000000000980751,0.1000000000980751,0.0,0.0,0.0,0.0,0.0,0.0,0.0,0.1000000545358502,0.1
NaCl,5.0,0.1711,0.1,0.0,0.1711000001738848,0.1711000001738848,0.0,0.0,0.0,0.0,0.0,0.0,0.0,0.1711000565835282,0.1711
NaCl,5.0,0.5,0.1,0.0,0.5000000005321873,0.5000000005321873,0.0,0.0,0.0,0.0,0.0,0.0,0.0,0.5000000596115937,0.5
NaCl,5.0,0.5133,0.1,0.0,0.5133000005464774,0.5133000005464774,0.0,0.0,0.0,0.0,0.0,0.0,0.0,0.5133000596403675,0.5133
NaCl,5.0,0.8556,0.1,0.0,0.8556000009007904,0.8556000009007904,0.0,0.0,0.0,0.0,0.0,0.0,0.0,0.8556000593386828,0.8556
NaCl,5.0,0.9999,0.1,0.0,0.999900001040802,0.999900001040802,0.0,0.0,0.0,0.0,0.0,0.0,0.0,0.9999000588175738,0.9999
NaCl,5.0,1.2834,0.1,0.0,1.2834000012973237,1.2834000012973237,0.0,0.0,0.0,0.0,0.0,0.0,0.0,1.283400057405732,1.2834
NaCl,5.0,1.7112,0.1,0.0,1.711200001635261,1.711200001635261,0.0,0.0,0.0,0.0,0.0,0.0,0.0,1.7112000546782409,1.7112
NaCl,5.0,2.5667,0.1,0.0,2.566700002134139,2.566700002134139,0.0,0.0,0.0,0.0,0.0,0.0,0.0,2.5667000482859974,2.5667
NaCl,10.0,0.000104,0.1,0.0,0.0001040000001027,0.0001040000001027,0.0,0.0,0.0,0.0,0.0,0.0,0.0,0.0001040548647969,0.000104
NaCl,10.0,0.00099,0.1,0.0,0.0009900000010012,0.0009900000010012,0.0,0.0,0.0,0.0,0.0,0.0,0.0,0.0009900561368176,0.00099
NaCl,10.0,0.01,0.1,0.0,0.0100000000107888,0.0100000000107888,0.0,0.0,0.0,0.0,0.0,0.0,0.0,0.0100000598955744,0.01
NaCl,10.0,0.1,0.1,0.0,0.1000000001234479,0.1000000001234479,0.0,0.0,0.0,0.0,0.0,0.0,0.0,0.1000000686446991,0.1
NaCl,10.0,0.5,0.1,0.0,0.5000000006708292,0.5000000006708292,0.0,0.0,0.0,0.0,0.0,0.0,0.0,0.5000000751412048,0.5
NaCl,10.0,0.9999,0.1,0.0,0.9999000013130992,0.9999000013130992,0.0,0.0,0.0,0.0,0.0,0.0,0.0,0.9999000742055638,0.9999
NaCl,20.0,0.1711,0.1,0.0,0.1711000003357417,0.1711000003357417,0.0,0.0,0.0,0.0,0.0,0.0,0.0,0.1711001092530443,0.1711
NaCl,20.0,0.5,0.1,0.0,0.5000000010307973,0.5000000010307973,0.0,0.0,0.0,0.0,0.0,0.0,0.0,0.5000001154621263,0.5
NaCl,20.0,0.5133,0.1,0.0,0.513300001058568,0.513300001058568,0.0,0.0,0.0,0.0,0.0,0.0,0.0,0.5133001155278978,0.5133
NaCl,20.0,0.75,0.1,0.0,0.750000001541237,0.750000001541237,0.0,0.0,0.0,0.0,0.0,0.0,0.0,0.7500001156055551,0.75
NaCl,20.0,0.8556,0.1,0.0,0.8556000017481499,0.8556000017481499,0.0,0.0,0.0,0.0,0.0,0.0,0.0,0.8556001151576598,0.8556
NaCl,20.0,1.0,0.1,0.0,1.00000000202141,1.00000000202141,0.0,0.0,0.0,0.0,0.0,0.0,0.0,1.000000114222222,1.0
NaCl,20.0,1.2834,0.1,0.0,1.283400002522595,1.283400002522595,0.0,0.0,0.0,0.0,0.0,0.0,0.0,1.283400111623179,1.2834
NaCl,20.0,1.5,0.1,0.0,1.5000000028727218,1.5000000028727218,0.0,0.0,0.0,0.0,0.0,0.0,0.0,1.500000109175335,1.5
NaCl,20.0,1.7112,0.1,0.0,1.7112000031861063,1.7112000031861063,0.0,0.0,0.0,0.0,0.0,0.0,0.0,1.7112001065338798,1.7112
NaCl,20.0,2.5667,0.1,0.0,2.566700004179274,2.566700004179274,0.0,0.0,0.0,0.0,0.0,0.0,0.0,2.566700094558212,2.5667
NaCl,24.93,5.34161,0.1,0.0,5.341610006210829,5.341610006210829,0.0,0.0,0.0,0.0,0.0,0.0,0.0,5.341610070749354,5.34161
NaCl,24.93,5.34161,29.4,0.0,5.341610006922781,5.341610006922781,0.0,0.0,0.0,0.0,0.0,0.0,0.0,5.341610078859409,5.34161
NaCl,24.93,5.34161,52.8,0.0,5.341610007486631,5.341610007486631,0.0,0.0,0.0,0.0,0.0,0.0,0.0,5.341610085282383,5.34161
NaCl,24.93,5.34161,79.1,0.0,5.341610008116505,5.341610008116505,0.0,0.0,0.0,0.0,0.0,0.0,0.0,5.3416100924574605,5.34161
NaCl,24.93,5.34161,104.6,0.0,5.3416100087247305,5.3416100087247305,0.0,0.0,0.0,0.0,0.0,0.0,0.0,5.34161009938593,5.34161
NaCl,24.93,5.34161,128.2,0.0,5.34161000928652,5.34161000928652,0.0,0.0,0.0,0.0,0.0,0.0,0.0,5.341610105785443,5.34161
NaCl,24.93,5.34161,154.0,0.0,5.341610009899945,5.341610009899945,0.0,0.0,0.0,0.0,0.0,0.0,0.0,5.3416101127731395,5.34161
NaCl,24.93,5.39773,0.1,0.0,5.397730006202355,5.397730006202355,0.0,0.0,0.0,0.0,0.0,0.0,0.0,5.397730069982735,5.39773
NaCl,24.93,5.39773,26.6,0.0,5.397730006845428,5.397730006845428,0.0,0.0,0.0,0.0,0.0,0.0,0.0,5.397730077238694,5.39773
NaCl,24.93,5.39773,37.8,0.0,5.39773000711552,5.39773000711552,0.0,0.0,0.0,0.0,0.0,0.0,0.0,5.397730080286202,5.39773
NaCl,24.93,5.39773,50.7,0.0,5.397730007425497,5.397730007425497,0.0,0.0,0.0,0.0,0.0,0.0,0.0,5.397730083783754,5.39773
NaCl,24.93,5.39773,77.2,0.0,5.3977300080592325,5.3977300080592325,0.0,0.0,0.0,0.0,0.0,0.0,0.0,5.3977300909343455,5.39773
NaCl,24.93,5.39773,82.6,0.0,5.39773000818798,5.39773000818798,0.0,0.0,0.0,0.0,0.0,0.0,0.0,5.397730092387036,5.39773
NaCl,24.93,5.39773,102.6,0.0,5.397730008664043,5.397730008664043,0.0,0.0,0.0,0.0,0.0,0.0,0.0,5.397730097758577,5.39773
NaCl,24.93,5.39773,126.6,0.0,5.397730009234292,5.397730009234292,0.0,0.0,0.0,0.0,0.0,0.0,0.0,5.397730104192847,5.39773
NaCl,24.93,5.39773,153.8,0.0,5.397730009879747,5.397730009879747,0.0,0.0,0.0,0.0,0.0,0.0,0.0,5.397730111475671,5.39773
NaCl,24.93,5.39773,173.5,0.0,5.397730010346297,5.397730010346297,0.0,0.0,0.0,0.0,0.0,0.0,0.0,5.3977301167398775,5.39773
NaCl,24.93,5.39773,211.6,0.0,5.397730011241645,5.397730011241645,0.0,0.0,0.0,0.0,0.0,0.0,0.0,5.397730126842319,5.39773
NaCl,24.93,5.39773,256.7,0.0,5.397730012267691,5.397730012267691,0.0,0.0,0.0,0.0,0.0,0.0,0.0,5.397730138419445,5.39773
NaCl,24.93,5.39773,267.4,0.0,5.397730012500769,5.397730012500769,0.0,0.0,0.0,0.0,0.0,0.0,0.0,5.397730141049322,5.39773
NaCl,24.93,5.39773,316.6,0.0,5.397730013481553,5.397730013481553,0.0,0.0,0.0,0.0,0.0,0.0,0.0,5.397730152115745,5.39773
NaCl,24.93,5.39773,354.3,0.0,5.397730014081872,5.397730014081872,0.0,0.0,0.0,0.0,0.0,0.0,0.0,5.39773015888931,5.39773
NaCl,24.93,5.39773,392.3,0.0,5.397730014497458,5.397730014497458,0.0,0.0,0.0,0.0,0.0,0.0,0.0,5.397730163578467,5.39773
NaCl,24.93,5.63108,0.1,0.0,5.6310800061585145,5.6310800061585145,0.0,0.0,0.0,0.0,0.0,0.0,0.0,5.6310800668637135,5.63108
NaCl,24.93,5.63108,27.3,0.0,5.631080006812729,5.631080006812729,0.0,0.0,0.0,0.0,0.0,0.0,0.0,5.631080073966599,5.63108
NaCl,24.93,5.63108,52.0,0.0,5.631080007401743,5.631080007401743,0.0,0.0,0.0,0.0,0.0,0.0,0.0,5.631080080361596,5.63108
NaCl,24.93,5.63108,69.8,0.0,5.631080007823793,5.631080007823793,0.0,0.0,0.0,0.0,0.0,0.0,0.0,5.631080084943834,5.63108
NaCl,24.93,5.63108,78.4,0.0,5.631080008027139,5.631080008027139,0.0,0.0,0.0,0.0,0.0,0.0,0.0,5.63108008715159,5.63108
NaCl,24.93,5.63108,103.3,0.0,5.631080008614436,5.631080008614436,0.0,0.0,0.0,0.0,0.0,0.0,0.0,5.63108009352795,5.63108
NaCl,24.93,5.63108,127.5,0.0,5.631080009183959,5.631080009183959,0.0,0.0,0.0,0.0,0.0,0.0,0.0,5.631080099711314,5.63108
NaCl,24.93,5.63108,153.6,0.0,5.631080009797359,5.631080009797359,0.0,0.0,0.0,0.0,0.0,0.0,0.0,5.631080106371075,5.63108
NaCl,24.93,5.63108,157.6,0.0,5.631080009891269,5.631080009891269,0.0,0.0,0.0,0.0,0.0,0.0,0.0,5.631080107390671,5.63108
NaCl,24.93,5.63108,201.5,0.0,5.631080010917197,5.631080010917197,0.0,0.0,0.0,0.0,0.0,0.0,0.0,5.6310801185292885,5.63108
NaCl,24.93,5.63108,243.0,0.0,5.631080011864625,5.631080011864625,0.0,0.0,0.0,0.0,0.0,0.0,0.0,5.631080128815631,5.63108
NaCl,24.93,5.63108,257.9,0.0,5.631080012193284,5.631080012193284,0.0,0.0,0.0,0.0,0.0,0.0,0.0,5.631080132383916,5.63108
NaCl,24.93,5.63108,305.3,0.0,5.631080013163078,5.631080013163078,0.0,0.0,0.0,0.0,0.0,0.0,0.0,5.6310801429130874,5.63108
NaCl,24.93,5.63108,351.7,0.0,5.631080013930369,5.631080013930369,0.0,0.0,0.0,0.0,0.0,0.0,0.0,5.6310801512436495,5.63108
NaCl,24.93,5.63108,390.5,0.0,5.63108001436496,5.63108001436496,0.0,0.0,0.0,0.0,0.0,0.0,0.0,5.631080155962059,5.63108
NaCl,25.0,0.000104,0.1,0.0,0.0001040000001907,0.0001040000001907,0.0,0.0,0.0,0.0,0.0,0.0,0.0,0.0001041018000071,0.000104
NaCl,25.0,0.00099,0.1,0.0,0.0009900000018588,0.0009900000018588,0.0,0.0,0.0,0.0,0.0,0.0,0.0,0.0009901042191793,0.00099
NaCl,25.0,0.01,0.1,0.0,0.0100000000200629,0.0100000000200629,0.0,0.0,0.0,0.0,0.0,0.0,0.0,0.0100001113821564,0.01
NaCl,25.0,0.02001,0.1,0.0,0.020010000041536,0.020010000041536,0.0,0.0,0.0,0.0,0.0,0.0,0.0,0.0200101152593943,0.02001
NaCl,25.0,0.02001,51.8,0.0,0.0200100000510771,0.0200100000510771,0.0,0.0,0.0,0.0,0.0,0.0,0.0,0.0200101417352128,0.02001
NaCl,25.0,0.02001,104.7,0.0,0.0200100000610258,0.0200100000610258,0.0,0.0,0.0,0.0,0.0,0.0,0.0,0.0200101693420139,0.02001
NaCl,25.0,0.02001,151.9,0.0,0.0200100000700661,0.0200100000700661,0.0,0.0,0.0,0.0,0.0,0.0,0.0,0.0200101944281858,0.02001
NaCl,25.0,0.02001,184.8,0.0,0.0200100000764087,0.0200100000764087,0.0,0.0,0.0,0.0,0.0,0.0,0.0,0.0200102120284809,0.02001
NaCl,25.0,0.02001,215.5,0.0,0.0200100000822709,0.0200100000822709,0.0,0.0,0.0,0.0,0.0,0.0,0.0,0.0200102282955707,0.02001
NaCl,25.0,0.02001,229.1,0.0,0.020010000084819,0.020010000084819,0.0,0.0,0.0,0.0,0.0,0.0,0.0,0.0200102353663265,0.02001
NaCl,25.0,0.02001,264.3,0.0,0.0200100000911426,0.0200100000911426,0.0,0.0,0.0,0.0,0.0,0.0,0.0,0.0200102529138254,0.02001
NaCl,25.0,0.02001,288.1,0.0,0.02001000009507,0.02001000009507,0.0,0.0,0.0,0.0,0.0,0.0,0.0,0.0200102638121653,0.02001
NaCl,25.0,0.02001,318.1,0.0,0.0200100000994102,0.0200100000994102,0.0,0.0,0.0,0.0,0.0,0.0,0.0,0.0200102758558108,0.02001
NaCl,25.0,0.02001,367.6,0.0,0.0200100001044325,0.0200100001044325,0.0,0.0,0.0,0.0,0.0,0.0,0.0,0.0200102897924799,0.02001
NaCl,25.0,0.02001,418.6,0.0,0.0200100001058913,0.0200100001058913,0.0,0.0,0.0,0.0,0.0,0.0,0.0,0.0200102938403224,0.02001
NaCl,25.0,0.05013,0.1,0.0,0.0501300001100914,0.0501300001100914,0.0,0.0,0.0,0.0,0.0,0.0,0.0,0.0501301220083321,0.05013
NaCl,25.0,0.05013,49.7,0.0,0.0501300001341161,0.0501300001341161,0.0,0.0,0.0,0.0,0.0,0.0,0.0,0.0501301486336625,0.05013
NaCl,25.0,0.05013,99.7,0.0,0.0501300001587172,0.0501300001587172,0.0,0.0,0.0,0.0,0.0,0.0,0.0,0.0501301758976677,0.05013
NaCl,25.0,0.05013,152.2,0.0,0.0501300001849941,0.0501300001849941,0.0,0.0,0.0,0.0,0.0,0.0,0.0,0.0501302050189561,0.05013
NaCl,25.0,0.05013,186.9,0.0,0.0501300002024731,0.0501300002024731,0.0,0.0,0.0,0.0,0.0,0.0,0.0,0.0501302243899143,0.05013
NaCl,25.0,0.05013,196.7,0.0,0.0501300002073874,0.0501300002073874,0.0,0.0,0.0,0.0,0.0,0.0,0.0,0.0501302298362223,0.05013
NaCl,25.0,0.05013,212.7,0.0,0.0501300002153523,0.0501300002153523,0.0,0.0,0.0,0.0,0.0,0.0,0.0,0.0501302386632273,0.05013
NaCl,25.0,0.05013,240.4,0.0,0.0501300002288348,0.0501300002288348,0.0,0.0,0.0,0.0,0.0,0.0,0.0,0.0501302536051542,0.05013
NaCl,25.0,0.05013,268.0,0.0,0.0501300002415943,0.0501300002415943,0.0,0.0,0.0,0.0,0.0,0.0,0.0,0.0501302677458783,0.05013
NaCl,25.0,0.05013,310.1,0.0,0.0501300002587943,0.0501300002587943,0.0,0.0,0.0,0.0,0.0,0.0,0.0,0.0501302868076801,0.05013
NaCl,25.0,0.05013,347.0,0.0,0.05013000027038,0.05013000027038,0.0,0.0,0.0,0.0,0.0,0.0,0.0,0.0501302996475203,0.05013
NaCl,25.0,0.05013,416.1,0.0,0.0501300002791431,0.0501300002791431,0.0,0.0,0.0,0.0,0.0,0.0,0.0,0.0501303093591657,0.05013
NaCl,25.0,0.1,0.1,0.0,0.1000000002304856,0.1000000002304856,0.0,0.0,0.0,0.0,0.0,0.0,0.0,0.1000001281643481,0.1
NaCl,25.0,0.10045,0.1,0.0,0.1004500002315968,0.1004500002315968,0.0,0.0,0.0,0.0,0.0,0.0,0.0,0.1004501282063724,0.10045
NaCl,25.0,0.10045,51.1,0.0,0.1004500002830722,0.1004500002830722,0.0,0.0,0.0,0.0,0.0,0.0,0.0,0.1004501567019023,0.10045
NaCl,25.0,0.10045,95.7,0.0,0.1004500003286701,0.1004500003286701,0.0,0.0,0.0,0.0,0.0,0.0,0.0,0.1004501819437513,0.10045
NaCl,25.0,0.10045,102.1,0.0,0.1004500003352659,0.1004500003352659,0.0,0.0,0.0,0.0,0.0,0.0,0.0,0.1004501855950499,0.10045
NaCl,25.0,0.10045,152.4,0.0,0.1004500003875279,0.1004500003875279,0.0,0.0,0.0,0.0,0.0,0.0,0.0,0.1004502145260178,0.10045
NaCl,25.0,0.10045,182.4,0.0,0.1004500004188698,0.1004500004188698,0.0,0.0,0.0,0.0,0.0,0.0,0.0,0.1004502318761365,0.10045
NaCl,25.0,0.10045,208.2,0.0,0.1004500004456375,0.1004500004456375,0.0,0.0,0.0,0.0,0.0,0.0,0.0,0.1004502466940785,0.10045
NaCl,25.0,0.10045,217.8,0.0,0.1004500004554826,0.1004500004554826,0.0,0.0,0.0,0.0,0.0,0.0,0.0,0.1004502521440389,0.10045
NaCl,25.0,0.10045,234.0,0.0,0.100450000471862,0.100450000471862,0.0,0.0,0.0,0.0,0.0,0.0,0.0,0.1004502612112964,0.10045
NaCl,25.0,0.10045,258.8,0.0,0.1004500004960906,0.1004500004960906,0.0,0.0,0.0,0.0,0.0,0.0,0.0,0.1004502746236613,0.10045
NaCl,25.0,0.10045,307.7,0.0,0.1004500005386853,0.1004500005386853,0.0,0.0,0.0,0.0,0.0,0.0,0.0,0.1004502982030772,0.10045
NaCl,25.0,0.10045,313.5,0.0,0.1004500005430846,0.1004500005430846,0.0,0.0,0.0,0.0,0.0,0.0,0.0,0.1004503006383992,0.10045
NaCl,25.0,0.10045,364.6,0.0,0.1004500005732552,0.1004500005732552,0.0,0.0,0.0,0.0,0.0,0.0,0.0,0.1004503173401095,0.10045
NaCl,25.0,0.10045,416.8,0.0,0.100450000583826,0.100450000583826,0.0,0.0,0.0,0.0,0.0,0.0,0.0,0.1004503231918128,0.10045
NaCl,25.0,0.1711,0.1,0.0,0.1711000004093825,0.1711000004093825,0.0,0.0,0.0,0.0,0.0,0.0,0.0,0.1711001332163646,0.1711
NaCl,25.0,0.19709,0.1,0.0,0.1970900004759288,0.1970900004759288,0.0,0.0,0.0,0.0,0.0,0.0,0.0,0.1970901345112048,0.19709
NaCl,25.0,0.19709,24.5,0.0,0.1970900005258249,0.1970900005258249,0.0,0.0,0.0,0.0,0.0,0.0,0.0,0.1970901486132586,0.19709
NaCl,25.0,0.19709,25.2,0.0,0.1970900005272592,0.1970900005272592,0.0,0.0,0.0,0.0,0.0,0.0,0.0,0.1970901490186499,0.19709
NaCl,25.0,0.19709,52.4,0.0,0.1970900005831392,0.1970900005831392,0.0,0.0,0.0,0.0,0.0,0.0,0.0,0.1970901648119355,0.19709
NaCl,25.0,0.19709,55.5,0.0,0.1970900005895277,0.1970900005895277,0.0,0.0,0.0,0.0,0.0,0.0,0.0,0.1970901666174918,0.19709
NaCl,25.0,0.19709,79.0,0.0,0.19709000063811,0.19709000063811,0.0,0.0,0.0,0.0,0.0,0.0,0.0,0.1970901803482757,0.19709
NaCl,25.0,0.19709,103.3,0.0,0.1970900006886638,0.1970900006886638,0.0,0.0,0.0,0.0,0.0,0.0,0.0,0.1970901946362327,0.19709
NaCl,25.0,0.19709,111.7,0.0,0.1970900007062184,0.1970900007062184,0.0,0.0,0.0,0.0,0.0,0.0,0.0,0.197090199597665,0.19709
NaCl,25.0,0.19709,129.4,0.0,0.1970900007433354,0.1970900007433354,0.0,0.0,0.0,0.0,0.0,0.0,0.0,0.1970902100879965,0.19709
NaCl,25.0,0.19709,154.5,0.0,0.1970900007962049,0.1970900007962049,0.0,0.0,0.0,0.0,0.0,0.0,0.0,0.1970902250304444,0.19709
NaCl,25.0,0.19709,182.2,0.0,0.1970900008546329,0.1970900008546329,0.0,0.0,0.0,0.0,0.0,0.0,0.0,0.1970902415438854,0.19709
NaCl,25.0,0.19709,208.7,0.0,0.1970900009101321,0.1970900009101321,0.0,0.0,0.0,0.0,0.0,0.0,0.0,0.1970902572295584,0.19709
NaCl,25.0,0.19709,210.6,0.0,0.197090000914078,0.197090000914078,0.0,0.0,0.0,0.0,0.0,0.0,0.0,0.1970902583447588,0.19709
NaCl,25.0,0.19709,235.2,0.0,0.1970900009644781,0.1970900009644781,0.0,0.0,0.0,0.0,0.0,0.0,0.0,0.1970902725892822,0.19709
NaCl,25.0,0.19709,263.0,0.0,0.1970900010190644,0.1970900010190644,0.0,0.0,0.0,0.0,0.0,0.0,0.0,0.1970902880169321,0.19709
NaCl,25.0,0.19709,312.1,0.0,0.1970900011042269,0.1970900011042269,0.0,0.0,0.0,0.0,0.0,0.0,0.0,0.1970903120863224,0.19709
NaCl,25.0,0.19709,312.5,0.0,0.1970900011048378,0.1970900011048378,0.0,0.0,0.0,0.0,0.0,0.0,0.0,0.1970903122589814,0.19709
NaCl,25.0,0.19709,368.0,0.0,0.1970900011711313,0.1970900011711313,0.0,0.0,0.0,0.0,0.0,0.0,0.0,0.1970903309954121,0.19709
NaCl,25.0,0.19709,419.5,0.0,0.1970900011913251,0.1970900011913251,0.0,0.0,0.0,0.0,0.0,0.0,0.0,0.1970903367027797,0.19709
NaCl,25.0,0.19898,0.1,0.0,0.1989800004807838,0.1989800004807838,0.0,0.0,0.0,0.0,0.0,0.0,0.0,0.1989801345972509,0.19898
NaCl,25.0,0.19898,28.3,0.0,0.1989800005390467,0.1989800005390467,0.0,0.0,0.0,0.0,0.0,0.0,0.0,0.1989801509081392,0.19898
NaCl,25.0,0.19898,58.1,0.0,0.1989800006009348,0.1989800006009348,0.0,0.0,0.0,0.0,0.0,0.0,0.0,0.1989801682339629,0.19898
NaCl,25.0,0.19898,75.0,0.0,0.1989800006362145,0.1989800006362145,0.0,0.0,0.0,0.0,0.0,0.0,0.0,0.1989801781106557,0.19898
NaCl,25.0,0.19898,104.6,0.0,0.1989800006983851,0.1989800006983851,0.0,0.0,0.0,0.0,0.0,0.0,0.0,0.1989801955155391,0.19898
NaCl,25.0,0.19898,117.6,0.0,0.1989800007258498,0.1989800007258498,0.0,0.0,0.0,0.0,0.0,0.0,0.0,0.1989802032043846,0.19898
NaCl,25.0,0.19898,130.0,0.0,0.1989800007521326,0.1989800007521326,0.0,0.0,0.0,0.0,0.0,0.0,0.0,0.1989802105623362,0.19898
NaCl,25.0,0.19898,155.2,0.0,0.198980000805745,0.198980000805745,0.0,0.0,0.0,0.0,0.0,0.0,0.0,0.1989802255713556,0.19898
NaCl,25.0,0.19898,179.1,0.0,0.1989800008566666,0.1989800008566666,0.0,0.0,0.0,0.0,0.0,0.0,0.0,0.1989802398270327,0.19898
NaCl,25.0,0.19898,208.0,0.0,0.1989800009178412,0.1989800009178412,0.0,0.0,0.0,0.0,0.0,0.0,0.0,0.1989802569530828,0.19898
NaCl,25.0,0.19898,215.3,0.0,0.1989800009331259,0.1989800009331259,0.0,0.0,0.0,0.0,0.0,0.0,0.0,0.1989802612321199,0.19898
NaCl,25.0,0.19898,240.9,0.0,0.1989800009857506,0.1989800009857506,0.0,0.0,0.0,0.0,0.0,0.0,0.0,0.1989802759645925,0.19898
NaCl,25.0,0.19898,267.8,0.0,0.1989800010384766,0.1989800010384766,0.0,0.0,0.0,0.0,0.0,0.0,0.0,0.1989802907254304,0.19898
NaCl,25.0,0.19898,307.4,0.0,0.1989800011079695,0.1989800011079695,0.0,0.0,0.0,0.0,0.0,0.0,0.0,0.1989803101802255,0.19898
NaCl,25.0,0.19898,316.5,0.0,0.1989800011220362,0.1989800011220362,0.0,0.0,0.0,0.0,0.0,0.0,0.0,0.1989803141182679,0.19898
NaCl,25.0,0.19898,369.0,0.0,0.1989800011837401,0.1989800011837401,0.0,0.0,0.0,0.0,0.0,0.0,0.0,0.1989803313924865,0.19898
NaCl,25.0,0.19898,407.2,0.0,0.1989800012026191,0.1989800012026191,0.0,0.0,0.0,0.0,0.0,0.0,0.0,0.198980336677728,0.19898
NaCl,25.0,0.5,0.1,0.0,0.5000000012583067,0.5000000012583067,0.0,0.0,0.0,0.0,0.0,0.0,0.0,0.5000001409460086,0.5
NaCl,25.0,0.50471,0.1,0.0,0.5047100012703336,0.5047100012703336,0.0,0.0,0.0,0.0,0.0,0.0,0.0,0.5047101409771227,0.50471
NaCl,25.0,0.50471,50.3,0.0,0.5047100015392311,0.5047100015392311,0.0,0.0,0.0,0.0,0.0,0.0,0.0,0.5047101708184039,0.50471
NaCl,25.0,0.50471,108.9,0.0,0.5047100018552642,0.5047100018552642,0.0,0.0,0.0,0.0,0.0,0.0,0.0,0.504710205890637,0.50471
NaCl,25.0,0.50471,158.8,0.0,0.5047100021270218,0.5047100021270218,0.0,0.0,0.0,0.0,0.0,0.0,0.0,0.504710236049335,0.50471
NaCl,25.0,0.50471,193.0,0.0,0.5047100023134093,0.5047100023134093,0.0,0.0,0.0,0.0,0.0,0.0,0.0,0.5047102567339639,0.50471
NaCl,25.0,0.50471,210.2,0.0,0.5047100024063089,0.5047100024063089,0.0,0.0,0.0,0.0,0.0,0.0,0.0,0.504710267043647,0.50471
NaCl,25.0,0.50471,217.4,0.0,0.5047100024448639,0.5047100024448639,0.0,0.0,0.0,0.0,0.0,0.0,0.0,0.5047102713223248,0.50471
NaCl,25.0,0.50471,262.4,0.0,0.5047100026775562,0.5047100026775562,0.0,0.0,0.0,0.0,0.0,0.0,0.0,0.5047102971456974,0.50471
NaCl,25.0,0.50471,309.0,0.0,0.5047100028901765,0.5047100028901765,0.0,0.0,0.0,0.0,0.0,0.0,0.0,0.504710320741546,0.50471
NaCl,25.0,0.50471,345.1,0.0,0.5047100030202141,0.5047100030202141,0.0,0.0,0.0,0.0,0.0,0.0,0.0,0.504710335172652,0.50471
NaCl,25.0,0.50471,418.9,0.0,0.5047100031416094,0.5047100031416094,0.0,0.0,0.0,0.0,0.0,0.0,0.0,0.504710348644676,0.50471
NaCl,25.0,0.5133,0.1,0.0,0.5133000012922457,0.5133000012922457,0.0,0.0,0.0,0.0,0.0,0.0,0.0,0.5133001410305571,0.5133
NaCl,25.0,0.8556,0.1,0.0,0.8556000021353989,0.8556000021353989,0.0,0.0,0.0,0.0,0.0,0.0,0.0,0.8556001406673164,0.8556
NaCl,25.0,0.9999,0.1,0.0,0.9999000024695076,0.9999000024695076,0.0,0.0,0.0,0.0,0.0,0.0,0.0,0.9999001395562476,0.9999
NaCl,25.0,1.2834,0.1,0.0,1.2834000030833308,1.2834000030833308,0.0,0.0,0.0,0.0,0.0,0.0,0.0,1.2834001364353873,1.2834
NaCl,25.0,1.7112,0.1,0.0,1.7112000038967734,1.7112000038967734,0.0,0.0,0.0,0.0,0.0,0.0,0.0,1.711200130296456,1.7112
NaCl,25.0,2.5667,0.1,0.0,2.5667000051193862,2.5667000051193862,0.0,0.0,0.0,0.0,0.0,0.0,0.0,2.566700115828776,2.5667
NaCl,29.93,4.34763,0.1,0.0,4.3476300075646135,4.3476300075646135,0.0,0.0,0.0,0.0,0.0,0.0,0.0,4.347630104142077,4.34763
NaCl,29.93,4.34763,24.3,0.0,4.347630008276091,4.347630008276091,0.0,0.0,0.0,0.0,0.0,0.0,0.0,4.347630113936994,4.34763
NaCl,29.93,4.34763,24.5,0.0,4.347630008282034,4.347630008282034,0.0,0.0,0.0,0.0,0.0,0.0,0.0,4.34763011401882,4.34763
NaCl,29.93,4.34763,48.5,0.0,4.347630009003162,4.347630009003162,0.0,0.0,0.0,0.0,0.0,0.0,0.0,4.347630123946589,4.34763
NaCl,29.93,4.34763,49.7,0.0,4.347630009039642,4.347630009039642,0.0,0.0,0.0,0.0,0.0,0.0,0.0,4.3476301244488,4.34763
NaCl,29.93,4.34763,74.4,0.0,4.347630009800025,4.347630009800025,0.0,0.0,0.0,0.0,0.0,0.0,0.0,4.3476301349170114,4.34763
NaCl,29.93,4.34763,75.4,0.0,4.347630009831206,4.347630009831206,0.0,0.0,0.0,0.0,0.0,0.0,0.0,4.347630135346276,4.34763
NaCl,29.93,4.34763,86.3,0.0,4.347630010173168,4.347630010173168,0.0,0.0,0.0,0.0,0.0,0.0,0.0,4.3476301400540684,4.34763
NaCl,29.93,4.34763,99.9,0.0,4.347630010605376,4.347630010605376,0.0,0.0,0.0,0.0,0.0,0.0,0.0,4.347630146004272,4.34763
NaCl,29.93,4.34763,101.4,0.0,4.3476300106534325,4.3476300106534325,0.0,0.0,0.0,0.0,0.0,0.0,0.0,4.347630146665876,4.34763
NaCl,29.93,4.34763,149.2,0.0,4.347630012227119,4.347630012227119,0.0,0.0,0.0,0.0,0.0,0.0,0.0,4.3476301683308325,4.34763
NaCl,29.93,4.34763,151.6,0.0,4.347630012308332,4.347630012308332,0.0,0.0,0.0,0.0,0.0,0.0,0.0,4.347630169448881,4.34763
NaCl,29.93,4.34763,180.8,0.0,4.347630013312739,4.347630013312739,0.0,0.0,0.0,0.0,0.0,0.0,0.0,4.347630183276555,4.34763
NaCl,29.93,4.34763,201.8,0.0,4.34763001405211,4.34763001405211,0.0,0.0,0.0,0.0,0.0,0.0,0.0,4.347630193455485,4.34763
NaCl,29.93,4.34763,203.2,0.0,4.347630014101836,4.347630014101836,0.0,0.0,0.0,0.0,0.0,0.0,0.0,4.347630194140057,4.34763
NaCl,29.93,4.34763,242.1,0.0,4.347630015497968,4.347630015497968,0.0,0.0,0.0,0.0,0.0,0.0,0.0,4.347630213360612,4.34763
NaCl,29.93,4.34763,242.7,0.0,4.347630015519625,4.347630015519625,0.0,0.0,0.0,0.0,0.0,0.0,0.0,4.347630213658766,4.34763
NaCl,29.93,4.34763,278.8,0.0,4.347630016816439,4.347630016816439,0.0,0.0,0.0,0.0,0.0,0.0,0.0,4.347630231512012,4.34763
NaCl,29.93,4.34763,304.0,0.0,4.347630017697889,4.347630017697889,0.0,0.0,0.0,0.0,0.0,0.0,0.0,4.3476302436469485,4.34763
NaCl,29.93,4.34763,314.5,0.0,4.347630018053967,4.347630018053967,0.0,0.0,0.0,0.0,0.0,0.0,0.0,4.347630248549082,4.34763
NaCl,29.93,4.34763,345.5,0.0,4.347630019046839,4.347630019046839,0.0,0.0,0.0,0.0,0.0,0.0,0.0,4.347630262217952,4.34763
NaCl,29.93,4.34763,390.1,0.0,4.3476300202509615,4.3476300202509615,0.0,0.0,0.0,0.0,0.0,0.0,0.0,4.347630278795105,4.34763
NaCl,29.93,5.37998,0.1,0.0,5.379980007604408,5.379980007604408,0.0,0.0,0.0,0.0,0.0,0.0,0.0,5.379980086060451,5.37998
NaCl,29.93,5.37998,24.1,0.0,5.3799800083076255,5.3799800083076255,0.0,0.0,0.0,0.0,0.0,0.0,0.0,5.379980094018887,5.37998
NaCl,29.93,5.37998,49.5,0.0,5.379980009067924,5.379980009067924,0.0,0.0,0.0,0.0,0.0,0.0,0.0,5.379980102623314,5.37998
NaCl,29.93,5.37998,71.5,0.0,5.379980009740901,5.379980009740901,0.0,0.0,0.0,0.0,0.0,0.0,0.0,5.379980110239519,5.37998
NaCl,29.93,5.37998,76.4,0.0,5.379980009892749,5.379980009892749,0.0,0.0,0.0,0.0,0.0,0.0,0.0,5.379980111958006,5.37998
NaCl,29.93,5.37998,98.8,0.0,5.379980010596599,5.379980010596599,0.0,0.0,0.0,0.0,0.0,0.0,0.0,5.379980119923616,5.37998
NaCl,29.93,5.37998,119.8,0.0,5.3799800112717255,5.3799800112717255,0.0,0.0,0.0,0.0,0.0,0.0,0.0,5.379980127564139,5.37998
NaCl,29.93,5.37998,147.2,0.0,5.379980012176097,5.379980012176097,0.0,0.0,0.0,0.0,0.0,0.0,0.0,5.379980137799083,5.37998
NaCl,29.93,5.37998,188.5,0.0,5.3799800135893365,5.3799800135893365,0.0,0.0,0.0,0.0,0.0,0.0,0.0,5.379980153792959,5.37998
NaCl,29.93,5.37998,198.5,0.0,5.379980013939753,5.379980013939753,0.0,0.0,0.0,0.0,0.0,0.0,0.0,5.379980157758684,5.37998
NaCl,29.93,5.37998,248.6,0.0,5.379980015726135,5.379980015726135,0.0,0.0,0.0,0.0,0.0,0.0,0.0,5.379980177975482,5.37998
NaCl,29.93,5.37998,268.3,0.0,5.379980016431519,5.379980016431519,0.0,0.0,0.0,0.0,0.0,0.0,0.0,5.379980185958446,5.37998
NaCl,29.93,5.37998,308.9,0.0,5.379980017849903,5.379980017849903,0.0,0.0,0.0,0.0,0.0,0.0,0.0,5.379980202010545,5.37998
NaCl,29.93,5.37998,351.5,0.0,5.3799800192114455,5.3799800192114455,0.0,0.0,0.0,0.0,0.0,0.0,0.0,5.379980217419373,5.37998
NaCl,29.93,5.37998,389.3,0.0,5.3799800202244485,5.3799800202244485,0.0,0.0,0.0,0.0,0.0,0.0,0.0,5.379980228883715,5.37998
NaCl,29.93,6.16314,0.1,0.0,6.163140007400905,6.163140007400905,0.0,0.0,0.0,0.0,0.0,0.0,0.0,6.163140074054633,6.16314
NaCl,29.93,6.16314,23.0,0.0,6.163140008049957,6.163140008049957,0.0,0.0,0.0,0.0,0.0,0.0,0.0,6.16314008054915,6.16314
NaCl,29.93,6.16314,49.9,0.0,6.163140008828553,6.163140008828553,0.0,0.0,0.0,0.0,0.0,0.0,0.0,6.163140088339907,6.16314
NaCl,29.93,6.16314,73.1,0.0,6.163140009515312,6.163140009515312,0.0,0.0,0.0,0.0,0.0,0.0,0.0,6.163140095211728,6.16314
NaCl,29.93,6.16314,75.4,0.0,6.1631400095842235,6.1631400095842235,0.0,0.0,0.0,0.0,0.0,0.0,0.0,6.163140095901259,6.16314
NaCl,29.93,6.16314,99.1,0.0,6.163140010303592,6.163140010303592,0.0,0.0,0.0,0.0,0.0,0.0,0.0,6.163140103099374,6.16314
NaCl,29.93,6.16314,123.5,0.0,6.163140011062988,6.163140011062988,0.0,0.0,0.0,0.0,0.0,0.0,0.0,6.163140110698019,6.16314
NaCl,29.93,6.16314,150.2,0.0,6.163140011917158,6.163140011917158,0.0,0.0,0.0,0.0,0.0,0.0,0.0,6.163140119244981,6.16314
NaCl,29.93,6.16314,158.2,0.0,6.163140012177879,6.163140012177879,0.0,0.0,0.0,0.0,0.0,0.0,0.0,6.163140121853795,6.16314
NaCl,29.93,6.16314,212.7,0.0,6.163140014007798,6.163140014007798,0.0,0.0,0.0,0.0,0.0,0.0,0.0,6.1631401401642405,6.16314
NaCl,29.93,6.16314,250.4,0.0,6.163140015310857,6.163140015310857,0.0,0.0,0.0,0.0,0.0,0.0,0.0,6.163140153202865,6.16314
NaCl,29.93,6.16314,256.3,0.0,6.16314001551536,6.16314001551536,0.0,0.0,0.0,0.0,0.0,0.0,0.0,6.163140155249152,6.16314
NaCl,29.93,6.16314,313.7,0.0,6.163140017459397,6.163140017459397,0.0,0.0,0.0,0.0,0.0,0.0,0.0,6.163140174701495,6.16314
NaCl,29.93,6.16314,342.3,0.0,6.163140018353566,6.163140018353566,0.0,0.0,0.0,0.0,0.0,0.0,0.0,6.1631401836486965,6.16314
NaCl,29.93,6.16314,386.6,0.0,6.163140019547292,6.163140019547292,0.0,0.0,0.0,0.0,0.0,0.0,0.0,6.1631401955933,6.16314
NaCl,35.0,0.000104,0.1,0.0,0.0001040000002742,0.0001040000002742,0.0,0.0,0.0,0.0,0.0,0.0,0.0,0.0001041463531458,0.000104
NaCl,35.0,0.00099,0.1,0.0,0.0009900000026734,0.0009900000026734,0.0,0.0,0.0,0.0,0.0,0.0,0.0,0.0009901498951574,0.00099
NaCl,35.0,0.01,0.1,0.0,0.0100000000288923,0.0100000000288923,0.0,0.0,0.0,0.0,0.0,0.0,0.0,0.0100001603992085,0.01
NaCl,35.0,0.1,0.1,0.0,0.1000000003329296,0.1000000003329296,0.0,0.0,0.0,0.0,0.0,0.0,0.0,0.1000001851295838,0.1
NaCl,35.0,0.5,0.1,0.0,0.5000000018238722,0.5000000018238722,0.0,0.0,0.0,0.0,0.0,0.0,0.0,0.5000002042963578,0.5
NaCl,35.0,0.9999,0.1,0.0,0.999900003586002,0.999900003586002,0.0,0.0,0.0,0.0,0.0,0.0,0.0,0.999900202651311,0.9999
NaCl,45.0,0.000104,0.1,0.0,0.0001040000003809,0.0001040000003809,0.0,0.0,0.0,0.0,0.0,0.0,0.0,0.000104203326361,0.000104
NaCl,45.0,0.00099,0.1,0.0,0.0009900000037159,0.0009900000037159,0.0,0.0,0.0,0.0,0.0,0.0,0.0,0.0009902083446116,0.00099
NaCl,45.0,0.01,0.1,0.0,0.0100000000402139,0.0100000000402139,0.0,0.0,0.0,0.0,0.0,0.0,0.0,0.0100002232524648,0.01
NaCl,45.0,0.1,0.1,0.0,0.1000000004649454,0.1000000004649454,0.0,0.0,0.0,0.0,0.0,0.0,0.0,0.1000002585385461,0.1
NaCl,45.0,0.5,0.1,0.0,0.5000000025567668,0.5000000025567668,0.0,0.0,0.0,0.0,0.0,0.0,0.0,0.5000002863896826,0.5
NaCl,45.0,0.9999,0.1,0.0,0.9999000050367892,0.9999000050367892,0.0,0.0,0.0,0.0,0.0,0.0,0.0,0.9999002846378666,0.9999
NaCl,70.0,0.000104,0.1,0.0,0.0001040000007629,0.0001040000007629,0.0,0.0,0.0,0.0,0.0,0.0,0.0,0.0001044071857743,0.000104
NaCl,70.0,0.00099,0.1,0.0,0.0009900000074516,0.0009900000074516,0.0,0.0,0.0,0.0,0.0,0.0,0.0,0.000990417796654,0.00099
NaCl,70.0,0.01,0.1,0.0,0.0100000000809636,0.0100000000809636,0.0,0.0,0.0,0.0,0.0,0.0,0.0,0.0100004494797152,0.01
NaCl,70.0,0.1,0.1,0.0,0.1000000009452701,0.1000000009452701,0.0,0.0,0.0,0.0,0.0,0.0,0.0,0.1000005256289509,0.1
NaCl,70.0,0.5,0.1,0.0,0.5000000052565138,0.5000000052565138,0.0,0.0,0.0,0.0,0.0,0.0,0.0,0.5000005887948968,0.5
NaCl,70.0,0.9999,0.1,0.0,0.9999000104139508,0.9999000104139508,0.0,0.0,0.0,0.0,0.0,0.0,0.0,0.9999005885107836,0.9999
NaCl,90.0,0.000104,0.1,0.0,0.0001040000011917,0.0001040000011917,0.0,0.0,0.0,0.0,0.0,0.0,0.0,0.0001046360465704,0.000104
NaCl,90.0,0.00099,0.1,0.0,0.0009900000116545,0.0009900000116545,0.0,0.0,0.0,0.0,0.0,0.0,0.0,0.0009906534442994,0.00099
NaCl,90.0,0.01,0.1,0.0,0.0100000001271056,0.0100000001271056,0.0,0.0,0.0,0.0,0.0,0.0,0.0,0.0100007056426901,0.01
NaCl,90.0,0.1,0.1,0.0,0.1000000014978498,0.1000000014978498,0.0,0.0,0.0,0.0,0.0,0.0,0.0,0.100000832897607,0.1
NaCl,90.0,0.5,0.1,0.0,0.5000000084203298,0.5000000084203298,0.0,0.0,0.0,0.0,0.0,0.0,0.0,0.5000009431816363,0.5
NaCl,90.0,0.9999,0.1,0.0,0.9999000167743608,0.9999000167743608,0.0,0.0,0.0,0.0,0.0,0.0,0.0,0.9999009479487811,0.9999
NaCl:MgSO4 (1:1),-10.0,0.05,0.1,0.0,0.0500000000497053,0.0500000000497053,0.0499999678917504,0.0499999845833685,0.0,0.0,0.0,0.0,0.0,0.2499999601802241,0.25
NaCl:MgSO4 (1:1),-10.0,0.1,0.1,0.0,0.1000000001278544,0.1000000001278544,0.0999999530309772,0.0999999767256571,0.0,0.0,0.0,0.0,0.0,0.4999999306094798,0.5
NaCl:MgSO4 (1:1),-10.0,0.4,0.1,0.0,0.4000000008555682,0.4000000008555682,0.3999999057828959,0.3999999564734008,0.0,0.0,0.0,0.0,0.0,1.9999998440903624,2.0
NaCl:MgSO4 (1:1),-10.0,0.7,0.1,0.0,0.7000000018836577,0.7000000018836577,0.699999872823287,0.6999999448066362,0.0,0.0,0.0,0.0,0.0,3.4999997865061956,3.4999999999999996
NaCl:MgSO4 (1:1),-1.0,0.05,0.1,0.0,0.0500000000832536,0.0500000000832536,0.0499999457303729,0.0499999699861213,0.0,0.0,0.0,0.0,0.0,0.2499999239393595,0.25
NaCl:MgSO4 (1:1),-1.0,0.1,0.1,0.0,0.1000000002160952,0.1000000002160952,0.0999999200369218,0.0999999546330933,0.0,0.0,0.0,0.0,0.0,0.499999869501226,0.5
NaCl:MgSO4 (1:1),-1.0,0.4,0.1,0.0,0.4000000014699321,0.4000000014699321,0.3999998374631069,0.3999999133215089,0.0,0.0,0.0,0.0,0.0,1.999999707013898,2.0
NaCl:MgSO4 (1:1),-1.0,0.7,0.1,0.0,0.7000000032587592,0.7000000032587592,0.699999779512565,0.6999998883672722,0.0,0.0,0.0,0.0,0.0,3.4999995974192264,3.4999999999999996
NaCl:MgSO4 (1:1),20.0,0.05,0.1,0.0,0.0500000002485163,0.0500000002485163,0.0499998296887886,0.0499998763982888,0.0,0.0,0.0,0.0,0.0,0.2499996883055267,0.25
NaCl:MgSO4 (1:1),20.0,0.1,0.1,0.0,0.1000000006603131,0.1000000006603131,0.0999997460581894,0.0999998141158838,0.0,0.0,0.0,0.0,0.0,0.4999994875221207,0.5
NaCl:MgSO4 (1:1),20.0,0.4,0.1,0.0,0.4000000046501525,0.4000000046501525,0.3999994755987225,0.3999996381444544,0.0,0.0,0.0,0.0,0.0,1.9999988774162356,2.0
NaCl:MgSO4 (1:1),20.0,0.7,0.1,0.0,0.7000000104313355,0.7000000104313355,0.6999992863012467,0.6999995273470309,0.0,0.0,0.0,0.0,0.0,3.4999984648752194,3.4999999999999996
NaCl:MgSO4 (1:1),25.0,0.05,0.1,0.0,0.0500000003166434,0.0500000003166434,0.0499997795323178,0.0499998313001557,0.0,0.0,0.0,0.0,0.0,0.2499995734939337,0.25
NaCl:MgSO4 (1:1),25.0,0.1,0.1,0.0,0.1000000008461068,0.1000000008461068,0.0999996706636166,0.0999997469046342,0.0,0.0,0.0,0.0,0.0,0.4999993056232953,0.5
NaCl:MgSO4 (1:1),25.0,0.4,0.1,0.0,0.4000000059996622,0.4000000059996622,0.3999993193595748,0.3999995074387529,0.0,0.0,0.0,0.0,0.0,1.9999984921415024,2.0
NaCl:MgSO4 (1:1),25.0,0.7,0.1,0.0,0.7000000134805306,0.7000000134805306,0.6999990744893532,0.6999993565551641,0.0,0.0,0.0,0.0,0.0,3.4999979445015788,3.4999999999999996
