Salt,Source,Source_Type,Temperature_C,Pressure_MPa,Molality_molkg,Conductivity_mScm,Notes,Replicate,Mixture,Conductivity_Ratio
MgSO4,Mahboub,experimental,-6.0,0.1,0.0249,1.889,,,False,
MgSO4,Mahboub,experimental,-3.0,0.1,0.0249,1.683,,,False,
MgSO4,Mahboub,experimental,-1.0,0.1,0.0249,1.93,,,False,
MgSO4,Mahboub,experimental,5.0,0.1,0.0249,2.209,,,False,
MgSO4,Mahboub,experimental,20.0,0.1,0.0249,3.112,,,False,
MgSO4,Mahboub,experimental,25.0,0.1,0.0249,3.423,,,False,
MgSO4,Mahboub,experimental,-10.0,0.1,0.3323,11.09,,,False,
MgSO4,Mahboub,experimental,-6.0,0.1,0.3323,11.723,,,False,
MgSO4,Mahboub,experimental,-3.0,0.1,0.3323,12.797,,,False,
MgSO4,Mahboub,experimental,-1.0,0.1,0.3323,13.787,,,False,
MgSO4,Mahboub,experimental,5.0,0.1,0.3323,15.993,,,False,
MgSO4,Mahboub,experimental,20.0,0.1,0.3323,22.943,,,False,
MgSO4,Mahboub,experimental,25.0,0.1,0.3323,25.237,,,False,
MgSO4,Mahboub,experimental,-10.0,0.1,0.6646,15.5,,,False,
MgSO4,Mahboub,experimental,-6.0,0.1,0.6646,18.21,,,False,
MgSO4,Mahboub,experimental,-3.0,0.1,0.6646,19.34,,,False,
MgSO4,Mahboub,experimental,-1.0,0.1,0.6646,21.143,,,False,
MgSO4,Mahboub,experimental,5.0,0.1,0.6646,25.187,,,False,
MgSO4,Mahboub,experimental,20.0,0.1,0.6646,36.417,,,False,
MgSO4,Mahboub,experimental,25.0,0.1,0.6646,40.06,,,False,
MgSO4,Mahboub,experimental,-10.0,0.1,0.997,20.37,,,False,
MgSO4,Mahboub,experimental,-6.0,0.1,0.997,22.263,,,False,
MgSO4,Mahboub,experimental,-3.0,0.1,0.997,24.713,,,False,
MgSO4,Mahboub,experimental,-1.0,0.1,0.997,26.32,,,False,
MgSO4,Mahboub,experimental,5.0,0.1,0.997,31.11,,,False,
MgSO4,Mahboub,experimental,20.0,0.1,0.997,44.403,,,False,
MgSO4,Mahboub,experimental,25.0,0.1,0.997,48.847,,,False,
MgSO4,Mahboub,experimental,-10.0,0.1,1.4124,21.787,,,False,
MgSO4,Mahboub,experimental,-6.0,0.1,1.4124,24.39,,,False,
MgSO4,Mahboub,experimental,-3.0,0.1,1.4124,27.707,,,False,
MgSO4,Mahboub,experimental,-1.0,0.1,1.4124,29.163,,,False,
MgSO4,Mahboub,experimental,5.0,0.1,1.4124,35.0,,,False,
MgSO4,Mahboub,experimental,20.0,0.1,1.4124,51.337,,,False,
MgSO4,Mahboub,experimental,25.0,0.1,1.4124,56.47,,,False,
MgSO4,Mahboub,experimental,-10.0,0.1,1.6616,22.353,,,False,
MgSO4,Mahboub,experimental,-6.0,0.1,1.6616,24.713,,,False,
MgSO4,Mahboub,experimental,-3.0,0.1,1.6616,27.767,,,False,
MgSO4,Mahboub,experimental,-1.0,0.1,1.6616,29.483,,,False,
MgSO4,Mahboub,experimental,5.0,0.1,1.6616,35.43,,,False,
MgSO4,Mahboub,experimental,20.0,0.1,1.6616,53.05,,,False,
MgSO4,Mahboub,experimental,25.0,0.1,1.6616,58.353,,,False,
NaCl,Pan2021,experimental,19.85,212.0,0.1620017225,13.89,"Pan2021, molality computed from reported density via mass balance",,False,
NaCl,Pan2021,experimental,13.85,414.0,0.153656235,10.56,"Pan2021, molality computed from reported density via mass balance",,False,
NaCl,Pan2021,experimental,16.85,212.0,0.1618501618,12.85,"Pan2021, molality computed from reported density via mass balance",,False,
NaCl,Pan2021,experimental,12.85,414.0,0.153656235,10.3,"Pan2021, molality computed from reported density via mass balance",,False,
NaCl,Pan2021,experimental,14.85,212.0,0.1616988844,11.96,"Pan2021, molality computed from reported density via mass balance",,False,
NaCl,Pan2021,experimental,9.85,414.0,0.1533837683,9.55,"Pan2021, molality computed from reported density via mass balance",,False,
NaCl,Pan2021,experimental,12.85,212.0,0.1615478895,11.34,"Pan2021, molality computed from reported density via mass balance",,False,
NaCl,Pan2021,experimental,7.85,414.0,0.153247897,9.12,"Pan2021, molality computed from reported density via mass balance",,False,
NaCl,Pan2021,experimental,9.85,212.0,0.1613971764,10.79,"Pan2021, molality computed from reported density via mass balance",,False,
NaCl,Pan2021,experimental,4.85,414.0,0.1531122661,8.36,"Pan2021, molality computed from reported density via mass balance",,False,
NaCl,Pan2021,experimental,7.85,212.0,0.1612467442,10.11,"Pan2021, molality computed from reported density via mass balance",,False,
NaCl,Pan2021,experimental,2.85,414.0,0.1529768752,7.69,"Pan2021, molality computed from reported density via mass balance",,False,
NaCl,Pan2021,experimental,4.85,212.0,0.1610965921,9.05,"Pan2021, molality computed from reported density via mass balance",,False,
NaCl,Pan2021,experimental,-0.15,414.0,0.1527068103,6.89,"Pan2021, molality computed from reported density via mass balance",,False,
NaCl,Pan2021,experimental,2.85,212.0,0.1609467195,8.3,"Pan2021, molality computed from reported density via mass balance",,False,
NaCl,Pan2021,experimental,-2.15,414.0,0.1525721351,6.37,"Pan2021, molality computed from reported density via mass balance",,False,
NaCl,Pan2021,experimental,-0.15,212.0,0.1607971254,7.43,"Pan2021, molality computed from reported density via mass balance",,False,
NaCl,Pan2021,experimental,-5.15,414.0,0.1524376973,6.11,"Pan2021, molality computed from reported density via mass balance",,False,
NaCl,Pan2021,experimental,-2.15,212.0,0.160647809,6.86,"Pan2021, molality computed from reported density via mass balance",,False,
NaCl,Pan2021,experimental,-7.15,414.0,0.1524008450879553,5.31,molality via in-hull density interp from Pan completed rows,,False,
NaCl,Pan2021,experimental,-5.15,212.0,0.1604987701,6.07,"Pan2021, molality computed from reported density via mass balance",,False,
NaCl,Pan2021,experimental,-10.15,414.0,0.1522217687832337,1.35,molality via in-hull density interp from Pan completed rows,,False,
NaCl,Pan2021,experimental,-7.15,212.0,0.1603500072,5.59,"Pan2021, molality computed from reported density via mass balance",,False,
NaCl,Pan2021,experimental,-12.15,414.0,0.1521030753259531,0.93,molality via in-hull density interp from Pan completed rows,,False,
NaCl,Pan2021,experimental,-10.15,212.0,0.1602015198,5.21,"Pan2021, molality computed from reported density via mass balance",,False,
NaCl,Pan2021,experimental,-13.15,414.0,0.1520439350148489,0.73,molality via in-hull density interp from Pan completed rows,,False,
NaCl,Pan2021,experimental,-12.15,212.0,0.1600533072,4.65,"Pan2021, molality computed from reported density via mass balance",,False,
NaCl,Pan2021,experimental,-15.15,414.0,0.1519260658931484,0.46,molality via in-hull density interp from Pan completed rows,,False,
NaCl,Pan2021,experimental,-15.15,212.0,0.1599053686,3.87,"Pan2021, molality computed from reported density via mass balance",,False,
NaCl,Pan2021,experimental,-16.15,414.0,0.173,0.37,molality HELD: needs Pan/Reaktoro density (out of hull),,False,
NaCl,Pan2021,experimental,-18.15,212.0,0.173,0.3,molality HELD: needs Pan/Reaktoro density (out of hull),,False,
NaCl,Pan2021,experimental,-15.15,414.0,0.1519260658931484,0.42,molality via in-hull density interp from Pan completed rows,,False,
NaCl,Pan2021,experimental,-20.15,212.0,0.173,0.17,molality HELD: needs Pan/Reaktoro density (out of hull),,False,
NaCl,Pan2021,experimental,-10.15,414.0,0.1522217687832337,1.59,molality via in-hull density interp from Pan completed rows,,False,
NaCl,Pan2021,experimental,-18.15,212.0,0.173,0.34,molality HELD: needs Pan/Reaktoro density (out of hull),,False,
NaCl,Pan2021,experimental,-8.15,414.0,0.1523410144773543,1.91,molality via in-hull density interp from Pan completed rows,,False,
NaCl,Pan2021,experimental,-8.15,212.0,0.1602851022806393,6.4,molality via in-hull density interp from Pan completed rows,,False,
NaCl,Pan2021,experimental,-5.15,414.0,0.1525209231937799,2.39,molality via in-hull density interp from Pan completed rows,,False,
NaCl,Pan2021,experimental,-5.15,212.0,0.160464355671725,7.2,molality via in-hull density interp from Pan completed rows,,False,
NaCl,Pan2021,experimental,-2.15,414.0,0.1527020866646418,3.47,molality via in-hull density interp from Pan completed rows,,False,
NaCl,Pan2021,experimental,-2.15,212.0,0.1606449282847137,7.88,molality via in-hull density interp from Pan completed rows,,False,
NaCl,Pan2021,experimental,-0.15,414.0,0.1528235630645288,3.62,molality via in-hull density interp from Pan completed rows,,False,
NaCl,Pan2021,experimental,-0.15,212.0,0.1607660466564741,8.32,molality via in-hull density interp from Pan completed rows,,False,
NaCl,Pan2021,experimental,1.85,414.0,0.1529456026553712,6.01,molality via in-hull density interp from Pan completed rows,,False,
NaCl,Pan2021,experimental,2.85,212.0,0.1609488348059159,9.24,molality via in-hull density interp from Pan completed rows,,False,
NaCl,Pan2021,experimental,2.85,414.0,0.153006834345603,6.15,molality via in-hull density interp from Pan completed rows,,False,
NaCl,Pan2021,experimental,4.85,212.0,0.1610714372898724,9.85,molality via in-hull density interp from Pan completed rows,,False,
NaCl,Pan2021,experimental,4.85,414.0,0.1531297229204908,6.43,molality via in-hull density interp from Pan completed rows,,False,
NaCl,Pan2021,experimental,7.85,212.0,0.1612564623392127,10.49,molality via in-hull density interp from Pan completed rows,,False,
NaCl,Pan2021,experimental,9.85,414.0,0.1534394378830094,7.12,molality via in-hull density interp from Pan completed rows,,False,
NaCl,Pan2021,experimental,9.85,212.0,0.1613805633029092,10.92,molality via in-hull density interp from Pan completed rows,,False,
NaCl,Pan2021,experimental,18.35,817.0,0.1437008508,9.63,"Pan2021, molality computed from reported density via mass balance",,False,
NaCl,Pan2021,experimental,9.85,615.0,0.1476247922,8.19,"Pan2021, molality computed from reported density via mass balance",,False,
NaCl,Pan2021,experimental,16.85,817.0,0.1435815861,9.29,"Pan2021, molality computed from reported density via mass balance",,False,
NaCl,Pan2021,experimental,7.85,615.0,0.147498928,8.39,"Pan2021, molality computed from reported density via mass balance",,False,
NaCl,Pan2021,experimental,14.85,817.0,0.143462519,8.88,"Pan2021, molality computed from reported density via mass balance",,False,
NaCl,Pan2021,experimental,4.85,615.0,0.1473732783,7.47,"Pan2021, molality computed from reported density via mass balance",,False,
NaCl,Pan2021,experimental,12.85,817.0,0.1433436495,8.34,"Pan2021, molality computed from reported density via mass balance",,False,
NaCl,Pan2021,experimental,2.85,615.0,0.14712262,7.07,"Pan2021, molality computed from reported density via mass balance",,False,
NaCl,Pan2021,experimental,10.85,817.0,0.1432249768,7.81,"Pan2021, molality computed from reported density via mass balance",,False,
NaCl,Pan2021,experimental,-0.15,615.0,0.146882720652949,4.73,molality via in-hull density interp from Pan completed rows,,False,
NaCl,Pan2021,experimental,9.85,817.0,0.1431065003,7.56,"Pan2021, molality computed from reported density via mass balance",,False,
NaCl,Pan2021,experimental,-2.15,615.0,0.1467594487521185,1.04,molality via in-hull density interp from Pan completed rows,,False,
NaCl,Pan2021,experimental,7.85,817.0,0.1429882197,7.24,"Pan2021, molality computed from reported density via mass balance",,False,
NaCl,Pan2021,experimental,-5.15,615.0,0.1465755651343579,0.64,molality via in-hull density interp from Pan completed rows,,False,
NaCl,Pan2021,experimental,4.85,817.0,0.1428331647901122,3.3,molality via in-hull density interp from Pan completed rows,,False,
NaCl,Pan2021,experimental,-8.15,615.0,0.1463929039450108,0.34,molality via in-hull density interp from Pan completed rows,,False,
NaCl,Pan2021,experimental,3.85,817.0,0.1427691565298783,2.27,molality via in-hull density interp from Pan completed rows,,False,
NaCl,Pan2021,experimental,-10.15,615.0,0.1462718052813214,0.23,molality via in-hull density interp from Pan completed rows,,False,
NaCl,Pan2021,experimental,2.85,817.0,0.1427052860895857,1.84,molality via in-hull density interp from Pan completed rows,,False,
NaCl,Pan2021,experimental,-12.15,615.0,0.1461512444441708,0.13,molality via in-hull density interp from Pan completed rows,,False,
NaCl,Pan2021,experimental,1.85,817.0,0.1426415531763391,1.37,molality via in-hull density interp from Pan completed rows,,False,
NaCl,Pan2021,experimental,-10.15,615.0,0.1462718052813214,0.1,molality via in-hull density interp from Pan completed rows,,False,
NaCl,Pan2021,experimental,-0.15,817.0,0.1425144987643392,0.71,molality via in-hull density interp from Pan completed rows,,False,
NaCl,Pan2021,experimental,-8.15,615.0,0.1463929039450108,0.15,molality via in-hull density interp from Pan completed rows,,False,
NaCl,Pan2021,experimental,-1.15,817.0,0.1424511766847211,0.52,molality via in-hull density interp from Pan completed rows,,False,
NaCl,Pan2021,experimental,-5.15,615.0,0.1465755651343579,0.34,molality via in-hull density interp from Pan completed rows,,False,
NaCl,Pan2021,experimental,-2.15,817.0,0.1423879909704114,0.38,molality via in-hull density interp from Pan completed rows,,False,
NaCl,Pan2021,experimental,-3.15,615.0,0.1466980179267287,0.49,molality via in-hull density interp from Pan completed rows,,False,
NaCl,Pan2021,experimental,-4.15,817.0,0.1422620274867168,0.23,molality via in-hull density interp from Pan completed rows,,False,
NaCl,Pan2021,experimental,-0.15,615.0,0.146882720652949,0.8,molality via in-hull density interp from Pan completed rows,,False,
NaCl,Pan2021,experimental,-5.15,817.0,0.1421992491442509,0.18,molality via in-hull density interp from Pan completed rows,,False,
NaCl,Pan2021,experimental,1.85,615.0,0.1470065414203872,1.08,molality via in-hull density interp from Pan completed rows,,False,
NaCl,Pan2021,experimental,-6.15,817.0,0.1421366060209239,0.16,molality via in-hull density interp from Pan completed rows,,False,
NaCl,Pan2021,experimental,4.85,615.0,0.1471933066294043,1.64,molality via in-hull density interp from Pan completed rows,,False,
NaCl,Pan2021,experimental,-4.15,817.0,0.1422620274867168,0.34,molality via in-hull density interp from Pan completed rows,,False,
NaCl,Pan2021,experimental,7.85,615.0,0.1473813195306452,2.09,molality via in-hull density interp from Pan completed rows,,False,
NaCl,Pan2021,experimental,-2.15,817.0,0.1423879909704114,0.46,molality via in-hull density interp from Pan completed rows,,False,
NaCl,Pan2021,experimental,11.85,615.0,0.1476339576558677,7.07,molality via in-hull density interp from Pan completed rows,,False,
NaCl,Pan2021,experimental,-0.15,817.0,0.1425144987643392,0.66,molality via in-hull density interp from Pan completed rows,,False,
NaCl,Pan2021,experimental,15.85,615.0,0.1478888462678223,8.11,molality via in-hull density interp from Pan completed rows,,False,
NaCl,Pan2021,experimental,3.35,817.0,0.1427372041005685,1.07,molality via in-hull density interp from Pan completed rows,,False,
NaCl,Pan2021,experimental,20.85,428.0,0.8324513291,48.77,"Pan2021, molality computed from reported density via mass balance",,False,
NaCl,Pan2021,experimental,4.85,817.0,0.1428331647901122,1.3,molality via in-hull density interp from Pan completed rows,,False,
NaCl,Pan2021,experimental,18.85,428.0,0.8316829212,46.74,"Pan2021, molality computed from reported density via mass balance",,False,
NaCl,Pan2021,experimental,6.85,817.0,0.1429615959469501,1.64,molality via in-hull density interp from Pan completed rows,,False,
NaCl,Pan2021,experimental,15.85,428.0,0.8301503532,44.42,"Pan2021, molality computed from reported density via mass balance",,False,
NaCl,Pan2021,experimental,9.85,817.0,0.1431552837114079,2.22,molality via in-hull density interp from Pan completed rows,,False,
NaCl,Pan2021,experimental,11.85,428.0,0.828623423,41.84,"Pan2021, molality computed from reported density via mass balance",,False,
NaCl,Pan2021,experimental,14.35,817.0,0.1434481736265774,2.89,molality via in-hull density interp from Pan completed rows,,False,
NaCl,Pan2021,experimental,9.85,428.0,0.8278620625,40.68,"Pan2021, molality computed from reported density via mass balance",,False,
NaCl,Pan2021,experimental,21.85,817.0,0.173,2.0,molality HELD: needs Pan/Reaktoro density (out of hull),,False,
NaCl,Pan2021,experimental,6.85,428.0,0.8263435309,38.36,"Pan2021, molality computed from reported density via mass balance",,False,
NaCl,Pan2021,experimental,13.85,608.0,0.8006429598,39.18,"Pan2021, molality computed from reported density via mass balance",,False,
NaCl,Pan2021,experimental,4.85,428.0,0.8255863523,37.02,"Pan2021, molality computed from reported density via mass balance",,False,
NaCl,Pan2021,experimental,9.85,608.0,0.799222556,35.26,"Pan2021, molality computed from reported density via mass balance",,False,
NaCl,Pan2021,experimental,1.85,428.0,0.82483056,34.87,"Pan2021, molality computed from reported density via mass balance",,False,
NaCl,Pan2021,experimental,6.35,608.0,0.7978071831,33.16,"Pan2021, molality computed from reported density via mass balance",,False,
NaCl,Pan2021,experimental,-0.15,428.0,0.8240761503,33.6,"Pan2021, molality computed from reported density via mass balance",,False,
NaCl,Pan2021,experimental,2.85,608.0,0.7963968144,30.61,"Pan2021, molality computed from reported density via mass balance",,False,
NaCl,Pan2021,experimental,-3.15,428.0,0.8225714632,31.46,"Pan2021, molality computed from reported density via mass balance",,False,
NaCl,Pan2021,experimental,-0.15,608.0,0.794991423,28.61,"Pan2021, molality computed from reported density via mass balance",,False,
NaCl,Pan2021,experimental,-6.15,428.0,0.8218211784,29.17,"Pan2021, molality computed from reported density via mass balance",,False,
NaCl,Pan2021,experimental,-4.15,608.0,0.7935331786120672,15.12,molality via in-hull density interp from Pan completed rows,,False,
NaCl,Pan2021,experimental,-9.15,428.0,0.8203247073,27.01,"Pan2021, molality computed from reported density via mass balance",,False,
NaCl,Pan2021,experimental,-7.15,608.0,0.7923488436721379,11.61,molality via in-hull density interp from Pan completed rows,,False,
NaCl,Pan2021,experimental,-13.15,428.0,0.8188336762,24.11,"Pan2021, molality computed from reported density via mass balance",,False,
NaCl,Pan2021,experimental,-10.15,608.0,0.7911701991876354,8.65,molality via in-hull density interp from Pan completed rows,,False,
NaCl,Pan2021,experimental,-15.15,428.0,0.8180901914,22.74,"Pan2021, molality computed from reported density via mass balance",,False,
NaCl,Pan2021,experimental,-12.15,608.0,0.790387580266668,7.26,molality via in-hull density interp from Pan completed rows,,False,
NaCl,Pan2021,experimental,-18.15,428.0,0.816607265,20.11,"Pan2021, molality computed from reported density via mass balance",,False,
NaCl,Pan2021,experimental,-14.15,608.0,0.7896074645804164,5.96,molality via in-hull density interp from Pan completed rows,,False,
NaCl,Pan2021,experimental,-21.15,428.0,0.901,10.54,molality HELD: needs Pan/Reaktoro density (out of hull),,False,
NaCl,Pan2021,experimental,-16.15,608.0,0.788829841892019,4.4,molality via in-hull density interp from Pan completed rows,,False,
NaCl,Pan2021,experimental,-23.65,428.0,0.901,7.51,molality HELD: needs Pan/Reaktoro density (out of hull),,False,
NaCl,Pan2021,experimental,-22.15,608.0,0.901,2.0,molality HELD: needs Pan/Reaktoro density (out of hull),,False,
NaCl,Pan2021,experimental,-25.15,428.0,0.901,6.06,molality HELD: needs Pan/Reaktoro density (out of hull),,False,
NaCl,Pan2021,experimental,-23.65,608.0,0.901,1.73,molality HELD: needs Pan/Reaktoro density (out of hull),,False,
NaCl,Pan2021,experimental,-28.15,428.0,0.901,3.19,molality HELD: needs Pan/Reaktoro density (out of hull),,False,
NaCl,Pan2021,experimental,-20.15,608.0,0.901,2.15,molality HELD: needs Pan/Reaktoro density (out of hull),,False,
NaCl,Pan2021,experimental,-31.15,428.0,0.901,1.83,molality HELD: needs Pan/Reaktoro density (out of hull),,False,
NaCl,Pan2021,experimental,-15.15,608.0,0.789218342249004,2.64,molality via in-hull density interp from Pan completed rows,,False,
NaCl,Pan2021,experimental,-34.15,428.0,0.901,1.22,molality HELD: needs Pan/Reaktoro density (out of hull),,False,
NaCl,Pan2021,experimental,-12.15,608.0,0.790387580266668,3.12,molality via in-hull density interp from Pan completed rows,,False,
NaCl,Pan2021,experimental,-37.15,428.0,0.901,0.63,molality HELD: needs Pan/Reaktoro density (out of hull),,False,
NaCl,Pan2021,experimental,-9.15,608.0,0.7915624505762257,3.63,molality via in-hull density interp from Pan completed rows,,False,
NaCl,Pan2021,experimental,-40.15,428.0,0.901,0.000124,molality HELD: needs Pan/Reaktoro density (out of hull),,False,
NaCl,Pan2021,experimental,-5.15,608.0,0.7931377658531159,5.43,molality via in-hull density interp from Pan completed rows,,False,
NaCl,Pan2021,experimental,-16.15,428.0,0.8176110181891195,7.67,molality via in-hull density interp from Pan completed rows,,False,
NaCl,Pan2021,experimental,-1.15,608.0,0.7947232393086294,6.64,molality via in-hull density interp from Pan completed rows,,False,
NaCl,Pan2021,experimental,-13.15,428.0,0.8187722366138441,10.02,molality via in-hull density interp from Pan completed rows,,False,
NaCl,Pan2021,experimental,1.85,608.0,0.7959190613692991,7.68,molality via in-hull density interp from Pan completed rows,,False,
NaCl,Pan2021,experimental,-10.15,428.0,0.8199390786930315,12.03,molality via in-hull density interp from Pan completed rows,,False,
NaCl,Pan2021,experimental,4.85,608.0,0.7971206807111011,9.09,molality via in-hull density interp from Pan completed rows,,False,
NaCl,Pan2021,experimental,-7.15,428.0,0.8211115784250842,13.95,molality via in-hull density interp from Pan completed rows,,False,
NaCl,Pan2021,experimental,11.85,608.0,0.7999472082637084,13.36,molality via in-hull density interp from Pan completed rows,,False,
NaCl,Pan2021,experimental,-5.15,428.0,0.8218964049745261,15.55,molality via in-hull density interp from Pan completed rows,,False,
NaCl,Pan2021,experimental,13.85,608.0,0.8007606863069643,15.6,molality via in-hull density interp from Pan completed rows,,False,
NaCl,Pan2021,experimental,-0.15,428.0,0.8238696062801328,20.12,molality via in-hull density interp from Pan completed rows,,False,
NaCl,Pan2021,experimental,14.85,608.0,0.801168415319193,16.74,molality via in-hull density interp from Pan completed rows,,False,
NaCl,Pan2021,experimental,6.85,428.0,0.8266590660599087,36.07,molality via in-hull density interp from Pan completed rows,,False,
NaCl,Pan2021,experimental,16.35,608.0,0.8017812502208185,19.51,molality via in-hull density interp from Pan completed rows,,False,
NaCl,Pan2021,experimental,9.85,428.0,0.8278642822331306,38.27,molality via in-hull density interp from Pan completed rows,,False,
NaCl,Pan2021,experimental,17.85,608.0,0.8023955789553012,39.83,molality via in-hull density interp from Pan completed rows,,False,
NaCl,Pan2021,experimental,12.85,428.0,0.8290753902993142,41.18,molality via in-hull density interp from Pan completed rows,,False,
NaCl,Pan2021,experimental,18.85,1000.0,0.901,13.92,molality HELD: needs Pan/Reaktoro density (out of hull),,False,
NaCl,Pan2021,experimental,17.85,800.0,0.7778335163,35.99,"Pan2021, molality computed from reported density via mass balance",,False,
NaCl,Pan2021,experimental,15.85,1000.0,0.901,11.9,molality HELD: needs Pan/Reaktoro density (out of hull),,False,
NaCl,Pan2021,experimental,15.85,800.0,0.7770045508735712,19.3,molality via in-hull density interp from Pan completed rows,,False,
NaCl,Pan2021,experimental,12.85,1000.0,0.901,10.36,molality HELD: needs Pan/Reaktoro density (out of hull),,False,
NaCl,Pan2021,experimental,12.35,800.0,0.7755603253909814,13.96,molality via in-hull density interp from Pan completed rows,,False,
NaCl,Pan2021,experimental,9.85,1000.0,0.901,8.84,molality HELD: needs Pan/Reaktoro density (out of hull),,False,
NaCl,Pan2021,experimental,9.85,800.0,0.7745337439323254,11.7,molality via in-hull density interp from Pan completed rows,,False,
NaCl,Pan2021,experimental,7.85,1000.0,0.901,7.79,molality HELD: needs Pan/Reaktoro density (out of hull),,False,
NaCl,Pan2021,experimental,6.85,800.0,0.7733073199150657,9.26,molality via in-hull density interp from Pan completed rows,,False,
NaCl,Pan2021,experimental,5.85,1000.0,0.901,6.99,molality HELD: needs Pan/Reaktoro density (out of hull),,False,
NaCl,Pan2021,experimental,4.85,800.0,0.7724930036555372,7.96,molality via in-hull density interp from Pan completed rows,,False,
NaCl,Pan2021,experimental,2.85,1000.0,0.901,5.96,molality HELD: needs Pan/Reaktoro density (out of hull),,False,
NaCl,Pan2021,experimental,0.85,800.0,0.7708722401031962,6.43,molality via in-hull density interp from Pan completed rows,,False,
NaCl,Pan2021,experimental,0.85,1000.0,0.901,5.31,molality HELD: needs Pan/Reaktoro density (out of hull),,False,
NaCl,Pan2021,experimental,-3.15,800.0,0.7692618944932638,5.22,molality via in-hull density interp from Pan completed rows,,False,
NaCl,Pan2021,experimental,-2.15,1000.0,0.901,4.49,molality HELD: needs Pan/Reaktoro density (out of hull),,False,
NaCl,Pan2021,experimental,-7.15,800.0,0.7676618789159123,4.32,molality via in-hull density interp from Pan completed rows,,False,
NaCl,Pan2021,experimental,-5.15,1000.0,0.901,3.74,molality HELD: needs Pan/Reaktoro density (out of hull),,False,
NaCl,Pan2021,experimental,-10.15,800.0,0.7664685940103413,3.74,molality via in-hull density interp from Pan completed rows,,False,
NaCl,Pan2021,experimental,-9.15,1000.0,0.901,0.00032,molality HELD: needs Pan/Reaktoro density (out of hull),,False,
NaCl,Pan2021,experimental,-13.15,800.0,0.765281034569822,3.4,molality via in-hull density interp from Pan completed rows,,False,
NaCl,Pan2021,experimental,-11.15,1000.0,0.901,0.000126,molality HELD: needs Pan/Reaktoro density (out of hull),,False,
NaCl,Pan2021,experimental,-16.15,800.0,0.7640991646264242,2.4,molality via in-hull density interp from Pan completed rows,,False,
NaCl,Pan2021,experimental,-13.15,1000.0,0.901,8.17e-05,molality HELD: needs Pan/Reaktoro density (out of hull),,False,
NaCl,Pan2021,experimental,-19.15,800.0,0.901,1.82,molality HELD: needs Pan/Reaktoro density (out of hull),,False,
NaCl,Pan2021,experimental,-9.15,1000.0,0.901,0.000403,molality HELD: needs Pan/Reaktoro density (out of hull),,False,
NaCl,Pan2021,experimental,-21.65,800.0,0.901,0.000233,molality HELD: needs Pan/Reaktoro density (out of hull),,False,
NaCl,Pan2021,experimental,-5.15,1000.0,0.901,0.00208,molality HELD: needs Pan/Reaktoro density (out of hull),,False,
NaCl,Pan2021,experimental,-24.15,800.0,0.901,5.54e-05,molality HELD: needs Pan/Reaktoro density (out of hull),,False,
NaCl,Pan2021,experimental,-2.15,1000.0,0.901,0.012,molality HELD: needs Pan/Reaktoro density (out of hull),,False,
NaCl,Pan2021,experimental,-26.65,800.0,0.901,4.4e-05,molality HELD: needs Pan/Reaktoro density (out of hull),,False,
NaCl,Pan2021,experimental,1.85,1000.0,0.901,4.83,molality HELD: needs Pan/Reaktoro density (out of hull),,False,
NaCl,Pan2021,experimental,-19.15,800.0,0.901,0.000694,molality HELD: needs Pan/Reaktoro density (out of hull),,False,
NaCl,Pan2021,experimental,4.85,1000.0,0.901,5.57,molality HELD: needs Pan/Reaktoro density (out of hull),,False,
NaCl,Pan2021,experimental,-9.15,800.0,0.7668657176975037,2.7,molality via in-hull density interp from Pan completed rows,,False,
NaCl,Pan2021,experimental,7.85,1000.0,0.901,6.58,molality HELD: needs Pan/Reaktoro density (out of hull),,False,
NaCl,Pan2021,experimental,-7.15,800.0,0.7676618789159123,3.37,molality via in-hull density interp from Pan completed rows,,False,
NaCl,Pan2021,experimental,9.85,1000.0,0.901,7.26,molality HELD: needs Pan/Reaktoro density (out of hull),,False,
NaCl,Pan2021,experimental,-5.15,800.0,0.7684606009047826,3.78,molality via in-hull density interp from Pan completed rows,,False,
NaCl,Pan2021,experimental,13.35,1000.0,0.901,8.7,molality HELD: needs Pan/Reaktoro density (out of hull),,False,
NaCl,Pan2021,experimental,-1.15,800.0,0.770065770573921,4.86,molality via in-hull density interp from Pan completed rows,,False,
NaCl,Pan2021,experimental,16.35,1000.0,0.901,10.0,molality HELD: needs Pan/Reaktoro density (out of hull),,False,
NaCl,Pan2021,experimental,0.85,800.0,0.7708722401031962,5.52,molality via in-hull density interp from Pan completed rows,,False,
NaCl,Pan2021,experimental,19.85,1000.0,0.901,11.62,molality HELD: needs Pan/Reaktoro density (out of hull),,False,
NaCl,Pan2021,experimental,3.85,800.0,0.7720868312389365,6.67,molality via in-hull density interp from Pan completed rows,,False,
NaCl,Pan2021,experimental,19.35,1436.0,0.901,6.31,molality HELD: needs Pan/Reaktoro density (out of hull),,False,
NaCl,Pan2021,experimental,7.85,800.0,0.773715466562143,8.3,molality via in-hull density interp from Pan completed rows,,False,
NaCl,Pan2021,experimental,17.85,1436.0,0.901,5.64,molality HELD: needs Pan/Reaktoro density (out of hull),,False,
NaCl,Pan2021,experimental,9.85,800.0,0.7745337439323254,9.48,molality via in-hull density interp from Pan completed rows,,False,
NaCl,Pan2021,experimental,14.85,1436.0,0.901,4.71,molality HELD: needs Pan/Reaktoro density (out of hull),,False,
NaCl,Pan2021,experimental,13.35,800.0,0.7759721244605087,11.78,molality via in-hull density interp from Pan completed rows,,False,
NaCl,Pan2021,experimental,11.85,1436.0,0.901,4.08,molality HELD: needs Pan/Reaktoro density (out of hull),,False,
NaCl,Pan2021,experimental,20.85,800.0,0.7790820321002286,18.66,molality via in-hull density interp from Pan completed rows,,False,
NaCl,Pan2021,experimental,9.85,1436.0,0.901,3.62,molality HELD: needs Pan/Reaktoro density (out of hull),,False,
NaCl,Pan2021,experimental,19.85,1214.0,0.901,9.66,molality HELD: needs Pan/Reaktoro density (out of hull),,False,
NaCl,Pan2021,experimental,7.85,1436.0,0.901,3.19,molality HELD: needs Pan/Reaktoro density (out of hull),,False,
NaCl,Pan2021,experimental,17.85,1214.0,0.901,8.56,molality HELD: needs Pan/Reaktoro density (out of hull),,False,
NaCl,Pan2021,experimental,5.85,1436.0,0.901,0.000154,molality HELD: needs Pan/Reaktoro density (out of hull),,False,
NaCl,Pan2021,experimental,14.85,1214.0,0.901,7.38,molality HELD: needs Pan/Reaktoro density (out of hull),,False,
NaCl,Pan2021,experimental,3.85,1436.0,0.901,9.82e-05,molality HELD: needs Pan/Reaktoro density (out of hull),,False,
NaCl,Pan2021,experimental,11.85,1214.0,0.901,6.41,molality HELD: needs Pan/Reaktoro density (out of hull),,False,
NaCl,Pan2021,experimental,1.85,1436.0,0.901,5.45e-05,molality HELD: needs Pan/Reaktoro density (out of hull),,False,
NaCl,Pan2021,experimental,10.35,1214.0,0.901,5.74,molality HELD: needs Pan/Reaktoro density (out of hull),,False,
NaCl,Pan2021,experimental,-0.15,1436.0,0.901,3.54e-05,molality HELD: needs Pan/Reaktoro density (out of hull),,False,
NaCl,Pan2021,experimental,7.85,1214.0,0.901,5.0,molality HELD: needs Pan/Reaktoro density (out of hull),,False,
NaCl,Pan2021,experimental,1.85,1436.0,0.901,6.13e-05,molality HELD: needs Pan/Reaktoro density (out of hull),,False,
NaCl,Pan2021,experimental,4.85,1214.0,0.901,4.23,molality HELD: needs Pan/Reaktoro density (out of hull),,False,
NaCl,Pan2021,experimental,3.85,1436.0,0.901,8.65e-05,molality HELD: needs Pan/Reaktoro density (out of hull),,False,
NaCl,Pan2021,experimental,2.85,1214.0,0.901,3.76,molality HELD: needs Pan/Reaktoro density (out of hull),,False,
NaCl,Pan2021,experimental,7.35,1436.0,0.901,0.000226,molality HELD: needs Pan/Reaktoro density (out of hull),,False,
NaCl,Pan2021,experimental,-1.15,1214.0,0.901,0.000151,molality HELD: needs Pan/Reaktoro density (out of hull),,False,
NaCl,Pan2021,experimental,9.85,1436.0,0.901,0.000501,molality HELD: needs Pan/Reaktoro density (out of hull),,False,
NaCl,Pan2021,experimental,-4.15,1214.0,0.901,7.04e-05,molality HELD: needs Pan/Reaktoro density (out of hull),,False,
NaCl,Pan2021,experimental,11.85,1436.0,0.901,0.001,molality HELD: needs Pan/Reaktoro density (out of hull),,False,
NaCl,Pan2021,experimental,-6.15,1214.0,0.901,3.78e-05,molality HELD: needs Pan/Reaktoro density (out of hull),,False,
NaCl,Pan2021,experimental,21.35,1436.0,0.901,4.96,molality HELD: needs Pan/Reaktoro density (out of hull),,False,
NaCl,Pan2021,experimental,-7.65,1214.0,0.901,3.06e-05,molality HELD: needs Pan/Reaktoro density (out of hull),,False,
NaCl,Pan2021,experimental,21.35,1666.0,0.901,4.04,molality HELD: needs Pan/Reaktoro density (out of hull),,False,
NaCl,Pan2021,experimental,-3.15,1214.0,0.901,8.14e-05,molality HELD: needs Pan/Reaktoro density (out of hull),,False,
NaCl,Pan2021,experimental,18.85,1666.0,0.901,3.43,molality HELD: needs Pan/Reaktoro density (out of hull),,False,
NaCl,Pan2021,experimental,-1.15,1214.0,0.901,0.000134,molality HELD: needs Pan/Reaktoro density (out of hull),,False,
NaCl,Pan2021,experimental,16.85,1666.0,0.901,3.1,molality HELD: needs Pan/Reaktoro density (out of hull),,False,
NaCl,Pan2021,experimental,0.85,1214.0,0.901,0.000256,molality HELD: needs Pan/Reaktoro density (out of hull),,False,
NaCl,Pan2021,experimental,13.85,1666.0,0.901,2.76,molality HELD: needs Pan/Reaktoro density (out of hull),,False,
NaCl,Pan2021,experimental,3.85,1214.0,0.901,0.000675,molality HELD: needs Pan/Reaktoro density (out of hull),,False,
NaCl,Pan2021,experimental,11.85,1666.0,0.901,0.000148,molality HELD: needs Pan/Reaktoro density (out of hull),,False,
NaCl,Pan2021,experimental,6.35,1214.0,0.901,0.00269,molality HELD: needs Pan/Reaktoro density (out of hull),,False,
NaCl,Pan2021,experimental,9.85,1666.0,0.901,7.6e-05,molality HELD: needs Pan/Reaktoro density (out of hull),,False,
NaCl,Pan2021,experimental,12.35,1214.0,0.901,5.44,molality HELD: needs Pan/Reaktoro density (out of hull),,False,
NaCl,Pan2021,experimental,7.85,1666.0,0.901,4.55e-05,molality HELD: needs Pan/Reaktoro density (out of hull),,False,
NaCl,Pan2021,experimental,14.85,1214.0,0.901,6.27,molality HELD: needs Pan/Reaktoro density (out of hull),,False,
NaCl,Pan2021,experimental,6.85,1666.0,0.901,3.88e-05,molality HELD: needs Pan/Reaktoro density (out of hull),,False,
NaCl,Pan2021,experimental,17.85,1214.0,0.901,7.06,molality HELD: needs Pan/Reaktoro density (out of hull),,False,
NaCl,Pan2021,experimental,8.85,1666.0,0.901,5.14e-05,molality HELD: needs Pan/Reaktoro density (out of hull),,False,
NaCl,Pan2021,experimental,18.85,1214.0,0.901,7.28,molality HELD: needs Pan/Reaktoro density (out of hull),,False,
NaCl,Pan2021,experimental,10.85,1666.0,0.901,6.9e-05,molality HELD: needs Pan/Reaktoro density (out of hull),,False,
NaCl,Pan2021,experimental,19.35,1214.0,0.901,7.43,molality HELD: needs Pan/Reaktoro density (out of hull),,False,
NaCl,Pan2021,experimental,12.85,1666.0,0.901,0.000127,molality HELD: needs Pan/Reaktoro density (out of hull),,False,
NaCl,Pan2021,experimental,21.85,140.0,2.018249048,127.22,"Pan2021, molality computed from reported density via mass balance",,False,
NaCl,Pan2021,experimental,15.35,1666.0,0.901,0.000235,molality HELD: needs Pan/Reaktoro density (out of hull),,False,
NaCl,Pan2021,experimental,18.85,140.0,2.013972669,121.58,"Pan2021, molality computed from reported density via mass balance",,False,
NaCl,Pan2021,experimental,18.35,1666.0,0.901,0.000685,molality HELD: needs Pan/Reaktoro density (out of hull),,False,
NaCl,Pan2021,experimental,15.85,140.0,2.011841268,115.54,"Pan2021, molality computed from reported density via mass balance",,False,
NaCl,Pan2021,experimental,19.35,1666.0,0.901,0.000885,molality HELD: needs Pan/Reaktoro density (out of hull),,False,
NaCl,Pan2021,experimental,11.85,140.0,2.009714374,109.28,"Pan2021, molality computed from reported density via mass balance",,False,
NaCl,Pan2021,experimental,20.35,1666.0,0.901,0.000972,molality HELD: needs Pan/Reaktoro density (out of hull),,False,
NaCl,Pan2021,experimental,7.85,140.0,2.007591971,102.61,"Pan2021, molality computed from reported density via mass balance",,False,
NaCl,Pan2021,experimental,21.85,645.0,1.776792337,96.17,"Pan2021, molality computed from reported density via mass balance",,False,
NaCl,Pan2021,experimental,4.85,140.0,2.005474047,97.33,"Pan2021, molality computed from reported density via mass balance",,False,
NaCl,Pan2021,experimental,17.85,645.0,1.773477134,88.91,"Pan2021, molality computed from reported density via mass balance",,False,
NaCl,Pan2021,experimental,1.85,140.0,2.003360587,91.43,"Pan2021, molality computed from reported density via mass balance",,False,
NaCl,Pan2021,experimental,14.85,645.0,1.770174279,83.99,"Pan2021, molality computed from reported density via mass balance",,False,
NaCl,Pan2021,experimental,-0.15,140.0,2.001251577,87.71,"Pan2021, molality computed from reported density via mass balance",,False,
NaCl,Pan2021,experimental,9.85,645.0,1.765242999,75.59,"Pan2021, molality computed from reported density via mass balance",,False,
NaCl,Pan2021,experimental,-2.15,140.0,1.999147003,83.83,"Pan2021, molality computed from reported density via mass balance",,False,
NaCl,Pan2021,experimental,4.85,645.0,1.761970714,68.06,"Pan2021, molality computed from reported density via mass balance",,False,
NaCl,Pan2021,experimental,-5.15,140.0,1.999147003,78.81,"Pan2021, molality computed from reported density via mass balance",,False,
NaCl,Pan2021,experimental,1.85,645.0,1.758710539,63.57,"Pan2021, molality computed from reported density via mass balance",,False,
NaCl,Pan2021,experimental,-8.15,140.0,1.99704685,73.99,"Pan2021, molality computed from reported density via mass balance",,False,
NaCl,Pan2021,experimental,-0.15,645.0,1.757084971,59.98,"Pan2021, molality computed from reported density via mass balance",,False,
NaCl,Pan2021,experimental,-10.15,140.0,1.995201537121069,71.37,molality via in-hull density interp from Pan completed rows,,False,
NaCl,Pan2021,experimental,-3.15,645.0,1.753842835,55.14,"Pan2021, molality computed from reported density via mass balance",,False,
NaCl,Pan2021,experimental,-12.65,140.0,1.9935866411776475,66.22,molality via in-hull density interp from Pan completed rows,,False,
NaCl,Pan2021,experimental,-6.15,645.0,1.750612641,53.07,"Pan2021, molality computed from reported density via mass balance",,False,
NaCl,Pan2021,experimental,-16.15,140.0,1.901,61.37,molality HELD: needs Pan/Reaktoro density (out of hull),,False,
NaCl,Pan2021,experimental,-7.15,645.0,1.750612641,49.47,"Pan2021, molality computed from reported density via mass balance",,False,
NaCl,Pan2021,experimental,-18.65,140.0,1.901,57.63,molality HELD: needs Pan/Reaktoro density (out of hull),,False,
NaCl,Pan2021,experimental,-10.15,645.0,1.747394323,44.12,"Pan2021, molality computed from reported density via mass balance",,False,
NaCl,Pan2021,experimental,-20.15,140.0,1.901,54.91,molality HELD: needs Pan/Reaktoro density (out of hull),,False,
NaCl,Pan2021,experimental,-12.15,645.0,1.745789598,41.77,"Pan2021, molality computed from reported density via mass balance",,False,
NaCl,Pan2021,experimental,-23.15,140.0,1.901,50.02,molality HELD: needs Pan/Reaktoro density (out of hull),,False,
NaCl,Pan2021,experimental,-14.15,645.0,1.744187818,39.58,"Pan2021, molality computed from reported density via mass balance",,False,
NaCl,Pan2021,experimental,-25.15,140.0,1.901,47.28,molality HELD: needs Pan/Reaktoro density (out of hull),,False,
NaCl,Pan2021,experimental,-15.15,645.0,1.901,20.69,molality HELD: needs Pan/Reaktoro density (out of hull),,False,
NaCl,Pan2021,experimental,-27.15,140.0,1.901,44.62,molality HELD: needs Pan/Reaktoro density (out of hull),,False,
NaCl,Pan2021,experimental,-17.15,645.0,1.901,15.9,molality HELD: needs Pan/Reaktoro density (out of hull),,False,
NaCl,Pan2021,experimental,-30.15,140.0,1.901,40.27,molality HELD: needs Pan/Reaktoro density (out of hull),,False,
NaCl,Pan2021,experimental,-20.15,645.0,1.901,13.45,molality HELD: needs Pan/Reaktoro density (out of hull),,False,
NaCl,Pan2021,experimental,-32.15,140.0,1.901,37.13,molality HELD: needs Pan/Reaktoro density (out of hull),,False,
NaCl,Pan2021,experimental,-21.15,645.0,1.901,11.83,molality HELD: needs Pan/Reaktoro density (out of hull),,False,
NaCl,Pan2021,experimental,-35.15,140.0,1.901,33.59,molality HELD: needs Pan/Reaktoro density (out of hull),,False,
NaCl,Pan2021,experimental,-15.15,645.0,1.901,16.38,molality HELD: needs Pan/Reaktoro density (out of hull),,False,
NaCl,Pan2021,experimental,-37.15,140.0,1.901,30.91,molality HELD: needs Pan/Reaktoro density (out of hull),,False,
NaCl,Pan2021,experimental,-9.15,645.0,1.7485549721934497,23.43,molality via in-hull density interp from Pan completed rows,,False,
NaCl,Pan2021,experimental,-40.15,140.0,1.901,27.27,molality HELD: needs Pan/Reaktoro density (out of hull),,False,
NaCl,Pan2021,experimental,-5.15,645.0,1.7521205676017906,27.26,molality via in-hull density interp from Pan completed rows,,False,
NaCl,Pan2021,experimental,-35.15,140.0,1.901,33.18,molality HELD: needs Pan/Reaktoro density (out of hull),,False,
NaCl,Pan2021,experimental,-0.15,645.0,1.7566219188111258,35.09,molality via in-hull density interp from Pan completed rows,,False,
NaCl,Pan2021,experimental,-27.15,140.0,1.901,39.19,molality HELD: needs Pan/Reaktoro density (out of hull),,False,
NaCl,Pan2021,experimental,2.85,645.0,1.759346610949818,42.52,molality via in-hull density interp from Pan completed rows,,False,
NaCl,Pan2021,experimental,-22.15,140.0,1.901,46.48,molality HELD: needs Pan/Reaktoro density (out of hull),,False,
NaCl,Pan2021,experimental,7.85,645.0,1.7639279782160016,51.02,molality via in-hull density interp from Pan completed rows,,False,
NaCl,Pan2021,experimental,-16.15,140.0,1.901,55.11,molality HELD: needs Pan/Reaktoro density (out of hull),,False,
NaCl,Pan2021,experimental,14.85,645.0,1.7704273560064503,79.28,molality via in-hull density interp from Pan completed rows,,False,
NaCl,Pan2021,experimental,-10.15,140.0,1.995201537121069,65.77,molality via in-hull density interp from Pan completed rows,,False,
NaCl,Pan2021,experimental,14.85,1258.0,1.901,26.39,molality HELD: needs Pan/Reaktoro density (out of hull),,False,
NaCl,Pan2021,experimental,-6.15,140.0,1.997808647506311,74.53,molality via in-hull density interp from Pan completed rows,,False,
NaCl,Pan2021,experimental,11.85,1258.0,1.901,21.85,molality HELD: needs Pan/Reaktoro density (out of hull),,False,
NaCl,Pan2021,experimental,-0.15,140.0,2.001773417651029,82.02,molality via in-hull density interp from Pan completed rows,,False,
NaCl,Pan2021,experimental,9.85,1258.0,1.901,19.14,molality HELD: needs Pan/Reaktoro density (out of hull),,False,
NaCl,Pan2021,experimental,5.85,140.0,2.0058037205999644,95.17,molality via in-hull density interp from Pan completed rows,,False,
NaCl,Pan2021,experimental,6.85,1258.0,1.901,16.11,molality HELD: needs Pan/Reaktoro density (out of hull),,False,
NaCl,Pan2021,experimental,9.85,140.0,2.0085273400218595,100.55,molality via in-hull density interp from Pan completed rows,,False,
NaCl,Pan2021,experimental,4.85,1258.0,1.901,13.87,molality HELD: needs Pan/Reaktoro density (out of hull),,False,
NaCl,Pan2021,experimental,14.85,140.0,2.0119735784794432,112.1,molality via in-hull density interp from Pan completed rows,,False,
NaCl,Pan2021,experimental,2.85,1258.0,1.901,12.35,molality HELD: needs Pan/Reaktoro density (out of hull),,False,
NaCl,Pan2021,experimental,18.85,1043.0,1.901,54.78,molality HELD: needs Pan/Reaktoro density (out of hull),,False,
NaCl,Pan2021,experimental,-0.15,1258.0,1.901,10.0,molality HELD: needs Pan/Reaktoro density (out of hull),,False,
NaCl,Pan2021,experimental,14.85,1043.0,1.901,42.54,molality HELD: needs Pan/Reaktoro density (out of hull),,False,
NaCl,Pan2021,experimental,-2.15,1258.0,1.901,0.00138,molality HELD: needs Pan/Reaktoro density (out of hull),,False,
NaCl,Pan2021,experimental,12.85,1043.0,1.901,37.85,molality HELD: needs Pan/Reaktoro density (out of hull),,False,
NaCl,Pan2021,experimental,-4.15,1258.0,1.901,0.000362,molality HELD: needs Pan/Reaktoro density (out of hull),,False,
NaCl,Pan2021,experimental,9.85,1043.0,1.901,30.32,molality HELD: needs Pan/Reaktoro density (out of hull),,False,
NaCl,Pan2021,experimental,-6.15,1258.0,1.901,0.000201,molality HELD: needs Pan/Reaktoro density (out of hull),,False,
NaCl,Pan2021,experimental,7.35,1043.0,1.901,26.56,molality HELD: needs Pan/Reaktoro density (out of hull),,False,
NaCl,Pan2021,experimental,-8.15,1258.0,1.901,0.000124,molality HELD: needs Pan/Reaktoro density (out of hull),,False,
NaCl,Pan2021,experimental,4.85,1043.0,1.901,22.25,molality HELD: needs Pan/Reaktoro density (out of hull),,False,
NaCl,Pan2021,experimental,-10.15,1258.0,1.901,7.82e-05,molality HELD: needs Pan/Reaktoro density (out of hull),,False,
NaCl,Pan2021,experimental,1.85,1043.0,1.901,18.13,molality HELD: needs Pan/Reaktoro density (out of hull),,False,
NaCl,Pan2021,experimental,-12.15,1258.0,1.901,3.96e-05,molality HELD: needs Pan/Reaktoro density (out of hull),,False,
NaCl,Pan2021,experimental,-0.15,1043.0,1.901,16.01,molality HELD: needs Pan/Reaktoro density (out of hull),,False,
NaCl,Pan2021,experimental,-14.15,1258.0,1.901,0.000248,molality HELD: needs Pan/Reaktoro density (out of hull),,False,
NaCl,Pan2021,experimental,-3.15,1043.0,1.901,12.94,molality HELD: needs Pan/Reaktoro density (out of hull),,False,
NaCl,Pan2021,experimental,-16.15,1258.0,1.901,1.75e-05,molality HELD: needs Pan/Reaktoro density (out of hull),,False,
NaCl,Pan2021,experimental,-5.15,1043.0,1.901,11.31,molality HELD: needs Pan/Reaktoro density (out of hull),,False,
NaCl,Pan2021,experimental,-18.15,1258.0,1.901,1.37e-05,molality HELD: needs Pan/Reaktoro density (out of hull),,False,
NaCl,Pan2021,experimental,-8.15,1043.0,1.901,9.85,molality HELD: needs Pan/Reaktoro density (out of hull),,False,
NaCl,Pan2021,experimental,-15.15,1258.0,1.901,3.33e-05,molality HELD: needs Pan/Reaktoro density (out of hull),,False,
NaCl,Pan2021,experimental,-10.15,1043.0,1.901,7.88,molality HELD: needs Pan/Reaktoro density (out of hull),,False,
NaCl,Pan2021,experimental,-11.15,1258.0,1.901,6.04e-05,molality HELD: needs Pan/Reaktoro density (out of hull),,False,
NaCl,Pan2021,experimental,-12.15,1043.0,1.901,0.000891,molality HELD: needs Pan/Reaktoro density (out of hull),,False,
NaCl,Pan2021,experimental,-6.15,1258.0,1.901,0.000213,molality HELD: needs Pan/Reaktoro density (out of hull),,False,
NaCl,Pan2021,experimental,-14.15,1043.0,1.901,0.000469,molality HELD: needs Pan/Reaktoro density (out of hull),,False,
NaCl,Pan2021,experimental,-2.15,1258.0,1.901,0.000745,molality HELD: needs Pan/Reaktoro density (out of hull),,False,
NaCl,Pan2021,experimental,-15.15,1043.0,1.901,0.000335,molality HELD: needs Pan/Reaktoro density (out of hull),,False,
NaCl,Pan2021,experimental,1.85,1258.0,1.901,0.0365,molality HELD: needs Pan/Reaktoro density (out of hull),,False,
NaCl,Pan2021,experimental,-11.15,1043.0,1.901,0.00153,molality HELD: needs Pan/Reaktoro density (out of hull),,False,
NaCl,Pan2021,experimental,4.85,1258.0,1.901,0.0477,molality HELD: needs Pan/Reaktoro density (out of hull),,False,
NaCl,Pan2021,experimental,-8.15,1043.0,1.901,0.00411,molality HELD: needs Pan/Reaktoro density (out of hull),,False,
NaCl,Pan2021,experimental,7.85,1258.0,1.901,0.97,molality HELD: needs Pan/Reaktoro density (out of hull),,False,
NaCl,Pan2021,experimental,-3.15,1043.0,1.901,0.0824,molality HELD: needs Pan/Reaktoro density (out of hull),,False,
NaCl,Pan2021,experimental,9.85,1258.0,1.901,6.74,molality HELD: needs Pan/Reaktoro density (out of hull),,False,
NaCl,Pan2021,experimental,2.85,1043.0,1.901,16.8,molality HELD: needs Pan/Reaktoro density (out of hull),,False,
NaCl,Pan2021,experimental,12.85,1258.0,1.901,18.51,molality HELD: needs Pan/Reaktoro density (out of hull),,False,
NaCl,Pan2021,experimental,5.85,1043.0,1.901,20.04,molality HELD: needs Pan/Reaktoro density (out of hull),,False,
NaCl,Pan2021,experimental,14.35,1258.0,1.901,20.04,molality HELD: needs Pan/Reaktoro density (out of hull),,False,
NaCl,Pan2021,experimental,9.85,1043.0,1.901,24.74,molality HELD: needs Pan/Reaktoro density (out of hull),,False,
NaCl,Pan2021,experimental,21.35,1713.0,1.901,15.66,molality HELD: needs Pan/Reaktoro density (out of hull),,False,
NaCl,Pan2021,experimental,12.85,1043.0,1.901,28.55,molality HELD: needs Pan/Reaktoro density (out of hull),,False,
NaCl,Pan2021,experimental,17.85,1713.0,1.901,12.33,molality HELD: needs Pan/Reaktoro density (out of hull),,False,
NaCl,Pan2021,experimental,14.85,1481.0,1.901,17.4,molality HELD: needs Pan/Reaktoro density (out of hull),,False,
NaCl,Pan2021,experimental,14.85,1713.0,1.901,10.05,molality HELD: needs Pan/Reaktoro density (out of hull),,False,
NaCl,Pan2021,experimental,11.85,1481.0,1.901,13.78,molality HELD: needs Pan/Reaktoro density (out of hull),,False,
NaCl,Pan2021,experimental,10.85,1713.0,1.901,0.000418,molality HELD: needs Pan/Reaktoro density (out of hull),,False,
NaCl,Pan2021,experimental,8.85,1481.0,1.901,11.26,molality HELD: needs Pan/Reaktoro density (out of hull),,False,
NaCl,Pan2021,experimental,6.85,1713.0,1.901,0.000141,molality HELD: needs Pan/Reaktoro density (out of hull),,False,
NaCl,Pan2021,experimental,4.85,1481.0,1.901,0.0006,molality HELD: needs Pan/Reaktoro density (out of hull),,False,
NaCl,Pan2021,experimental,5.85,1713.0,1.901,9.68e-05,molality HELD: needs Pan/Reaktoro density (out of hull),,False,
NaCl,Pan2021,experimental,2.85,1481.0,1.901,0.000348,molality HELD: needs Pan/Reaktoro density (out of hull),,False,
NaCl,Pan2021,experimental,8.85,1713.0,1.901,0.000247,molality HELD: needs Pan/Reaktoro density (out of hull),,False,
NaCl,Pan2021,experimental,0.85,1481.0,1.901,0.000169,molality HELD: needs Pan/Reaktoro density (out of hull),,False,
NaCl,Pan2021,experimental,14.85,1713.0,1.901,0.00116,molality HELD: needs Pan/Reaktoro density (out of hull),,False,
NaCl,Pan2021,experimental,-1.15,1481.0,1.901,0.000117,molality HELD: needs Pan/Reaktoro density (out of hull),,False,
NaCl,Pan2021,experimental,18.35,1713.0,1.901,0.00303,molality HELD: needs Pan/Reaktoro density (out of hull),,False,
NaCl,Pan2021,experimental,-4.15,1481.0,1.901,5.24e-05,molality HELD: needs Pan/Reaktoro density (out of hull),,False,
NaCl,Pan2021,experimental,18.85,1713.0,1.901,0.00358,molality HELD: needs Pan/Reaktoro density (out of hull),,False,
NaCl,Pan2021,experimental,-6.15,1481.0,1.901,3.3e-05,molality HELD: needs Pan/Reaktoro density (out of hull),,False,
NaCl,Pan2021,experimental,-8.15,1481.0,1.901,2.34e-05,molality HELD: needs Pan/Reaktoro density (out of hull),,False,
NaCl,Pan2021,experimental,-11.15,1481.0,1.901,1.58e-05,molality HELD: needs Pan/Reaktoro density (out of hull),,False,
NaCl,Pan2021,experimental,-13.15,1481.0,1.901,1.08e-05,molality HELD: needs Pan/Reaktoro density (out of hull),,False,
NaCl,Pan2021,experimental,-9.15,1481.0,1.901,2.11e-05,molality HELD: needs Pan/Reaktoro density (out of hull),,False,
NaCl,Pan2021,experimental,-5.15,1481.0,1.901,4.1e-05,molality HELD: needs Pan/Reaktoro density (out of hull),,False,
NaCl,Pan2021,experimental,-2.15,1481.0,1.901,7.58e-05,molality HELD: needs Pan/Reaktoro density (out of hull),,False,
NaCl,Pan2021,experimental,-0.15,1481.0,1.901,0.000134,molality HELD: needs Pan/Reaktoro density (out of hull),,False,
NaCl,Pan2021,experimental,2.85,1481.0,1.901,0.000324,molality HELD: needs Pan/Reaktoro density (out of hull),,False,
NaCl,Pan2021,experimental,4.85,1481.0,1.901,0.000593,molality HELD: needs Pan/Reaktoro density (out of hull),,False,
NaCl,Pan2021,experimental,7.85,1481.0,1.901,0.00116,molality HELD: needs Pan/Reaktoro density (out of hull),,False,
NaCl,Pan2021,experimental,9.85,1481.0,1.901,0.00214,molality HELD: needs Pan/Reaktoro density (out of hull),,False,
NaCl,Pan2021,experimental,11.85,1481.0,1.901,0.00376,molality HELD: needs Pan/Reaktoro density (out of hull),,False,
NaCl,Pan2021,experimental,13.85,1481.0,1.901,0.00681,molality HELD: needs Pan/Reaktoro density (out of hull),,False,
NaCl,Pan2021,experimental,14.85,1481.0,1.901,0.0118,molality HELD: needs Pan/Reaktoro density (out of hull),,False,
NaCl,Pan2021,experimental,17.85,1481.0,1.901,0.55,molality HELD: needs Pan/Reaktoro density (out of hull),,False,
NaCl,Pan2021,experimental,18.85,1481.0,1.901,1.94,molality HELD: needs Pan/Reaktoro density (out of hull),,False,
MgSO4,Pan2020,experimental,22.0,200.0,0.8343097363,26.6811,"Pan2020, molality computed from reported density via mass balance",,False,
MgSO4,Pan2020,experimental,22.0,500.0,0.7821633396,26.3097,"Pan2020, molality computed from reported density via mass balance",,False,
MgSO4,Pan2020,experimental,22.0,800.0,0.7464473881,26.8008,"Pan2020, molality computed from reported density via mass balance",,False,
MgSO4,Pan2020,experimental,22.0,1000.0,0.7280462079,25.8318,"Pan2020, molality computed from reported density via mass balance",,False,
MgSO4,Pan2020,experimental,15.0,200.0,0.8320375991,24.995,"Pan2020, molality computed from reported density via mass balance",,False,
MgSO4,Pan2020,experimental,15.0,500.0,0.7798226786,24.8765,"Pan2020, molality computed from reported density via mass balance",,False,
MgSO4,Pan2020,experimental,15.0,800.0,0.7443778527,25.2233,"Pan2020, molality computed from reported density via mass balance",,False,
MgSO4,Pan2020,experimental,10.0,200.0,0.8304778051,21.6433,"Pan2020, molality computed from reported density via mass balance",,False,
MgSO4,Pan2020,experimental,10.0,500.0,0.7783839618,21.4688,"Pan2020, molality computed from reported density via mass balance",,False,
MgSO4,Pan2020,experimental,10.0,800.0,0.7431291645,19.5599,"Pan2020, molality computed from reported density via mass balance",,False,
MgSO4,Pan2020,experimental,5.0,200.0,0.829078982,21.3879,"Pan2020, molality computed from reported density via mass balance",,False,
MgSO4,Pan2020,experimental,5.0,500.0,0.7770186822,21.4688,"Pan2020, molality computed from reported density via mass balance",,False,
MgSO4,Pan2020,experimental,0.0,200.0,0.8277621917,19.1256,"Pan2020, molality computed from reported density via mass balance",,False,
MgSO4,Pan2020,experimental,0.0,500.0,0.775794019,19.7513,"Pan2020, molality computed from reported density via mass balance",,False,
MgSO4,Pan2020,experimental,-5.0,200.0,0.8266037865,17.1319,"Pan2020, molality computed from reported density via mass balance",,False,
MgSO4,Pan2020,experimental,-5.0,500.0,0.7747764113,17.027,"Pan2020, molality computed from reported density via mass balance",,False,
MgSO4,Pan2020,experimental,-10.0,200.0,0.8257563478,14.6358,"Pan2020, molality computed from reported density via mass balance",,False,
MgSO4,Pan2020,experimental,-10.0,500.0,0.7739642453,14.9631,"Pan2020, molality computed from reported density via mass balance",,False,
MgSO4,Pan2020,experimental,-15.0,200.0,0.8251411193,12.3389,"Pan2020, molality computed from reported density via mass balance",,False,
MgSO4,Pan2020,experimental,-20.0,200.0,0.8248338488,10.1274,"Pan2020, molality computed from reported density via mass balance",,False,
MgSO4,Pan2020,experimental,22.0,70.77725,0.009729554,2.6548,"Pan2020, molality computed from reported density via mass balance",,False,
MgSO4,Pan2020,experimental,22.0,150.34664,0.009462561,2.7037,"Pan2020, molality computed from reported density via mass balance",,False,
MgSO4,Pan2020,experimental,22.0,269.90327,0.009140798,2.7234,"Pan2020, molality computed from reported density via mass balance",,False,
MgSO4,Pan2020,experimental,22.0,349.73754,0.008964619,2.7083,"Pan2020, molality computed from reported density via mass balance",,False,
MgSO4,Pan2020,experimental,22.0,429.67158,0.008809825,2.5934,"Pan2020, molality computed from reported density via mass balance",,False,
MgSO4,Pan2020,experimental,22.0,549.75196,0.008611066,2.6322,"Pan2020, molality computed from reported density via mass balance",,False,
MgSO4,Pan2020,experimental,22.0,670.0369,0.008439557,2.5161,"Pan2020, molality computed from reported density via mass balance",,False,
MgSO4,Pan2020,experimental,22.0,710.17528,0.00838788,2.4063,"Pan2020, molality computed from reported density via mass balance",,False,
MgSO4,Pan2020,experimental,22.0,790.51448,0.00828915,2.1735,"Pan2020, molality computed from reported density via mass balance",,False,
MgSO4,Pan2020,experimental,22.0,870.93398,0.008198762,2.0034,"Pan2020, molality computed from reported density via mass balance",,False,
MgSO4,Pan2020,experimental,22.0,951.43026,0.00811559,1.9427,"Pan2020, molality computed from reported density via mass balance",,False,
MgSO4,Pan2020,experimental,22.0,1031.99976,0.008036671,1.8778,"Pan2020, molality computed from reported density via mass balance",,False,
MgSO4,Pan2020,experimental,22.0,1112.63897,0.007962441,1.8146,"Pan2020, molality computed from reported density via mass balance",,False,
MgSO4,Pan2020,experimental,22.0,1193.34433,0.007892683,1.7464,"Pan2020, molality computed from reported density via mass balance",,False,
MgSO4,Pan2020,experimental,22.0,1274.11231,0.007825973,1.5819,"Pan2020, molality computed from reported density via mass balance",,False,
MgSO4,Pan2020,experimental,22.0,1354.93938,0.007760984,1.5067,"Pan2020, molality computed from reported density via mass balance",,False,
MgSO4,Pan2020,experimental,22.0,1435.82199,0.007697659,1.437,"Pan2020, molality computed from reported density via mass balance",,False,
NaCl,Mahboub,experimental,-10.0,0.1,0.1711,7.852,,,False,
NaCl,Mahboub,experimental,-6.0,0.1,0.1711,8.649,,,False,
NaCl,Mahboub,experimental,-3.0,0.1,0.1711,9.823,,,False,
NaCl,Mahboub,experimental,-1.0,0.1,0.1711,9.847,,,False,
NaCl,Mahboub,experimental,5.0,0.1,0.1711,11.829,,,False,
NaCl,Mahboub,experimental,20.0,0.1,0.1711,16.113,,,False,
NaCl,Mahboub,experimental,25.0,0.1,0.1711,17.727,,,False,
NaCl,Mahboub,experimental,-10.0,0.1,0.5133,21.743,,,False,
NaCl,Mahboub,experimental,-6.0,0.1,0.5133,23.533,,,False,
NaCl,Mahboub,experimental,-3.0,0.1,0.5133,25.05,,,False,
NaCl,Mahboub,experimental,-1.0,0.1,0.5133,26.99,,,False,
NaCl,Mahboub,experimental,5.0,0.1,0.5133,31.343,,,False,
NaCl,Mahboub,experimental,20.0,0.1,0.5133,44.307,,,False,
NaCl,Mahboub,experimental,25.0,0.1,0.5133,48.737,,,False,
NaCl,Mahboub,experimental,-10.0,0.1,0.8556,31.82,,,False,
NaCl,Mahboub,experimental,-6.0,0.1,0.8556,35.487,,,False,
NaCl,Mahboub,experimental,-3.0,0.1,0.8556,39.44,,,False,
NaCl,Mahboub,experimental,-1.0,0.1,0.8556,41.137,,,False,
NaCl,Mahboub,experimental,5.0,0.1,0.8556,48.517,,,False,
NaCl,Mahboub,experimental,20.0,0.1,0.8556,68.43,,,False,
NaCl,Mahboub,experimental,25.0,0.1,0.8556,75.273,,,False,
NaCl,Mahboub,experimental,-10.0,0.1,1.2834,44.507,,,False,
NaCl,Mahboub,experimental,-6.0,0.1,1.2834,51.14,,,False,
NaCl,Mahboub,experimental,-3.0,0.1,1.2834,54.793,,,False,
NaCl,Mahboub,experimental,-1.0,0.1,1.2834,56.953,,,False,
NaCl,Mahboub,experimental,5.0,0.1,1.2834,68.403,,,False,
NaCl,Mahboub,experimental,20.0,0.1,1.2834,95.8,,,False,
NaCl,Mahboub,experimental,25.0,0.1,1.2834,105.38,,,False,
NaCl,Mahboub,experimental,-10.0,0.1,1.7112,57.47,,,False,
NaCl,Mahboub,experimental,-6.0,0.1,1.7112,63.817,,,False,
NaCl,Mahboub,experimental,-3.0,0.1,1.7112,70.06,,,False,
NaCl,Mahboub,experimental,-1.0,0.1,1.7112,71.93,,,False,
NaCl,Mahboub,experimental,5.0,0.1,1.7112,86.653,,,False,
NaCl,Mahboub,experimental,20.0,0.1,1.7112,120.5,,,False,
NaCl,Mahboub,experimental,25.0,0.1,1.7112,132.55,,,False,
NaCl,Mahboub,experimental,-10.0,0.1,2.5667,76.64,,,False,
NaCl,Mahboub,experimental,-6.0,0.1,2.5667,85.2,,,False,
NaCl,Mahboub,experimental,-3.0,0.1,2.5667,92.313,,,False,
NaCl,Mahboub,experimental,-1.0,0.1,2.5667,95.45,,,False,
NaCl,Mahboub,experimental,5.0,0.1,2.5667,113.4,,,False,
NaCl,Mahboub,experimental,20.0,0.1,2.5667,160.033,,,False,
NaCl,Mahboub,experimental,25.0,0.1,2.5667,176.037,,,False,
NH4Cl,Mahboub,experimental,-10.0,0.1,0.187,9.741,,,False,
NH4Cl,Mahboub,experimental,-6.0,0.1,0.187,11.877,,,False,
NH4Cl,Mahboub,experimental,-3.0,0.1,0.187,12.603,,,False,
NH4Cl,Mahboub,experimental,-1.0,0.1,0.187,13.343,,,False,
NH4Cl,Mahboub,experimental,5.0,0.1,0.187,15.493,,,False,
NH4Cl,Mahboub,experimental,20.0,0.1,0.187,21.16,,,False,
NH4Cl,Mahboub,experimental,25.0,0.1,0.187,23.276,,,False,
NH4Cl,Mahboub,experimental,-10.0,0.1,0.9348,47.517,,,False,
NH4Cl,Mahboub,experimental,-6.0,0.1,0.9348,52.71,,,False,
NH4Cl,Mahboub,experimental,-3.0,0.1,0.9348,55.857,,,False,
NH4Cl,Mahboub,experimental,-1.0,0.1,0.9348,59.827,,,False,
NH4Cl,Mahboub,experimental,5.0,0.1,0.9348,69.087,,,False,
NH4Cl,Mahboub,experimental,20.0,0.1,0.9348,94.327,,,False,
NH4Cl,Mahboub,experimental,25.0,0.1,0.9348,103.759,,,False,
NH4Cl,Mahboub,experimental,-10.0,0.1,1.4021,69.42,,,False,
NH4Cl,Mahboub,experimental,-6.0,0.1,1.4021,76.387,,,False,
NH4Cl,Mahboub,experimental,-3.0,0.1,1.4021,82.28,,,False,
NH4Cl,Mahboub,experimental,-1.0,0.1,1.4021,86.027,,,False,
NH4Cl,Mahboub,experimental,5.0,0.1,1.4021,99.713,,,False,
NH4Cl,Mahboub,experimental,20.0,0.1,1.4021,135.0,,,False,
NH4Cl,Mahboub,experimental,25.0,0.1,1.4021,148.5,,,False,
NH4Cl,Mahboub,experimental,-10.0,0.1,1.8005,90.34,,,False,
NH4Cl,Mahboub,experimental,-6.0,0.1,1.8005,99.22,,,False,
NH4Cl,Mahboub,experimental,-3.0,0.1,1.8005,106.4,,,False,
NH4Cl,Mahboub,experimental,-1.0,0.1,1.8005,112.643,,,False,
NH4Cl,Mahboub,experimental,5.0,0.1,1.8005,130.533,,,False,
NH4Cl,Mahboub,experimental,20.0,0.1,1.8005,173.867,,,False,
NH4Cl,Mahboub,experimental,25.0,0.1,1.8005,191.253,,,False,
Na2CO3,Mahboub,experimental,-6.0,0.1,0.0472,3.786,,,False,
Na2CO3,Mahboub,experimental,-3.0,0.1,0.0472,6.199,,,False,
Na2CO3,Mahboub,experimental,-1.0,0.1,0.0472,6.55,,,False,
Na2CO3,Mahboub,experimental,5.0,0.1,0.0472,5.143,,,False,
Na2CO3,Mahboub,experimental,20.0,0.1,0.0472,7.475,,,False,
Na2CO3,Mahboub,experimental,25.0,0.1,0.0472,8.222,,,False,
Na2CO3,Mahboub,experimental,-10.0,0.1,0.0943,5.329,,,False,
Na2CO3,Mahboub,experimental,-6.0,0.1,0.0943,6.548,,,False,
Na2CO3,Mahboub,experimental,-3.0,0.1,0.0943,11.038,,,False,
Na2CO3,Mahboub,experimental,-1.0,0.1,0.0943,11.667,,,False,
Na2CO3,Mahboub,experimental,5.0,0.1,0.0943,9.145,,,False,
Na2CO3,Mahboub,experimental,20.0,0.1,0.0943,13.323,,,False,
Na2CO3,Mahboub,experimental,25.0,0.1,0.0943,14.656,,,False,
Na2CO3,Mahboub,experimental,-10.0,0.1,0.2359,11.184,,,False,
Na2CO3,Mahboub,experimental,-6.0,0.1,0.2359,14.057,,,False,
Na2CO3,Mahboub,experimental,-3.0,0.1,0.2359,23.587,,,False,
Na2CO3,Mahboub,experimental,-1.0,0.1,0.2359,24.5,,,False,
Na2CO3,Mahboub,experimental,5.0,0.1,0.2359,18.973,,,False,
Na2CO3,Mahboub,experimental,20.0,0.1,0.2359,27.96,,,False,
Na2CO3,Mahboub,experimental,25.0,0.1,0.2359,30.756,,,False,
Na2CO3,Mahboub,experimental,-10.0,0.1,0.3774,15.959,,,False,
Na2CO3,Mahboub,experimental,-6.0,0.1,0.3774,19.567,,,False,
Na2CO3,Mahboub,experimental,-3.0,0.1,0.3774,33.086,,,False,
Na2CO3,Mahboub,experimental,-1.0,0.1,0.3774,34.942,,,False,
Na2CO3,Mahboub,experimental,5.0,0.1,0.3774,26.77,,,False,
Na2CO3,Mahboub,experimental,20.0,0.1,0.3774,39.897,,,False,
Na2CO3,Mahboub,experimental,25.0,0.1,0.3774,43.886,,,False,
Na2CO3,Mahboub,experimental,-6.0,0.1,0.5189,24.18,,,False,
Na2CO3,Mahboub,experimental,-3.0,0.1,0.5189,11.115,,,False,
Na2CO3,Mahboub,experimental,-1.0,0.1,0.5189,43.401,,,False,
Na2CO3,Mahboub,experimental,5.0,0.1,0.5189,33.867,,,False,
Na2CO3,Mahboub,experimental,20.0,0.1,0.5189,49.557,,,False,
Na2CO3,Mahboub,experimental,25.0,0.1,0.5189,54.512,,,False,
NaCl:MgSO4 (1:1),Mahboub,experimental,-10.0,0.1,0.05,6.065,,,True,
NaCl:MgSO4 (1:1),Mahboub,experimental,-1.0,0.1,0.05,8.441,,,True,
NaCl:MgSO4 (1:1),Mahboub,experimental,20.0,0.1,0.05,13.747,,,True,
NaCl:MgSO4 (1:1),Mahboub,experimental,25.0,0.1,0.05,15.123,,,True,
NaCl:MgSO4 (1:1),Mahboub,experimental,-10.0,0.1,0.1,11.355,,,True,
NaCl:MgSO4 (1:1),Mahboub,experimental,-1.0,0.1,0.1,15.227,,,True,
NaCl:MgSO4 (1:1),Mahboub,experimental,20.0,0.1,0.1,24.587,,,True,
NaCl:MgSO4 (1:1),Mahboub,experimental,25.0,0.1,0.1,27.045,,,True,
NaCl:MgSO4 (1:1),Mahboub,experimental,-10.0,0.1,0.4,32.887,,,True,
NaCl:MgSO4 (1:1),Mahboub,experimental,-1.0,0.1,0.4,40.29,,,True,
NaCl:MgSO4 (1:1),Mahboub,experimental,20.0,0.1,0.4,66.827,,,True,
NaCl:MgSO4 (1:1),Mahboub,experimental,25.0,0.1,0.4,73.509,,,True,
NaCl:MgSO4 (1:1),Mahboub,experimental,-10.0,0.1,0.7,30.87,,,True,
NaCl:MgSO4 (1:1),Mahboub,experimental,-1.0,0.1,0.7,35.753,,,True,
NaCl:MgSO4 (1:1),Mahboub,experimental,20.0,0.1,0.7,58.82,,,True,
NaCl:MgSO4 (1:1),Mahboub,experimental,25.0,0.1,0.7,64.702,,,True,
KCl,Cortes2026,experimental,5.0,0.1,0.5,41.51,0.5 M/L; molality pending local Reaktoro density,1.0,False,
KCl,Cortes2026,experimental,5.0,0.1,0.75,58.56,0.75 M/L; molality pending local Reaktoro density,1.0,False,
KCl,Cortes2026,experimental,5.0,0.1,1.0,77.67,1.0 M/L; molality pending local Reaktoro density,1.0,False,
KCl,Cortes2026,experimental,5.0,0.1,1.5,118.0,1.5 M/L; molality pending local Reaktoro density,1.0,False,
KCl,Cortes2026,experimental,10.0,0.1,0.5,46.78,0.5 M/L; molality pending local Reaktoro density,1.0,False,
KCl,Cortes2026,experimental,10.0,0.1,0.75,64.29,0.75 M/L; molality pending local Reaktoro density,1.0,False,
KCl,Cortes2026,experimental,10.0,0.1,1.0,85.98,1.0 M/L; molality pending local Reaktoro density,1.0,False,
KCl,Cortes2026,experimental,10.0,0.1,1.5,,FLAGGED: dup of 1.0 mol/L value (transcription error); voided; molality pending local Reaktoro density,1.0,False,
KCl,Cortes2026,experimental,20.0,0.1,0.5,55.88,0.5 M/L; molality pending local Reaktoro density,1.0,False,
KCl,Cortes2026,experimental,20.0,0.1,0.75,78.27,0.75 M/L; molality pending local Reaktoro density,1.0,False,
KCl,Cortes2026,experimental,20.0,0.1,1.0,103.33,1.0 M/L; molality pending local Reaktoro density,1.0,False,
KCl,Cortes2026,experimental,20.0,0.1,1.5,151.07,1.5 M/L; molality pending local Reaktoro density,1.0,False,
Na2SO4,Cortes2026,experimental,5.0,0.1,0.5,37.47,0.5 M/L; molality pending local Reaktoro density,1.0,False,
Na2SO4,Cortes2026,experimental,5.0,0.1,0.75,21.98,0.75 M/L; molality pending local Reaktoro density,1.0,False,
Na2SO4,Cortes2026,experimental,10.0,0.1,0.5,41.14,0.5 M/L; molality pending local Reaktoro density,1.0,False,
Na2SO4,Cortes2026,experimental,10.0,0.1,0.75,39.77,0.75 M/L; molality pending local Reaktoro density,1.0,False,
Na2SO4,Cortes2026,experimental,20.0,0.1,0.5,57.83,0.5 M/L; molality pending local Reaktoro density,1.0,False,
Na2SO4,Cortes2026,experimental,20.0,0.1,0.75,75.74,0.75 M/L; molality pending local Reaktoro density,1.0,False,
NaCl,Cortes2026,experimental,20.0,0.1,0.5,43.68,"0.5 M/L, replicate 1; molality pending local Reaktoro density",1.0,False,
NaCl,Cortes2026,experimental,20.0,0.1,0.5,43.65,"0.5 M/L, replicate 2; molality pending local Reaktoro density",2.0,False,
NaCl,Cortes2026,experimental,20.0,0.1,0.5,43.66,"0.5 M/L, replicate 3; molality pending local Reaktoro density",3.0,False,
NaCl,Cortes2026,experimental,20.0,0.1,0.5,45.86,"0.5 M/L, replicate 4; molality pending local Reaktoro density",4.0,False,
NaCl,Cortes2026,experimental,20.0,0.1,0.5,45.79,"0.5 M/L, replicate 5; molality pending local Reaktoro density",5.0,False,
NaCl,Cortes2026,experimental,20.0,0.1,0.5,45.76,"0.5 M/L, replicate 6; molality pending local Reaktoro density",6.0,False,
NaCl,Cortes2026,experimental,20.0,0.1,0.75,63.54,"0.75 M/L, replicate 1; molality pending local Reaktoro density",1.0,False,
NaCl,Cortes2026,experimental,20.0,0.1,0.75,63.18,"0.75 M/L, replicate 2; molality pending local Reaktoro density",2.0,False,
NaCl,Cortes2026,experimental,20.0,0.1,0.75,63.26,"0.75 M/L, replicate 3; molality pending local Reaktoro density",3.0,False,
NaCl,Cortes2026,experimental,20.0,0.1,0.75,64.69,"0.75 M/L, replicate 4; molality pending local Reaktoro density",4.0,False,
NaCl,Cortes2026,experimental,20.0,0.1,0.75,64.59,"0.75 M/L, replicate 5; molality pending local Reaktoro density",5.0,False,
NaCl,Cortes2026,experimental,20.0,0.1,0.75,64.57,"0.75 M/L, replicate 6; molality pending local Reaktoro density",6.0,False,
NaCl,Cortes2026,experimental,20.0,0.1,1.0,80.27,"1.0 M/L, replicate 1; molality pending local Reaktoro density",1.0,False,
NaCl,Cortes2026,experimental,20.0,0.1,1.0,80.33,"1.0 M/L, replicate 2; molality pending local Reaktoro density",2.0,False,
NaCl,Cortes2026,experimental,20.0,0.1,1.0,80.39,"1.0 M/L, replicate 3; molality pending local Reaktoro density",3.0,False,
NaCl,Cortes2026,experimental,20.0,0.1,1.0,83.99,"1.0 M/L, replicate 4; molality pending local Reaktoro density",4.0,False,
NaCl,Cortes2026,experimental,20.0,0.1,1.0,84.31,"1.0 M/L, replicate 5; molality pending local Reaktoro density",5.0,False,
NaCl,Cortes2026,experimental,20.0,0.1,1.0,84.29,"1.0 M/L, replicate 6; molality pending local Reaktoro density",6.0,False,
NaCl,Cortes2026,experimental,20.0,0.1,1.5,114.5,"1.5 M/L, replicate 1; molality pending local Reaktoro density",1.0,False,
NaCl,Cortes2026,experimental,20.0,0.1,1.5,114.2,"1.5 M/L, replicate 2; molality pending local Reaktoro density",2.0,False,
NaCl,Cortes2026,experimental,20.0,0.1,1.5,114.3,"1.5 M/L, replicate 3; molality pending local Reaktoro density",3.0,False,
NaCl,Cortes2026,experimental,20.0,0.1,1.5,116.3,"1.5 M/L, replicate 4; molality pending local Reaktoro density",4.0,False,
NaCl,Cortes2026,experimental,20.0,0.1,1.5,116.6,"1.5 M/L, replicate 5; molality pending local Reaktoro density",5.0,False,
NaCl,Cortes2026,experimental,20.0,0.1,1.5,116.8,"1.5 M/L, replicate 6; molality pending local Reaktoro density",6.0,False,
MgSO4,Larionov1984,experimental,24.850000000000023,0.1,0.01,1.549098,"Larionov & Kryukov 1984 via PlanetProfile; kappa = Lambda*b/rho (PlanetProfile Eq-1 convention; differs from molarity convention by rho^2, verify vs original for T>=373K); Millero solution density",,False,
MgSO4,Larionov1984,experimental,49.85000000000002,0.1,0.01,2.422089,"Larionov & Kryukov 1984 via PlanetProfile; kappa = Lambda*b/rho (PlanetProfile Eq-1 convention; differs from molarity convention by rho^2, verify vs original for T>=373K); Millero solution density",,False,
MgSO4,Larionov1984,experimental,74.85000000000002,0.1,0.01,3.296989,"Larionov & Kryukov 1984 via PlanetProfile; kappa = Lambda*b/rho (PlanetProfile Eq-1 convention; differs from molarity convention by rho^2, verify vs original for T>=373K); Millero solution density",,False,
MgSO4,Larionov1984,experimental,99.85000000000002,0.1,0.01,4.025292,"Larionov & Kryukov 1984 via PlanetProfile; kappa = Lambda*b/rho (PlanetProfile Eq-1 convention; differs from molarity convention by rho^2, verify vs original for T>=373K); Millero solution density",,False,
MgSO4,Larionov1984,experimental,124.85000000000002,0.1,0.01,4.416461,"Larionov & Kryukov 1984 via PlanetProfile; kappa = Lambda*b/rho (PlanetProfile Eq-1 convention; differs from molarity convention by rho^2, verify vs original for T>=373K); Millero solution density; density reuses 373K value (PlanetProfile EOS kluge)",,False,
MgSO4,Larionov1984,experimental,149.85000000000002,0.1,0.01,4.378952,"Larionov & Kryukov 1984 via PlanetProfile; kappa = Lambda*b/rho (PlanetProfile Eq-1 convention; differs from molarity convention by rho^2, verify vs original for T>=373K); Millero solution density; density reuses 373K value (PlanetProfile EOS kluge)",,False,
MgSO4,Larionov1984,derived,-0.15,0.1,0.01,0.810758,"DERIVED, NOT MEASURED: 273K column manufactured as 0.525 x 298K value (Hand & Chyba 2007), per PlanetProfile. Exclude from model tests.",,False,
MgSO4,Larionov1984,experimental,24.850000000000023,98.1,0.01,1.699549,"Larionov & Kryukov 1984 via PlanetProfile; kappa = Lambda*b/rho (PlanetProfile Eq-1 convention; differs from molarity convention by rho^2, verify vs original for T>=373K); Millero solution density",,False,
MgSO4,Larionov1984,experimental,49.85000000000002,98.1,0.01,2.562151,"Larionov & Kryukov 1984 via PlanetProfile; kappa = Lambda*b/rho (PlanetProfile Eq-1 convention; differs from molarity convention by rho^2, verify vs original for T>=373K); Millero solution density",,False,
MgSO4,Larionov1984,experimental,74.85000000000002,98.1,0.01,3.468604,"Larionov & Kryukov 1984 via PlanetProfile; kappa = Lambda*b/rho (PlanetProfile Eq-1 convention; differs from molarity convention by rho^2, verify vs original for T>=373K); Millero solution density",,False,
MgSO4,Larionov1984,experimental,99.85000000000002,98.1,0.01,4.326872,"Larionov & Kryukov 1984 via PlanetProfile; kappa = Lambda*b/rho (PlanetProfile Eq-1 convention; differs from molarity convention by rho^2, verify vs original for T>=373K); Millero solution density",,False,
MgSO4,Larionov1984,experimental,124.85000000000002,98.1,0.01,4.844168,"Larionov & Kryukov 1984 via PlanetProfile; kappa = Lambda*b/rho (PlanetProfile Eq-1 convention; differs from molarity convention by rho^2, verify vs original for T>=373K); Millero solution density; density reuses 373K value (PlanetProfile EOS kluge)",,False,
MgSO4,Larionov1984,experimental,149.85000000000002,98.1,0.01,5.060512,"Larionov & Kryukov 1984 via PlanetProfile; kappa = Lambda*b/rho (PlanetProfile Eq-1 convention; differs from molarity convention by rho^2, verify vs original for T>=373K); Millero solution density; density reuses 373K value (PlanetProfile EOS kluge)",,False,
MgSO4,Larionov1984,derived,-0.15,98.1,0.01,0.889502,"DERIVED, NOT MEASURED: 273K column manufactured as 0.525 x 298K value (Hand & Chyba 2007), per PlanetProfile. Exclude from model tests.",,False,
MgSO4,Larionov1984,experimental,24.850000000000023,196.1,0.01,1.744919,"Larionov & Kryukov 1984 via PlanetProfile; kappa = Lambda*b/rho (PlanetProfile Eq-1 convention; differs from molarity convention by rho^2, verify vs original for T>=373K); Millero solution density",,False,
MgSO4,Larionov1984,experimental,49.85000000000002,196.1,0.01,2.608784,"Larionov & Kryukov 1984 via PlanetProfile; kappa = Lambda*b/rho (PlanetProfile Eq-1 convention; differs from molarity convention by rho^2, verify vs original for T>=373K); Millero solution density",,False,
MgSO4,Larionov1984,experimental,74.85000000000002,196.1,0.01,3.530083,"Larionov & Kryukov 1984 via PlanetProfile; kappa = Lambda*b/rho (PlanetProfile Eq-1 convention; differs from molarity convention by rho^2, verify vs original for T>=373K); Millero solution density",,False,
MgSO4,Larionov1984,experimental,99.85000000000002,196.1,0.01,4.442304,"Larionov & Kryukov 1984 via PlanetProfile; kappa = Lambda*b/rho (PlanetProfile Eq-1 convention; differs from molarity convention by rho^2, verify vs original for T>=373K); Millero solution density",,False,
MgSO4,Larionov1984,experimental,124.85000000000002,196.1,0.01,5.063156,"Larionov & Kryukov 1984 via PlanetProfile; kappa = Lambda*b/rho (PlanetProfile Eq-1 convention; differs from molarity convention by rho^2, verify vs original for T>=373K); Millero solution density; density reuses 373K value (PlanetProfile EOS kluge)",,False,
MgSO4,Larionov1984,experimental,149.85000000000002,196.1,0.01,5.431385,"Larionov & Kryukov 1984 via PlanetProfile; kappa = Lambda*b/rho (PlanetProfile Eq-1 convention; differs from molarity convention by rho^2, verify vs original for T>=373K); Millero solution density; density reuses 373K value (PlanetProfile EOS kluge)",,False,
MgSO4,Larionov1984,derived,-0.15,196.1,0.01,0.913157,"DERIVED, NOT MEASURED: 273K column manufactured as 0.525 x 298K value (Hand & Chyba 2007), per PlanetProfile. Exclude from model tests.",,False,
MgSO4,Larionov1984,experimental,24.850000000000023,294.2,0.01,1.739217,"Larionov & Kryukov 1984 via PlanetProfile; kappa = Lambda*b/rho (PlanetProfile Eq-1 convention; differs from molarity convention by rho^2, verify vs original for T>=373K); Millero solution density",,False,
MgSO4,Larionov1984,experimental,49.85000000000002,294.2,0.01,2.598337,"Larionov & Kryukov 1984 via PlanetProfile; kappa = Lambda*b/rho (PlanetProfile Eq-1 convention; differs from molarity convention by rho^2, verify vs original for T>=373K); Millero solution density",,False,
MgSO4,Larionov1984,experimental,74.85000000000002,294.2,0.01,3.533803,"Larionov & Kryukov 1984 via PlanetProfile; kappa = Lambda*b/rho (PlanetProfile Eq-1 convention; differs from molarity convention by rho^2, verify vs original for T>=373K); Millero solution density",,False,
MgSO4,Larionov1984,experimental,99.85000000000002,294.2,0.01,4.462394,"Larionov & Kryukov 1984 via PlanetProfile; kappa = Lambda*b/rho (PlanetProfile Eq-1 convention; differs from molarity convention by rho^2, verify vs original for T>=373K); Millero solution density",,False,
MgSO4,Larionov1984,experimental,124.85000000000002,294.2,0.01,5.142827,"Larionov & Kryukov 1984 via PlanetProfile; kappa = Lambda*b/rho (PlanetProfile Eq-1 convention; differs from molarity convention by rho^2, verify vs original for T>=373K); Millero solution density; density reuses 373K value (PlanetProfile EOS kluge)",,False,
MgSO4,Larionov1984,experimental,149.85000000000002,294.2,0.01,5.616775,"Larionov & Kryukov 1984 via PlanetProfile; kappa = Lambda*b/rho (PlanetProfile Eq-1 convention; differs from molarity convention by rho^2, verify vs original for T>=373K); Millero solution density; density reuses 373K value (PlanetProfile EOS kluge)",,False,
MgSO4,Larionov1984,derived,-0.15,294.2,0.01,0.910084,"DERIVED, NOT MEASURED: 273K column manufactured as 0.525 x 298K value (Hand & Chyba 2007), per PlanetProfile. Exclude from model tests.",,False,
MgSO4,Larionov1984,experimental,24.850000000000023,392.3,0.01,1.704341,"Larionov & Kryukov 1984 via PlanetProfile; kappa = Lambda*b/rho (PlanetProfile Eq-1 convention; differs from molarity convention by rho^2, verify vs original for T>=373K); Millero solution density",,False,
MgSO4,Larionov1984,experimental,49.85000000000002,392.3,0.01,2.557762,"Larionov & Kryukov 1984 via PlanetProfile; kappa = Lambda*b/rho (PlanetProfile Eq-1 convention; differs from molarity convention by rho^2, verify vs original for T>=373K); Millero solution density",,False,
MgSO4,Larionov1984,experimental,74.85000000000002,392.3,0.01,3.487408,"Larionov & Kryukov 1984 via PlanetProfile; kappa = Lambda*b/rho (PlanetProfile Eq-1 convention; differs from molarity convention by rho^2, verify vs original for T>=373K); Millero solution density",,False,
MgSO4,Larionov1984,experimental,99.85000000000002,392.3,0.01,4.428526,"Larionov & Kryukov 1984 via PlanetProfile; kappa = Lambda*b/rho (PlanetProfile Eq-1 convention; differs from molarity convention by rho^2, verify vs original for T>=373K); Millero solution density",,False,
MgSO4,Larionov1984,experimental,124.85000000000002,392.3,0.01,5.143804,"Larionov & Kryukov 1984 via PlanetProfile; kappa = Lambda*b/rho (PlanetProfile Eq-1 convention; differs from molarity convention by rho^2, verify vs original for T>=373K); Millero solution density; density reuses 373K value (PlanetProfile EOS kluge)",,False,
MgSO4,Larionov1984,experimental,149.85000000000002,392.3,0.01,5.686945,"Larionov & Kryukov 1984 via PlanetProfile; kappa = Lambda*b/rho (PlanetProfile Eq-1 convention; differs from molarity convention by rho^2, verify vs original for T>=373K); Millero solution density; density reuses 373K value (PlanetProfile EOS kluge)",,False,
MgSO4,Larionov1984,derived,-0.15,392.3,0.01,0.891835,"DERIVED, NOT MEASURED: 273K column manufactured as 0.525 x 298K value (Hand & Chyba 2007), per PlanetProfile. Exclude from model tests.",,False,
MgSO4,Larionov1984,experimental,24.850000000000023,490.3,0.01,1.644671,"Larionov & Kryukov 1984 via PlanetProfile; kappa = Lambda*b/rho (PlanetProfile Eq-1 convention; differs from molarity convention by rho^2, verify vs original for T>=373K); Millero solution density",,False,
MgSO4,Larionov1984,experimental,49.85000000000002,490.3,0.01,2.490883,"Larionov & Kryukov 1984 via PlanetProfile; kappa = Lambda*b/rho (PlanetProfile Eq-1 convention; differs from molarity convention by rho^2, verify vs original for T>=373K); Millero solution density",,False,
MgSO4,Larionov1984,experimental,74.85000000000002,490.3,0.01,3.412057,"Larionov & Kryukov 1984 via PlanetProfile; kappa = Lambda*b/rho (PlanetProfile Eq-1 convention; differs from molarity convention by rho^2, verify vs original for T>=373K); Millero solution density",,False,
MgSO4,Larionov1984,experimental,99.85000000000002,490.3,0.01,4.351357,"Larionov & Kryukov 1984 via PlanetProfile; kappa = Lambda*b/rho (PlanetProfile Eq-1 convention; differs from molarity convention by rho^2, verify vs original for T>=373K); Millero solution density",,False,
MgSO4,Larionov1984,experimental,124.85000000000002,490.3,0.01,5.08442,"Larionov & Kryukov 1984 via PlanetProfile; kappa = Lambda*b/rho (PlanetProfile Eq-1 convention; differs from molarity convention by rho^2, verify vs original for T>=373K); Millero solution density; density reuses 373K value (PlanetProfile EOS kluge)",,False,
MgSO4,Larionov1984,experimental,149.85000000000002,490.3,0.01,5.672152,"Larionov & Kryukov 1984 via PlanetProfile; kappa = Lambda*b/rho (PlanetProfile Eq-1 convention; differs from molarity convention by rho^2, verify vs original for T>=373K); Millero solution density; density reuses 373K value (PlanetProfile EOS kluge)",,False,
MgSO4,Larionov1984,derived,-0.15,490.3,0.01,0.860527,"DERIVED, NOT MEASURED: 273K column manufactured as 0.525 x 298K value (Hand & Chyba 2007), per PlanetProfile. Exclude from model tests.",,False,
MgSO4,Larionov1984,experimental,24.850000000000023,588.4,0.01,1.574898,"Larionov & Kryukov 1984 via PlanetProfile; kappa = Lambda*b/rho (PlanetProfile Eq-1 convention; differs from molarity convention by rho^2, verify vs original for T>=373K); Millero solution density",,False,
MgSO4,Larionov1984,experimental,49.85000000000002,588.4,0.01,2.406601,"Larionov & Kryukov 1984 via PlanetProfile; kappa = Lambda*b/rho (PlanetProfile Eq-1 convention; differs from molarity convention by rho^2, verify vs original for T>=373K); Millero solution density",,False,
MgSO4,Larionov1984,experimental,74.85000000000002,588.4,0.01,3.316422,"Larionov & Kryukov 1984 via PlanetProfile; kappa = Lambda*b/rho (PlanetProfile Eq-1 convention; differs from molarity convention by rho^2, verify vs original for T>=373K); Millero solution density",,False,
MgSO4,Larionov1984,experimental,99.85000000000002,588.4,0.01,4.25032,"Larionov & Kryukov 1984 via PlanetProfile; kappa = Lambda*b/rho (PlanetProfile Eq-1 convention; differs from molarity convention by rho^2, verify vs original for T>=373K); Millero solution density",,False,
MgSO4,Larionov1984,experimental,124.85000000000002,588.4,0.01,5.001068,"Larionov & Kryukov 1984 via PlanetProfile; kappa = Lambda*b/rho (PlanetProfile Eq-1 convention; differs from molarity convention by rho^2, verify vs original for T>=373K); Millero solution density; density reuses 373K value (PlanetProfile EOS kluge)",,False,
MgSO4,Larionov1984,experimental,149.85000000000002,588.4,0.01,5.619393,"Larionov & Kryukov 1984 via PlanetProfile; kappa = Lambda*b/rho (PlanetProfile Eq-1 convention; differs from molarity convention by rho^2, verify vs original for T>=373K); Millero solution density; density reuses 373K value (PlanetProfile EOS kluge)",,False,
MgSO4,Larionov1984,derived,-0.15,588.4,0.01,0.824022,"DERIVED, NOT MEASURED: 273K column manufactured as 0.525 x 298K value (Hand & Chyba 2007), per PlanetProfile. Exclude from model tests.",,False,
MgSO4,Larionov1984,experimental,24.850000000000023,686.5,0.01,1.49136,"Larionov & Kryukov 1984 via PlanetProfile; kappa = Lambda*b/rho (PlanetProfile Eq-1 convention; differs from molarity convention by rho^2, verify vs original for T>=373K); Millero solution density",,False,
MgSO4,Larionov1984,experimental,49.85000000000002,686.5,0.01,2.317579,"Larionov & Kryukov 1984 via PlanetProfile; kappa = Lambda*b/rho (PlanetProfile Eq-1 convention; differs from molarity convention by rho^2, verify vs original for T>=373K); Millero solution density",,False,
MgSO4,Larionov1984,experimental,74.85000000000002,686.5,0.01,3.212253,"Larionov & Kryukov 1984 via PlanetProfile; kappa = Lambda*b/rho (PlanetProfile Eq-1 convention; differs from molarity convention by rho^2, verify vs original for T>=373K); Millero solution density",,False,
MgSO4,Larionov1984,experimental,99.85000000000002,686.5,0.01,4.138115,"Larionov & Kryukov 1984 via PlanetProfile; kappa = Lambda*b/rho (PlanetProfile Eq-1 convention; differs from molarity convention by rho^2, verify vs original for T>=373K); Millero solution density",,False,
MgSO4,Larionov1984,experimental,124.85000000000002,686.5,0.01,4.890597,"Larionov & Kryukov 1984 via PlanetProfile; kappa = Lambda*b/rho (PlanetProfile Eq-1 convention; differs from molarity convention by rho^2, verify vs original for T>=373K); Millero solution density; density reuses 373K value (PlanetProfile EOS kluge)",,False,
MgSO4,Larionov1984,experimental,149.85000000000002,686.5,0.01,5.52567,"Larionov & Kryukov 1984 via PlanetProfile; kappa = Lambda*b/rho (PlanetProfile Eq-1 convention; differs from molarity convention by rho^2, verify vs original for T>=373K); Millero solution density; density reuses 373K value (PlanetProfile EOS kluge)",,False,
MgSO4,Larionov1984,derived,-0.15,686.5,0.01,0.780236,"DERIVED, NOT MEASURED: 273K column manufactured as 0.525 x 298K value (Hand & Chyba 2007), per PlanetProfile. Exclude from model tests.",,False,
MgSO4,Larionov1984,experimental,24.850000000000023,784.6,0.01,1.395906,"Larionov & Kryukov 1984 via PlanetProfile; kappa = Lambda*b/rho (PlanetProfile Eq-1 convention; differs from molarity convention by rho^2, verify vs original for T>=373K); Millero solution density",,False,
MgSO4,Larionov1984,experimental,49.85000000000002,784.6,0.01,2.220536,"Larionov & Kryukov 1984 via PlanetProfile; kappa = Lambda*b/rho (PlanetProfile Eq-1 convention; differs from molarity convention by rho^2, verify vs original for T>=373K); Millero solution density",,False,
MgSO4,Larionov1984,experimental,74.85000000000002,784.6,0.01,3.101986,"Larionov & Kryukov 1984 via PlanetProfile; kappa = Lambda*b/rho (PlanetProfile Eq-1 convention; differs from molarity convention by rho^2, verify vs original for T>=373K); Millero solution density; VALUE CORRECTED 229.9->299.9 (suspected transcription typo in PlanetProfile, both ports) - verify vs original paper",,False,
MgSO4,Larionov1984,experimental,99.85000000000002,784.6,0.01,4.014295,"Larionov & Kryukov 1984 via PlanetProfile; kappa = Lambda*b/rho (PlanetProfile Eq-1 convention; differs from molarity convention by rho^2, verify vs original for T>=373K); Millero solution density",,False,
MgSO4,Larionov1984,experimental,124.85000000000002,784.6,0.01,4.762108,"Larionov & Kryukov 1984 via PlanetProfile; kappa = Lambda*b/rho (PlanetProfile Eq-1 convention; differs from molarity convention by rho^2, verify vs original for T>=373K); Millero solution density; density reuses 373K value (PlanetProfile EOS kluge)",,False,
MgSO4,Larionov1984,experimental,149.85000000000002,784.6,0.01,5.423512,"Larionov & Kryukov 1984 via PlanetProfile; kappa = Lambda*b/rho (PlanetProfile Eq-1 convention; differs from molarity convention by rho^2, verify vs original for T>=373K); Millero solution density; density reuses 373K value (PlanetProfile EOS kluge)",,False,
MgSO4,Larionov1984,derived,-0.15,784.6,0.01,0.730226,"DERIVED, NOT MEASURED: 273K column manufactured as 0.525 x 298K value (Hand & Chyba 2007), per PlanetProfile. Exclude from model tests.",,False,
MgSO4,Larionov1984,experimental,24.850000000000023,0.1,0.005,1.171343,"Larionov & Kryukov 1984 via PlanetProfile; kappa = Lambda*b/rho (PlanetProfile Eq-1 convention; differs from molarity convention by rho^2, verify vs original for T>=373K); Millero solution density",,False,
MgSO4,Larionov1984,experimental,49.85000000000002,0.1,0.005,1.86174,"Larionov & Kryukov 1984 via PlanetProfile; kappa = Lambda*b/rho (PlanetProfile Eq-1 convention; differs from molarity convention by rho^2, verify vs original for T>=373K); Millero solution density",,False,
MgSO4,Larionov1984,experimental,74.85000000000002,0.1,0.005,2.819315,"Larionov & Kryukov 1984 via PlanetProfile; kappa = Lambda*b/rho (PlanetProfile Eq-1 convention; differs from molarity convention by rho^2, verify vs original for T>=373K); Millero solution density",,False,
MgSO4,Larionov1984,experimental,99.85000000000002,0.1,0.005,3.516772,"Larionov & Kryukov 1984 via PlanetProfile; kappa = Lambda*b/rho (PlanetProfile Eq-1 convention; differs from molarity convention by rho^2, verify vs original for T>=373K); Millero solution density",,False,
MgSO4,Larionov1984,experimental,124.85000000000002,0.1,0.005,4.196228,"Larionov & Kryukov 1984 via PlanetProfile; kappa = Lambda*b/rho (PlanetProfile Eq-1 convention; differs from molarity convention by rho^2, verify vs original for T>=373K); Millero solution density; density reuses 373K value (PlanetProfile EOS kluge)",,False,
MgSO4,Larionov1984,experimental,149.85000000000002,0.1,0.005,4.630801,"Larionov & Kryukov 1984 via PlanetProfile; kappa = Lambda*b/rho (PlanetProfile Eq-1 convention; differs from molarity convention by rho^2, verify vs original for T>=373K); Millero solution density; density reuses 373K value (PlanetProfile EOS kluge)",,False,
MgSO4,Larionov1984,derived,-0.15,0.1,0.005,0.613051,"DERIVED, NOT MEASURED: 273K column manufactured as 0.525 x 298K value (Hand & Chyba 2007), per PlanetProfile. Exclude from model tests.",,False,
MgSO4,Larionov1984,experimental,24.850000000000023,98.1,0.005,1.210315,"Larionov & Kryukov 1984 via PlanetProfile; kappa = Lambda*b/rho (PlanetProfile Eq-1 convention; differs from molarity convention by rho^2, verify vs original for T>=373K); Millero solution density",,False,
MgSO4,Larionov1984,experimental,49.85000000000002,98.1,0.005,1.871639,"Larionov & Kryukov 1984 via PlanetProfile; kappa = Lambda*b/rho (PlanetProfile Eq-1 convention; differs from molarity convention by rho^2, verify vs original for T>=373K); Millero solution density",,False,
MgSO4,Larionov1984,experimental,74.85000000000002,98.1,0.005,2.629995,"Larionov & Kryukov 1984 via PlanetProfile; kappa = Lambda*b/rho (PlanetProfile Eq-1 convention; differs from molarity convention by rho^2, verify vs original for T>=373K); Millero solution density",,False,
MgSO4,Larionov1984,experimental,99.85000000000002,98.1,0.005,3.459891,"Larionov & Kryukov 1984 via PlanetProfile; kappa = Lambda*b/rho (PlanetProfile Eq-1 convention; differs from molarity convention by rho^2, verify vs original for T>=373K); Millero solution density",,False,
MgSO4,Larionov1984,experimental,124.85000000000002,98.1,0.005,4.160865,"Larionov & Kryukov 1984 via PlanetProfile; kappa = Lambda*b/rho (PlanetProfile Eq-1 convention; differs from molarity convention by rho^2, verify vs original for T>=373K); Millero solution density; density reuses 373K value (PlanetProfile EOS kluge)",,False,
MgSO4,Larionov1984,experimental,149.85000000000002,98.1,0.005,4.608011,"Larionov & Kryukov 1984 via PlanetProfile; kappa = Lambda*b/rho (PlanetProfile Eq-1 convention; differs from molarity convention by rho^2, verify vs original for T>=373K); Millero solution density; density reuses 373K value (PlanetProfile EOS kluge)",,False,
MgSO4,Larionov1984,derived,-0.15,98.1,0.005,0.633449,"DERIVED, NOT MEASURED: 273K column manufactured as 0.525 x 298K value (Hand & Chyba 2007), per PlanetProfile. Exclude from model tests.",,False,
MgSO4,Larionov1984,experimental,24.850000000000023,196.1,0.005,1.203324,"Larionov & Kryukov 1984 via PlanetProfile; kappa = Lambda*b/rho (PlanetProfile Eq-1 convention; differs from molarity convention by rho^2, verify vs original for T>=373K); Millero solution density",,False,
MgSO4,Larionov1984,experimental,49.85000000000002,196.1,0.005,1.842479,"Larionov & Kryukov 1984 via PlanetProfile; kappa = Lambda*b/rho (PlanetProfile Eq-1 convention; differs from molarity convention by rho^2, verify vs original for T>=373K); Millero solution density",,False,
MgSO4,Larionov1984,experimental,74.85000000000002,196.1,0.005,2.565871,"Larionov & Kryukov 1984 via PlanetProfile; kappa = Lambda*b/rho (PlanetProfile Eq-1 convention; differs from molarity convention by rho^2, verify vs original for T>=373K); Millero solution density",,False,
MgSO4,Larionov1984,experimental,99.85000000000002,196.1,0.005,3.367587,"Larionov & Kryukov 1984 via PlanetProfile; kappa = Lambda*b/rho (PlanetProfile Eq-1 convention; differs from molarity convention by rho^2, verify vs original for T>=373K); Millero solution density",,False,
MgSO4,Larionov1984,experimental,124.85000000000002,196.1,0.005,4.055341,"Larionov & Kryukov 1984 via PlanetProfile; kappa = Lambda*b/rho (PlanetProfile Eq-1 convention; differs from molarity convention by rho^2, verify vs original for T>=373K); Millero solution density; density reuses 373K value (PlanetProfile EOS kluge)",,False,
MgSO4,Larionov1984,experimental,149.85000000000002,196.1,0.005,4.512952,"Larionov & Kryukov 1984 via PlanetProfile; kappa = Lambda*b/rho (PlanetProfile Eq-1 convention; differs from molarity convention by rho^2, verify vs original for T>=373K); Millero solution density; density reuses 373K value (PlanetProfile EOS kluge)",,False,
MgSO4,Larionov1984,derived,-0.15,196.1,0.005,0.629728,"DERIVED, NOT MEASURED: 273K column manufactured as 0.525 x 298K value (Hand & Chyba 2007), per PlanetProfile. Exclude from model tests.",,False,
MgSO4,Larionov1984,experimental,24.850000000000023,294.2,0.005,1.17082,"Larionov & Kryukov 1984 via PlanetProfile; kappa = Lambda*b/rho (PlanetProfile Eq-1 convention; differs from molarity convention by rho^2, verify vs original for T>=373K); Millero solution density",,False,
MgSO4,Larionov1984,experimental,49.85000000000002,294.2,0.005,1.794404,"Larionov & Kryukov 1984 via PlanetProfile; kappa = Lambda*b/rho (PlanetProfile Eq-1 convention; differs from molarity convention by rho^2, verify vs original for T>=373K); Millero solution density",,False,
MgSO4,Larionov1984,experimental,74.85000000000002,294.2,0.005,2.483928,"Larionov & Kryukov 1984 via PlanetProfile; kappa = Lambda*b/rho (PlanetProfile Eq-1 convention; differs from molarity convention by rho^2, verify vs original for T>=373K); Millero solution density",,False,
MgSO4,Larionov1984,experimental,99.85000000000002,294.2,0.005,3.258265,"Larionov & Kryukov 1984 via PlanetProfile; kappa = Lambda*b/rho (PlanetProfile Eq-1 convention; differs from molarity convention by rho^2, verify vs original for T>=373K); Millero solution density",,False,
MgSO4,Larionov1984,experimental,124.85000000000002,294.2,0.005,3.923184,"Larionov & Kryukov 1984 via PlanetProfile; kappa = Lambda*b/rho (PlanetProfile Eq-1 convention; differs from molarity convention by rho^2, verify vs original for T>=373K); Millero solution density; density reuses 373K value (PlanetProfile EOS kluge)",,False,
MgSO4,Larionov1984,experimental,149.85000000000002,294.2,0.005,4.402482,"Larionov & Kryukov 1984 via PlanetProfile; kappa = Lambda*b/rho (PlanetProfile Eq-1 convention; differs from molarity convention by rho^2, verify vs original for T>=373K); Millero solution density; density reuses 373K value (PlanetProfile EOS kluge)",,False,
MgSO4,Larionov1984,derived,-0.15,294.2,0.005,0.612657,"DERIVED, NOT MEASURED: 273K column manufactured as 0.525 x 298K value (Hand & Chyba 2007), per PlanetProfile. Exclude from model tests.",,False,
MgSO4,Larionov1984,experimental,24.850000000000023,392.3,0.005,1.124725,"Larionov & Kryukov 1984 via PlanetProfile; kappa = Lambda*b/rho (PlanetProfile Eq-1 convention; differs from molarity convention by rho^2, verify vs original for T>=373K); Millero solution density",,False,
MgSO4,Larionov1984,experimental,49.85000000000002,392.3,0.005,1.736927,"Larionov & Kryukov 1984 via PlanetProfile; kappa = Lambda*b/rho (PlanetProfile Eq-1 convention; differs from molarity convention by rho^2, verify vs original for T>=373K); Millero solution density",,False,
MgSO4,Larionov1984,experimental,74.85000000000002,392.3,0.005,2.387294,"Larionov & Kryukov 1984 via PlanetProfile; kappa = Lambda*b/rho (PlanetProfile Eq-1 convention; differs from molarity convention by rho^2, verify vs original for T>=373K); Millero solution density",,False,
MgSO4,Larionov1984,experimental,99.85000000000002,392.3,0.005,3.139634,"Larionov & Kryukov 1984 via PlanetProfile; kappa = Lambda*b/rho (PlanetProfile Eq-1 convention; differs from molarity convention by rho^2, verify vs original for T>=373K); Millero solution density",,False,
MgSO4,Larionov1984,experimental,124.85000000000002,392.3,0.005,3.775259,"Larionov & Kryukov 1984 via PlanetProfile; kappa = Lambda*b/rho (PlanetProfile Eq-1 convention; differs from molarity convention by rho^2, verify vs original for T>=373K); Millero solution density; density reuses 373K value (PlanetProfile EOS kluge)",,False,
MgSO4,Larionov1984,experimental,149.85000000000002,392.3,0.005,4.281514,"Larionov & Kryukov 1984 via PlanetProfile; kappa = Lambda*b/rho (PlanetProfile Eq-1 convention; differs from molarity convention by rho^2, verify vs original for T>=373K); Millero solution density; density reuses 373K value (PlanetProfile EOS kluge)",,False,
MgSO4,Larionov1984,derived,-0.15,392.3,0.005,0.588538,"DERIVED, NOT MEASURED: 273K column manufactured as 0.525 x 298K value (Hand & Chyba 2007), per PlanetProfile. Exclude from model tests.",,False,
MgSO4,Larionov1984,experimental,24.850000000000023,490.3,0.005,1.069786,"Larionov & Kryukov 1984 via PlanetProfile; kappa = Lambda*b/rho (PlanetProfile Eq-1 convention; differs from molarity convention by rho^2, verify vs original for T>=373K); Millero solution density",,False,
MgSO4,Larionov1984,experimental,49.85000000000002,490.3,0.005,1.673926,"Larionov & Kryukov 1984 via PlanetProfile; kappa = Lambda*b/rho (PlanetProfile Eq-1 convention; differs from molarity convention by rho^2, verify vs original for T>=373K); Millero solution density",,False,
MgSO4,Larionov1984,experimental,74.85000000000002,490.3,0.005,2.291278,"Larionov & Kryukov 1984 via PlanetProfile; kappa = Lambda*b/rho (PlanetProfile Eq-1 convention; differs from molarity convention by rho^2, verify vs original for T>=373K); Millero solution density",,False,
MgSO4,Larionov1984,experimental,99.85000000000002,490.3,0.005,3.013464,"Larionov & Kryukov 1984 via PlanetProfile; kappa = Lambda*b/rho (PlanetProfile Eq-1 convention; differs from molarity convention by rho^2, verify vs original for T>=373K); Millero solution density",,False,
MgSO4,Larionov1984,experimental,124.85000000000002,490.3,0.005,3.630583,"Larionov & Kryukov 1984 via PlanetProfile; kappa = Lambda*b/rho (PlanetProfile Eq-1 convention; differs from molarity convention by rho^2, verify vs original for T>=373K); Millero solution density; density reuses 373K value (PlanetProfile EOS kluge)",,False,
MgSO4,Larionov1984,experimental,149.85000000000002,490.3,0.005,4.163283,"Larionov & Kryukov 1984 via PlanetProfile; kappa = Lambda*b/rho (PlanetProfile Eq-1 convention; differs from molarity convention by rho^2, verify vs original for T>=373K); Millero solution density; density reuses 373K value (PlanetProfile EOS kluge)",,False,
MgSO4,Larionov1984,derived,-0.15,490.3,0.005,0.559735,"DERIVED, NOT MEASURED: 273K column manufactured as 0.525 x 298K value (Hand & Chyba 2007), per PlanetProfile. Exclude from model tests.",,False,
MgSO4,Larionov1984,experimental,24.850000000000023,588.4,0.005,1.010792,"Larionov & Kryukov 1984 via PlanetProfile; kappa = Lambda*b/rho (PlanetProfile Eq-1 convention; differs from molarity convention by rho^2, verify vs original for T>=373K); Millero solution density",,False,
MgSO4,Larionov1984,experimental,49.85000000000002,588.4,0.005,1.606763,"Larionov & Kryukov 1984 via PlanetProfile; kappa = Lambda*b/rho (PlanetProfile Eq-1 convention; differs from molarity convention by rho^2, verify vs original for T>=373K); Millero solution density",,False,
MgSO4,Larionov1984,experimental,74.85000000000002,588.4,0.005,2.192483,"Larionov & Kryukov 1984 via PlanetProfile; kappa = Lambda*b/rho (PlanetProfile Eq-1 convention; differs from molarity convention by rho^2, verify vs original for T>=373K); Millero solution density",,False,
MgSO4,Larionov1984,experimental,99.85000000000002,588.4,0.005,2.890859,"Larionov & Kryukov 1984 via PlanetProfile; kappa = Lambda*b/rho (PlanetProfile Eq-1 convention; differs from molarity convention by rho^2, verify vs original for T>=373K); Millero solution density",,False,
MgSO4,Larionov1984,experimental,124.85000000000002,588.4,0.005,3.493165,"Larionov & Kryukov 1984 via PlanetProfile; kappa = Lambda*b/rho (PlanetProfile Eq-1 convention; differs from molarity convention by rho^2, verify vs original for T>=373K); Millero solution density; density reuses 373K value (PlanetProfile EOS kluge)",,False,
MgSO4,Larionov1984,experimental,149.85000000000002,588.4,0.005,4.033533,"Larionov & Kryukov 1984 via PlanetProfile; kappa = Lambda*b/rho (PlanetProfile Eq-1 convention; differs from molarity convention by rho^2, verify vs original for T>=373K); Millero solution density; density reuses 373K value (PlanetProfile EOS kluge)",,False,
MgSO4,Larionov1984,derived,-0.15,588.4,0.005,0.528869,"DERIVED, NOT MEASURED: 273K column manufactured as 0.525 x 298K value (Hand & Chyba 2007), per PlanetProfile. Exclude from model tests.",,False,
MgSO4,Larionov1984,experimental,24.850000000000023,686.5,0.005,0.951953,"Larionov & Kryukov 1984 via PlanetProfile; kappa = Lambda*b/rho (PlanetProfile Eq-1 convention; differs from molarity convention by rho^2, verify vs original for T>=373K); Millero solution density",,False,
MgSO4,Larionov1984,experimental,49.85000000000002,686.5,0.005,1.538812,"Larionov & Kryukov 1984 via PlanetProfile; kappa = Lambda*b/rho (PlanetProfile Eq-1 convention; differs from molarity convention by rho^2, verify vs original for T>=373K); Millero solution density",,False,
MgSO4,Larionov1984,experimental,74.85000000000002,686.5,0.005,2.093553,"Larionov & Kryukov 1984 via PlanetProfile; kappa = Lambda*b/rho (PlanetProfile Eq-1 convention; differs from molarity convention by rho^2, verify vs original for T>=373K); Millero solution density",,False,
MgSO4,Larionov1984,experimental,99.85000000000002,686.5,0.005,2.767104,"Larionov & Kryukov 1984 via PlanetProfile; kappa = Lambda*b/rho (PlanetProfile Eq-1 convention; differs from molarity convention by rho^2, verify vs original for T>=373K); Millero solution density",,False,
MgSO4,Larionov1984,experimental,124.85000000000002,686.5,0.005,3.352012,"Larionov & Kryukov 1984 via PlanetProfile; kappa = Lambda*b/rho (PlanetProfile Eq-1 convention; differs from molarity convention by rho^2, verify vs original for T>=373K); Millero solution density; density reuses 373K value (PlanetProfile EOS kluge)",,False,
MgSO4,Larionov1984,experimental,149.85000000000002,686.5,0.005,3.89636,"Larionov & Kryukov 1984 via PlanetProfile; kappa = Lambda*b/rho (PlanetProfile Eq-1 convention; differs from molarity convention by rho^2, verify vs original for T>=373K); Millero solution density; density reuses 373K value (PlanetProfile EOS kluge)",,False,
MgSO4,Larionov1984,derived,-0.15,686.5,0.005,0.498034,"DERIVED, NOT MEASURED: 273K column manufactured as 0.525 x 298K value (Hand & Chyba 2007), per PlanetProfile. Exclude from model tests.",,False,
MgSO4,Larionov1984,experimental,24.850000000000023,784.6,0.005,0.884174,"Larionov & Kryukov 1984 via PlanetProfile; kappa = Lambda*b/rho (PlanetProfile Eq-1 convention; differs from molarity convention by rho^2, verify vs original for T>=373K); Millero solution density",,False,
MgSO4,Larionov1984,experimental,49.85000000000002,784.6,0.005,1.468892,"Larionov & Kryukov 1984 via PlanetProfile; kappa = Lambda*b/rho (PlanetProfile Eq-1 convention; differs from molarity convention by rho^2, verify vs original for T>=373K); Millero solution density",,False,
MgSO4,Larionov1984,experimental,74.85000000000002,784.6,0.005,1.997828,"Larionov & Kryukov 1984 via PlanetProfile; kappa = Lambda*b/rho (PlanetProfile Eq-1 convention; differs from molarity convention by rho^2, verify vs original for T>=373K); Millero solution density",,False,
MgSO4,Larionov1984,experimental,99.85000000000002,784.6,0.005,2.642949,"Larionov & Kryukov 1984 via PlanetProfile; kappa = Lambda*b/rho (PlanetProfile Eq-1 convention; differs from molarity convention by rho^2, verify vs original for T>=373K); Millero solution density",,False,
MgSO4,Larionov1984,experimental,124.85000000000002,784.6,0.005,3.203542,"Larionov & Kryukov 1984 via PlanetProfile; kappa = Lambda*b/rho (PlanetProfile Eq-1 convention; differs from molarity convention by rho^2, verify vs original for T>=373K); Millero solution density; density reuses 373K value (PlanetProfile EOS kluge)",,False,
MgSO4,Larionov1984,experimental,149.85000000000002,784.6,0.005,3.756667,"Larionov & Kryukov 1984 via PlanetProfile; kappa = Lambda*b/rho (PlanetProfile Eq-1 convention; differs from molarity convention by rho^2, verify vs original for T>=373K); Millero solution density; density reuses 373K value (PlanetProfile EOS kluge)",,False,
MgSO4,Larionov1984,derived,-0.15,784.6,0.005,0.462529,"DERIVED, NOT MEASURED: 273K column manufactured as 0.525 x 298K value (Hand & Chyba 2007), per PlanetProfile. Exclude from model tests.",,False,
KCl,McCleskey2011,experimental,5.0,0.1,0.0001,0.009464,McCleskey2011 Table 3 single electrolyte,,False,
KCl,McCleskey2011,experimental,10.0,0.1,0.0001,0.01074,McCleskey2011 Table 3 single electrolyte,,False,
KCl,McCleskey2011,experimental,25.0,0.1,0.0001,0.01487,McCleskey2011 Table 3 single electrolyte,,False,
KCl,McCleskey2011,experimental,35.0,0.1,0.0001,0.01786,McCleskey2011 Table 3 single electrolyte,,False,
KCl,McCleskey2011,experimental,45.0,0.1,0.0001,0.02105,McCleskey2011 Table 3 single electrolyte,,False,
KCl,McCleskey2011,experimental,70.0,0.1,0.0001,0.02969,McCleskey2011 Table 3 single electrolyte,,False,
KCl,McCleskey2011,experimental,90.0,0.1,0.0001,0.03716,McCleskey2011 Table 3 single electrolyte,,False,
KCl,McCleskey2011,experimental,5.0,0.1,0.001,0.09198,McCleskey2011 Table 3 single electrolyte,,False,
KCl,McCleskey2011,experimental,10.0,0.1,0.001,0.105,McCleskey2011 Table 3 single electrolyte,,False,
KCl,McCleskey2011,experimental,25.0,0.1,0.001,0.1471,McCleskey2011 Table 3 single electrolyte,,False,
KCl,McCleskey2011,experimental,35.0,0.1,0.001,0.1773,McCleskey2011 Table 3 single electrolyte,,False,
KCl,McCleskey2011,experimental,45.0,0.1,0.001,0.207,McCleskey2011 Table 3 single electrolyte,,False,
KCl,McCleskey2011,experimental,70.0,0.1,0.001,0.2897,McCleskey2011 Table 3 single electrolyte,,False,
KCl,McCleskey2011,experimental,90.0,0.1,0.001,0.3587,McCleskey2011 Table 3 single electrolyte,,False,
KCl,McCleskey2011,experimental,5.0,0.1,0.01,0.891,McCleskey2011 Table 3 single electrolyte,,False,
KCl,McCleskey2011,experimental,10.0,0.1,0.01,1.014,McCleskey2011 Table 3 single electrolyte,,False,
KCl,McCleskey2011,experimental,25.0,0.1,0.01,1.408,McCleskey2011 Table 3 single electrolyte,,False,
KCl,McCleskey2011,experimental,35.0,0.1,0.01,1.688,McCleskey2011 Table 3 single electrolyte,,False,
KCl,McCleskey2011,experimental,45.0,0.1,0.01,1.977,McCleskey2011 Table 3 single electrolyte,,False,
KCl,McCleskey2011,experimental,70.0,0.1,0.01,2.761,McCleskey2011 Table 3 single electrolyte,,False,
KCl,McCleskey2011,experimental,90.0,0.1,0.01,3.426,McCleskey2011 Table 3 single electrolyte,,False,
KCl,McCleskey2011,experimental,5.0,0.1,0.1,8.184,McCleskey2011 Table 3 single electrolyte,,False,
KCl,McCleskey2011,experimental,10.0,0.1,0.1,9.292,McCleskey2011 Table 3 single electrolyte,,False,
KCl,McCleskey2011,experimental,25.0,0.1,0.1,12.83,McCleskey2011 Table 3 single electrolyte,,False,
KCl,McCleskey2011,experimental,35.0,0.1,0.1,15.32,McCleskey2011 Table 3 single electrolyte,,False,
KCl,McCleskey2011,experimental,45.0,0.1,0.1,17.88,McCleskey2011 Table 3 single electrolyte,,False,
KCl,McCleskey2011,experimental,70.0,0.1,0.1,24.71,McCleskey2011 Table 3 single electrolyte,,False,
KCl,McCleskey2011,experimental,90.0,0.1,0.1,30.86,McCleskey2011 Table 3 single electrolyte,,False,
KCl,McCleskey2011,experimental,5.0,0.1,0.5,38.75,McCleskey2011 Table 3 single electrolyte,,False,
KCl,McCleskey2011,experimental,10.0,0.1,0.5,43.75,McCleskey2011 Table 3 single electrolyte,,False,
KCl,McCleskey2011,experimental,25.0,0.1,0.5,59.2,McCleskey2011 Table 3 single electrolyte,,False,
KCl,McCleskey2011,experimental,35.0,0.1,0.5,69.81,McCleskey2011 Table 3 single electrolyte,,False,
KCl,McCleskey2011,experimental,45.0,0.1,0.5,81.07,McCleskey2011 Table 3 single electrolyte,,False,
KCl,McCleskey2011,experimental,70.0,0.1,0.5,112.3,McCleskey2011 Table 3 single electrolyte,,False,
KCl,McCleskey2011,experimental,90.0,0.1,0.5,134.8,McCleskey2011 Table 3 single electrolyte,,False,
KCl,McCleskey2011,experimental,5.0,0.1,1.0,72.03,McCleskey2011 Table 3 single electrolyte,,False,
KCl,McCleskey2011,experimental,10.0,0.1,1.0,80.84,McCleskey2011 Table 3 single electrolyte,,False,
KCl,McCleskey2011,experimental,25.0,0.1,1.0,108.6,McCleskey2011 Table 3 single electrolyte,,False,
KCl,McCleskey2011,experimental,35.0,0.1,1.0,128.0,McCleskey2011 Table 3 single electrolyte,,False,
KCl,McCleskey2011,experimental,45.0,0.1,1.0,147.7,McCleskey2011 Table 3 single electrolyte,,False,
KCl,McCleskey2011,experimental,70.0,0.1,1.0,202.5,McCleskey2011 Table 3 single electrolyte,,False,
KCl,McCleskey2011,experimental,90.0,0.1,1.0,245.8,McCleskey2011 Table 3 single electrolyte,,False,
NaCl,McCleskey2011,experimental,5.0,0.1,0.000104,0.008271,McCleskey2011 Table 3 single electrolyte,,False,
NaCl,McCleskey2011,experimental,10.0,0.1,0.000104,0.009431,McCleskey2011 Table 3 single electrolyte,,False,
NaCl,McCleskey2011,experimental,25.0,0.1,0.000104,0.01295,McCleskey2011 Table 3 single electrolyte,,False,
NaCl,McCleskey2011,experimental,35.0,0.1,0.000104,0.0161,McCleskey2011 Table 3 single electrolyte,,False,
NaCl,McCleskey2011,experimental,45.0,0.1,0.000104,0.01893,McCleskey2011 Table 3 single electrolyte,,False,
NaCl,McCleskey2011,experimental,70.0,0.1,0.000104,0.02693,McCleskey2011 Table 3 single electrolyte,,False,
NaCl,McCleskey2011,experimental,90.0,0.1,0.000104,0.03358,McCleskey2011 Table 3 single electrolyte,,False,
NaCl,McCleskey2011,experimental,5.0,0.1,0.00099,0.07531,McCleskey2011 Table 3 single electrolyte,,False,
NaCl,McCleskey2011,experimental,10.0,0.1,0.00099,0.08619,McCleskey2011 Table 3 single electrolyte,,False,
NaCl,McCleskey2011,experimental,25.0,0.1,0.00099,0.1224,McCleskey2011 Table 3 single electrolyte,,False,
NaCl,McCleskey2011,experimental,35.0,0.1,0.00099,0.1478,McCleskey2011 Table 3 single electrolyte,,False,
NaCl,McCleskey2011,experimental,45.0,0.1,0.00099,0.1747,McCleskey2011 Table 3 single electrolyte,,False,
NaCl,McCleskey2011,experimental,70.0,0.1,0.00099,0.2497,McCleskey2011 Table 3 single electrolyte,,False,
NaCl,McCleskey2011,experimental,90.0,0.1,0.00099,0.3126,McCleskey2011 Table 3 single electrolyte,,False,
NaCl,McCleskey2011,experimental,5.0,0.1,0.01,0.7349,McCleskey2011 Table 3 single electrolyte,,False,
NaCl,McCleskey2011,experimental,10.0,0.1,0.01,0.8395,McCleskey2011 Table 3 single electrolyte,,False,
NaCl,McCleskey2011,experimental,25.0,0.1,0.01,1.185,McCleskey2011 Table 3 single electrolyte,,False,
NaCl,McCleskey2011,experimental,35.0,0.1,0.01,1.425,McCleskey2011 Table 3 single electrolyte,,False,
NaCl,McCleskey2011,experimental,45.0,0.1,0.01,1.694,McCleskey2011 Table 3 single electrolyte,,False,
NaCl,McCleskey2011,experimental,70.0,0.1,0.01,2.418,McCleskey2011 Table 3 single electrolyte,,False,
NaCl,McCleskey2011,experimental,90.0,0.1,0.01,3.029,McCleskey2011 Table 3 single electrolyte,,False,
NaCl,McCleskey2011,experimental,5.0,0.1,0.1,6.588,McCleskey2011 Table 3 single electrolyte,,False,
NaCl,McCleskey2011,experimental,10.0,0.1,0.1,7.505,McCleskey2011 Table 3 single electrolyte,,False,
NaCl,McCleskey2011,experimental,25.0,0.1,0.1,10.6,McCleskey2011 Table 3 single electrolyte,,False,
NaCl,McCleskey2011,experimental,35.0,0.1,0.1,12.77,McCleskey2011 Table 3 single electrolyte,,False,
NaCl,McCleskey2011,experimental,45.0,0.1,0.1,15.05,McCleskey2011 Table 3 single electrolyte,,False,
NaCl,McCleskey2011,experimental,70.0,0.1,0.1,21.48,McCleskey2011 Table 3 single electrolyte,,False,
NaCl,McCleskey2011,experimental,90.0,0.1,0.1,26.91,McCleskey2011 Table 3 single electrolyte,,False,
NaCl,McCleskey2011,experimental,5.0,0.1,0.5,29.48,McCleskey2011 Table 3 single electrolyte,,False,
NaCl,McCleskey2011,experimental,10.0,0.1,0.5,33.48,McCleskey2011 Table 3 single electrolyte,,False,
NaCl,McCleskey2011,experimental,25.0,0.1,0.5,46.52,McCleskey2011 Table 3 single electrolyte,,False,
NaCl,McCleskey2011,experimental,35.0,0.1,0.5,56.25,McCleskey2011 Table 3 single electrolyte,,False,
NaCl,McCleskey2011,experimental,45.0,0.1,0.5,66.24,McCleskey2011 Table 3 single electrolyte,,False,
NaCl,McCleskey2011,experimental,70.0,0.1,0.5,93.5,McCleskey2011 Table 3 single electrolyte,,False,
NaCl,McCleskey2011,experimental,90.0,0.1,0.5,116.8,McCleskey2011 Table 3 single electrolyte,,False,
NaCl,McCleskey2011,experimental,5.0,0.1,0.9999,54.44,McCleskey2011 Table 3 single electrolyte,,False,
NaCl,McCleskey2011,experimental,10.0,0.1,0.9999,61.23,McCleskey2011 Table 3 single electrolyte,,False,
NaCl,McCleskey2011,experimental,25.0,0.1,0.9999,84.3,McCleskey2011 Table 3 single electrolyte,,False,
NaCl,McCleskey2011,experimental,35.0,0.1,0.9999,101.9,McCleskey2011 Table 3 single electrolyte,,False,
NaCl,McCleskey2011,experimental,45.0,0.1,0.9999,119.4,McCleskey2011 Table 3 single electrolyte,,False,
NaCl,McCleskey2011,experimental,70.0,0.1,0.9999,168.0,McCleskey2011 Table 3 single electrolyte,,False,
NaCl,McCleskey2011,experimental,90.0,0.1,0.9999,209.4,McCleskey2011 Table 3 single electrolyte,,False,
HCl,McCleskey2011,experimental,5.0,0.1,0.00011,0.03313,McCleskey2011 Table 3 single electrolyte,,False,
HCl,McCleskey2011,experimental,10.0,0.1,0.00011,0.03683,McCleskey2011 Table 3 single electrolyte,,False,
HCl,McCleskey2011,experimental,25.0,0.1,0.00011,0.04665,McCleskey2011 Table 3 single electrolyte,,False,
HCl,McCleskey2011,experimental,35.0,0.1,0.00011,0.0531,McCleskey2011 Table 3 single electrolyte,,False,
HCl,McCleskey2011,experimental,45.0,0.1,0.00011,0.05973,McCleskey2011 Table 3 single electrolyte,,False,
HCl,McCleskey2011,experimental,70.0,0.1,0.00011,0.07487,McCleskey2011 Table 3 single electrolyte,,False,
HCl,McCleskey2011,experimental,90.0,0.1,0.00011,0.08461,McCleskey2011 Table 3 single electrolyte,,False,
HCl,McCleskey2011,experimental,5.0,0.1,0.000958,0.28,McCleskey2011 Table 3 single electrolyte,,False,
HCl,McCleskey2011,experimental,10.0,0.1,0.000958,0.3088,McCleskey2011 Table 3 single electrolyte,,False,
HCl,McCleskey2011,experimental,25.0,0.1,0.000958,0.3978,McCleskey2011 Table 3 single electrolyte,,False,
HCl,McCleskey2011,experimental,35.0,0.1,0.000958,0.4565,McCleskey2011 Table 3 single electrolyte,,False,
HCl,McCleskey2011,experimental,45.0,0.1,0.000958,0.5121,McCleskey2011 Table 3 single electrolyte,,False,
HCl,McCleskey2011,experimental,70.0,0.1,0.000958,0.6414,McCleskey2011 Table 3 single electrolyte,,False,
HCl,McCleskey2011,experimental,90.0,0.1,0.000958,0.7325,McCleskey2011 Table 3 single electrolyte,,False,
HCl,McCleskey2011,experimental,5.0,0.1,0.00937,2.714,McCleskey2011 Table 3 single electrolyte,,False,
HCl,McCleskey2011,experimental,10.0,0.1,0.00937,3.001,McCleskey2011 Table 3 single electrolyte,,False,
HCl,McCleskey2011,experimental,25.0,0.1,0.00937,3.869,McCleskey2011 Table 3 single electrolyte,,False,
HCl,McCleskey2011,experimental,35.0,0.1,0.00937,4.408,McCleskey2011 Table 3 single electrolyte,,False,
HCl,McCleskey2011,experimental,45.0,0.1,0.00937,4.932,McCleskey2011 Table 3 single electrolyte,,False,
HCl,McCleskey2011,experimental,70.0,0.1,0.00937,6.227,McCleskey2011 Table 3 single electrolyte,,False,
HCl,McCleskey2011,experimental,90.0,0.1,0.00937,7.132,McCleskey2011 Table 3 single electrolyte,,False,
HCl,McCleskey2011,experimental,5.0,0.1,0.09398,26.04,McCleskey2011 Table 3 single electrolyte,,False,
HCl,McCleskey2011,experimental,10.0,0.1,0.09398,28.72,McCleskey2011 Table 3 single electrolyte,,False,
HCl,McCleskey2011,experimental,25.0,0.1,0.09398,36.84,McCleskey2011 Table 3 single electrolyte,,False,
HCl,McCleskey2011,experimental,35.0,0.1,0.09398,41.9,McCleskey2011 Table 3 single electrolyte,,False,
HCl,McCleskey2011,experimental,45.0,0.1,0.09398,46.73,McCleskey2011 Table 3 single electrolyte,,False,
HCl,McCleskey2011,experimental,70.0,0.1,0.09398,58.72,McCleskey2011 Table 3 single electrolyte,,False,
HCl,McCleskey2011,experimental,90.0,0.1,0.09398,67.22,McCleskey2011 Table 3 single electrolyte,,False,
HCl,McCleskey2011,experimental,5.0,0.1,0.4603,119.8,McCleskey2011 Table 3 single electrolyte,,False,
HCl,McCleskey2011,experimental,10.0,0.1,0.4603,131.4,McCleskey2011 Table 3 single electrolyte,,False,
HCl,McCleskey2011,experimental,25.0,0.1,0.4603,166.9,McCleskey2011 Table 3 single electrolyte,,False,
HCl,McCleskey2011,experimental,35.0,0.1,0.4603,189.7,McCleskey2011 Table 3 single electrolyte,,False,
HCl,McCleskey2011,experimental,45.0,0.1,0.4603,210.9,McCleskey2011 Table 3 single electrolyte,,False,
HCl,McCleskey2011,experimental,70.0,0.1,0.4603,262.3,McCleskey2011 Table 3 single electrolyte,,False,
HCl,McCleskey2011,experimental,90.0,0.1,0.4603,298.7,McCleskey2011 Table 3 single electrolyte,,False,
HCl,McCleskey2011,experimental,5.0,0.1,0.85,202.0,McCleskey2011 Table 3 single electrolyte,,False,
HCl,McCleskey2011,experimental,10.0,0.1,0.85,220.6,McCleskey2011 Table 3 single electrolyte,,False,
HCl,McCleskey2011,experimental,25.0,0.1,0.85,279.0,McCleskey2011 Table 3 single electrolyte,,False,
HCl,McCleskey2011,experimental,35.0,0.1,0.85,315.3,McCleskey2011 Table 3 single electrolyte,,False,
HCl,McCleskey2011,experimental,45.0,0.1,0.85,349.5,McCleskey2011 Table 3 single electrolyte,,False,
HCl,McCleskey2011,experimental,70.0,0.1,0.85,434.5,McCleskey2011 Table 3 single electrolyte,,False,
HCl,McCleskey2011,experimental,90.0,0.1,0.85,482.4,McCleskey2011 Table 3 single electrolyte,,False,
LiCl,McCleskey2011,experimental,5.0,0.1,8.5e-05,0.005986,McCleskey2011 Table 3 single electrolyte,,False,
LiCl,McCleskey2011,experimental,10.0,0.1,8.5e-05,0.006826,McCleskey2011 Table 3 single electrolyte,,False,
LiCl,McCleskey2011,experimental,25.0,0.1,8.5e-05,0.009588,McCleskey2011 Table 3 single electrolyte,,False,
LiCl,McCleskey2011,experimental,35.0,0.1,8.5e-05,0.0117,McCleskey2011 Table 3 single electrolyte,,False,
LiCl,McCleskey2011,experimental,45.0,0.1,8.5e-05,0.01388,McCleskey2011 Table 3 single electrolyte,,False,
LiCl,McCleskey2011,experimental,70.0,0.1,8.5e-05,0.01978,McCleskey2011 Table 3 single electrolyte,,False,
LiCl,McCleskey2011,experimental,90.0,0.1,8.5e-05,0.02483,McCleskey2011 Table 3 single electrolyte,,False,
LiCl,McCleskey2011,experimental,5.0,0.1,0.000952,0.06496,McCleskey2011 Table 3 single electrolyte,,False,
LiCl,McCleskey2011,experimental,10.0,0.1,0.000952,0.07487,McCleskey2011 Table 3 single electrolyte,,False,
LiCl,McCleskey2011,experimental,25.0,0.1,0.000952,0.1069,McCleskey2011 Table 3 single electrolyte,,False,
LiCl,McCleskey2011,experimental,35.0,0.1,0.000952,0.1311,McCleskey2011 Table 3 single electrolyte,,False,
LiCl,McCleskey2011,experimental,45.0,0.1,0.000952,0.1528,McCleskey2011 Table 3 single electrolyte,,False,
LiCl,McCleskey2011,experimental,70.0,0.1,0.000952,0.2191,McCleskey2011 Table 3 single electrolyte,,False,
LiCl,McCleskey2011,experimental,90.0,0.1,0.000952,0.2774,McCleskey2011 Table 3 single electrolyte,,False,
LiCl,McCleskey2011,experimental,5.0,0.1,0.00845,0.5562,McCleskey2011 Table 3 single electrolyte,,False,
LiCl,McCleskey2011,experimental,10.0,0.1,0.00845,0.6414,McCleskey2011 Table 3 single electrolyte,,False,
LiCl,McCleskey2011,experimental,25.0,0.1,0.00845,0.9167,McCleskey2011 Table 3 single electrolyte,,False,
LiCl,McCleskey2011,experimental,35.0,0.1,0.00845,1.123,McCleskey2011 Table 3 single electrolyte,,False,
LiCl,McCleskey2011,experimental,45.0,0.1,0.00845,1.315,McCleskey2011 Table 3 single electrolyte,,False,
LiCl,McCleskey2011,experimental,70.0,0.1,0.00845,1.886,McCleskey2011 Table 3 single electrolyte,,False,
LiCl,McCleskey2011,experimental,90.0,0.1,0.00845,2.366,McCleskey2011 Table 3 single electrolyte,,False,
LiCl,McCleskey2011,experimental,5.0,0.1,0.09523,5.516,McCleskey2011 Table 3 single electrolyte,,False,
LiCl,McCleskey2011,experimental,10.0,0.1,0.09523,6.326,McCleskey2011 Table 3 single electrolyte,,False,
LiCl,McCleskey2011,experimental,25.0,0.1,0.09523,9.019,McCleskey2011 Table 3 single electrolyte,,False,
LiCl,McCleskey2011,experimental,35.0,0.1,0.09523,10.99,McCleskey2011 Table 3 single electrolyte,,False,
LiCl,McCleskey2011,experimental,45.0,0.1,0.09523,12.76,McCleskey2011 Table 3 single electrolyte,,False,
LiCl,McCleskey2011,experimental,70.0,0.1,0.09523,18.09,McCleskey2011 Table 3 single electrolyte,,False,
LiCl,McCleskey2011,experimental,90.0,0.1,0.09523,22.57,McCleskey2011 Table 3 single electrolyte,,False,
LiCl,McCleskey2011,experimental,5.0,0.1,0.9613,43.17,McCleskey2011 Table 3 single electrolyte,,False,
LiCl,McCleskey2011,experimental,10.0,0.1,0.9613,49.86,McCleskey2011 Table 3 single electrolyte,,False,
LiCl,McCleskey2011,experimental,25.0,0.1,0.9613,71.3,McCleskey2011 Table 3 single electrolyte,,False,
LiCl,McCleskey2011,experimental,35.0,0.1,0.9613,83.5,McCleskey2011 Table 3 single electrolyte,,False,
LiCl,McCleskey2011,experimental,45.0,0.1,0.9613,97.94,McCleskey2011 Table 3 single electrolyte,,False,
LiCl,McCleskey2011,experimental,70.0,0.1,0.9613,126.4,McCleskey2011 Table 3 single electrolyte,,False,
LiCl,McCleskey2011,experimental,90.0,0.1,0.9613,155.7,McCleskey2011 Table 3 single electrolyte,,False,
CsCl,McCleskey2011,experimental,5.0,0.1,0.000106,0.01018,McCleskey2011 Table 3 single electrolyte,,False,
CsCl,McCleskey2011,experimental,10.0,0.1,0.000106,0.01151,McCleskey2011 Table 3 single electrolyte,,False,
CsCl,McCleskey2011,experimental,25.0,0.1,0.000106,0.01597,McCleskey2011 Table 3 single electrolyte,,False,
CsCl,McCleskey2011,experimental,35.0,0.1,0.000106,0.01917,McCleskey2011 Table 3 single electrolyte,,False,
CsCl,McCleskey2011,experimental,45.0,0.1,0.000106,0.02242,McCleskey2011 Table 3 single electrolyte,,False,
CsCl,McCleskey2011,experimental,70.0,0.1,0.000106,0.03135,McCleskey2011 Table 3 single electrolyte,,False,
CsCl,McCleskey2011,experimental,90.0,0.1,0.000106,0.04007,McCleskey2011 Table 3 single electrolyte,,False,
CsCl,McCleskey2011,experimental,5.0,0.1,0.00101,0.09529,McCleskey2011 Table 3 single electrolyte,,False,
CsCl,McCleskey2011,experimental,10.0,0.1,0.00101,0.1089,McCleskey2011 Table 3 single electrolyte,,False,
CsCl,McCleskey2011,experimental,25.0,0.1,0.00101,0.151,McCleskey2011 Table 3 single electrolyte,,False,
CsCl,McCleskey2011,experimental,35.0,0.1,0.00101,0.1817,McCleskey2011 Table 3 single electrolyte,,False,
CsCl,McCleskey2011,experimental,45.0,0.1,0.00101,0.2103,McCleskey2011 Table 3 single electrolyte,,False,
CsCl,McCleskey2011,experimental,70.0,0.1,0.00101,0.293,McCleskey2011 Table 3 single electrolyte,,False,
CsCl,McCleskey2011,experimental,90.0,0.1,0.00101,0.3658,McCleskey2011 Table 3 single electrolyte,,False,
CsCl,McCleskey2011,experimental,5.0,0.1,0.01058,0.9738,McCleskey2011 Table 3 single electrolyte,,False,
CsCl,McCleskey2011,experimental,10.0,0.1,0.01058,1.107,McCleskey2011 Table 3 single electrolyte,,False,
CsCl,McCleskey2011,experimental,25.0,0.1,0.01058,1.539,McCleskey2011 Table 3 single electrolyte,,False,
CsCl,McCleskey2011,experimental,35.0,0.1,0.01058,1.85,McCleskey2011 Table 3 single electrolyte,,False,
CsCl,McCleskey2011,experimental,45.0,0.1,0.01058,2.142,McCleskey2011 Table 3 single electrolyte,,False,
CsCl,McCleskey2011,experimental,70.0,0.1,0.01058,2.972,McCleskey2011 Table 3 single electrolyte,,False,
CsCl,McCleskey2011,experimental,90.0,0.1,0.01058,3.702,McCleskey2011 Table 3 single electrolyte,,False,
CsCl,McCleskey2011,experimental,5.0,0.1,0.1009,8.548,McCleskey2011 Table 3 single electrolyte,,False,
CsCl,McCleskey2011,experimental,10.0,0.1,0.1009,9.735,McCleskey2011 Table 3 single electrolyte,,False,
CsCl,McCleskey2011,experimental,25.0,0.1,0.1009,13.46,McCleskey2011 Table 3 single electrolyte,,False,
CsCl,McCleskey2011,experimental,35.0,0.1,0.1009,16.14,McCleskey2011 Table 3 single electrolyte,,False,
CsCl,McCleskey2011,experimental,45.0,0.1,0.1009,18.59,McCleskey2011 Table 3 single electrolyte,,False,
CsCl,McCleskey2011,experimental,70.0,0.1,0.1009,26.04,McCleskey2011 Table 3 single electrolyte,,False,
CsCl,McCleskey2011,experimental,90.0,0.1,0.1009,31.07,McCleskey2011 Table 3 single electrolyte,,False,
CsCl,McCleskey2011,experimental,5.0,0.1,0.4763,37.54,McCleskey2011 Table 3 single electrolyte,,False,
CsCl,McCleskey2011,experimental,10.0,0.1,0.4763,42.56,McCleskey2011 Table 3 single electrolyte,,False,
CsCl,McCleskey2011,experimental,25.0,0.1,0.4763,57.62,McCleskey2011 Table 3 single electrolyte,,False,
CsCl,McCleskey2011,experimental,35.0,0.1,0.4763,68.16,McCleskey2011 Table 3 single electrolyte,,False,
CsCl,McCleskey2011,experimental,45.0,0.1,0.4763,79.17,McCleskey2011 Table 3 single electrolyte,,False,
CsCl,McCleskey2011,experimental,70.0,0.1,0.4763,110.1,McCleskey2011 Table 3 single electrolyte,,False,
CsCl,McCleskey2011,experimental,90.0,0.1,0.4763,132.3,McCleskey2011 Table 3 single electrolyte,,False,
CsCl,McCleskey2011,experimental,5.0,0.1,1.09,83.03,McCleskey2011 Table 3 single electrolyte,,False,
CsCl,McCleskey2011,experimental,10.0,0.1,1.09,93.55,McCleskey2011 Table 3 single electrolyte,,False,
CsCl,McCleskey2011,experimental,25.0,0.1,1.09,122.9,McCleskey2011 Table 3 single electrolyte,,False,
CsCl,McCleskey2011,experimental,35.0,0.1,1.09,142.5,McCleskey2011 Table 3 single electrolyte,,False,
CsCl,McCleskey2011,experimental,45.0,0.1,1.09,165.5,McCleskey2011 Table 3 single electrolyte,,False,
CsCl,McCleskey2011,experimental,70.0,0.1,1.09,229.8,McCleskey2011 Table 3 single electrolyte,,False,
CsCl,McCleskey2011,experimental,90.0,0.1,1.09,268.7,McCleskey2011 Table 3 single electrolyte,,False,
NH4Cl,McCleskey2011,experimental,5.0,0.1,0.000977,0.08892,McCleskey2011 Table 3 single electrolyte,,False,
NH4Cl,McCleskey2011,experimental,10.0,0.1,0.000977,0.1017,McCleskey2011 Table 3 single electrolyte,,False,
NH4Cl,McCleskey2011,experimental,25.0,0.1,0.000977,0.1441,McCleskey2011 Table 3 single electrolyte,,False,
NH4Cl,McCleskey2011,experimental,35.0,0.1,0.000977,0.1738,McCleskey2011 Table 3 single electrolyte,,False,
NH4Cl,McCleskey2011,experimental,45.0,0.1,0.000977,0.2024,McCleskey2011 Table 3 single electrolyte,,False,
NH4Cl,McCleskey2011,experimental,70.0,0.1,0.000977,0.287,McCleskey2011 Table 3 single electrolyte,,False,
NH4Cl,McCleskey2011,experimental,90.0,0.1,0.000977,0.3591,McCleskey2011 Table 3 single electrolyte,,False,
NH4Cl,McCleskey2011,experimental,5.0,0.1,0.00965,0.856,McCleskey2011 Table 3 single electrolyte,,False,
NH4Cl,McCleskey2011,experimental,10.0,0.1,0.00965,0.9786,McCleskey2011 Table 3 single electrolyte,,False,
NH4Cl,McCleskey2011,experimental,25.0,0.1,0.00965,1.381,McCleskey2011 Table 3 single electrolyte,,False,
NH4Cl,McCleskey2011,experimental,35.0,0.1,0.00965,1.671,McCleskey2011 Table 3 single electrolyte,,False,
NH4Cl,McCleskey2011,experimental,45.0,0.1,0.00965,1.938,McCleskey2011 Table 3 single electrolyte,,False,
NH4Cl,McCleskey2011,experimental,70.0,0.1,0.00965,2.731,McCleskey2011 Table 3 single electrolyte,,False,
NH4Cl,McCleskey2011,experimental,90.0,0.1,0.00965,3.363,McCleskey2011 Table 3 single electrolyte,,False,
NH4Cl,McCleskey2011,experimental,5.0,0.1,0.09765,7.999,McCleskey2011 Table 3 single electrolyte,,False,
NH4Cl,McCleskey2011,experimental,10.0,0.1,0.09765,9.148,McCleskey2011 Table 3 single electrolyte,,False,
NH4Cl,McCleskey2011,experimental,25.0,0.1,0.09765,12.76,McCleskey2011 Table 3 single electrolyte,,False,
NH4Cl,McCleskey2011,experimental,35.0,0.1,0.09765,15.45,McCleskey2011 Table 3 single electrolyte,,False,
NH4Cl,McCleskey2011,experimental,45.0,0.1,0.09765,18.01,McCleskey2011 Table 3 single electrolyte,,False,
NH4Cl,McCleskey2011,experimental,70.0,0.1,0.09765,25.35,McCleskey2011 Table 3 single electrolyte,,False,
NH4Cl,McCleskey2011,experimental,90.0,0.1,0.09765,31.42,McCleskey2011 Table 3 single electrolyte,,False,
NH4Cl,McCleskey2011,experimental,5.0,0.1,0.4735,35.42,McCleskey2011 Table 3 single electrolyte,,False,
NH4Cl,McCleskey2011,experimental,10.0,0.1,0.4735,40.27,McCleskey2011 Table 3 single electrolyte,,False,
NH4Cl,McCleskey2011,experimental,25.0,0.1,0.4735,55.25,McCleskey2011 Table 3 single electrolyte,,False,
NH4Cl,McCleskey2011,experimental,35.0,0.1,0.4735,65.77,McCleskey2011 Table 3 single electrolyte,,False,
NH4Cl,McCleskey2011,experimental,45.0,0.1,0.4735,76.91,McCleskey2011 Table 3 single electrolyte,,False,
NH4Cl,McCleskey2011,experimental,70.0,0.1,0.4735,107.5,McCleskey2011 Table 3 single electrolyte,,False,
NH4Cl,McCleskey2011,experimental,90.0,0.1,0.4735,132.6,McCleskey2011 Table 3 single electrolyte,,False,
NH4Cl,McCleskey2011,experimental,5.0,0.1,1.034,73.01,McCleskey2011 Table 3 single electrolyte,,False,
NH4Cl,McCleskey2011,experimental,10.0,0.1,1.034,82.93,McCleskey2011 Table 3 single electrolyte,,False,
NH4Cl,McCleskey2011,experimental,25.0,0.1,1.034,111.2,McCleskey2011 Table 3 single electrolyte,,False,
NH4Cl,McCleskey2011,experimental,35.0,0.1,1.034,131.3,McCleskey2011 Table 3 single electrolyte,,False,
NH4Cl,McCleskey2011,experimental,45.0,0.1,1.034,153.6,McCleskey2011 Table 3 single electrolyte,,False,
NH4Cl,McCleskey2011,experimental,70.0,0.1,1.034,215.5,McCleskey2011 Table 3 single electrolyte,,False,
NH4Cl,McCleskey2011,experimental,90.0,0.1,1.034,253.5,McCleskey2011 Table 3 single electrolyte,,False,
CaCl2,McCleskey2011,experimental,5.0,0.1,7.6e-05,0.01256,McCleskey2011 Table 3 single electrolyte,,False,
CaCl2,McCleskey2011,experimental,10.0,0.1,7.6e-05,0.01432,McCleskey2011 Table 3 single electrolyte,,False,
CaCl2,McCleskey2011,experimental,25.0,0.1,7.6e-05,0.01998,McCleskey2011 Table 3 single electrolyte,,False,
CaCl2,McCleskey2011,experimental,35.0,0.1,7.6e-05,0.02384,McCleskey2011 Table 3 single electrolyte,,False,
CaCl2,McCleskey2011,experimental,45.0,0.1,7.6e-05,0.02814,McCleskey2011 Table 3 single electrolyte,,False,
CaCl2,McCleskey2011,experimental,70.0,0.1,7.6e-05,0.04073,McCleskey2011 Table 3 single electrolyte,,False,
CaCl2,McCleskey2011,experimental,90.0,0.1,7.6e-05,0.0517,McCleskey2011 Table 3 single electrolyte,,False,
CaCl2,McCleskey2011,experimental,5.0,0.1,0.000755,0.1195,McCleskey2011 Table 3 single electrolyte,,False,
CaCl2,McCleskey2011,experimental,10.0,0.1,0.000755,0.1369,McCleskey2011 Table 3 single electrolyte,,False,
CaCl2,McCleskey2011,experimental,25.0,0.1,0.000755,0.1945,McCleskey2011 Table 3 single electrolyte,,False,
CaCl2,McCleskey2011,experimental,35.0,0.1,0.000755,0.2351,McCleskey2011 Table 3 single electrolyte,,False,
CaCl2,McCleskey2011,experimental,45.0,0.1,0.000755,0.2784,McCleskey2011 Table 3 single electrolyte,,False,
CaCl2,McCleskey2011,experimental,70.0,0.1,0.000755,0.3992,McCleskey2011 Table 3 single electrolyte,,False,
CaCl2,McCleskey2011,experimental,90.0,0.1,0.000755,0.5001,McCleskey2011 Table 3 single electrolyte,,False,
CaCl2,McCleskey2011,experimental,5.0,0.1,0.00755,1.103,McCleskey2011 Table 3 single electrolyte,,False,
CaCl2,McCleskey2011,experimental,10.0,0.1,0.00755,1.263,McCleskey2011 Table 3 single electrolyte,,False,
CaCl2,McCleskey2011,experimental,25.0,0.1,0.00755,1.792,McCleskey2011 Table 3 single electrolyte,,False,
CaCl2,McCleskey2011,experimental,35.0,0.1,0.00755,2.16,McCleskey2011 Table 3 single electrolyte,,False,
CaCl2,McCleskey2011,experimental,45.0,0.1,0.00755,2.547,McCleskey2011 Table 3 single electrolyte,,False,
CaCl2,McCleskey2011,experimental,70.0,0.1,0.00755,3.636,McCleskey2011 Table 3 single electrolyte,,False,
CaCl2,McCleskey2011,experimental,90.0,0.1,0.00755,4.547,McCleskey2011 Table 3 single electrolyte,,False,
CaCl2,McCleskey2011,experimental,5.0,0.1,0.0755,9.331,McCleskey2011 Table 3 single electrolyte,,False,
CaCl2,McCleskey2011,experimental,10.0,0.1,0.0755,10.62,McCleskey2011 Table 3 single electrolyte,,False,
CaCl2,McCleskey2011,experimental,25.0,0.1,0.0755,14.96,McCleskey2011 Table 3 single electrolyte,,False,
CaCl2,McCleskey2011,experimental,35.0,0.1,0.0755,17.93,McCleskey2011 Table 3 single electrolyte,,False,
CaCl2,McCleskey2011,experimental,45.0,0.1,0.0755,21.1,McCleskey2011 Table 3 single electrolyte,,False,
CaCl2,McCleskey2011,experimental,70.0,0.1,0.0755,29.82,McCleskey2011 Table 3 single electrolyte,,False,
CaCl2,McCleskey2011,experimental,90.0,0.1,0.0755,36.94,McCleskey2011 Table 3 single electrolyte,,False,
CaCl2,McCleskey2011,experimental,5.0,0.1,0.3773,41.79,McCleskey2011 Table 3 single electrolyte,,False,
CaCl2,McCleskey2011,experimental,10.0,0.1,0.3773,47.3,McCleskey2011 Table 3 single electrolyte,,False,
CaCl2,McCleskey2011,experimental,25.0,0.1,0.3773,65.31,McCleskey2011 Table 3 single electrolyte,,False,
CaCl2,McCleskey2011,experimental,35.0,0.1,0.3773,77.92,McCleskey2011 Table 3 single electrolyte,,False,
CaCl2,McCleskey2011,experimental,45.0,0.1,0.3773,90.92,McCleskey2011 Table 3 single electrolyte,,False,
CaCl2,McCleskey2011,experimental,70.0,0.1,0.3773,126.6,McCleskey2011 Table 3 single electrolyte,,False,
CaCl2,McCleskey2011,experimental,90.0,0.1,0.3773,155.8,McCleskey2011 Table 3 single electrolyte,,False,
MgCl2,McCleskey2011,experimental,5.0,0.1,0.000119,0.01861,McCleskey2011 Table 3 single electrolyte,,False,
MgCl2,McCleskey2011,experimental,10.0,0.1,0.000119,0.02134,McCleskey2011 Table 3 single electrolyte,,False,
MgCl2,McCleskey2011,experimental,25.0,0.1,0.000119,0.02989,McCleskey2011 Table 3 single electrolyte,,False,
MgCl2,McCleskey2011,experimental,35.0,0.1,0.000119,0.03553,McCleskey2011 Table 3 single electrolyte,,False,
MgCl2,McCleskey2011,experimental,45.0,0.1,0.000119,0.04209,McCleskey2011 Table 3 single electrolyte,,False,
MgCl2,McCleskey2011,experimental,70.0,0.1,0.000119,0.06086,McCleskey2011 Table 3 single electrolyte,,False,
MgCl2,McCleskey2011,experimental,90.0,0.1,0.000119,0.0764,McCleskey2011 Table 3 single electrolyte,,False,
MgCl2,McCleskey2011,experimental,5.0,0.1,0.000984,0.1481,McCleskey2011 Table 3 single electrolyte,,False,
MgCl2,McCleskey2011,experimental,10.0,0.1,0.000984,0.17,McCleskey2011 Table 3 single electrolyte,,False,
MgCl2,McCleskey2011,experimental,25.0,0.1,0.000984,0.2432,McCleskey2011 Table 3 single electrolyte,,False,
MgCl2,McCleskey2011,experimental,35.0,0.1,0.000984,0.2937,McCleskey2011 Table 3 single electrolyte,,False,
MgCl2,McCleskey2011,experimental,45.0,0.1,0.000984,0.3478,McCleskey2011 Table 3 single electrolyte,,False,
MgCl2,McCleskey2011,experimental,70.0,0.1,0.000984,0.501,McCleskey2011 Table 3 single electrolyte,,False,
MgCl2,McCleskey2011,experimental,90.0,0.1,0.000984,0.6265,McCleskey2011 Table 3 single electrolyte,,False,
MgCl2,McCleskey2011,experimental,5.0,0.1,0.01137,1.537,McCleskey2011 Table 3 single electrolyte,,False,
MgCl2,McCleskey2011,experimental,10.0,0.1,0.01137,1.76,McCleskey2011 Table 3 single electrolyte,,False,
MgCl2,McCleskey2011,experimental,25.0,0.1,0.01137,2.503,McCleskey2011 Table 3 single electrolyte,,False,
MgCl2,McCleskey2011,experimental,35.0,0.1,0.01137,3.02,McCleskey2011 Table 3 single electrolyte,,False,
MgCl2,McCleskey2011,experimental,45.0,0.1,0.01137,3.534,McCleskey2011 Table 3 single electrolyte,,False,
MgCl2,McCleskey2011,experimental,70.0,0.1,0.01137,5.068,McCleskey2011 Table 3 single electrolyte,,False,
MgCl2,McCleskey2011,experimental,90.0,0.1,0.01137,6.347,McCleskey2011 Table 3 single electrolyte,,False,
MgCl2,McCleskey2011,experimental,5.0,0.1,0.09942,11.0,McCleskey2011 Table 3 single electrolyte,,False,
MgCl2,McCleskey2011,experimental,10.0,0.1,0.09942,12.56,McCleskey2011 Table 3 single electrolyte,,False,
MgCl2,McCleskey2011,experimental,25.0,0.1,0.09942,17.72,McCleskey2011 Table 3 single electrolyte,,False,
MgCl2,McCleskey2011,experimental,35.0,0.1,0.09942,21.37,McCleskey2011 Table 3 single electrolyte,,False,
MgCl2,McCleskey2011,experimental,45.0,0.1,0.09942,25.15,McCleskey2011 Table 3 single electrolyte,,False,
MgCl2,McCleskey2011,experimental,70.0,0.1,0.09942,35.75,McCleskey2011 Table 3 single electrolyte,,False,
MgCl2,McCleskey2011,experimental,90.0,0.1,0.09942,44.24,McCleskey2011 Table 3 single electrolyte,,False,
MgCl2,McCleskey2011,experimental,5.0,0.1,0.3609,34.49,McCleskey2011 Table 3 single electrolyte,,False,
MgCl2,McCleskey2011,experimental,10.0,0.1,0.3609,39.27,McCleskey2011 Table 3 single electrolyte,,False,
MgCl2,McCleskey2011,experimental,25.0,0.1,0.3609,54.91,McCleskey2011 Table 3 single electrolyte,,False,
MgCl2,McCleskey2011,experimental,35.0,0.1,0.3609,66.06,McCleskey2011 Table 3 single electrolyte,,False,
MgCl2,McCleskey2011,experimental,45.0,0.1,0.3609,77.53,McCleskey2011 Table 3 single electrolyte,,False,
MgCl2,McCleskey2011,experimental,70.0,0.1,0.3609,109.4,McCleskey2011 Table 3 single electrolyte,,False,
MgCl2,McCleskey2011,experimental,90.0,0.1,0.3609,136.0,McCleskey2011 Table 3 single electrolyte,,False,
BaCl2,McCleskey2011,experimental,5.0,0.1,9.2e-05,0.01632,McCleskey2011 Table 3 single electrolyte,,False,
BaCl2,McCleskey2011,experimental,10.0,0.1,9.2e-05,0.0188,McCleskey2011 Table 3 single electrolyte,,False,
BaCl2,McCleskey2011,experimental,25.0,0.1,9.2e-05,0.02597,McCleskey2011 Table 3 single electrolyte,,False,
BaCl2,McCleskey2011,experimental,35.0,0.1,9.2e-05,0.03085,McCleskey2011 Table 3 single electrolyte,,False,
BaCl2,McCleskey2011,experimental,45.0,0.1,9.2e-05,0.03626,McCleskey2011 Table 3 single electrolyte,,False,
BaCl2,McCleskey2011,experimental,70.0,0.1,9.2e-05,0.05187,McCleskey2011 Table 3 single electrolyte,,False,
BaCl2,McCleskey2011,experimental,90.0,0.1,9.2e-05,0.06436,McCleskey2011 Table 3 single electrolyte,,False,
BaCl2,McCleskey2011,experimental,5.0,0.1,0.0011,0.1799,McCleskey2011 Table 3 single electrolyte,,False,
BaCl2,McCleskey2011,experimental,10.0,0.1,0.0011,0.206,McCleskey2011 Table 3 single electrolyte,,False,
BaCl2,McCleskey2011,experimental,25.0,0.1,0.0011,0.2897,McCleskey2011 Table 3 single electrolyte,,False,
BaCl2,McCleskey2011,experimental,35.0,0.1,0.0011,0.3508,McCleskey2011 Table 3 single electrolyte,,False,
BaCl2,McCleskey2011,experimental,45.0,0.1,0.0011,0.4141,McCleskey2011 Table 3 single electrolyte,,False,
BaCl2,McCleskey2011,experimental,70.0,0.1,0.0011,0.5911,McCleskey2011 Table 3 single electrolyte,,False,
BaCl2,McCleskey2011,experimental,90.0,0.1,0.0011,0.7372,McCleskey2011 Table 3 single electrolyte,,False,
BaCl2,McCleskey2011,experimental,5.0,0.1,0.00896,1.386,McCleskey2011 Table 3 single electrolyte,,False,
BaCl2,McCleskey2011,experimental,10.0,0.1,0.00896,1.585,McCleskey2011 Table 3 single electrolyte,,False,
BaCl2,McCleskey2011,experimental,25.0,0.1,0.00896,2.229,McCleskey2011 Table 3 single electrolyte,,False,
BaCl2,McCleskey2011,experimental,35.0,0.1,0.00896,2.681,McCleskey2011 Table 3 single electrolyte,,False,
BaCl2,McCleskey2011,experimental,45.0,0.1,0.00896,3.161,McCleskey2011 Table 3 single electrolyte,,False,
BaCl2,McCleskey2011,experimental,70.0,0.1,0.00896,4.493,McCleskey2011 Table 3 single electrolyte,,False,
BaCl2,McCleskey2011,experimental,90.0,0.1,0.00896,5.593,McCleskey2011 Table 3 single electrolyte,,False,
BaCl2,McCleskey2011,experimental,5.0,0.1,0.1029,13.66,McCleskey2011 Table 3 single electrolyte,,False,
BaCl2,McCleskey2011,experimental,10.0,0.1,0.1029,15.53,McCleskey2011 Table 3 single electrolyte,,False,
BaCl2,McCleskey2011,experimental,25.0,0.1,0.1029,21.67,McCleskey2011 Table 3 single electrolyte,,False,
BaCl2,McCleskey2011,experimental,35.0,0.1,0.1029,25.88,McCleskey2011 Table 3 single electrolyte,,False,
BaCl2,McCleskey2011,experimental,45.0,0.1,0.1029,30.34,McCleskey2011 Table 3 single electrolyte,,False,
BaCl2,McCleskey2011,experimental,70.0,0.1,0.1029,42.47,McCleskey2011 Table 3 single electrolyte,,False,
BaCl2,McCleskey2011,experimental,90.0,0.1,0.1029,48.14,McCleskey2011 Table 3 single electrolyte,,False,
BaCl2,McCleskey2011,experimental,5.0,0.1,0.31,36.57,McCleskey2011 Table 3 single electrolyte,,False,
BaCl2,McCleskey2011,experimental,10.0,0.1,0.31,41.27,McCleskey2011 Table 3 single electrolyte,,False,
BaCl2,McCleskey2011,experimental,25.0,0.1,0.31,55.89,McCleskey2011 Table 3 single electrolyte,,False,
BaCl2,McCleskey2011,experimental,35.0,0.1,0.31,67.94,McCleskey2011 Table 3 single electrolyte,,False,
BaCl2,McCleskey2011,experimental,45.0,0.1,0.31,78.59,McCleskey2011 Table 3 single electrolyte,,False,
BaCl2,McCleskey2011,experimental,70.0,0.1,0.31,103.2,McCleskey2011 Table 3 single electrolyte,,False,
BaCl2,McCleskey2011,experimental,90.0,0.1,0.31,125.1,McCleskey2011 Table 3 single electrolyte,,False,
SrCl2,McCleskey2011,experimental,5.0,0.1,0.000125,0.02084,McCleskey2011 Table 3 single electrolyte,,False,
SrCl2,McCleskey2011,experimental,10.0,0.1,0.000125,0.02384,McCleskey2011 Table 3 single electrolyte,,False,
SrCl2,McCleskey2011,experimental,25.0,0.1,0.000125,0.03331,McCleskey2011 Table 3 single electrolyte,,False,
SrCl2,McCleskey2011,experimental,35.0,0.1,0.000125,0.03972,McCleskey2011 Table 3 single electrolyte,,False,
SrCl2,McCleskey2011,experimental,45.0,0.1,0.000125,0.04689,McCleskey2011 Table 3 single electrolyte,,False,
SrCl2,McCleskey2011,experimental,70.0,0.1,0.000125,0.0678,McCleskey2011 Table 3 single electrolyte,,False,
SrCl2,McCleskey2011,experimental,90.0,0.1,0.000125,0.08422,McCleskey2011 Table 3 single electrolyte,,False,
SrCl2,McCleskey2011,experimental,5.0,0.1,0.00141,0.2222,McCleskey2011 Table 3 single electrolyte,,False,
SrCl2,McCleskey2011,experimental,10.0,0.1,0.00141,0.2538,McCleskey2011 Table 3 single electrolyte,,False,
SrCl2,McCleskey2011,experimental,25.0,0.1,0.00141,0.3603,McCleskey2011 Table 3 single electrolyte,,False,
SrCl2,McCleskey2011,experimental,35.0,0.1,0.00141,0.4353,McCleskey2011 Table 3 single electrolyte,,False,
SrCl2,McCleskey2011,experimental,45.0,0.1,0.00141,0.5151,McCleskey2011 Table 3 single electrolyte,,False,
SrCl2,McCleskey2011,experimental,70.0,0.1,0.00141,0.7369,McCleskey2011 Table 3 single electrolyte,,False,
SrCl2,McCleskey2011,experimental,90.0,0.1,0.00141,0.9235,McCleskey2011 Table 3 single electrolyte,,False,
SrCl2,McCleskey2011,experimental,5.0,0.1,0.012,1.807,McCleskey2011 Table 3 single electrolyte,,False,
SrCl2,McCleskey2011,experimental,10.0,0.1,0.012,2.072,McCleskey2011 Table 3 single electrolyte,,False,
SrCl2,McCleskey2011,experimental,25.0,0.1,0.012,2.926,McCleskey2011 Table 3 single electrolyte,,False,
SrCl2,McCleskey2011,experimental,35.0,0.1,0.012,3.531,McCleskey2011 Table 3 single electrolyte,,False,
SrCl2,McCleskey2011,experimental,45.0,0.1,0.012,4.164,McCleskey2011 Table 3 single electrolyte,,False,
SrCl2,McCleskey2011,experimental,70.0,0.1,0.012,5.927,McCleskey2011 Table 3 single electrolyte,,False,
SrCl2,McCleskey2011,experimental,90.0,0.1,0.012,7.383,McCleskey2011 Table 3 single electrolyte,,False,
SrCl2,McCleskey2011,experimental,5.0,0.1,0.1313,16.63,McCleskey2011 Table 3 single electrolyte,,False,
SrCl2,McCleskey2011,experimental,10.0,0.1,0.1313,18.92,McCleskey2011 Table 3 single electrolyte,,False,
SrCl2,McCleskey2011,experimental,25.0,0.1,0.1313,26.46,McCleskey2011 Table 3 single electrolyte,,False,
SrCl2,McCleskey2011,experimental,35.0,0.1,0.1313,31.74,McCleskey2011 Table 3 single electrolyte,,False,
SrCl2,McCleskey2011,experimental,45.0,0.1,0.1313,37.19,McCleskey2011 Table 3 single electrolyte,,False,
SrCl2,McCleskey2011,experimental,70.0,0.1,0.1313,52.29,McCleskey2011 Table 3 single electrolyte,,False,
SrCl2,McCleskey2011,experimental,90.0,0.1,0.1313,61.84,McCleskey2011 Table 3 single electrolyte,,False,
SrCl2,McCleskey2011,experimental,5.0,0.1,0.3891,41.94,McCleskey2011 Table 3 single electrolyte,,False,
SrCl2,McCleskey2011,experimental,10.0,0.1,0.3891,47.51,McCleskey2011 Table 3 single electrolyte,,False,
SrCl2,McCleskey2011,experimental,25.0,0.1,0.3891,64.57,McCleskey2011 Table 3 single electrolyte,,False,
SrCl2,McCleskey2011,experimental,35.0,0.1,0.3891,77.97,McCleskey2011 Table 3 single electrolyte,,False,
SrCl2,McCleskey2011,experimental,45.0,0.1,0.3891,90.74,McCleskey2011 Table 3 single electrolyte,,False,
SrCl2,McCleskey2011,experimental,70.0,0.1,0.3891,125.1,McCleskey2011 Table 3 single electrolyte,,False,
SrCl2,McCleskey2011,experimental,90.0,0.1,0.3891,153.8,McCleskey2011 Table 3 single electrolyte,,False,
Na2SO4,McCleskey2011,experimental,5.0,0.1,0.0001,0.01565,McCleskey2011 Table 3 single electrolyte,,False,
Na2SO4,McCleskey2011,experimental,10.0,0.1,0.0001,0.01807,McCleskey2011 Table 3 single electrolyte,,False,
Na2SO4,McCleskey2011,experimental,25.0,0.1,0.0001,0.02576,McCleskey2011 Table 3 single electrolyte,,False,
Na2SO4,McCleskey2011,experimental,35.0,0.1,0.0001,0.03181,McCleskey2011 Table 3 single electrolyte,,False,
Na2SO4,McCleskey2011,experimental,45.0,0.1,0.0001,0.03786,McCleskey2011 Table 3 single electrolyte,,False,
Na2SO4,McCleskey2011,experimental,70.0,0.1,0.0001,0.05401,McCleskey2011 Table 3 single electrolyte,,False,
Na2SO4,McCleskey2011,experimental,90.0,0.1,0.0001,0.06763,McCleskey2011 Table 3 single electrolyte,,False,
Na2SO4,McCleskey2011,experimental,5.0,0.1,0.001,0.1463,McCleskey2011 Table 3 single electrolyte,,False,
Na2SO4,McCleskey2011,experimental,10.0,0.1,0.001,0.168,McCleskey2011 Table 3 single electrolyte,,False,
Na2SO4,McCleskey2011,experimental,25.0,0.1,0.001,0.2415,McCleskey2011 Table 3 single electrolyte,,False,
Na2SO4,McCleskey2011,experimental,35.0,0.1,0.001,0.292,McCleskey2011 Table 3 single electrolyte,,False,
Na2SO4,McCleskey2011,experimental,45.0,0.1,0.001,0.3475,McCleskey2011 Table 3 single electrolyte,,False,
Na2SO4,McCleskey2011,experimental,70.0,0.1,0.001,0.5015,McCleskey2011 Table 3 single electrolyte,,False,
Na2SO4,McCleskey2011,experimental,90.0,0.1,0.001,0.633,McCleskey2011 Table 3 single electrolyte,,False,
Na2SO4,McCleskey2011,experimental,5.0,0.1,0.01,1.296,McCleskey2011 Table 3 single electrolyte,,False,
Na2SO4,McCleskey2011,experimental,10.0,0.1,0.01,1.488,McCleskey2011 Table 3 single electrolyte,,False,
Na2SO4,McCleskey2011,experimental,25.0,0.1,0.01,2.128,McCleskey2011 Table 3 single electrolyte,,False,
Na2SO4,McCleskey2011,experimental,35.0,0.1,0.01,2.575,McCleskey2011 Table 3 single electrolyte,,False,
Na2SO4,McCleskey2011,experimental,45.0,0.1,0.01,3.049,McCleskey2011 Table 3 single electrolyte,,False,
Na2SO4,McCleskey2011,experimental,70.0,0.1,0.01,4.381,McCleskey2011 Table 3 single electrolyte,,False,
Na2SO4,McCleskey2011,experimental,90.0,0.1,0.01,5.474,McCleskey2011 Table 3 single electrolyte,,False,
Na2SO4,McCleskey2011,experimental,5.0,0.1,0.1001,10.0,McCleskey2011 Table 3 single electrolyte,,False,
Na2SO4,McCleskey2011,experimental,10.0,0.1,0.1001,11.48,McCleskey2011 Table 3 single electrolyte,,False,
Na2SO4,McCleskey2011,experimental,25.0,0.1,0.1001,16.39,McCleskey2011 Table 3 single electrolyte,,False,
Na2SO4,McCleskey2011,experimental,35.0,0.1,0.1001,19.86,McCleskey2011 Table 3 single electrolyte,,False,
Na2SO4,McCleskey2011,experimental,45.0,0.1,0.1001,23.47,McCleskey2011 Table 3 single electrolyte,,False,
Na2SO4,McCleskey2011,experimental,70.0,0.1,0.1001,33.47,McCleskey2011 Table 3 single electrolyte,,False,
Na2SO4,McCleskey2011,experimental,90.0,0.1,0.1001,41.7,McCleskey2011 Table 3 single electrolyte,,False,
Na2SO4,McCleskey2011,experimental,5.0,0.1,0.1989,17.56,McCleskey2011 Table 3 single electrolyte,,False,
Na2SO4,McCleskey2011,experimental,10.0,0.1,0.1989,20.22,McCleskey2011 Table 3 single electrolyte,,False,
Na2SO4,McCleskey2011,experimental,25.0,0.1,0.1989,28.82,McCleskey2011 Table 3 single electrolyte,,False,
Na2SO4,McCleskey2011,experimental,35.0,0.1,0.1989,35.08,McCleskey2011 Table 3 single electrolyte,,False,
Na2SO4,McCleskey2011,experimental,45.0,0.1,0.1989,41.53,McCleskey2011 Table 3 single electrolyte,,False,
Na2SO4,McCleskey2011,experimental,70.0,0.1,0.1989,59.46,McCleskey2011 Table 3 single electrolyte,,False,
Na2SO4,McCleskey2011,experimental,90.0,0.1,0.1989,74.3,McCleskey2011 Table 3 single electrolyte,,False,
Na2SO4,McCleskey2011,experimental,5.0,0.1,0.4999,33.83,McCleskey2011 Table 3 single electrolyte,,False,
Na2SO4,McCleskey2011,experimental,10.0,0.1,0.4999,38.54,McCleskey2011 Table 3 single electrolyte,,False,
Na2SO4,McCleskey2011,experimental,25.0,0.1,0.4999,54.7,McCleskey2011 Table 3 single electrolyte,,False,
Na2SO4,McCleskey2011,experimental,35.0,0.1,0.4999,67.08,McCleskey2011 Table 3 single electrolyte,,False,
Na2SO4,McCleskey2011,experimental,45.0,0.1,0.4999,79.54,McCleskey2011 Table 3 single electrolyte,,False,
Na2SO4,McCleskey2011,experimental,70.0,0.1,0.4999,113.9,McCleskey2011 Table 3 single electrolyte,,False,
Na2SO4,McCleskey2011,experimental,90.0,0.1,0.4999,137.0,McCleskey2011 Table 3 single electrolyte,,False,
K2SO4,McCleskey2011,experimental,5.0,0.1,0.000102,0.01969,McCleskey2011 Table 3 single electrolyte,,False,
K2SO4,McCleskey2011,experimental,10.0,0.1,0.000102,0.02257,McCleskey2011 Table 3 single electrolyte,,False,
K2SO4,McCleskey2011,experimental,25.0,0.1,0.000102,0.03175,McCleskey2011 Table 3 single electrolyte,,False,
K2SO4,McCleskey2011,experimental,35.0,0.1,0.000102,0.03884,McCleskey2011 Table 3 single electrolyte,,False,
K2SO4,McCleskey2011,experimental,45.0,0.1,0.000102,0.04575,McCleskey2011 Table 3 single electrolyte,,False,
K2SO4,McCleskey2011,experimental,70.0,0.1,0.000102,0.06401,McCleskey2011 Table 3 single electrolyte,,False,
K2SO4,McCleskey2011,experimental,90.0,0.1,0.000102,0.08,McCleskey2011 Table 3 single electrolyte,,False,
K2SO4,McCleskey2011,experimental,5.0,0.1,0.00105,0.1881,McCleskey2011 Table 3 single electrolyte,,False,
K2SO4,McCleskey2011,experimental,10.0,0.1,0.00105,0.2141,McCleskey2011 Table 3 single electrolyte,,False,
K2SO4,McCleskey2011,experimental,25.0,0.1,0.00105,0.3006,McCleskey2011 Table 3 single electrolyte,,False,
K2SO4,McCleskey2011,experimental,35.0,0.1,0.00105,0.3611,McCleskey2011 Table 3 single electrolyte,,False,
K2SO4,McCleskey2011,experimental,45.0,0.1,0.00105,0.4268,McCleskey2011 Table 3 single electrolyte,,False,
K2SO4,McCleskey2011,experimental,70.0,0.1,0.00105,0.6018,McCleskey2011 Table 3 single electrolyte,,False,
K2SO4,McCleskey2011,experimental,90.0,0.1,0.00105,0.7466,McCleskey2011 Table 3 single electrolyte,,False,
K2SO4,McCleskey2011,experimental,5.0,0.1,0.01061,1.685,McCleskey2011 Table 3 single electrolyte,,False,
K2SO4,McCleskey2011,experimental,10.0,0.1,0.01061,1.919,McCleskey2011 Table 3 single electrolyte,,False,
K2SO4,McCleskey2011,experimental,25.0,0.1,0.01061,2.675,McCleskey2011 Table 3 single electrolyte,,False,
K2SO4,McCleskey2011,experimental,35.0,0.1,0.01061,3.216,McCleskey2011 Table 3 single electrolyte,,False,
K2SO4,McCleskey2011,experimental,45.0,0.1,0.01061,3.765,McCleskey2011 Table 3 single electrolyte,,False,
K2SO4,McCleskey2011,experimental,70.0,0.1,0.01061,5.269,McCleskey2011 Table 3 single electrolyte,,False,
K2SO4,McCleskey2011,experimental,90.0,0.1,0.01061,6.441,McCleskey2011 Table 3 single electrolyte,,False,
K2SO4,McCleskey2011,experimental,5.0,0.1,0.1048,13.41,McCleskey2011 Table 3 single electrolyte,,False,
K2SO4,McCleskey2011,experimental,10.0,0.1,0.1048,15.23,McCleskey2011 Table 3 single electrolyte,,False,
K2SO4,McCleskey2011,experimental,25.0,0.1,0.1048,21.1,McCleskey2011 Table 3 single electrolyte,,False,
K2SO4,McCleskey2011,experimental,35.0,0.1,0.1048,25.16,McCleskey2011 Table 3 single electrolyte,,False,
K2SO4,McCleskey2011,experimental,45.0,0.1,0.1048,29.4,McCleskey2011 Table 3 single electrolyte,,False,
K2SO4,McCleskey2011,experimental,70.0,0.1,0.1048,40.64,McCleskey2011 Table 3 single electrolyte,,False,
K2SO4,McCleskey2011,experimental,90.0,0.1,0.1048,49.57,McCleskey2011 Table 3 single electrolyte,,False,
K2SO4,McCleskey2011,experimental,5.0,0.1,0.2029,23.62,McCleskey2011 Table 3 single electrolyte,,False,
K2SO4,McCleskey2011,experimental,10.0,0.1,0.2029,26.72,McCleskey2011 Table 3 single electrolyte,,False,
K2SO4,McCleskey2011,experimental,25.0,0.1,0.2029,37.05,McCleskey2011 Table 3 single electrolyte,,False,
K2SO4,McCleskey2011,experimental,35.0,0.1,0.2029,44.09,McCleskey2011 Table 3 single electrolyte,,False,
K2SO4,McCleskey2011,experimental,45.0,0.1,0.2029,51.38,McCleskey2011 Table 3 single electrolyte,,False,
K2SO4,McCleskey2011,experimental,70.0,0.1,0.2029,70.99,McCleskey2011 Table 3 single electrolyte,,False,
K2SO4,McCleskey2011,experimental,90.0,0.1,0.2029,87.22,McCleskey2011 Table 3 single electrolyte,,False,
K2SO4,McCleskey2011,experimental,5.0,0.1,0.4783,51.51,McCleskey2011 Table 3 single electrolyte,,False,
K2SO4,McCleskey2011,experimental,10.0,0.1,0.4783,57.8,McCleskey2011 Table 3 single electrolyte,,False,
K2SO4,McCleskey2011,experimental,25.0,0.1,0.4783,78.01,McCleskey2011 Table 3 single electrolyte,,False,
K2SO4,McCleskey2011,experimental,35.0,0.1,0.4783,92.98,McCleskey2011 Table 3 single electrolyte,,False,
K2SO4,McCleskey2011,experimental,45.0,0.1,0.4783,108.0,McCleskey2011 Table 3 single electrolyte,,False,
K2SO4,McCleskey2011,experimental,70.0,0.1,0.4783,149.1,McCleskey2011 Table 3 single electrolyte,,False,
K2SO4,McCleskey2011,experimental,90.0,0.1,0.4783,179.7,McCleskey2011 Table 3 single electrolyte,,False,
CaSO4,McCleskey2011,experimental,5.0,0.1,7.6e-05,0.0123,McCleskey2011 Table 3 single electrolyte,,False,
CaSO4,McCleskey2011,experimental,10.0,0.1,7.6e-05,0.01409,McCleskey2011 Table 3 single electrolyte,,False,
CaSO4,McCleskey2011,experimental,25.0,0.1,7.6e-05,0.01963,McCleskey2011 Table 3 single electrolyte,,False,
CaSO4,McCleskey2011,experimental,35.0,0.1,7.6e-05,0.02529,McCleskey2011 Table 3 single electrolyte,,False,
CaSO4,McCleskey2011,experimental,45.0,0.1,7.6e-05,0.03011,McCleskey2011 Table 3 single electrolyte,,False,
CaSO4,McCleskey2011,experimental,70.0,0.1,7.6e-05,0.04223,McCleskey2011 Table 3 single electrolyte,,False,
CaSO4,McCleskey2011,experimental,90.0,0.1,7.6e-05,0.05363,McCleskey2011 Table 3 single electrolyte,,False,
CaSO4,McCleskey2011,experimental,5.0,0.1,0.00102,0.1397,McCleskey2011 Table 3 single electrolyte,,False,
CaSO4,McCleskey2011,experimental,10.0,0.1,0.00102,0.1601,McCleskey2011 Table 3 single electrolyte,,False,
CaSO4,McCleskey2011,experimental,25.0,0.1,0.00102,0.2275,McCleskey2011 Table 3 single electrolyte,,False,
CaSO4,McCleskey2011,experimental,35.0,0.1,0.00102,0.2808,McCleskey2011 Table 3 single electrolyte,,False,
CaSO4,McCleskey2011,experimental,45.0,0.1,0.00102,0.325,McCleskey2011 Table 3 single electrolyte,,False,
CaSO4,McCleskey2011,experimental,70.0,0.1,0.00102,0.4537,McCleskey2011 Table 3 single electrolyte,,False,
CaSO4,McCleskey2011,experimental,90.0,0.1,0.00102,0.5546,McCleskey2011 Table 3 single electrolyte,,False,
CaSO4,McCleskey2011,experimental,5.0,0.1,0.01245,1.154,McCleskey2011 Table 3 single electrolyte,,False,
CaSO4,McCleskey2011,experimental,10.0,0.1,0.01245,1.331,McCleskey2011 Table 3 single electrolyte,,False,
CaSO4,McCleskey2011,experimental,25.0,0.1,0.01245,1.85,McCleskey2011 Table 3 single electrolyte,,False,
CaSO4,McCleskey2011,experimental,35.0,0.1,0.01245,2.255,McCleskey2011 Table 3 single electrolyte,,False,
CaSO4,McCleskey2011,experimental,45.0,0.1,0.01245,2.573,McCleskey2011 Table 3 single electrolyte,,False,
CaSO4,McCleskey2011,experimental,70.0,0.1,0.01245,3.419,McCleskey2011 Table 3 single electrolyte,,False,
CaSO4,McCleskey2011,experimental,90.0,0.1,0.01245,3.973,McCleskey2011 Table 3 single electrolyte,,False,
H2SO4,McCleskey2011,experimental,5.0,0.1,9.4e-05,0.05493,McCleskey2011 Table 3 single electrolyte,,False,
H2SO4,McCleskey2011,experimental,10.0,0.1,9.4e-05,0.06105,McCleskey2011 Table 3 single electrolyte,,False,
H2SO4,McCleskey2011,experimental,25.0,0.1,9.4e-05,0.07827,McCleskey2011 Table 3 single electrolyte,,False,
H2SO4,McCleskey2011,experimental,35.0,0.1,9.4e-05,0.08931,McCleskey2011 Table 3 single electrolyte,,False,
H2SO4,McCleskey2011,experimental,45.0,0.1,9.4e-05,0.09949,McCleskey2011 Table 3 single electrolyte,,False,
H2SO4,McCleskey2011,experimental,70.0,0.1,9.4e-05,0.1221,McCleskey2011 Table 3 single electrolyte,,False,
H2SO4,McCleskey2011,experimental,90.0,0.1,9.4e-05,0.1367,McCleskey2011 Table 3 single electrolyte,,False,
H2SO4,McCleskey2011,experimental,5.0,0.1,0.000936,0.5201,McCleskey2011 Table 3 single electrolyte,,False,
H2SO4,McCleskey2011,experimental,10.0,0.1,0.000936,0.5749,McCleskey2011 Table 3 single electrolyte,,False,
H2SO4,McCleskey2011,experimental,25.0,0.1,0.000936,0.7292,McCleskey2011 Table 3 single electrolyte,,False,
H2SO4,McCleskey2011,experimental,35.0,0.1,0.000936,0.8174,McCleskey2011 Table 3 single electrolyte,,False,
H2SO4,McCleskey2011,experimental,45.0,0.1,0.000936,0.9001,McCleskey2011 Table 3 single electrolyte,,False,
H2SO4,McCleskey2011,experimental,70.0,0.1,0.000936,1.026,McCleskey2011 Table 3 single electrolyte,,False,
H2SO4,McCleskey2011,experimental,90.0,0.1,0.000936,1.058,McCleskey2011 Table 3 single electrolyte,,False,
H2SO4,McCleskey2011,experimental,5.0,0.1,0.00944,4.321,McCleskey2011 Table 3 single electrolyte,,False,
H2SO4,McCleskey2011,experimental,10.0,0.1,0.00944,4.729,McCleskey2011 Table 3 single electrolyte,,False,
H2SO4,McCleskey2011,experimental,25.0,0.1,0.00944,5.772,McCleskey2011 Table 3 single electrolyte,,False,
H2SO4,McCleskey2011,experimental,35.0,0.1,0.00944,6.319,McCleskey2011 Table 3 single electrolyte,,False,
H2SO4,McCleskey2011,experimental,45.0,0.1,0.00944,6.759,McCleskey2011 Table 3 single electrolyte,,False,
H2SO4,McCleskey2011,experimental,70.0,0.1,0.00944,7.372,McCleskey2011 Table 3 single electrolyte,,False,
H2SO4,McCleskey2011,experimental,90.0,0.1,0.00944,7.698,McCleskey2011 Table 3 single electrolyte,,False,
H2SO4,McCleskey2011,experimental,5.0,0.1,0.09223,31.2,McCleskey2011 Table 3 single electrolyte,,False,
H2SO4,McCleskey2011,experimental,10.0,0.1,0.09223,34.44,McCleskey2011 Table 3 single electrolyte,,False,
H2SO4,McCleskey2011,experimental,25.0,0.1,0.09223,41.3,McCleskey2011 Table 3 single electrolyte,,False,
H2SO4,McCleskey2011,experimental,35.0,0.1,0.09223,45.25,McCleskey2011 Table 3 single electrolyte,,False,
H2SO4,McCleskey2011,experimental,45.0,0.1,0.09223,48.85,McCleskey2011 Table 3 single electrolyte,,False,
H2SO4,McCleskey2011,experimental,70.0,0.1,0.09223,55.75,McCleskey2011 Table 3 single electrolyte,,False,
H2SO4,McCleskey2011,experimental,90.0,0.1,0.09223,61.59,McCleskey2011 Table 3 single electrolyte,,False,
H2SO4,McCleskey2011,experimental,5.0,0.1,0.4664,134.6,McCleskey2011 Table 3 single electrolyte,,False,
H2SO4,McCleskey2011,experimental,10.0,0.1,0.4664,145.0,McCleskey2011 Table 3 single electrolyte,,False,
H2SO4,McCleskey2011,experimental,25.0,0.1,0.4664,173.7,McCleskey2011 Table 3 single electrolyte,,False,
H2SO4,McCleskey2011,experimental,35.0,0.1,0.4664,193.4,McCleskey2011 Table 3 single electrolyte,,False,
H2SO4,McCleskey2011,experimental,45.0,0.1,0.4664,209.6,McCleskey2011 Table 3 single electrolyte,,False,
H2SO4,McCleskey2011,experimental,70.0,0.1,0.4664,256.2,McCleskey2011 Table 3 single electrolyte,,False,
H2SO4,McCleskey2011,experimental,90.0,0.1,0.4664,280.5,McCleskey2011 Table 3 single electrolyte,,False,
Cs2SO4,McCleskey2011,experimental,5.0,0.1,0.000101,0.01962,McCleskey2011 Table 3 single electrolyte,,False,
Cs2SO4,McCleskey2011,experimental,10.0,0.1,0.000101,0.02237,McCleskey2011 Table 3 single electrolyte,,False,
Cs2SO4,McCleskey2011,experimental,25.0,0.1,0.000101,0.03069,McCleskey2011 Table 3 single electrolyte,,False,
Cs2SO4,McCleskey2011,experimental,35.0,0.1,0.000101,0.03625,McCleskey2011 Table 3 single electrolyte,,False,
Cs2SO4,McCleskey2011,experimental,45.0,0.1,0.000101,0.04233,McCleskey2011 Table 3 single electrolyte,,False,
Cs2SO4,McCleskey2011,experimental,70.0,0.1,0.000101,0.06348,McCleskey2011 Table 3 single electrolyte,,False,
Cs2SO4,McCleskey2011,experimental,90.0,0.1,0.000101,0.07804,McCleskey2011 Table 3 single electrolyte,,False,
Cs2SO4,McCleskey2011,experimental,5.0,0.1,0.00105,0.1932,McCleskey2011 Table 3 single electrolyte,,False,
Cs2SO4,McCleskey2011,experimental,10.0,0.1,0.00105,0.2195,McCleskey2011 Table 3 single electrolyte,,False,
Cs2SO4,McCleskey2011,experimental,25.0,0.1,0.00105,0.306,McCleskey2011 Table 3 single electrolyte,,False,
Cs2SO4,McCleskey2011,experimental,35.0,0.1,0.00105,0.3666,McCleskey2011 Table 3 single electrolyte,,False,
Cs2SO4,McCleskey2011,experimental,45.0,0.1,0.00105,0.4304,McCleskey2011 Table 3 single electrolyte,,False,
Cs2SO4,McCleskey2011,experimental,70.0,0.1,0.00105,0.6181,McCleskey2011 Table 3 single electrolyte,,False,
Cs2SO4,McCleskey2011,experimental,90.0,0.1,0.00105,0.7641,McCleskey2011 Table 3 single electrolyte,,False,
Cs2SO4,McCleskey2011,experimental,5.0,0.1,0.01021,1.676,McCleskey2011 Table 3 single electrolyte,,False,
Cs2SO4,McCleskey2011,experimental,10.0,0.1,0.01021,1.906,McCleskey2011 Table 3 single electrolyte,,False,
Cs2SO4,McCleskey2011,experimental,25.0,0.1,0.01021,2.654,McCleskey2011 Table 3 single electrolyte,,False,
Cs2SO4,McCleskey2011,experimental,35.0,0.1,0.01021,3.173,McCleskey2011 Table 3 single electrolyte,,False,
Cs2SO4,McCleskey2011,experimental,45.0,0.1,0.01021,3.716,McCleskey2011 Table 3 single electrolyte,,False,
Cs2SO4,McCleskey2011,experimental,70.0,0.1,0.01021,5.216,McCleskey2011 Table 3 single electrolyte,,False,
Cs2SO4,McCleskey2011,experimental,90.0,0.1,0.01021,6.438,McCleskey2011 Table 3 single electrolyte,,False,
Cs2SO4,McCleskey2011,experimental,5.0,0.1,0.1047,13.58,McCleskey2011 Table 3 single electrolyte,,False,
Cs2SO4,McCleskey2011,experimental,10.0,0.1,0.1047,15.39,McCleskey2011 Table 3 single electrolyte,,False,
Cs2SO4,McCleskey2011,experimental,25.0,0.1,0.1047,21.24,McCleskey2011 Table 3 single electrolyte,,False,
Cs2SO4,McCleskey2011,experimental,35.0,0.1,0.1047,25.29,McCleskey2011 Table 3 single electrolyte,,False,
Cs2SO4,McCleskey2011,experimental,45.0,0.1,0.1047,29.58,McCleskey2011 Table 3 single electrolyte,,False,
Cs2SO4,McCleskey2011,experimental,70.0,0.1,0.1047,40.94,McCleskey2011 Table 3 single electrolyte,,False,
Cs2SO4,McCleskey2011,experimental,90.0,0.1,0.1047,50.22,McCleskey2011 Table 3 single electrolyte,,False,
Cs2SO4,McCleskey2011,experimental,5.0,0.1,0.1836,22.4,McCleskey2011 Table 3 single electrolyte,,False,
Cs2SO4,McCleskey2011,experimental,10.0,0.1,0.1836,25.28,McCleskey2011 Table 3 single electrolyte,,False,
Cs2SO4,McCleskey2011,experimental,25.0,0.1,0.1836,34.68,McCleskey2011 Table 3 single electrolyte,,False,
Cs2SO4,McCleskey2011,experimental,35.0,0.1,0.1836,41.19,McCleskey2011 Table 3 single electrolyte,,False,
Cs2SO4,McCleskey2011,experimental,45.0,0.1,0.1836,47.92,McCleskey2011 Table 3 single electrolyte,,False,
Cs2SO4,McCleskey2011,experimental,70.0,0.1,0.1836,65.9,McCleskey2011 Table 3 single electrolyte,,False,
Cs2SO4,McCleskey2011,experimental,90.0,0.1,0.1836,80.0,McCleskey2011 Table 3 single electrolyte,,False,
Cs2SO4,McCleskey2011,experimental,5.0,0.1,0.3588,40.83,McCleskey2011 Table 3 single electrolyte,,False,
Cs2SO4,McCleskey2011,experimental,10.0,0.1,0.3588,45.8,McCleskey2011 Table 3 single electrolyte,,False,
Cs2SO4,McCleskey2011,experimental,25.0,0.1,0.3588,62.04,McCleskey2011 Table 3 single electrolyte,,False,
Cs2SO4,McCleskey2011,experimental,35.0,0.1,0.3588,73.2,McCleskey2011 Table 3 single electrolyte,,False,
Cs2SO4,McCleskey2011,experimental,45.0,0.1,0.3588,84.63,McCleskey2011 Table 3 single electrolyte,,False,
Cs2SO4,McCleskey2011,experimental,70.0,0.1,0.3588,115.8,McCleskey2011 Table 3 single electrolyte,,False,
Cs2SO4,McCleskey2011,experimental,90.0,0.1,0.3588,137.3,McCleskey2011 Table 3 single electrolyte,,False,
KHSO4,McCleskey2011,experimental,5.0,0.1,0.000161,0.06027,McCleskey2011 Table 3 single electrolyte,,False,
KHSO4,McCleskey2011,experimental,10.0,0.1,0.000161,0.06684,McCleskey2011 Table 3 single electrolyte,,False,
KHSO4,McCleskey2011,experimental,25.0,0.1,0.000161,0.08772,McCleskey2011 Table 3 single electrolyte,,False,
KHSO4,McCleskey2011,experimental,35.0,0.1,0.000161,0.1017,McCleskey2011 Table 3 single electrolyte,,False,
KHSO4,McCleskey2011,experimental,45.0,0.1,0.000161,0.1154,McCleskey2011 Table 3 single electrolyte,,False,
KHSO4,McCleskey2011,experimental,70.0,0.1,0.000161,0.1478,McCleskey2011 Table 3 single electrolyte,,False,
KHSO4,McCleskey2011,experimental,90.0,0.1,0.000161,0.1675,McCleskey2011 Table 3 single electrolyte,,False,
KHSO4,McCleskey2011,experimental,5.0,0.1,0.000981,0.3588,McCleskey2011 Table 3 single electrolyte,,False,
KHSO4,McCleskey2011,experimental,10.0,0.1,0.000981,0.3981,McCleskey2011 Table 3 single electrolyte,,False,
KHSO4,McCleskey2011,experimental,25.0,0.1,0.000981,0.5156,McCleskey2011 Table 3 single electrolyte,,False,
KHSO4,McCleskey2011,experimental,35.0,0.1,0.000981,0.5895,McCleskey2011 Table 3 single electrolyte,,False,
KHSO4,McCleskey2011,experimental,45.0,0.1,0.000981,0.6564,McCleskey2011 Table 3 single electrolyte,,False,
KHSO4,McCleskey2011,experimental,70.0,0.1,0.000981,0.7958,McCleskey2011 Table 3 single electrolyte,,False,
KHSO4,McCleskey2011,experimental,90.0,0.1,0.000981,0.854,McCleskey2011 Table 3 single electrolyte,,False,
KHSO4,McCleskey2011,experimental,5.0,0.1,0.01608,4.635,McCleskey2011 Table 3 single electrolyte,,False,
KHSO4,McCleskey2011,experimental,10.0,0.1,0.01608,5.067,McCleskey2011 Table 3 single electrolyte,,False,
KHSO4,McCleskey2011,experimental,25.0,0.1,0.01608,6.23,McCleskey2011 Table 3 single electrolyte,,False,
KHSO4,McCleskey2011,experimental,35.0,0.1,0.01608,6.784,McCleskey2011 Table 3 single electrolyte,,False,
KHSO4,McCleskey2011,experimental,45.0,0.1,0.01608,7.238,McCleskey2011 Table 3 single electrolyte,,False,
KHSO4,McCleskey2011,experimental,70.0,0.1,0.01608,7.958,McCleskey2011 Table 3 single electrolyte,,False,
KHSO4,McCleskey2011,experimental,90.0,0.1,0.01608,8.195,McCleskey2011 Table 3 single electrolyte,,False,
KHSO4,McCleskey2011,experimental,5.0,0.1,0.09815,21.41,McCleskey2011 Table 3 single electrolyte,,False,
KHSO4,McCleskey2011,experimental,10.0,0.1,0.09815,23.18,McCleskey2011 Table 3 single electrolyte,,False,
KHSO4,McCleskey2011,experimental,25.0,0.1,0.09815,27.91,McCleskey2011 Table 3 single electrolyte,,False,
KHSO4,McCleskey2011,experimental,35.0,0.1,0.09815,29.98,McCleskey2011 Table 3 single electrolyte,,False,
KHSO4,McCleskey2011,experimental,45.0,0.1,0.09815,31.57,McCleskey2011 Table 3 single electrolyte,,False,
KHSO4,McCleskey2011,experimental,70.0,0.1,0.09815,34.69,McCleskey2011 Table 3 single electrolyte,,False,
KHSO4,McCleskey2011,experimental,90.0,0.1,0.09815,36.65,McCleskey2011 Table 3 single electrolyte,,False,
KHSO4,McCleskey2011,experimental,5.0,0.1,0.2291,43.79,McCleskey2011 Table 3 single electrolyte,,False,
KHSO4,McCleskey2011,experimental,10.0,0.1,0.2291,47.28,McCleskey2011 Table 3 single electrolyte,,False,
KHSO4,McCleskey2011,experimental,25.0,0.1,0.2291,57.1,McCleskey2011 Table 3 single electrolyte,,False,
KHSO4,McCleskey2011,experimental,35.0,0.1,0.2291,61.37,McCleskey2011 Table 3 single electrolyte,,False,
KHSO4,McCleskey2011,experimental,45.0,0.1,0.2291,64.56,McCleskey2011 Table 3 single electrolyte,,False,
KHSO4,McCleskey2011,experimental,70.0,0.1,0.2291,71.59,McCleskey2011 Table 3 single electrolyte,,False,
KHSO4,McCleskey2011,experimental,90.0,0.1,0.2291,76.99,McCleskey2011 Table 3 single electrolyte,,False,
KHCO3,McCleskey2011,experimental,5.0,0.1,0.001,0.07403,McCleskey2011 Table 3 single electrolyte,,False,
KHCO3,McCleskey2011,experimental,10.0,0.1,0.001,0.0834,McCleskey2011 Table 3 single electrolyte,,False,
KHCO3,McCleskey2011,experimental,25.0,0.1,0.001,0.1179,McCleskey2011 Table 3 single electrolyte,,False,
KHCO3,McCleskey2011,experimental,35.0,0.1,0.001,0.1416,McCleskey2011 Table 3 single electrolyte,,False,
KHCO3,McCleskey2011,experimental,45.0,0.1,0.001,0.1673,McCleskey2011 Table 3 single electrolyte,,False,
KHCO3,McCleskey2011,experimental,70.0,0.1,0.001,0.2401,McCleskey2011 Table 3 single electrolyte,,False,
KHCO3,McCleskey2011,experimental,90.0,0.1,0.001,0.3038,McCleskey2011 Table 3 single electrolyte,,False,
KHCO3,McCleskey2011,experimental,5.0,0.1,0.00992,0.687,McCleskey2011 Table 3 single electrolyte,,False,
KHCO3,McCleskey2011,experimental,10.0,0.1,0.00992,0.7877,McCleskey2011 Table 3 single electrolyte,,False,
KHCO3,McCleskey2011,experimental,25.0,0.1,0.00992,1.107,McCleskey2011 Table 3 single electrolyte,,False,
KHCO3,McCleskey2011,experimental,35.0,0.1,0.00992,1.335,McCleskey2011 Table 3 single electrolyte,,False,
KHCO3,McCleskey2011,experimental,45.0,0.1,0.00992,1.573,McCleskey2011 Table 3 single electrolyte,,False,
KHCO3,McCleskey2011,experimental,70.0,0.1,0.00992,2.237,McCleskey2011 Table 3 single electrolyte,,False,
KHCO3,McCleskey2011,experimental,90.0,0.1,0.00992,2.794,McCleskey2011 Table 3 single electrolyte,,False,
KHCO3,McCleskey2011,experimental,5.0,0.1,0.09998,6.141,McCleskey2011 Table 3 single electrolyte,,False,
KHCO3,McCleskey2011,experimental,10.0,0.1,0.09998,7.003,McCleskey2011 Table 3 single electrolyte,,False,
KHCO3,McCleskey2011,experimental,25.0,0.1,0.09998,9.852,McCleskey2011 Table 3 single electrolyte,,False,
KHCO3,McCleskey2011,experimental,35.0,0.1,0.09998,11.76,McCleskey2011 Table 3 single electrolyte,,False,
KHCO3,McCleskey2011,experimental,45.0,0.1,0.09998,13.83,McCleskey2011 Table 3 single electrolyte,,False,
KHCO3,McCleskey2011,experimental,70.0,0.1,0.09998,19.63,McCleskey2011 Table 3 single electrolyte,,False,
KHCO3,McCleskey2011,experimental,90.0,0.1,0.09998,24.46,McCleskey2011 Table 3 single electrolyte,,False,
KHCO3,McCleskey2011,experimental,5.0,0.1,0.5001,26.64,McCleskey2011 Table 3 single electrolyte,,False,
KHCO3,McCleskey2011,experimental,10.0,0.1,0.5001,30.31,McCleskey2011 Table 3 single electrolyte,,False,
KHCO3,McCleskey2011,experimental,25.0,0.1,0.5001,42.06,McCleskey2011 Table 3 single electrolyte,,False,
KHCO3,McCleskey2011,experimental,35.0,0.1,0.5001,50.66,McCleskey2011 Table 3 single electrolyte,,False,
KHCO3,McCleskey2011,experimental,45.0,0.1,0.5001,59.4,McCleskey2011 Table 3 single electrolyte,,False,
KHCO3,McCleskey2011,experimental,70.0,0.1,0.5001,83.91,McCleskey2011 Table 3 single electrolyte,,False,
KHCO3,McCleskey2011,experimental,90.0,0.1,0.5001,104.9,McCleskey2011 Table 3 single electrolyte,,False,
KHCO3,McCleskey2011,experimental,5.0,0.1,0.9999,47.48,McCleskey2011 Table 3 single electrolyte,,False,
KHCO3,McCleskey2011,experimental,10.0,0.1,0.9999,53.58,McCleskey2011 Table 3 single electrolyte,,False,
KHCO3,McCleskey2011,experimental,25.0,0.1,0.9999,73.65,McCleskey2011 Table 3 single electrolyte,,False,
KHCO3,McCleskey2011,experimental,35.0,0.1,0.9999,88.02,McCleskey2011 Table 3 single electrolyte,,False,
KHCO3,McCleskey2011,experimental,45.0,0.1,0.9999,103.1,McCleskey2011 Table 3 single electrolyte,,False,
KHCO3,McCleskey2011,experimental,70.0,0.1,0.9999,143.0,McCleskey2011 Table 3 single electrolyte,,False,
KHCO3,McCleskey2011,experimental,90.0,0.1,0.9999,179.3,McCleskey2011 Table 3 single electrolyte,,False,
K2CO3,McCleskey2011,experimental,5.0,0.1,0.00132,0.2129,McCleskey2011 Table 3 single electrolyte,,False,
K2CO3,McCleskey2011,experimental,10.0,0.1,0.00132,0.2471,McCleskey2011 Table 3 single electrolyte,,False,
K2CO3,McCleskey2011,experimental,25.0,0.1,0.00132,0.3642,McCleskey2011 Table 3 single electrolyte,,False,
K2CO3,McCleskey2011,experimental,35.0,0.1,0.00132,0.439,McCleskey2011 Table 3 single electrolyte,,False,
K2CO3,McCleskey2011,experimental,45.0,0.1,0.00132,0.5331,McCleskey2011 Table 3 single electrolyte,,False,
K2CO3,McCleskey2011,experimental,70.0,0.1,0.00132,0.7921,McCleskey2011 Table 3 single electrolyte,,False,
K2CO3,McCleskey2011,experimental,90.0,0.1,0.00132,0.9755,McCleskey2011 Table 3 single electrolyte,,False,
K2CO3,McCleskey2011,experimental,5.0,0.1,0.01048,1.568,McCleskey2011 Table 3 single electrolyte,,False,
K2CO3,McCleskey2011,experimental,10.0,0.1,0.01048,1.809,McCleskey2011 Table 3 single electrolyte,,False,
K2CO3,McCleskey2011,experimental,25.0,0.1,0.01048,2.575,McCleskey2011 Table 3 single electrolyte,,False,
K2CO3,McCleskey2011,experimental,35.0,0.1,0.01048,3.146,McCleskey2011 Table 3 single electrolyte,,False,
K2CO3,McCleskey2011,experimental,45.0,0.1,0.01048,3.758,McCleskey2011 Table 3 single electrolyte,,False,
K2CO3,McCleskey2011,experimental,70.0,0.1,0.01048,5.522,McCleskey2011 Table 3 single electrolyte,,False,
K2CO3,McCleskey2011,experimental,90.0,0.1,0.01048,6.987,McCleskey2011 Table 3 single electrolyte,,False,
K2CO3,McCleskey2011,experimental,5.0,0.1,0.1319,15.89,McCleskey2011 Table 3 single electrolyte,,False,
K2CO3,McCleskey2011,experimental,10.0,0.1,0.1319,18.15,McCleskey2011 Table 3 single electrolyte,,False,
K2CO3,McCleskey2011,experimental,25.0,0.1,0.1319,25.42,McCleskey2011 Table 3 single electrolyte,,False,
K2CO3,McCleskey2011,experimental,35.0,0.1,0.1319,30.54,McCleskey2011 Table 3 single electrolyte,,False,
K2CO3,McCleskey2011,experimental,45.0,0.1,0.1319,35.9,McCleskey2011 Table 3 single electrolyte,,False,
K2CO3,McCleskey2011,experimental,70.0,0.1,0.1319,50.98,McCleskey2011 Table 3 single electrolyte,,False,
K2CO3,McCleskey2011,experimental,90.0,0.1,0.1319,63.45,McCleskey2011 Table 3 single electrolyte,,False,
K2CO3,McCleskey2011,experimental,5.0,0.1,0.3525,38.0,McCleskey2011 Table 3 single electrolyte,,False,
K2CO3,McCleskey2011,experimental,10.0,0.1,0.3525,43.05,McCleskey2011 Table 3 single electrolyte,,False,
K2CO3,McCleskey2011,experimental,25.0,0.1,0.3525,59.42,McCleskey2011 Table 3 single electrolyte,,False,
K2CO3,McCleskey2011,experimental,35.0,0.1,0.3525,71.15,McCleskey2011 Table 3 single electrolyte,,False,
K2CO3,McCleskey2011,experimental,45.0,0.1,0.3525,83.19,McCleskey2011 Table 3 single electrolyte,,False,
K2CO3,McCleskey2011,experimental,70.0,0.1,0.3525,116.0,McCleskey2011 Table 3 single electrolyte,,False,
K2CO3,McCleskey2011,experimental,90.0,0.1,0.3525,143.1,McCleskey2011 Table 3 single electrolyte,,False,
NaHCO3,McCleskey2011,experimental,5.0,0.1,0.00121,0.06911,McCleskey2011 Table 3 single electrolyte,,False,
NaHCO3,McCleskey2011,experimental,10.0,0.1,0.00121,0.08034,McCleskey2011 Table 3 single electrolyte,,False,
NaHCO3,McCleskey2011,experimental,25.0,0.1,0.00121,0.1162,McCleskey2011 Table 3 single electrolyte,,False,
NaHCO3,McCleskey2011,experimental,35.0,0.1,0.00121,0.1437,McCleskey2011 Table 3 single electrolyte,,False,
NaHCO3,McCleskey2011,experimental,45.0,0.1,0.00121,0.1703,McCleskey2011 Table 3 single electrolyte,,False,
NaHCO3,McCleskey2011,experimental,70.0,0.1,0.00121,0.2506,McCleskey2011 Table 3 single electrolyte,,False,
NaHCO3,McCleskey2011,experimental,90.0,0.1,0.00121,0.3284,McCleskey2011 Table 3 single electrolyte,,False,
NaHCO3,McCleskey2011,experimental,5.0,0.1,0.01187,0.6467,McCleskey2011 Table 3 single electrolyte,,False,
NaHCO3,McCleskey2011,experimental,10.0,0.1,0.01187,0.7485,McCleskey2011 Table 3 single electrolyte,,False,
NaHCO3,McCleskey2011,experimental,25.0,0.1,0.01187,1.086,McCleskey2011 Table 3 single electrolyte,,False,
NaHCO3,McCleskey2011,experimental,35.0,0.1,0.01187,1.346,McCleskey2011 Table 3 single electrolyte,,False,
NaHCO3,McCleskey2011,experimental,45.0,0.1,0.01187,1.589,McCleskey2011 Table 3 single electrolyte,,False,
NaHCO3,McCleskey2011,experimental,70.0,0.1,0.01187,2.34,McCleskey2011 Table 3 single electrolyte,,False,
NaHCO3,McCleskey2011,experimental,90.0,0.1,0.01187,3.056,McCleskey2011 Table 3 single electrolyte,,False,
NaHCO3,McCleskey2011,experimental,5.0,0.1,0.1223,5.728,McCleskey2011 Table 3 single electrolyte,,False,
NaHCO3,McCleskey2011,experimental,10.0,0.1,0.1223,6.641,McCleskey2011 Table 3 single electrolyte,,False,
NaHCO3,McCleskey2011,experimental,25.0,0.1,0.1223,9.6,McCleskey2011 Table 3 single electrolyte,,False,
NaHCO3,McCleskey2011,experimental,35.0,0.1,0.1223,11.77,McCleskey2011 Table 3 single electrolyte,,False,
NaHCO3,McCleskey2011,experimental,45.0,0.1,0.1223,13.95,McCleskey2011 Table 3 single electrolyte,,False,
NaHCO3,McCleskey2011,experimental,70.0,0.1,0.1223,20.44,McCleskey2011 Table 3 single electrolyte,,False,
NaHCO3,McCleskey2011,experimental,90.0,0.1,0.1223,24.57,McCleskey2011 Table 3 single electrolyte,,False,
NaHCO3,McCleskey2011,experimental,5.0,0.1,0.7226,26.34,McCleskey2011 Table 3 single electrolyte,,False,
NaHCO3,McCleskey2011,experimental,10.0,0.1,0.7226,30.55,McCleskey2011 Table 3 single electrolyte,,False,
NaHCO3,McCleskey2011,experimental,25.0,0.1,0.7226,43.83,McCleskey2011 Table 3 single electrolyte,,False,
NaHCO3,McCleskey2011,experimental,35.0,0.1,0.7226,53.46,McCleskey2011 Table 3 single electrolyte,,False,
NaHCO3,McCleskey2011,experimental,45.0,0.1,0.7226,64.1,McCleskey2011 Table 3 single electrolyte,,False,
NaHCO3,McCleskey2011,experimental,70.0,0.1,0.7226,94.04,McCleskey2011 Table 3 single electrolyte,,False,
NaHCO3,McCleskey2011,experimental,90.0,0.1,0.7226,113.9,McCleskey2011 Table 3 single electrolyte,,False,
Na2CO3,McCleskey2011,experimental,5.0,0.1,0.000912,0.1348,McCleskey2011 Table 3 single electrolyte,,False,
Na2CO3,McCleskey2011,experimental,10.0,0.1,0.000912,0.1603,McCleskey2011 Table 3 single electrolyte,,False,
Na2CO3,McCleskey2011,experimental,25.0,0.1,0.000912,0.2439,McCleskey2011 Table 3 single electrolyte,,False,
Na2CO3,McCleskey2011,experimental,35.0,0.1,0.000912,0.2888,McCleskey2011 Table 3 single electrolyte,,False,
Na2CO3,McCleskey2011,experimental,45.0,0.1,0.000912,0.3495,McCleskey2011 Table 3 single electrolyte,,False,
Na2CO3,McCleskey2011,experimental,70.0,0.1,0.000912,0.5196,McCleskey2011 Table 3 single electrolyte,,False,
Na2CO3,McCleskey2011,experimental,90.0,0.1,0.000912,0.6513,McCleskey2011 Table 3 single electrolyte,,False,
Na2CO3,McCleskey2011,experimental,5.0,0.1,0.01031,1.285,McCleskey2011 Table 3 single electrolyte,,False,
Na2CO3,McCleskey2011,experimental,10.0,0.1,0.01031,1.491,McCleskey2011 Table 3 single electrolyte,,False,
Na2CO3,McCleskey2011,experimental,25.0,0.1,0.01031,2.182,McCleskey2011 Table 3 single electrolyte,,False,
Na2CO3,McCleskey2011,experimental,35.0,0.1,0.01031,2.684,McCleskey2011 Table 3 single electrolyte,,False,
Na2CO3,McCleskey2011,experimental,45.0,0.1,0.01031,3.237,McCleskey2011 Table 3 single electrolyte,,False,
Na2CO3,McCleskey2011,experimental,70.0,0.1,0.01031,4.867,McCleskey2011 Table 3 single electrolyte,,False,
Na2CO3,McCleskey2011,experimental,90.0,0.1,0.01031,6.187,McCleskey2011 Table 3 single electrolyte,,False,
Na2CO3,McCleskey2011,experimental,5.0,0.1,0.09334,8.86,McCleskey2011 Table 3 single electrolyte,,False,
Na2CO3,McCleskey2011,experimental,10.0,0.1,0.09334,10.24,McCleskey2011 Table 3 single electrolyte,,False,
Na2CO3,McCleskey2011,experimental,25.0,0.1,0.09334,14.86,McCleskey2011 Table 3 single electrolyte,,False,
Na2CO3,McCleskey2011,experimental,35.0,0.1,0.09334,18.22,McCleskey2011 Table 3 single electrolyte,,False,
Na2CO3,McCleskey2011,experimental,45.0,0.1,0.09334,21.82,McCleskey2011 Table 3 single electrolyte,,False,
Na2CO3,McCleskey2011,experimental,70.0,0.1,0.09334,32.22,McCleskey2011 Table 3 single electrolyte,,False,
Na2CO3,McCleskey2011,experimental,90.0,0.1,0.09334,41.17,McCleskey2011 Table 3 single electrolyte,,False,
Na2CO3,McCleskey2011,experimental,5.0,0.1,0.3041,23.24,McCleskey2011 Table 3 single electrolyte,,False,
Na2CO3,McCleskey2011,experimental,10.0,0.1,0.3041,26.85,McCleskey2011 Table 3 single electrolyte,,False,
Na2CO3,McCleskey2011,experimental,25.0,0.1,0.3041,38.93,McCleskey2011 Table 3 single electrolyte,,False,
Na2CO3,McCleskey2011,experimental,35.0,0.1,0.3041,47.81,McCleskey2011 Table 3 single electrolyte,,False,
Na2CO3,McCleskey2011,experimental,45.0,0.1,0.3041,57.13,McCleskey2011 Table 3 single electrolyte,,False,
Na2CO3,McCleskey2011,experimental,70.0,0.1,0.3041,83.62,McCleskey2011 Table 3 single electrolyte,,False,
Na2CO3,McCleskey2011,experimental,90.0,0.1,0.3041,106.4,McCleskey2011 Table 3 single electrolyte,,False,
NaOH,McCleskey2011,experimental,5.0,0.1,0.001,0.1671,McCleskey2011 Table 3 single electrolyte,,False,
NaOH,McCleskey2011,experimental,10.0,0.1,0.001,0.1919,McCleskey2011 Table 3 single electrolyte,,False,
NaOH,McCleskey2011,experimental,25.0,0.1,0.001,0.2459,McCleskey2011 Table 3 single electrolyte,,False,
NaOH,McCleskey2011,experimental,35.0,0.1,0.001,0.2833,McCleskey2011 Table 3 single electrolyte,,False,
NaOH,McCleskey2011,experimental,45.0,0.1,0.001,0.3327,McCleskey2011 Table 3 single electrolyte,,False,
NaOH,McCleskey2011,experimental,70.0,0.1,0.001,0.4401,McCleskey2011 Table 3 single electrolyte,,False,
NaOH,McCleskey2011,experimental,90.0,0.1,0.001,0.5213,McCleskey2011 Table 3 single electrolyte,,False,
NaOH,McCleskey2011,experimental,5.0,0.1,0.01,1.596,McCleskey2011 Table 3 single electrolyte,,False,
NaOH,McCleskey2011,experimental,10.0,0.1,0.01,1.793,McCleskey2011 Table 3 single electrolyte,,False,
NaOH,McCleskey2011,experimental,25.0,0.1,0.01,2.414,McCleskey2011 Table 3 single electrolyte,,False,
NaOH,McCleskey2011,experimental,35.0,0.1,0.01,2.784,McCleskey2011 Table 3 single electrolyte,,False,
NaOH,McCleskey2011,experimental,45.0,0.1,0.01,3.201,McCleskey2011 Table 3 single electrolyte,,False,
NaOH,McCleskey2011,experimental,70.0,0.1,0.01,4.294,McCleskey2011 Table 3 single electrolyte,,False,
NaOH,McCleskey2011,experimental,90.0,0.1,0.01,5.115,McCleskey2011 Table 3 single electrolyte,,False,
NaOH,McCleskey2011,experimental,5.0,0.1,0.1,14.98,McCleskey2011 Table 3 single electrolyte,,False,
NaOH,McCleskey2011,experimental,10.0,0.1,0.1,16.77,McCleskey2011 Table 3 single electrolyte,,False,
NaOH,McCleskey2011,experimental,25.0,0.1,0.1,22.51,McCleskey2011 Table 3 single electrolyte,,False,
NaOH,McCleskey2011,experimental,35.0,0.1,0.1,26.35,McCleskey2011 Table 3 single electrolyte,,False,
NaOH,McCleskey2011,experimental,45.0,0.1,0.1,30.26,McCleskey2011 Table 3 single electrolyte,,False,
NaOH,McCleskey2011,experimental,70.0,0.1,0.1,40.62,McCleskey2011 Table 3 single electrolyte,,False,
NaOH,McCleskey2011,experimental,90.0,0.1,0.1,48.61,McCleskey2011 Table 3 single electrolyte,,False,
NaOH,McCleskey2011,experimental,5.0,0.1,0.5,66.39,McCleskey2011 Table 3 single electrolyte,,False,
NaOH,McCleskey2011,experimental,10.0,0.1,0.5,74.17,McCleskey2011 Table 3 single electrolyte,,False,
NaOH,McCleskey2011,experimental,25.0,0.1,0.5,98.75,McCleskey2011 Table 3 single electrolyte,,False,
NaOH,McCleskey2011,experimental,35.0,0.1,0.5,115.9,McCleskey2011 Table 3 single electrolyte,,False,
NaOH,McCleskey2011,experimental,45.0,0.1,0.5,132.5,McCleskey2011 Table 3 single electrolyte,,False,
NaOH,McCleskey2011,experimental,70.0,0.1,0.5,177.2,McCleskey2011 Table 3 single electrolyte,,False,
NaOH,McCleskey2011,experimental,90.0,0.1,0.5,206.3,McCleskey2011 Table 3 single electrolyte,,False,
NaOH,McCleskey2011,experimental,5.0,0.1,1.0,121.3,McCleskey2011 Table 3 single electrolyte,,False,
NaOH,McCleskey2011,experimental,10.0,0.1,1.0,135.0,McCleskey2011 Table 3 single electrolyte,,False,
NaOH,McCleskey2011,experimental,25.0,0.1,1.0,180.1,McCleskey2011 Table 3 single electrolyte,,False,
NaOH,McCleskey2011,experimental,35.0,0.1,1.0,211.9,McCleskey2011 Table 3 single electrolyte,,False,
NaOH,McCleskey2011,experimental,45.0,0.1,1.0,243.8,McCleskey2011 Table 3 single electrolyte,,False,
NaOH,McCleskey2011,experimental,70.0,0.1,1.0,327.4,McCleskey2011 Table 3 single electrolyte,,False,
NaOH,McCleskey2011,experimental,90.0,0.1,1.0,366.6,McCleskey2011 Table 3 single electrolyte,,False,
NaF,McCleskey2011,experimental,5.0,0.1,8.8e-05,0.005802,McCleskey2011 Table 3 single electrolyte,,False,
NaF,McCleskey2011,experimental,10.0,0.1,8.8e-05,0.006955,McCleskey2011 Table 3 single electrolyte,,False,
NaF,McCleskey2011,experimental,25.0,0.1,8.8e-05,0.009523,McCleskey2011 Table 3 single electrolyte,,False,
NaF,McCleskey2011,experimental,35.0,0.1,8.8e-05,0.0122,McCleskey2011 Table 3 single electrolyte,,False,
NaF,McCleskey2011,experimental,45.0,0.1,8.8e-05,0.01433,McCleskey2011 Table 3 single electrolyte,,False,
NaF,McCleskey2011,experimental,70.0,0.1,8.8e-05,0.02014,McCleskey2011 Table 3 single electrolyte,,False,
NaF,McCleskey2011,experimental,90.0,0.1,8.8e-05,0.02517,McCleskey2011 Table 3 single electrolyte,,False,
NaF,McCleskey2011,experimental,5.0,0.1,0.00092,0.06016,McCleskey2011 Table 3 single electrolyte,,False,
NaF,McCleskey2011,experimental,10.0,0.1,0.00092,0.06909,McCleskey2011 Table 3 single electrolyte,,False,
NaF,McCleskey2011,experimental,25.0,0.1,0.00092,0.09683,McCleskey2011 Table 3 single electrolyte,,False,
NaF,McCleskey2011,experimental,35.0,0.1,0.00092,0.1152,McCleskey2011 Table 3 single electrolyte,,False,
NaF,McCleskey2011,experimental,45.0,0.1,0.00092,0.1398,McCleskey2011 Table 3 single electrolyte,,False,
NaF,McCleskey2011,experimental,70.0,0.1,0.00092,0.2009,McCleskey2011 Table 3 single electrolyte,,False,
NaF,McCleskey2011,experimental,90.0,0.1,0.00092,0.2474,McCleskey2011 Table 3 single electrolyte,,False,
NaF,McCleskey2011,experimental,5.0,0.1,0.00878,0.5214,McCleskey2011 Table 3 single electrolyte,,False,
NaF,McCleskey2011,experimental,10.0,0.1,0.00878,0.5994,McCleskey2011 Table 3 single electrolyte,,False,
NaF,McCleskey2011,experimental,25.0,0.1,0.00878,0.8551,McCleskey2011 Table 3 single electrolyte,,False,
NaF,McCleskey2011,experimental,35.0,0.1,0.00878,1.038,McCleskey2011 Table 3 single electrolyte,,False,
NaF,McCleskey2011,experimental,45.0,0.1,0.00878,1.234,McCleskey2011 Table 3 single electrolyte,,False,
NaF,McCleskey2011,experimental,70.0,0.1,0.00878,1.798,McCleskey2011 Table 3 single electrolyte,,False,
NaF,McCleskey2011,experimental,90.0,0.1,0.00878,2.27,McCleskey2011 Table 3 single electrolyte,,False,
NaF,McCleskey2011,experimental,5.0,0.1,0.0906,4.638,McCleskey2011 Table 3 single electrolyte,,False,
NaF,McCleskey2011,experimental,10.0,0.1,0.0906,5.338,McCleskey2011 Table 3 single electrolyte,,False,
NaF,McCleskey2011,experimental,25.0,0.1,0.0906,7.669,McCleskey2011 Table 3 single electrolyte,,False,
NaF,McCleskey2011,experimental,35.0,0.1,0.0906,9.341,McCleskey2011 Table 3 single electrolyte,,False,
NaF,McCleskey2011,experimental,45.0,0.1,0.0906,11.12,McCleskey2011 Table 3 single electrolyte,,False,
NaF,McCleskey2011,experimental,70.0,0.1,0.0906,16.21,McCleskey2011 Table 3 single electrolyte,,False,
NaF,McCleskey2011,experimental,90.0,0.1,0.0906,20.42,McCleskey2011 Table 3 single electrolyte,,False,
NaF,McCleskey2011,experimental,5.0,0.1,0.4176,19.17,McCleskey2011 Table 3 single electrolyte,,False,
NaF,McCleskey2011,experimental,10.0,0.1,0.4176,22.01,McCleskey2011 Table 3 single electrolyte,,False,
NaF,McCleskey2011,experimental,25.0,0.1,0.4176,31.51,McCleskey2011 Table 3 single electrolyte,,False,
NaF,McCleskey2011,experimental,35.0,0.1,0.4176,38.24,McCleskey2011 Table 3 single electrolyte,,False,
NaF,McCleskey2011,experimental,45.0,0.1,0.4176,45.47,McCleskey2011 Table 3 single electrolyte,,False,
NaF,McCleskey2011,experimental,70.0,0.1,0.4176,65.7,McCleskey2011 Table 3 single electrolyte,,False,
NaF,McCleskey2011,experimental,90.0,0.1,0.4176,81.37,McCleskey2011 Table 3 single electrolyte,,False,
NaF,McCleskey2011,experimental,5.0,0.1,0.8404,34.32,McCleskey2011 Table 3 single electrolyte,,False,
NaF,McCleskey2011,experimental,10.0,0.1,0.8404,39.15,McCleskey2011 Table 3 single electrolyte,,False,
NaF,McCleskey2011,experimental,25.0,0.1,0.8404,55.79,McCleskey2011 Table 3 single electrolyte,,False,
NaF,McCleskey2011,experimental,35.0,0.1,0.8404,67.91,McCleskey2011 Table 3 single electrolyte,,False,
NaF,McCleskey2011,experimental,45.0,0.1,0.8404,74.78,McCleskey2011 Table 3 single electrolyte,,False,
NaF,McCleskey2011,experimental,70.0,0.1,0.8404,113.7,McCleskey2011 Table 3 single electrolyte,,False,
NaF,McCleskey2011,experimental,90.0,0.1,0.8404,145.4,McCleskey2011 Table 3 single electrolyte,,False,
KF,McCleskey2011,experimental,5.0,0.1,0.000325,0.02576,McCleskey2011 Table 3 single electrolyte,,False,
KF,McCleskey2011,experimental,10.0,0.1,0.000325,0.02933,McCleskey2011 Table 3 single electrolyte,,False,
KF,McCleskey2011,experimental,25.0,0.1,0.000325,0.04125,McCleskey2011 Table 3 single electrolyte,,False,
KF,McCleskey2011,experimental,35.0,0.1,0.000325,0.05036,McCleskey2011 Table 3 single electrolyte,,False,
KF,McCleskey2011,experimental,45.0,0.1,0.000325,0.05965,McCleskey2011 Table 3 single electrolyte,,False,
KF,McCleskey2011,experimental,70.0,0.1,0.000325,0.08448,McCleskey2011 Table 3 single electrolyte,,False,
KF,McCleskey2011,experimental,90.0,0.1,0.000325,0.1046,McCleskey2011 Table 3 single electrolyte,,False,
KF,McCleskey2011,experimental,5.0,0.1,0.00109,0.08262,McCleskey2011 Table 3 single electrolyte,,False,
KF,McCleskey2011,experimental,10.0,0.1,0.00109,0.09509,McCleskey2011 Table 3 single electrolyte,,False,
KF,McCleskey2011,experimental,25.0,0.1,0.00109,0.1357,McCleskey2011 Table 3 single electrolyte,,False,
KF,McCleskey2011,experimental,35.0,0.1,0.00109,0.1642,McCleskey2011 Table 3 single electrolyte,,False,
KF,McCleskey2011,experimental,45.0,0.1,0.00109,0.1929,McCleskey2011 Table 3 single electrolyte,,False,
KF,McCleskey2011,experimental,70.0,0.1,0.00109,0.2734,McCleskey2011 Table 3 single electrolyte,,False,
KF,McCleskey2011,experimental,90.0,0.1,0.00109,0.3426,McCleskey2011 Table 3 single electrolyte,,False,
KF,McCleskey2011,experimental,5.0,0.1,0.035,2.417,McCleskey2011 Table 3 single electrolyte,,False,
KF,McCleskey2011,experimental,10.0,0.1,0.035,2.829,McCleskey2011 Table 3 single electrolyte,,False,
KF,McCleskey2011,experimental,25.0,0.1,0.035,3.939,McCleskey2011 Table 3 single electrolyte,,False,
KF,McCleskey2011,experimental,35.0,0.1,0.035,4.778,McCleskey2011 Table 3 single electrolyte,,False,
KF,McCleskey2011,experimental,45.0,0.1,0.035,5.576,McCleskey2011 Table 3 single electrolyte,,False,
KF,McCleskey2011,experimental,70.0,0.1,0.035,7.954,McCleskey2011 Table 3 single electrolyte,,False,
KF,McCleskey2011,experimental,90.0,0.1,0.035,9.964,McCleskey2011 Table 3 single electrolyte,,False,
KF,McCleskey2011,experimental,5.0,0.1,0.11,7.375,McCleskey2011 Table 3 single electrolyte,,False,
KF,McCleskey2011,experimental,10.0,0.1,0.11,8.455,McCleskey2011 Table 3 single electrolyte,,False,
KF,McCleskey2011,experimental,25.0,0.1,0.11,11.95,McCleskey2011 Table 3 single electrolyte,,False,
KF,McCleskey2011,experimental,35.0,0.1,0.11,14.45,McCleskey2011 Table 3 single electrolyte,,False,
KF,McCleskey2011,experimental,45.0,0.1,0.11,16.92,McCleskey2011 Table 3 single electrolyte,,False,
KF,McCleskey2011,experimental,70.0,0.1,0.11,24.09,McCleskey2011 Table 3 single electrolyte,,False,
KF,McCleskey2011,experimental,90.0,0.1,0.11,30.04,McCleskey2011 Table 3 single electrolyte,,False,
KF,McCleskey2011,experimental,5.0,0.1,0.52,30.23,McCleskey2011 Table 3 single electrolyte,,False,
KF,McCleskey2011,experimental,10.0,0.1,0.52,34.35,McCleskey2011 Table 3 single electrolyte,,False,
KF,McCleskey2011,experimental,25.0,0.1,0.52,48.04,McCleskey2011 Table 3 single electrolyte,,False,
KF,McCleskey2011,experimental,35.0,0.1,0.52,57.71,McCleskey2011 Table 3 single electrolyte,,False,
KF,McCleskey2011,experimental,45.0,0.1,0.52,68.01,McCleskey2011 Table 3 single electrolyte,,False,
KF,McCleskey2011,experimental,70.0,0.1,0.52,96.83,McCleskey2011 Table 3 single electrolyte,,False,
KF,McCleskey2011,experimental,90.0,0.1,0.52,118.6,McCleskey2011 Table 3 single electrolyte,,False,
KF,McCleskey2011,experimental,5.0,0.1,0.99,52.72,McCleskey2011 Table 3 single electrolyte,,False,
KF,McCleskey2011,experimental,10.0,0.1,0.99,60.34,McCleskey2011 Table 3 single electrolyte,,False,
KF,McCleskey2011,experimental,25.0,0.1,0.99,82.75,McCleskey2011 Table 3 single electrolyte,,False,
KF,McCleskey2011,experimental,35.0,0.1,0.99,99.07,McCleskey2011 Table 3 single electrolyte,,False,
KF,McCleskey2011,experimental,45.0,0.1,0.99,117.5,McCleskey2011 Table 3 single electrolyte,,False,
KF,McCleskey2011,experimental,70.0,0.1,0.99,168.5,McCleskey2011 Table 3 single electrolyte,,False,
KF,McCleskey2011,experimental,90.0,0.1,0.99,201.3,McCleskey2011 Table 3 single electrolyte,,False,
KBr,McCleskey2011,experimental,5.0,0.1,9.9e-05,0.009344,McCleskey2011 Table 3 single electrolyte,,False,
KBr,McCleskey2011,experimental,10.0,0.1,9.9e-05,0.01066,McCleskey2011 Table 3 single electrolyte,,False,
KBr,McCleskey2011,experimental,25.0,0.1,9.9e-05,0.01469,McCleskey2011 Table 3 single electrolyte,,False,
KBr,McCleskey2011,experimental,35.0,0.1,9.9e-05,0.0175,McCleskey2011 Table 3 single electrolyte,,False,
KBr,McCleskey2011,experimental,45.0,0.1,9.9e-05,0.02072,McCleskey2011 Table 3 single electrolyte,,False,
KBr,McCleskey2011,experimental,70.0,0.1,9.9e-05,0.02896,McCleskey2011 Table 3 single electrolyte,,False,
KBr,McCleskey2011,experimental,90.0,0.1,9.9e-05,0.03522,McCleskey2011 Table 3 single electrolyte,,False,
KBr,McCleskey2011,experimental,5.0,0.1,0.000975,0.09114,McCleskey2011 Table 3 single electrolyte,,False,
KBr,McCleskey2011,experimental,10.0,0.1,0.000975,0.1037,McCleskey2011 Table 3 single electrolyte,,False,
KBr,McCleskey2011,experimental,25.0,0.1,0.000975,0.1441,McCleskey2011 Table 3 single electrolyte,,False,
KBr,McCleskey2011,experimental,35.0,0.1,0.000975,0.1716,McCleskey2011 Table 3 single electrolyte,,False,
KBr,McCleskey2011,experimental,45.0,0.1,0.000975,0.2007,McCleskey2011 Table 3 single electrolyte,,False,
KBr,McCleskey2011,experimental,70.0,0.1,0.000975,0.2802,McCleskey2011 Table 3 single electrolyte,,False,
KBr,McCleskey2011,experimental,90.0,0.1,0.000975,0.343,McCleskey2011 Table 3 single electrolyte,,False,
KBr,McCleskey2011,experimental,5.0,0.1,0.00987,0.8994,McCleskey2011 Table 3 single electrolyte,,False,
KBr,McCleskey2011,experimental,10.0,0.1,0.00987,1.022,McCleskey2011 Table 3 single electrolyte,,False,
KBr,McCleskey2011,experimental,25.0,0.1,0.00987,1.417,McCleskey2011 Table 3 single electrolyte,,False,
KBr,McCleskey2011,experimental,35.0,0.1,0.00987,1.689,McCleskey2011 Table 3 single electrolyte,,False,
KBr,McCleskey2011,experimental,45.0,0.1,0.00987,1.974,McCleskey2011 Table 3 single electrolyte,,False,
KBr,McCleskey2011,experimental,70.0,0.1,0.00987,2.761,McCleskey2011 Table 3 single electrolyte,,False,
KBr,McCleskey2011,experimental,90.0,0.1,0.00987,3.376,McCleskey2011 Table 3 single electrolyte,,False,
KBr,McCleskey2011,experimental,5.0,0.1,0.09755,8.252,McCleskey2011 Table 3 single electrolyte,,False,
KBr,McCleskey2011,experimental,10.0,0.1,0.09755,9.355,McCleskey2011 Table 3 single electrolyte,,False,
KBr,McCleskey2011,experimental,25.0,0.1,0.09755,12.9,McCleskey2011 Table 3 single electrolyte,,False,
KBr,McCleskey2011,experimental,35.0,0.1,0.09755,15.35,McCleskey2011 Table 3 single electrolyte,,False,
KBr,McCleskey2011,experimental,45.0,0.1,0.09755,17.87,McCleskey2011 Table 3 single electrolyte,,False,
KBr,McCleskey2011,experimental,70.0,0.1,0.09755,24.91,McCleskey2011 Table 3 single electrolyte,,False,
KBr,McCleskey2011,experimental,90.0,0.1,0.09755,29.52,McCleskey2011 Table 3 single electrolyte,,False,
KBr,McCleskey2011,experimental,5.0,0.1,1.21,84.09,McCleskey2011 Table 3 single electrolyte,,False,
KBr,McCleskey2011,experimental,10.0,0.1,1.21,93.63,McCleskey2011 Table 3 single electrolyte,,False,
KBr,McCleskey2011,experimental,25.0,0.1,1.21,124.5,McCleskey2011 Table 3 single electrolyte,,False,
KBr,McCleskey2011,experimental,35.0,0.1,1.21,145.4,McCleskey2011 Table 3 single electrolyte,,False,
KBr,McCleskey2011,experimental,45.0,0.1,1.21,167.2,McCleskey2011 Table 3 single electrolyte,,False,
KBr,McCleskey2011,experimental,70.0,0.1,1.21,224.6,McCleskey2011 Table 3 single electrolyte,,False,
KBr,McCleskey2011,experimental,90.0,0.1,1.21,262.8,McCleskey2011 Table 3 single electrolyte,,False,
KNO3,McCleskey2011,experimental,5.0,0.1,0.000103,0.009389,McCleskey2011 Table 3 single electrolyte,,False,
KNO3,McCleskey2011,experimental,10.0,0.1,0.000103,0.01073,McCleskey2011 Table 3 single electrolyte,,False,
KNO3,McCleskey2011,experimental,25.0,0.1,0.000103,0.01486,McCleskey2011 Table 3 single electrolyte,,False,
KNO3,McCleskey2011,experimental,35.0,0.1,0.000103,0.01798,McCleskey2011 Table 3 single electrolyte,,False,
KNO3,McCleskey2011,experimental,45.0,0.1,0.000103,0.02048,McCleskey2011 Table 3 single electrolyte,,False,
KNO3,McCleskey2011,experimental,70.0,0.1,0.000103,0.0283,McCleskey2011 Table 3 single electrolyte,,False,
KNO3,McCleskey2011,experimental,90.0,0.1,0.000103,0.0348,McCleskey2011 Table 3 single electrolyte,,False,
KNO3,McCleskey2011,experimental,5.0,0.1,0.000997,0.08901,McCleskey2011 Table 3 single electrolyte,,False,
KNO3,McCleskey2011,experimental,10.0,0.1,0.000997,0.1015,McCleskey2011 Table 3 single electrolyte,,False,
KNO3,McCleskey2011,experimental,25.0,0.1,0.000997,0.1411,McCleskey2011 Table 3 single electrolyte,,False,
KNO3,McCleskey2011,experimental,35.0,0.1,0.000997,0.1701,McCleskey2011 Table 3 single electrolyte,,False,
KNO3,McCleskey2011,experimental,45.0,0.1,0.000997,0.1956,McCleskey2011 Table 3 single electrolyte,,False,
KNO3,McCleskey2011,experimental,70.0,0.1,0.000997,0.2717,McCleskey2011 Table 3 single electrolyte,,False,
KNO3,McCleskey2011,experimental,90.0,0.1,0.000997,0.338,McCleskey2011 Table 3 single electrolyte,,False,
KNO3,McCleskey2011,experimental,5.0,0.1,0.01026,0.874,McCleskey2011 Table 3 single electrolyte,,False,
KNO3,McCleskey2011,experimental,10.0,0.1,0.01026,0.9971,McCleskey2011 Table 3 single electrolyte,,False,
KNO3,McCleskey2011,experimental,25.0,0.1,0.01026,1.385,McCleskey2011 Table 3 single electrolyte,,False,
KNO3,McCleskey2011,experimental,35.0,0.1,0.01026,1.664,McCleskey2011 Table 3 single electrolyte,,False,
KNO3,McCleskey2011,experimental,45.0,0.1,0.01026,1.919,McCleskey2011 Table 3 single electrolyte,,False,
KNO3,McCleskey2011,experimental,70.0,0.1,0.01026,2.666,McCleskey2011 Table 3 single electrolyte,,False,
KNO3,McCleskey2011,experimental,90.0,0.1,0.01026,3.287,McCleskey2011 Table 3 single electrolyte,,False,
KNO3,McCleskey2011,experimental,5.0,0.1,0.09972,7.601,McCleskey2011 Table 3 single electrolyte,,False,
KNO3,McCleskey2011,experimental,10.0,0.1,0.09972,8.658,McCleskey2011 Table 3 single electrolyte,,False,
KNO3,McCleskey2011,experimental,25.0,0.1,0.09972,12.01,McCleskey2011 Table 3 single electrolyte,,False,
KNO3,McCleskey2011,experimental,35.0,0.1,0.09972,14.4,McCleskey2011 Table 3 single electrolyte,,False,
KNO3,McCleskey2011,experimental,45.0,0.1,0.09972,16.69,McCleskey2011 Table 3 single electrolyte,,False,
KNO3,McCleskey2011,experimental,70.0,0.1,0.09972,23.42,McCleskey2011 Table 3 single electrolyte,,False,
KNO3,McCleskey2011,experimental,90.0,0.1,0.09972,28.75,McCleskey2011 Table 3 single electrolyte,,False,
KNO3,McCleskey2011,experimental,5.0,0.1,0.4093,28.15,McCleskey2011 Table 3 single electrolyte,,False,
KNO3,McCleskey2011,experimental,10.0,0.1,0.4093,32.11,McCleskey2011 Table 3 single electrolyte,,False,
KNO3,McCleskey2011,experimental,25.0,0.1,0.4093,44.07,McCleskey2011 Table 3 single electrolyte,,False,
KNO3,McCleskey2011,experimental,35.0,0.1,0.4093,52.64,McCleskey2011 Table 3 single electrolyte,,False,
KNO3,McCleskey2011,experimental,45.0,0.1,0.4093,61.62,McCleskey2011 Table 3 single electrolyte,,False,
KNO3,McCleskey2011,experimental,70.0,0.1,0.4093,85.9,McCleskey2011 Table 3 single electrolyte,,False,
KNO3,McCleskey2011,experimental,90.0,0.1,0.4093,104.5,McCleskey2011 Table 3 single electrolyte,,False,
KNO3,McCleskey2011,experimental,5.0,0.1,0.7941,48.06,McCleskey2011 Table 3 single electrolyte,,False,
KNO3,McCleskey2011,experimental,10.0,0.1,0.7941,54.74,McCleskey2011 Table 3 single electrolyte,,False,
KNO3,McCleskey2011,experimental,25.0,0.1,0.7941,74.28,McCleskey2011 Table 3 single electrolyte,,False,
KNO3,McCleskey2011,experimental,35.0,0.1,0.7941,88.31,McCleskey2011 Table 3 single electrolyte,,False,
KNO3,McCleskey2011,experimental,45.0,0.1,0.7941,103.8,McCleskey2011 Table 3 single electrolyte,,False,
KNO3,McCleskey2011,experimental,70.0,0.1,0.7941,146.3,McCleskey2011 Table 3 single electrolyte,,False,
KNO3,McCleskey2011,experimental,90.0,0.1,0.7941,169.7,McCleskey2011 Table 3 single electrolyte,,False,
Zn(NO3)2,McCleskey2011,experimental,5.0,0.1,8.7e-05,0.01368,McCleskey2011 Table 3 single electrolyte,,False,
Zn(NO3)2,McCleskey2011,experimental,10.0,0.1,8.7e-05,0.01579,McCleskey2011 Table 3 single electrolyte,,False,
Zn(NO3)2,McCleskey2011,experimental,25.0,0.1,8.7e-05,0.02248,McCleskey2011 Table 3 single electrolyte,,False,
Zn(NO3)2,McCleskey2011,experimental,35.0,0.1,8.7e-05,0.02744,McCleskey2011 Table 3 single electrolyte,,False,
Zn(NO3)2,McCleskey2011,experimental,45.0,0.1,8.7e-05,0.03188,McCleskey2011 Table 3 single electrolyte,,False,
Zn(NO3)2,McCleskey2011,experimental,70.0,0.1,8.7e-05,0.04549,McCleskey2011 Table 3 single electrolyte,,False,
Zn(NO3)2,McCleskey2011,experimental,90.0,0.1,8.7e-05,0.0575,McCleskey2011 Table 3 single electrolyte,,False,
Zn(NO3)2,McCleskey2011,experimental,5.0,0.1,0.00127,0.1814,McCleskey2011 Table 3 single electrolyte,,False,
Zn(NO3)2,McCleskey2011,experimental,10.0,0.1,0.00127,0.2081,McCleskey2011 Table 3 single electrolyte,,False,
Zn(NO3)2,McCleskey2011,experimental,25.0,0.1,0.00127,0.2942,McCleskey2011 Table 3 single electrolyte,,False,
Zn(NO3)2,McCleskey2011,experimental,35.0,0.1,0.00127,0.3606,McCleskey2011 Table 3 single electrolyte,,False,
Zn(NO3)2,McCleskey2011,experimental,45.0,0.1,0.00127,0.4205,McCleskey2011 Table 3 single electrolyte,,False,
Zn(NO3)2,McCleskey2011,experimental,70.0,0.1,0.00127,0.6014,McCleskey2011 Table 3 single electrolyte,,False,
Zn(NO3)2,McCleskey2011,experimental,90.0,0.1,0.00127,0.7615,McCleskey2011 Table 3 single electrolyte,,False,
Zn(NO3)2,McCleskey2011,experimental,5.0,0.1,0.00874,1.162,McCleskey2011 Table 3 single electrolyte,,False,
Zn(NO3)2,McCleskey2011,experimental,10.0,0.1,0.00874,1.334,McCleskey2011 Table 3 single electrolyte,,False,
Zn(NO3)2,McCleskey2011,experimental,25.0,0.1,0.00874,1.891,McCleskey2011 Table 3 single electrolyte,,False,
Zn(NO3)2,McCleskey2011,experimental,35.0,0.1,0.00874,2.299,McCleskey2011 Table 3 single electrolyte,,False,
Zn(NO3)2,McCleskey2011,experimental,45.0,0.1,0.00874,2.687,McCleskey2011 Table 3 single electrolyte,,False,
Zn(NO3)2,McCleskey2011,experimental,70.0,0.1,0.00874,3.83,McCleskey2011 Table 3 single electrolyte,,False,
Zn(NO3)2,McCleskey2011,experimental,90.0,0.1,0.00874,4.824,McCleskey2011 Table 3 single electrolyte,,False,
Zn(NO3)2,McCleskey2011,experimental,5.0,0.1,0.1275,13.91,McCleskey2011 Table 3 single electrolyte,,False,
Zn(NO3)2,McCleskey2011,experimental,10.0,0.1,0.1275,15.92,McCleskey2011 Table 3 single electrolyte,,False,
Zn(NO3)2,McCleskey2011,experimental,25.0,0.1,0.1275,22.17,McCleskey2011 Table 3 single electrolyte,,False,
Zn(NO3)2,McCleskey2011,experimental,35.0,0.1,0.1275,26.58,McCleskey2011 Table 3 single electrolyte,,False,
Zn(NO3)2,McCleskey2011,experimental,45.0,0.1,0.1275,31.18,McCleskey2011 Table 3 single electrolyte,,False,
Zn(NO3)2,McCleskey2011,experimental,70.0,0.1,0.1275,44.02,McCleskey2011 Table 3 single electrolyte,,False,
Zn(NO3)2,McCleskey2011,experimental,90.0,0.1,0.1275,54.42,McCleskey2011 Table 3 single electrolyte,,False,
Zn(NO3)2,McCleskey2011,experimental,5.0,0.1,0.3325,31.11,McCleskey2011 Table 3 single electrolyte,,False,
Zn(NO3)2,McCleskey2011,experimental,10.0,0.1,0.3325,36.53,McCleskey2011 Table 3 single electrolyte,,False,
Zn(NO3)2,McCleskey2011,experimental,25.0,0.1,0.3325,49.31,McCleskey2011 Table 3 single electrolyte,,False,
Zn(NO3)2,McCleskey2011,experimental,35.0,0.1,0.3325,59.06,McCleskey2011 Table 3 single electrolyte,,False,
Zn(NO3)2,McCleskey2011,experimental,45.0,0.1,0.3325,69.86,McCleskey2011 Table 3 single electrolyte,,False,
Zn(NO3)2,McCleskey2011,experimental,70.0,0.1,0.3325,99.37,McCleskey2011 Table 3 single electrolyte,,False,
Zn(NO3)2,McCleskey2011,experimental,90.0,0.1,0.3325,118.3,McCleskey2011 Table 3 single electrolyte,,False,
Al(NO3)3+HNO3,McCleskey2011_T4,experimental,5.0,0.1,8.8e-05,0.3869,McCleskey2011 Table 4 (salt+acid mixture); not clean single salt,,True,
Al(NO3)3+HNO3,McCleskey2011_T4,experimental,10.0,0.1,8.8e-05,0.4302,McCleskey2011 Table 4 (salt+acid mixture); not clean single salt,,True,
Al(NO3)3+HNO3,McCleskey2011_T4,experimental,25.0,0.1,8.8e-05,0.5552,McCleskey2011 Table 4 (salt+acid mixture); not clean single salt,,True,
Al(NO3)3+HNO3,McCleskey2011_T4,experimental,35.0,0.1,8.8e-05,0.6334,McCleskey2011 Table 4 (salt+acid mixture); not clean single salt,,True,
Al(NO3)3+HNO3,McCleskey2011_T4,experimental,45.0,0.1,8.8e-05,0.7101,McCleskey2011 Table 4 (salt+acid mixture); not clean single salt,,True,
Al(NO3)3+HNO3,McCleskey2011_T4,experimental,70.0,0.1,8.8e-05,0.9049,McCleskey2011 Table 4 (salt+acid mixture); not clean single salt,,True,
Al(NO3)3+HNO3,McCleskey2011_T4,experimental,90.0,0.1,8.8e-05,1.042,McCleskey2011 Table 4 (salt+acid mixture); not clean single salt,,True,
Al(NO3)3+HNO3,McCleskey2011_T4,experimental,5.0,0.1,0.000883,0.5671,McCleskey2011 Table 4 (salt+acid mixture); not clean single salt,,True,
Al(NO3)3+HNO3,McCleskey2011_T4,experimental,10.0,0.1,0.000883,0.6384,McCleskey2011 Table 4 (salt+acid mixture); not clean single salt,,True,
Al(NO3)3+HNO3,McCleskey2011_T4,experimental,25.0,0.1,0.000883,0.8484,McCleskey2011 Table 4 (salt+acid mixture); not clean single salt,,True,
Al(NO3)3+HNO3,McCleskey2011_T4,experimental,35.0,0.1,0.000883,0.9898,McCleskey2011 Table 4 (salt+acid mixture); not clean single salt,,True,
Al(NO3)3+HNO3,McCleskey2011_T4,experimental,45.0,0.1,0.000883,1.135,McCleskey2011 Table 4 (salt+acid mixture); not clean single salt,,True,
Al(NO3)3+HNO3,McCleskey2011_T4,experimental,70.0,0.1,0.000883,1.533,McCleskey2011 Table 4 (salt+acid mixture); not clean single salt,,True,
Al(NO3)3+HNO3,McCleskey2011_T4,experimental,90.0,0.1,0.000883,1.872,McCleskey2011 Table 4 (salt+acid mixture); not clean single salt,,True,
Al(NO3)3+HNO3,McCleskey2011_T4,experimental,5.0,0.1,0.00871,2.168,McCleskey2011 Table 4 (salt+acid mixture); not clean single salt,,True,
Al(NO3)3+HNO3,McCleskey2011_T4,experimental,10.0,0.1,0.00871,2.457,McCleskey2011 Table 4 (salt+acid mixture); not clean single salt,,True,
Al(NO3)3+HNO3,McCleskey2011_T4,experimental,25.0,0.1,0.00871,3.424,McCleskey2011 Table 4 (salt+acid mixture); not clean single salt,,True,
Al(NO3)3+HNO3,McCleskey2011_T4,experimental,35.0,0.1,0.00871,4.11,McCleskey2011 Table 4 (salt+acid mixture); not clean single salt,,True,
Al(NO3)3+HNO3,McCleskey2011_T4,experimental,45.0,0.1,0.00871,4.827,McCleskey2011 Table 4 (salt+acid mixture); not clean single salt,,True,
Al(NO3)3+HNO3,McCleskey2011_T4,experimental,70.0,0.1,0.00871,6.932,McCleskey2011 Table 4 (salt+acid mixture); not clean single salt,,True,
Al(NO3)3+HNO3,McCleskey2011_T4,experimental,90.0,0.1,0.00871,8.941,McCleskey2011 Table 4 (salt+acid mixture); not clean single salt,,True,
Al(NO3)3+HNO3,McCleskey2011_T4,experimental,5.0,0.1,0.0881,15.51,McCleskey2011 Table 4 (salt+acid mixture); not clean single salt,,True,
Al(NO3)3+HNO3,McCleskey2011_T4,experimental,10.0,0.1,0.0881,17.06,McCleskey2011 Table 4 (salt+acid mixture); not clean single salt,,True,
Al(NO3)3+HNO3,McCleskey2011_T4,experimental,25.0,0.1,0.0881,23.78,McCleskey2011 Table 4 (salt+acid mixture); not clean single salt,,True,
Al(NO3)3+HNO3,McCleskey2011_T4,experimental,35.0,0.1,0.0881,28.73,McCleskey2011 Table 4 (salt+acid mixture); not clean single salt,,True,
Al(NO3)3+HNO3,McCleskey2011_T4,experimental,45.0,0.1,0.0881,33.87,McCleskey2011 Table 4 (salt+acid mixture); not clean single salt,,True,
Al(NO3)3+HNO3,McCleskey2011_T4,experimental,70.0,0.1,0.0881,48.67,McCleskey2011 Table 4 (salt+acid mixture); not clean single salt,,True,
Al(NO3)3+HNO3,McCleskey2011_T4,experimental,90.0,0.1,0.0881,59.23,McCleskey2011 Table 4 (salt+acid mixture); not clean single salt,,True,
Al(NO3)3+HNO3,McCleskey2011_T4,experimental,5.0,0.1,0.158,25.11,McCleskey2011 Table 4 (salt+acid mixture); not clean single salt,,True,
Al(NO3)3+HNO3,McCleskey2011_T4,experimental,10.0,0.1,0.158,28.26,McCleskey2011 Table 4 (salt+acid mixture); not clean single salt,,True,
Al(NO3)3+HNO3,McCleskey2011_T4,experimental,25.0,0.1,0.158,39.13,McCleskey2011 Table 4 (salt+acid mixture); not clean single salt,,True,
Al(NO3)3+HNO3,McCleskey2011_T4,experimental,35.0,0.1,0.158,47.88,McCleskey2011 Table 4 (salt+acid mixture); not clean single salt,,True,
Al(NO3)3+HNO3,McCleskey2011_T4,experimental,45.0,0.1,0.158,55.95,McCleskey2011 Table 4 (salt+acid mixture); not clean single salt,,True,
Al(NO3)3+HNO3,McCleskey2011_T4,experimental,70.0,0.1,0.158,76.89,McCleskey2011 Table 4 (salt+acid mixture); not clean single salt,,True,
Al(NO3)3+HNO3,McCleskey2011_T4,experimental,90.0,0.1,0.158,96.98,McCleskey2011 Table 4 (salt+acid mixture); not clean single salt,,True,
Cu(NO3)2+HNO3,McCleskey2011_T4,experimental,5.0,0.1,0.0001,0.1101,McCleskey2011 Table 4 (salt+acid mixture); not clean single salt,,True,
Cu(NO3)2+HNO3,McCleskey2011_T4,experimental,10.0,0.1,0.0001,0.1227,McCleskey2011 Table 4 (salt+acid mixture); not clean single salt,,True,
Cu(NO3)2+HNO3,McCleskey2011_T4,experimental,25.0,0.1,0.0001,0.1613,McCleskey2011 Table 4 (salt+acid mixture); not clean single salt,,True,
Cu(NO3)2+HNO3,McCleskey2011_T4,experimental,35.0,0.1,0.0001,0.187,McCleskey2011 Table 4 (salt+acid mixture); not clean single salt,,True,
Cu(NO3)2+HNO3,McCleskey2011_T4,experimental,45.0,0.1,0.0001,0.208,McCleskey2011 Table 4 (salt+acid mixture); not clean single salt,,True,
Cu(NO3)2+HNO3,McCleskey2011_T4,experimental,70.0,0.1,0.0001,0.2684,McCleskey2011 Table 4 (salt+acid mixture); not clean single salt,,True,
Cu(NO3)2+HNO3,McCleskey2011_T4,experimental,90.0,0.1,0.0001,0.318,McCleskey2011 Table 4 (salt+acid mixture); not clean single salt,,True,
Cu(NO3)2+HNO3,McCleskey2011_T4,experimental,5.0,0.1,0.0011,0.2486,McCleskey2011 Table 4 (salt+acid mixture); not clean single salt,,True,
Cu(NO3)2+HNO3,McCleskey2011_T4,experimental,10.0,0.1,0.0011,0.2823,McCleskey2011 Table 4 (salt+acid mixture); not clean single salt,,True,
Cu(NO3)2+HNO3,McCleskey2011_T4,experimental,25.0,0.1,0.0011,0.388,McCleskey2011 Table 4 (salt+acid mixture); not clean single salt,,True,
Cu(NO3)2+HNO3,McCleskey2011_T4,experimental,35.0,0.1,0.0011,0.4633,McCleskey2011 Table 4 (salt+acid mixture); not clean single salt,,True,
Cu(NO3)2+HNO3,McCleskey2011_T4,experimental,45.0,0.1,0.0011,0.5303,McCleskey2011 Table 4 (salt+acid mixture); not clean single salt,,True,
Cu(NO3)2+HNO3,McCleskey2011_T4,experimental,70.0,0.1,0.0011,0.7303,McCleskey2011 Table 4 (salt+acid mixture); not clean single salt,,True,
Cu(NO3)2+HNO3,McCleskey2011_T4,experimental,90.0,0.1,0.0011,0.8992,McCleskey2011 Table 4 (salt+acid mixture); not clean single salt,,True,
Cu(NO3)2+HNO3,McCleskey2011_T4,experimental,5.0,0.1,0.01032,1.433,McCleskey2011 Table 4 (salt+acid mixture); not clean single salt,,True,
Cu(NO3)2+HNO3,McCleskey2011_T4,experimental,10.0,0.1,0.01032,1.641,McCleskey2011 Table 4 (salt+acid mixture); not clean single salt,,True,
Cu(NO3)2+HNO3,McCleskey2011_T4,experimental,25.0,0.1,0.01032,2.308,McCleskey2011 Table 4 (salt+acid mixture); not clean single salt,,True,
Cu(NO3)2+HNO3,McCleskey2011_T4,experimental,35.0,0.1,0.01032,2.795,McCleskey2011 Table 4 (salt+acid mixture); not clean single salt,,True,
Cu(NO3)2+HNO3,McCleskey2011_T4,experimental,45.0,0.1,0.01032,3.256,McCleskey2011 Table 4 (salt+acid mixture); not clean single salt,,True,
Cu(NO3)2+HNO3,McCleskey2011_T4,experimental,70.0,0.1,0.01032,4.628,McCleskey2011 Table 4 (salt+acid mixture); not clean single salt,,True,
Cu(NO3)2+HNO3,McCleskey2011_T4,experimental,90.0,0.1,0.01032,5.792,McCleskey2011 Table 4 (salt+acid mixture); not clean single salt,,True,
Cu(NO3)2+HNO3,McCleskey2011_T4,experimental,5.0,0.1,0.1108,12.07,McCleskey2011 Table 4 (salt+acid mixture); not clean single salt,,True,
Cu(NO3)2+HNO3,McCleskey2011_T4,experimental,10.0,0.1,0.1108,13.82,McCleskey2011 Table 4 (salt+acid mixture); not clean single salt,,True,
Cu(NO3)2+HNO3,McCleskey2011_T4,experimental,25.0,0.1,0.1108,19.35,McCleskey2011 Table 4 (salt+acid mixture); not clean single salt,,True,
Cu(NO3)2+HNO3,McCleskey2011_T4,experimental,35.0,0.1,0.1108,23.33,McCleskey2011 Table 4 (salt+acid mixture); not clean single salt,,True,
Cu(NO3)2+HNO3,McCleskey2011_T4,experimental,45.0,0.1,0.1108,27.46,McCleskey2011 Table 4 (salt+acid mixture); not clean single salt,,True,
Cu(NO3)2+HNO3,McCleskey2011_T4,experimental,70.0,0.1,0.1108,39.18,McCleskey2011 Table 4 (salt+acid mixture); not clean single salt,,True,
Cu(NO3)2+HNO3,McCleskey2011_T4,experimental,90.0,0.1,0.1108,48.38,McCleskey2011 Table 4 (salt+acid mixture); not clean single salt,,True,
Cu(NO3)2+HNO3,McCleskey2011_T4,experimental,5.0,0.1,0.3459,32.19,McCleskey2011 Table 4 (salt+acid mixture); not clean single salt,,True,
Cu(NO3)2+HNO3,McCleskey2011_T4,experimental,10.0,0.1,0.3459,36.8,McCleskey2011 Table 4 (salt+acid mixture); not clean single salt,,True,
Cu(NO3)2+HNO3,McCleskey2011_T4,experimental,25.0,0.1,0.3459,50.93,McCleskey2011 Table 4 (salt+acid mixture); not clean single salt,,True,
Cu(NO3)2+HNO3,McCleskey2011_T4,experimental,35.0,0.1,0.3459,60.92,McCleskey2011 Table 4 (salt+acid mixture); not clean single salt,,True,
Cu(NO3)2+HNO3,McCleskey2011_T4,experimental,45.0,0.1,0.3459,72.35,McCleskey2011 Table 4 (salt+acid mixture); not clean single salt,,True,
Cu(NO3)2+HNO3,McCleskey2011_T4,experimental,70.0,0.1,0.3459,103.4,McCleskey2011 Table 4 (salt+acid mixture); not clean single salt,,True,
Cu(NO3)2+HNO3,McCleskey2011_T4,experimental,90.0,0.1,0.3459,125.7,McCleskey2011 Table 4 (salt+acid mixture); not clean single salt,,True,
FeCl2+HCl,McCleskey2011_T4,experimental,5.0,0.1,9e-05,3.365,McCleskey2011 Table 4 (salt+acid mixture); not clean single salt,,True,
FeCl2+HCl,McCleskey2011_T4,experimental,10.0,0.1,9e-05,3.724,McCleskey2011 Table 4 (salt+acid mixture); not clean single salt,,True,
FeCl2+HCl,McCleskey2011_T4,experimental,25.0,0.1,9e-05,4.835,McCleskey2011 Table 4 (salt+acid mixture); not clean single salt,,True,
FeCl2+HCl,McCleskey2011_T4,experimental,35.0,0.1,9e-05,5.486,McCleskey2011 Table 4 (salt+acid mixture); not clean single salt,,True,
FeCl2+HCl,McCleskey2011_T4,experimental,45.0,0.1,9e-05,6.142,McCleskey2011 Table 4 (salt+acid mixture); not clean single salt,,True,
FeCl2+HCl,McCleskey2011_T4,experimental,70.0,0.1,9e-05,7.702,McCleskey2011 Table 4 (salt+acid mixture); not clean single salt,,True,
FeCl2+HCl,McCleskey2011_T4,experimental,90.0,0.1,9e-05,8.954,McCleskey2011 Table 4 (salt+acid mixture); not clean single salt,,True,
FeCl2+HCl,McCleskey2011_T4,experimental,5.0,0.1,0.000726,3.437,McCleskey2011 Table 4 (salt+acid mixture); not clean single salt,,True,
FeCl2+HCl,McCleskey2011_T4,experimental,10.0,0.1,0.000726,3.802,McCleskey2011 Table 4 (salt+acid mixture); not clean single salt,,True,
FeCl2+HCl,McCleskey2011_T4,experimental,25.0,0.1,0.000726,4.94,McCleskey2011 Table 4 (salt+acid mixture); not clean single salt,,True,
FeCl2+HCl,McCleskey2011_T4,experimental,35.0,0.1,0.000726,5.646,McCleskey2011 Table 4 (salt+acid mixture); not clean single salt,,True,
FeCl2+HCl,McCleskey2011_T4,experimental,45.0,0.1,0.000726,6.35,McCleskey2011 Table 4 (salt+acid mixture); not clean single salt,,True,
FeCl2+HCl,McCleskey2011_T4,experimental,70.0,0.1,0.000726,8.025,McCleskey2011 Table 4 (salt+acid mixture); not clean single salt,,True,
FeCl2+HCl,McCleskey2011_T4,experimental,90.0,0.1,0.000726,9.282,McCleskey2011 Table 4 (salt+acid mixture); not clean single salt,,True,
FeCl2+HCl,McCleskey2011_T4,experimental,5.0,0.1,0.00908,4.397,McCleskey2011 Table 4 (salt+acid mixture); not clean single salt,,True,
FeCl2+HCl,McCleskey2011_T4,experimental,10.0,0.1,0.00908,4.997,McCleskey2011 Table 4 (salt+acid mixture); not clean single salt,,True,
FeCl2+HCl,McCleskey2011_T4,experimental,25.0,0.1,0.00908,6.568,McCleskey2011 Table 4 (salt+acid mixture); not clean single salt,,True,
FeCl2+HCl,McCleskey2011_T4,experimental,35.0,0.1,0.00908,7.661,McCleskey2011 Table 4 (salt+acid mixture); not clean single salt,,True,
FeCl2+HCl,McCleskey2011_T4,experimental,45.0,0.1,0.00908,8.715,McCleskey2011 Table 4 (salt+acid mixture); not clean single salt,,True,
FeCl2+HCl,McCleskey2011_T4,experimental,70.0,0.1,0.00908,11.48,McCleskey2011 Table 4 (salt+acid mixture); not clean single salt,,True,
FeCl2+HCl,McCleskey2011_T4,experimental,90.0,0.1,0.00908,13.54,McCleskey2011 Table 4 (salt+acid mixture); not clean single salt,,True,
FeCl2+HCl,McCleskey2011_T4,experimental,5.0,0.1,0.1169,16.0,McCleskey2011 Table 4 (salt+acid mixture); not clean single salt,,True,
FeCl2+HCl,McCleskey2011_T4,experimental,10.0,0.1,0.1169,18.07,McCleskey2011 Table 4 (salt+acid mixture); not clean single salt,,True,
FeCl2+HCl,McCleskey2011_T4,experimental,25.0,0.1,0.1169,24.94,McCleskey2011 Table 4 (salt+acid mixture); not clean single salt,,True,
FeCl2+HCl,McCleskey2011_T4,experimental,35.0,0.1,0.1169,30.03,McCleskey2011 Table 4 (salt+acid mixture); not clean single salt,,True,
FeCl2+HCl,McCleskey2011_T4,experimental,45.0,0.1,0.1169,35.16,McCleskey2011 Table 4 (salt+acid mixture); not clean single salt,,True,
FeCl2+HCl,McCleskey2011_T4,experimental,70.0,0.1,0.1169,48.89,McCleskey2011 Table 4 (salt+acid mixture); not clean single salt,,True,
FeCl2+HCl,McCleskey2011_T4,experimental,90.0,0.1,0.1169,59.66,McCleskey2011 Table 4 (salt+acid mixture); not clean single salt,,True,
FeSO4+H2SO4,McCleskey2011_T4,experimental,5.0,0.1,0.00112,0.6212,McCleskey2011 Table 4 (salt+acid mixture); not clean single salt,,True,
FeSO4+H2SO4,McCleskey2011_T4,experimental,10.0,0.1,0.00112,0.6791,McCleskey2011 Table 4 (salt+acid mixture); not clean single salt,,True,
FeSO4+H2SO4,McCleskey2011_T4,experimental,25.0,0.1,0.00112,0.8697,McCleskey2011 Table 4 (salt+acid mixture); not clean single salt,,True,
FeSO4+H2SO4,McCleskey2011_T4,experimental,35.0,0.1,0.00112,0.9771,McCleskey2011 Table 4 (salt+acid mixture); not clean single salt,,True,
FeSO4+H2SO4,McCleskey2011_T4,experimental,45.0,0.1,0.00112,1.075,McCleskey2011 Table 4 (salt+acid mixture); not clean single salt,,True,
FeSO4+H2SO4,McCleskey2011_T4,experimental,70.0,0.1,0.00112,1.235,McCleskey2011 Table 4 (salt+acid mixture); not clean single salt,,True,
FeSO4+H2SO4,McCleskey2011_T4,experimental,90.0,0.1,0.00112,1.274,McCleskey2011 Table 4 (salt+acid mixture); not clean single salt,,True,
FeSO4+H2SO4,McCleskey2011_T4,experimental,5.0,0.1,0.00212,0.6435,McCleskey2011 Table 4 (salt+acid mixture); not clean single salt,,True,
FeSO4+H2SO4,McCleskey2011_T4,experimental,10.0,0.1,0.00212,0.7287,McCleskey2011 Table 4 (salt+acid mixture); not clean single salt,,True,
FeSO4+H2SO4,McCleskey2011_T4,experimental,25.0,0.1,0.00212,0.9366,McCleskey2011 Table 4 (salt+acid mixture); not clean single salt,,True,
FeSO4+H2SO4,McCleskey2011_T4,experimental,35.0,0.1,0.00212,1.063,McCleskey2011 Table 4 (salt+acid mixture); not clean single salt,,True,
FeSO4+H2SO4,McCleskey2011_T4,experimental,45.0,0.1,0.00212,1.165,McCleskey2011 Table 4 (salt+acid mixture); not clean single salt,,True,
FeSO4+H2SO4,McCleskey2011_T4,experimental,70.0,0.1,0.00212,1.409,McCleskey2011 Table 4 (salt+acid mixture); not clean single salt,,True,
FeSO4+H2SO4,McCleskey2011_T4,experimental,90.0,0.1,0.00212,1.543,McCleskey2011 Table 4 (salt+acid mixture); not clean single salt,,True,
FeSO4+H2SO4,McCleskey2011_T4,experimental,5.0,0.1,0.01287,1.183,McCleskey2011 Table 4 (salt+acid mixture); not clean single salt,,True,
FeSO4+H2SO4,McCleskey2011_T4,experimental,10.0,0.1,0.01287,1.326,McCleskey2011 Table 4 (salt+acid mixture); not clean single salt,,True,
FeSO4+H2SO4,McCleskey2011_T4,experimental,25.0,0.1,0.01287,1.784,McCleskey2011 Table 4 (salt+acid mixture); not clean single salt,,True,
FeSO4+H2SO4,McCleskey2011_T4,experimental,35.0,0.1,0.01287,2.092,McCleskey2011 Table 4 (salt+acid mixture); not clean single salt,,True,
FeSO4+H2SO4,McCleskey2011_T4,experimental,45.0,0.1,0.01287,2.419,McCleskey2011 Table 4 (salt+acid mixture); not clean single salt,,True,
FeSO4+H2SO4,McCleskey2011_T4,experimental,70.0,0.1,0.01287,3.214,McCleskey2011 Table 4 (salt+acid mixture); not clean single salt,,True,
FeSO4+H2SO4,McCleskey2011_T4,experimental,90.0,0.1,0.01287,3.988,McCleskey2011 Table 4 (salt+acid mixture); not clean single salt,,True,
FeSO4+H2SO4,McCleskey2011_T4,experimental,5.0,0.1,0.1121,2.469,McCleskey2011 Table 4 (salt+acid mixture); not clean single salt,,True,
FeSO4+H2SO4,McCleskey2011_T4,experimental,10.0,0.1,0.1121,2.69,McCleskey2011 Table 4 (salt+acid mixture); not clean single salt,,True,
FeSO4+H2SO4,McCleskey2011_T4,experimental,25.0,0.1,0.1121,3.516,McCleskey2011 Table 4 (salt+acid mixture); not clean single salt,,True,
FeSO4+H2SO4,McCleskey2011_T4,experimental,35.0,0.1,0.1121,3.913,McCleskey2011 Table 4 (salt+acid mixture); not clean single salt,,True,
FeSO4+H2SO4,McCleskey2011_T4,experimental,45.0,0.1,0.1121,4.714,McCleskey2011 Table 4 (salt+acid mixture); not clean single salt,,True,
FeSO4+H2SO4,McCleskey2011_T4,experimental,5.0,0.1,0.2576,12.38,McCleskey2011 Table 4 (salt+acid mixture); not clean single salt,,True,
FeSO4+H2SO4,McCleskey2011_T4,experimental,10.0,0.1,0.2576,14.15,McCleskey2011 Table 4 (salt+acid mixture); not clean single salt,,True,
FeSO4+H2SO4,McCleskey2011_T4,experimental,25.0,0.1,0.2576,19.8,McCleskey2011 Table 4 (salt+acid mixture); not clean single salt,,True,
FeSO4+H2SO4,McCleskey2011_T4,experimental,35.0,0.1,0.2576,23.03,McCleskey2011 Table 4 (salt+acid mixture); not clean single salt,,True,
FeSO4+H2SO4,McCleskey2011_T4,experimental,45.0,0.1,0.2576,26.92,McCleskey2011 Table 4 (salt+acid mixture); not clean single salt,,True,
FeSO4+H2SO4,McCleskey2011_T4,experimental,70.0,0.1,0.2576,36.31,McCleskey2011 Table 4 (salt+acid mixture); not clean single salt,,True,
FeSO4+H2SO4,McCleskey2011_T4,experimental,90.0,0.1,0.2576,41.1,McCleskey2011 Table 4 (salt+acid mixture); not clean single salt,,True,
Fe(NO3)3+HNO3,McCleskey2011_T4,experimental,5.0,0.1,9.9e-05,40.31,McCleskey2011 Table 4 (salt+acid mixture); not clean single salt,,True,
Fe(NO3)3+HNO3,McCleskey2011_T4,experimental,10.0,0.1,9.9e-05,44.78,McCleskey2011 Table 4 (salt+acid mixture); not clean single salt,,True,
Fe(NO3)3+HNO3,McCleskey2011_T4,experimental,25.0,0.1,9.9e-05,57.3,McCleskey2011 Table 4 (salt+acid mixture); not clean single salt,,True,
Fe(NO3)3+HNO3,McCleskey2011_T4,experimental,35.0,0.1,9.9e-05,65.32,McCleskey2011 Table 4 (salt+acid mixture); not clean single salt,,True,
Fe(NO3)3+HNO3,McCleskey2011_T4,experimental,45.0,0.1,9.9e-05,72.45,McCleskey2011 Table 4 (salt+acid mixture); not clean single salt,,True,
Fe(NO3)3+HNO3,McCleskey2011_T4,experimental,70.0,0.1,9.9e-05,90.86,McCleskey2011 Table 4 (salt+acid mixture); not clean single salt,,True,
Fe(NO3)3+HNO3,McCleskey2011_T4,experimental,90.0,0.1,9.9e-05,102.7,McCleskey2011 Table 4 (salt+acid mixture); not clean single salt,,True,
Fe(NO3)3+HNO3,McCleskey2011_T4,experimental,5.0,0.1,0.000984,40.37,McCleskey2011 Table 4 (salt+acid mixture); not clean single salt,,True,
Fe(NO3)3+HNO3,McCleskey2011_T4,experimental,10.0,0.1,0.000984,44.86,McCleskey2011 Table 4 (salt+acid mixture); not clean single salt,,True,
Fe(NO3)3+HNO3,McCleskey2011_T4,experimental,25.0,0.1,0.000984,57.39,McCleskey2011 Table 4 (salt+acid mixture); not clean single salt,,True,
Fe(NO3)3+HNO3,McCleskey2011_T4,experimental,35.0,0.1,0.000984,65.47,McCleskey2011 Table 4 (salt+acid mixture); not clean single salt,,True,
Fe(NO3)3+HNO3,McCleskey2011_T4,experimental,45.0,0.1,0.000984,72.59,McCleskey2011 Table 4 (salt+acid mixture); not clean single salt,,True,
Fe(NO3)3+HNO3,McCleskey2011_T4,experimental,70.0,0.1,0.000984,91.06,McCleskey2011 Table 4 (salt+acid mixture); not clean single salt,,True,
Fe(NO3)3+HNO3,McCleskey2011_T4,experimental,90.0,0.1,0.000984,103.3,McCleskey2011 Table 4 (salt+acid mixture); not clean single salt,,True,
Fe(NO3)3+HNO3,McCleskey2011_T4,experimental,5.0,0.1,0.00985,41.4,McCleskey2011 Table 4 (salt+acid mixture); not clean single salt,,True,
Fe(NO3)3+HNO3,McCleskey2011_T4,experimental,10.0,0.1,0.00985,45.97,McCleskey2011 Table 4 (salt+acid mixture); not clean single salt,,True,
Fe(NO3)3+HNO3,McCleskey2011_T4,experimental,25.0,0.1,0.00985,59.15,McCleskey2011 Table 4 (salt+acid mixture); not clean single salt,,True,
Fe(NO3)3+HNO3,McCleskey2011_T4,experimental,35.0,0.1,0.00985,67.6,McCleskey2011 Table 4 (salt+acid mixture); not clean single salt,,True,
Fe(NO3)3+HNO3,McCleskey2011_T4,experimental,45.0,0.1,0.00985,75.32,McCleskey2011 Table 4 (salt+acid mixture); not clean single salt,,True,
Fe(NO3)3+HNO3,McCleskey2011_T4,experimental,70.0,0.1,0.00985,95.53,McCleskey2011 Table 4 (salt+acid mixture); not clean single salt,,True,
Fe(NO3)3+HNO3,McCleskey2011_T4,experimental,90.0,0.1,0.00985,109.1,McCleskey2011 Table 4 (salt+acid mixture); not clean single salt,,True,
Fe(NO3)3+HNO3,McCleskey2011_T4,experimental,5.0,0.1,0.09618,51.43,McCleskey2011 Table 4 (salt+acid mixture); not clean single salt,,True,
Fe(NO3)3+HNO3,McCleskey2011_T4,experimental,10.0,0.1,0.09618,57.77,McCleskey2011 Table 4 (salt+acid mixture); not clean single salt,,True,
Fe(NO3)3+HNO3,McCleskey2011_T4,experimental,25.0,0.1,0.09618,75.76,McCleskey2011 Table 4 (salt+acid mixture); not clean single salt,,True,
Fe(NO3)3+HNO3,McCleskey2011_T4,experimental,35.0,0.1,0.09618,87.88,McCleskey2011 Table 4 (salt+acid mixture); not clean single salt,,True,
Fe(NO3)3+HNO3,McCleskey2011_T4,experimental,45.0,0.1,0.09618,101.5,McCleskey2011 Table 4 (salt+acid mixture); not clean single salt,,True,
Fe(NO3)3+HNO3,McCleskey2011_T4,experimental,70.0,0.1,0.09618,138.5,McCleskey2011 Table 4 (salt+acid mixture); not clean single salt,,True,
Fe(NO3)3+HNO3,McCleskey2011_T4,experimental,90.0,0.1,0.09618,165.2,McCleskey2011 Table 4 (salt+acid mixture); not clean single salt,,True,
Fe(NO3)3+HNO3,McCleskey2011_T4,experimental,5.0,0.1,0.2534,66.56,McCleskey2011 Table 4 (salt+acid mixture); not clean single salt,,True,
Fe(NO3)3+HNO3,McCleskey2011_T4,experimental,10.0,0.1,0.2534,75.23,McCleskey2011 Table 4 (salt+acid mixture); not clean single salt,,True,
Fe(NO3)3+HNO3,McCleskey2011_T4,experimental,25.0,0.1,0.2534,100.0,McCleskey2011 Table 4 (salt+acid mixture); not clean single salt,,True,
Fe(NO3)3+HNO3,McCleskey2011_T4,experimental,35.0,0.1,0.2534,118.3,McCleskey2011 Table 4 (salt+acid mixture); not clean single salt,,True,
Fe(NO3)3+HNO3,McCleskey2011_T4,experimental,45.0,0.1,0.2534,140.2,McCleskey2011 Table 4 (salt+acid mixture); not clean single salt,,True,
Fe(NO3)3+HNO3,McCleskey2011_T4,experimental,70.0,0.1,0.2534,203.2,McCleskey2011 Table 4 (salt+acid mixture); not clean single salt,,True,
Fe2(SO4)3+H2SO4,McCleskey2011_T4,experimental,5.0,0.1,0.000104,3.946,McCleskey2011 Table 4 (salt+acid mixture); not clean single salt,,True,
Fe2(SO4)3+H2SO4,McCleskey2011_T4,experimental,10.0,0.1,0.000104,4.306,McCleskey2011 Table 4 (salt+acid mixture); not clean single salt,,True,
Fe2(SO4)3+H2SO4,McCleskey2011_T4,experimental,25.0,0.1,0.000104,5.228,McCleskey2011 Table 4 (salt+acid mixture); not clean single salt,,True,
Fe2(SO4)3+H2SO4,McCleskey2011_T4,experimental,35.0,0.1,0.000104,5.695,McCleskey2011 Table 4 (salt+acid mixture); not clean single salt,,True,
Fe2(SO4)3+H2SO4,McCleskey2011_T4,experimental,45.0,0.1,0.000104,6.051,McCleskey2011 Table 4 (salt+acid mixture); not clean single salt,,True,
Fe2(SO4)3+H2SO4,McCleskey2011_T4,experimental,70.0,0.1,0.000104,6.59,McCleskey2011 Table 4 (salt+acid mixture); not clean single salt,,True,
Fe2(SO4)3+H2SO4,McCleskey2011_T4,experimental,90.0,0.1,0.000104,6.888,McCleskey2011 Table 4 (salt+acid mixture); not clean single salt,,True,
Fe2(SO4)3+H2SO4,McCleskey2011_T4,experimental,5.0,0.1,0.000829,4.036,McCleskey2011 Table 4 (salt+acid mixture); not clean single salt,,True,
Fe2(SO4)3+H2SO4,McCleskey2011_T4,experimental,10.0,0.1,0.000829,4.402,McCleskey2011 Table 4 (salt+acid mixture); not clean single salt,,True,
Fe2(SO4)3+H2SO4,McCleskey2011_T4,experimental,25.0,0.1,0.000829,5.35,McCleskey2011 Table 4 (salt+acid mixture); not clean single salt,,True,
Fe2(SO4)3+H2SO4,McCleskey2011_T4,experimental,35.0,0.1,0.000829,5.829,McCleskey2011 Table 4 (salt+acid mixture); not clean single salt,,True,
Fe2(SO4)3+H2SO4,McCleskey2011_T4,experimental,45.0,0.1,0.000829,6.204,McCleskey2011 Table 4 (salt+acid mixture); not clean single salt,,True,
Fe2(SO4)3+H2SO4,McCleskey2011_T4,experimental,70.0,0.1,0.000829,6.81,McCleskey2011 Table 4 (salt+acid mixture); not clean single salt,,True,
Fe2(SO4)3+H2SO4,McCleskey2011_T4,experimental,90.0,0.1,0.000829,7.18,McCleskey2011 Table 4 (salt+acid mixture); not clean single salt,,True,
Mg(NO3)2+HNO3,McCleskey2011_T4,experimental,5.0,0.1,9.8e-05,0.07334,McCleskey2011 Table 4 (salt+acid mixture); not clean single salt,,True,
Mg(NO3)2+HNO3,McCleskey2011_T4,experimental,10.0,0.1,9.8e-05,0.08166,McCleskey2011 Table 4 (salt+acid mixture); not clean single salt,,True,
Mg(NO3)2+HNO3,McCleskey2011_T4,experimental,25.0,0.1,9.8e-05,0.1072,McCleskey2011 Table 4 (salt+acid mixture); not clean single salt,,True,
Mg(NO3)2+HNO3,McCleskey2011_T4,experimental,35.0,0.1,9.8e-05,0.1244,McCleskey2011 Table 4 (salt+acid mixture); not clean single salt,,True,
Mg(NO3)2+HNO3,McCleskey2011_T4,experimental,45.0,0.1,9.8e-05,0.1407,McCleskey2011 Table 4 (salt+acid mixture); not clean single salt,,True,
Mg(NO3)2+HNO3,McCleskey2011_T4,experimental,70.0,0.1,9.8e-05,0.1831,McCleskey2011 Table 4 (salt+acid mixture); not clean single salt,,True,
Mg(NO3)2+HNO3,McCleskey2011_T4,experimental,90.0,0.1,9.8e-05,0.2164,McCleskey2011 Table 4 (salt+acid mixture); not clean single salt,,True,
Mg(NO3)2+HNO3,McCleskey2011_T4,experimental,5.0,0.1,0.000976,0.1971,McCleskey2011 Table 4 (salt+acid mixture); not clean single salt,,True,
Mg(NO3)2+HNO3,McCleskey2011_T4,experimental,10.0,0.1,0.000976,0.2238,McCleskey2011 Table 4 (salt+acid mixture); not clean single salt,,True,
Mg(NO3)2+HNO3,McCleskey2011_T4,experimental,25.0,0.1,0.000976,0.3083,McCleskey2011 Table 4 (salt+acid mixture); not clean single salt,,True,
Mg(NO3)2+HNO3,McCleskey2011_T4,experimental,35.0,0.1,0.000976,0.3667,McCleskey2011 Table 4 (salt+acid mixture); not clean single salt,,True,
Mg(NO3)2+HNO3,McCleskey2011_T4,experimental,45.0,0.1,0.000976,0.4272,McCleskey2011 Table 4 (salt+acid mixture); not clean single salt,,True,
Mg(NO3)2+HNO3,McCleskey2011_T4,experimental,70.0,0.1,0.000976,0.591,McCleskey2011 Table 4 (salt+acid mixture); not clean single salt,,True,
Mg(NO3)2+HNO3,McCleskey2011_T4,experimental,90.0,0.1,0.000976,0.7277,McCleskey2011 Table 4 (salt+acid mixture); not clean single salt,,True,
Mg(NO3)2+HNO3,McCleskey2011_T4,experimental,5.0,0.1,0.00937,1.291,McCleskey2011 Table 4 (salt+acid mixture); not clean single salt,,True,
Mg(NO3)2+HNO3,McCleskey2011_T4,experimental,10.0,0.1,0.00937,1.472,McCleskey2011 Table 4 (salt+acid mixture); not clean single salt,,True,
Mg(NO3)2+HNO3,McCleskey2011_T4,experimental,25.0,0.1,0.00937,2.073,McCleskey2011 Table 4 (salt+acid mixture); not clean single salt,,True,
Mg(NO3)2+HNO3,McCleskey2011_T4,experimental,35.0,0.1,0.00937,2.488,McCleskey2011 Table 4 (salt+acid mixture); not clean single salt,,True,
Mg(NO3)2+HNO3,McCleskey2011_T4,experimental,45.0,0.1,0.00937,2.927,McCleskey2011 Table 4 (salt+acid mixture); not clean single salt,,True,
Mg(NO3)2+HNO3,McCleskey2011_T4,experimental,70.0,0.1,0.00937,4.146,McCleskey2011 Table 4 (salt+acid mixture); not clean single salt,,True,
Mg(NO3)2+HNO3,McCleskey2011_T4,experimental,90.0,0.1,0.00937,5.165,McCleskey2011 Table 4 (salt+acid mixture); not clean single salt,,True,
Mg(NO3)2+HNO3,McCleskey2011_T4,experimental,5.0,0.1,0.09844,10.79,McCleskey2011 Table 4 (salt+acid mixture); not clean single salt,,True,
Mg(NO3)2+HNO3,McCleskey2011_T4,experimental,10.0,0.1,0.09844,12.28,McCleskey2011 Table 4 (salt+acid mixture); not clean single salt,,True,
Mg(NO3)2+HNO3,McCleskey2011_T4,experimental,25.0,0.1,0.09844,17.24,McCleskey2011 Table 4 (salt+acid mixture); not clean single salt,,True,
Mg(NO3)2+HNO3,McCleskey2011_T4,experimental,35.0,0.1,0.09844,20.78,McCleskey2011 Table 4 (salt+acid mixture); not clean single salt,,True,
Mg(NO3)2+HNO3,McCleskey2011_T4,experimental,45.0,0.1,0.09844,24.42,McCleskey2011 Table 4 (salt+acid mixture); not clean single salt,,True,
Mg(NO3)2+HNO3,McCleskey2011_T4,experimental,70.0,0.1,0.09844,34.71,McCleskey2011 Table 4 (salt+acid mixture); not clean single salt,,True,
Mg(NO3)2+HNO3,McCleskey2011_T4,experimental,90.0,0.1,0.09844,42.61,McCleskey2011 Table 4 (salt+acid mixture); not clean single salt,,True,
Mg(NO3)2+HNO3,McCleskey2011_T4,experimental,5.0,0.1,0.3271,31.29,McCleskey2011 Table 4 (salt+acid mixture); not clean single salt,,True,
Mg(NO3)2+HNO3,McCleskey2011_T4,experimental,10.0,0.1,0.3271,35.38,McCleskey2011 Table 4 (salt+acid mixture); not clean single salt,,True,
Mg(NO3)2+HNO3,McCleskey2011_T4,experimental,25.0,0.1,0.3271,49.26,McCleskey2011 Table 4 (salt+acid mixture); not clean single salt,,True,
Mg(NO3)2+HNO3,McCleskey2011_T4,experimental,35.0,0.1,0.3271,59.22,McCleskey2011 Table 4 (salt+acid mixture); not clean single salt,,True,
Mg(NO3)2+HNO3,McCleskey2011_T4,experimental,45.0,0.1,0.3271,69.68,McCleskey2011 Table 4 (salt+acid mixture); not clean single salt,,True,
Mg(NO3)2+HNO3,McCleskey2011_T4,experimental,70.0,0.1,0.3271,98.61,McCleskey2011 Table 4 (salt+acid mixture); not clean single salt,,True,
Mg(NO3)2+HNO3,McCleskey2011_T4,experimental,90.0,0.1,0.3271,116.2,McCleskey2011 Table 4 (salt+acid mixture); not clean single salt,,True,
Mn(NO3)2+HNO3,McCleskey2011_T4,experimental,5.0,0.1,0.000917,0.5151,McCleskey2011 Table 4 (salt+acid mixture); not clean single salt,,True,
Mn(NO3)2+HNO3,McCleskey2011_T4,experimental,10.0,0.1,0.000917,0.5774,McCleskey2011 Table 4 (salt+acid mixture); not clean single salt,,True,
Mn(NO3)2+HNO3,McCleskey2011_T4,experimental,25.0,0.1,0.000917,0.7688,McCleskey2011 Table 4 (salt+acid mixture); not clean single salt,,True,
Mn(NO3)2+HNO3,McCleskey2011_T4,experimental,35.0,0.1,0.000917,0.8959,McCleskey2011 Table 4 (salt+acid mixture); not clean single salt,,True,
Mn(NO3)2+HNO3,McCleskey2011_T4,experimental,45.0,0.1,0.000917,1.015,McCleskey2011 Table 4 (salt+acid mixture); not clean single salt,,True,
Mn(NO3)2+HNO3,McCleskey2011_T4,experimental,70.0,0.1,0.000917,1.307,McCleskey2011 Table 4 (salt+acid mixture); not clean single salt,,True,
Mn(NO3)2+HNO3,McCleskey2011_T4,experimental,90.0,0.1,0.000917,1.55,McCleskey2011 Table 4 (salt+acid mixture); not clean single salt,,True,
Mn(NO3)2+HNO3,McCleskey2011_T4,experimental,5.0,0.1,0.01047,1.786,McCleskey2011 Table 4 (salt+acid mixture); not clean single salt,,True,
Mn(NO3)2+HNO3,McCleskey2011_T4,experimental,10.0,0.1,0.01047,2.033,McCleskey2011 Table 4 (salt+acid mixture); not clean single salt,,True,
Mn(NO3)2+HNO3,McCleskey2011_T4,experimental,25.0,0.1,0.01047,2.82,McCleskey2011 Table 4 (salt+acid mixture); not clean single salt,,True,
Mn(NO3)2+HNO3,McCleskey2011_T4,experimental,35.0,0.1,0.01047,3.382,McCleskey2011 Table 4 (salt+acid mixture); not clean single salt,,True,
Mn(NO3)2+HNO3,McCleskey2011_T4,experimental,45.0,0.1,0.01047,3.934,McCleskey2011 Table 4 (salt+acid mixture); not clean single salt,,True,
Mn(NO3)2+HNO3,McCleskey2011_T4,experimental,70.0,0.1,0.01047,5.38,McCleskey2011 Table 4 (salt+acid mixture); not clean single salt,,True,
Mn(NO3)2+HNO3,McCleskey2011_T4,experimental,90.0,0.1,0.01047,6.651,McCleskey2011 Table 4 (salt+acid mixture); not clean single salt,,True,
Mn(NO3)2+HNO3,McCleskey2011_T4,experimental,5.0,0.1,0.086,10.4,McCleskey2011 Table 4 (salt+acid mixture); not clean single salt,,True,
Mn(NO3)2+HNO3,McCleskey2011_T4,experimental,10.0,0.1,0.086,11.79,McCleskey2011 Table 4 (salt+acid mixture); not clean single salt,,True,
Mn(NO3)2+HNO3,McCleskey2011_T4,experimental,25.0,0.1,0.086,16.3,McCleskey2011 Table 4 (salt+acid mixture); not clean single salt,,True,
Mn(NO3)2+HNO3,McCleskey2011_T4,experimental,35.0,0.1,0.086,19.58,McCleskey2011 Table 4 (salt+acid mixture); not clean single salt,,True,
Mn(NO3)2+HNO3,McCleskey2011_T4,experimental,45.0,0.1,0.086,22.95,McCleskey2011 Table 4 (salt+acid mixture); not clean single salt,,True,
Mn(NO3)2+HNO3,McCleskey2011_T4,experimental,70.0,0.1,0.086,31.25,McCleskey2011 Table 4 (salt+acid mixture); not clean single salt,,True,
Mn(NO3)2+HNO3,McCleskey2011_T4,experimental,90.0,0.1,0.086,36.92,McCleskey2011 Table 4 (salt+acid mixture); not clean single salt,,True,
Mn(NO3)2+HNO3,McCleskey2011_T4,experimental,5.0,0.1,0.8521,70.64,McCleskey2011 Table 4 (salt+acid mixture); not clean single salt,,True,
Mn(NO3)2+HNO3,McCleskey2011_T4,experimental,10.0,0.1,0.8521,79.73,McCleskey2011 Table 4 (salt+acid mixture); not clean single salt,,True,
Mn(NO3)2+HNO3,McCleskey2011_T4,experimental,25.0,0.1,0.8521,106.9,McCleskey2011 Table 4 (salt+acid mixture); not clean single salt,,True,
Mn(NO3)2+HNO3,McCleskey2011_T4,experimental,35.0,0.1,0.8521,125.4,McCleskey2011 Table 4 (salt+acid mixture); not clean single salt,,True,
Mn(NO3)2+HNO3,McCleskey2011_T4,experimental,45.0,0.1,0.8521,144.1,McCleskey2011 Table 4 (salt+acid mixture); not clean single salt,,True,
Mn(NO3)2+HNO3,McCleskey2011_T4,experimental,70.0,0.1,0.8521,194.1,McCleskey2011 Table 4 (salt+acid mixture); not clean single salt,,True,
MgSO4,Horne1966,experimental,13.06,0.1,0.001012,0.1852,Horne1966 absolute specific conductance; low-T MgSO4 (-2 to +14 C); concentration value assumed molality (no molarity-to-molality conversion applied); k_ohm_cm=0.0001852 S/cm; dissociated C_ion_M=0.000937; Lambda_eq=98.83,1.0,False,
MgSO4,Horne1966,experimental,11.041,0.1,0.001012,0.1811,Horne1966 absolute specific conductance; low-T MgSO4 (-2 to +14 C); concentration value assumed molality (no molarity-to-molality conversion applied); k_ohm_cm=0.0001811 S/cm; dissociated C_ion_M=0.000942; Lambda_eq=96.13,1.0,False,
MgSO4,Horne1966,experimental,9.76,0.1,0.001012,0.1757,Horne1966 absolute specific conductance; low-T MgSO4 (-2 to +14 C); concentration value assumed molality (no molarity-to-molality conversion applied); k_ohm_cm=0.0001757 S/cm; dissociated C_ion_M=0.000945; Lambda_eq=92.96,1.0,False,
MgSO4,Horne1966,experimental,9.12,0.1,0.001012,0.1726,Horne1966 absolute specific conductance; low-T MgSO4 (-2 to +14 C); concentration value assumed molality (no molarity-to-molality conversion applied); k_ohm_cm=0.0001726 S/cm; dissociated C_ion_M=0.000947; Lambda_eq=91.13,1.0,False,
MgSO4,Horne1966,experimental,8.68,0.1,0.001012,0.1701,Horne1966 absolute specific conductance; low-T MgSO4 (-2 to +14 C); concentration value assumed molality (no molarity-to-molality conversion applied); k_ohm_cm=0.0001701 S/cm; dissociated C_ion_M=0.000948; Lambda_eq=89.72,1.0,False,
MgSO4,Horne1966,experimental,7.57,0.1,0.001012,0.1645,Horne1966 absolute specific conductance; low-T MgSO4 (-2 to +14 C); concentration value assumed molality (no molarity-to-molality conversion applied); k_ohm_cm=0.0001645 S/cm; dissociated C_ion_M=0.000951; Lambda_eq=86.49,1.0,False,
MgSO4,Horne1966,experimental,6.982,0.1,0.001012,0.1604,Horne1966 absolute specific conductance; low-T MgSO4 (-2 to +14 C); concentration value assumed molality (no molarity-to-molality conversion applied); k_ohm_cm=0.0001604 S/cm; dissociated C_ion_M=0.000952; Lambda_eq=84.24,1.0,False,
MgSO4,Horne1966,experimental,6.6,0.1,0.001012,0.1642,Horne1966 absolute specific conductance; low-T MgSO4 (-2 to +14 C); concentration value assumed molality (no molarity-to-molality conversion applied); k_ohm_cm=0.0001642 S/cm; dissociated C_ion_M=0.000953; Lambda_eq=86.15,1.0,False,
MgSO4,Horne1966,experimental,5.409,0.1,0.001012,0.163,Horne1966 absolute specific conductance; low-T MgSO4 (-2 to +14 C); concentration value assumed molality (no molarity-to-molality conversion applied); k_ohm_cm=0.000163 S/cm; dissociated C_ion_M=0.000956; Lambda_eq=85.25,1.0,False,
MgSO4,Horne1966,experimental,4.45,0.1,0.001012,0.1568,Horne1966 absolute specific conductance; low-T MgSO4 (-2 to +14 C); concentration value assumed molality (no molarity-to-molality conversion applied); k_ohm_cm=0.0001568 S/cm; dissociated C_ion_M=0.000959; Lambda_eq=81.75,1.0,False,
MgSO4,Horne1966,experimental,4.22,0.1,0.001012,0.1546,Horne1966 absolute specific conductance; low-T MgSO4 (-2 to +14 C); concentration value assumed molality (no molarity-to-molality conversion applied); k_ohm_cm=0.0001546 S/cm; dissociated C_ion_M=0.000959; Lambda_eq=80.6,1.0,False,
MgSO4,Horne1966,experimental,2.702,0.1,0.001012,0.1504,Horne1966 absolute specific conductance; low-T MgSO4 (-2 to +14 C); concentration value assumed molality (no molarity-to-molality conversion applied); k_ohm_cm=0.0001504 S/cm; dissociated C_ion_M=0.000967; Lambda_eq=77.78,1.0,False,
MgSO4,Horne1966,experimental,2.13,0.1,0.001012,0.1478,Horne1966 absolute specific conductance; low-T MgSO4 (-2 to +14 C); concentration value assumed molality (no molarity-to-molality conversion applied); k_ohm_cm=0.0001478 S/cm; dissociated C_ion_M=0.000964; Lambda_eq=76.66,1.0,False,
MgSO4,Horne1966,experimental,13.3,0.1,0.010124,1.246,"Horne1966 absolute specific conductance; low-T MgSO4 (-2 to +14 C); concentration value assumed molality (no molarity-to-molality conversion applied); k_ohm_cm=0.001246 S/cm; dissociated C_ion_M=0.00783; Lambda_eq=78.93; VERIFY: k read as probable dropped-digit scan artifact, set to 0.001246 (printed 0.0001246)",1.0,False,
MgSO4,Horne1966,experimental,13.122,0.1,0.010124,1.232,Horne1966 absolute specific conductance; low-T MgSO4 (-2 to +14 C); concentration value assumed molality (no molarity-to-molality conversion applied); k_ohm_cm=0.001232 S/cm; dissociated C_ion_M=0.00784; Lambda_eq=78.57,1.0,False,
MgSO4,Horne1966,experimental,12.74,0.1,0.010124,1.221,Horne1966 absolute specific conductance; low-T MgSO4 (-2 to +14 C); concentration value assumed molality (no molarity-to-molality conversion applied); k_ohm_cm=0.001221 S/cm; dissociated C_ion_M=0.00786; Lambda_eq=77.67,1.0,False,
MgSO4,Horne1966,experimental,12.31,0.1,0.010124,1.208,Horne1966 absolute specific conductance; low-T MgSO4 (-2 to +14 C); concentration value assumed molality (no molarity-to-molality conversion applied); k_ohm_cm=0.001208 S/cm; dissociated C_ion_M=0.00788; Lambda_eq=76.65,1.0,False,
MgSO4,Horne1966,experimental,11.919,0.1,0.010124,1.197,Horne1966 absolute specific conductance; low-T MgSO4 (-2 to +14 C); concentration value assumed molality (no molarity-to-molality conversion applied); k_ohm_cm=0.001197 S/cm; dissociated C_ion_M=0.0079; Lambda_eq=75.76,1.0,False,
MgSO4,Horne1966,experimental,9.95,0.1,0.010124,1.136,Horne1966 absolute specific conductance; low-T MgSO4 (-2 to +14 C); concentration value assumed molality (no molarity-to-molality conversion applied); k_ohm_cm=0.001136 S/cm; dissociated C_ion_M=0.008; Lambda_eq=71.0,1.0,False,
MgSO4,Horne1966,experimental,9.72,0.1,0.010124,1.13,Horne1966 absolute specific conductance; low-T MgSO4 (-2 to +14 C); concentration value assumed molality (no molarity-to-molality conversion applied); k_ohm_cm=0.00113 S/cm; dissociated C_ion_M=0.00802; Lambda_eq=70.45,1.0,False,
MgSO4,Horne1966,experimental,9.37,0.1,0.010124,1.12,Horne1966 absolute specific conductance; low-T MgSO4 (-2 to +14 C); concentration value assumed molality (no molarity-to-molality conversion applied); k_ohm_cm=0.00112 S/cm; dissociated C_ion_M=0.00803; Lambda_eq=69.74,1.0,False,
MgSO4,Horne1966,experimental,9.139,0.1,0.010124,1.113,Horne1966 absolute specific conductance; low-T MgSO4 (-2 to +14 C); concentration value assumed molality (no molarity-to-molality conversion applied); k_ohm_cm=0.001113 S/cm; dissociated C_ion_M=0.00804; Lambda_eq=69.22,1.0,False,
MgSO4,Horne1966,experimental,8.565,0.1,0.010124,1.098,Horne1966 absolute specific conductance; low-T MgSO4 (-2 to +14 C); concentration value assumed molality (no molarity-to-molality conversion applied); k_ohm_cm=0.001098 S/cm; dissociated C_ion_M=0.00807; Lambda_eq=68.03,1.0,False,
MgSO4,Horne1966,experimental,8.38,0.1,0.010124,1.092,Horne1966 absolute specific conductance; low-T MgSO4 (-2 to +14 C); concentration value assumed molality (no molarity-to-molality conversion applied); k_ohm_cm=0.001092 S/cm; dissociated C_ion_M=0.00807; Lambda_eq=67.66,1.0,False,
MgSO4,Horne1966,experimental,8.29,0.1,0.010124,1.088,Horne1966 absolute specific conductance; low-T MgSO4 (-2 to +14 C); concentration value assumed molality (no molarity-to-molality conversion applied); k_ohm_cm=0.001088 S/cm; dissociated C_ion_M=0.00808; Lambda_eq=67.33,1.0,False,
MgSO4,Horne1966,experimental,6.88,0.1,0.010124,1.047,Horne1966 absolute specific conductance; low-T MgSO4 (-2 to +14 C); concentration value assumed molality (no molarity-to-molality conversion applied); k_ohm_cm=0.001047 S/cm; dissociated C_ion_M=0.00815; Lambda_eq=64.23,1.0,False,
MgSO4,Horne1966,experimental,6.775,0.1,0.010124,1.043,Horne1966 absolute specific conductance; low-T MgSO4 (-2 to +14 C); concentration value assumed molality (no molarity-to-molality conversion applied); k_ohm_cm=0.001043 S/cm; dissociated C_ion_M=0.00816; Lambda_eq=63.91,1.0,False,
MgSO4,Horne1966,experimental,6.39,0.1,0.010124,1.033,Horne1966 absolute specific conductance; low-T MgSO4 (-2 to +14 C); concentration value assumed molality (no molarity-to-molality conversion applied); k_ohm_cm=0.001033 S/cm; dissociated C_ion_M=0.00818; Lambda_eq=63.14,1.0,False,
MgSO4,Horne1966,experimental,5.843,0.1,0.010124,1.014,Horne1966 absolute specific conductance; low-T MgSO4 (-2 to +14 C); concentration value assumed molality (no molarity-to-molality conversion applied); k_ohm_cm=0.001014 S/cm; dissociated C_ion_M=0.0082; Lambda_eq=61.75,1.0,False,
MgSO4,Horne1966,experimental,5.842,0.1,0.010124,1.013,Horne1966 absolute specific conductance; low-T MgSO4 (-2 to +14 C); concentration value assumed molality (no molarity-to-molality conversion applied); k_ohm_cm=0.001013 S/cm; dissociated C_ion_M=0.0082; Lambda_eq=61.69,1.0,False,
MgSO4,Horne1966,experimental,5.84,0.1,0.010124,1.014,Horne1966 absolute specific conductance; low-T MgSO4 (-2 to +14 C); concentration value assumed molality (no molarity-to-molality conversion applied); k_ohm_cm=0.001014 S/cm; dissociated C_ion_M=0.0082; Lambda_eq=61.75,1.0,False,
MgSO4,Horne1966,experimental,5.84,0.1,0.010124,1.014,Horne1966 absolute specific conductance; low-T MgSO4 (-2 to +14 C); concentration value assumed molality (no molarity-to-molality conversion applied); k_ohm_cm=0.001014 S/cm; dissociated C_ion_M=0.0082; Lambda_eq=61.75,1.0,False,
MgSO4,Horne1966,experimental,5.84,0.1,0.010124,1.014,Horne1966 absolute specific conductance; low-T MgSO4 (-2 to +14 C); concentration value assumed molality (no molarity-to-molality conversion applied); k_ohm_cm=0.001014 S/cm; dissociated C_ion_M=0.0082; Lambda_eq=61.75,1.0,False,
MgSO4,Horne1966,experimental,5.822,0.1,0.010124,1.013,Horne1966 absolute specific conductance; low-T MgSO4 (-2 to +14 C); concentration value assumed molality (no molarity-to-molality conversion applied); k_ohm_cm=0.001013 S/cm; dissociated C_ion_M=0.0082; Lambda_eq=61.69,1.0,False,
MgSO4,Horne1966,experimental,5.82,0.1,0.010124,1.013,Horne1966 absolute specific conductance; low-T MgSO4 (-2 to +14 C); concentration value assumed molality (no molarity-to-molality conversion applied); k_ohm_cm=0.001013 S/cm; dissociated C_ion_M=0.0082; Lambda_eq=61.69,1.0,False,
MgSO4,Horne1966,experimental,5.82,0.1,0.010124,1.013,Horne1966 absolute specific conductance; low-T MgSO4 (-2 to +14 C); concentration value assumed molality (no molarity-to-molality conversion applied); k_ohm_cm=0.001013 S/cm; dissociated C_ion_M=0.0082; Lambda_eq=61.69,1.0,False,
MgSO4,Horne1966,experimental,5.81,0.1,0.010124,1.013,Horne1966 absolute specific conductance; low-T MgSO4 (-2 to +14 C); concentration value assumed molality (no molarity-to-molality conversion applied); k_ohm_cm=0.001013 S/cm; dissociated C_ion_M=0.0082; Lambda_eq=61.69,1.0,False,
MgSO4,Horne1966,experimental,5.47,0.1,0.010124,1.006,Horne1966 absolute specific conductance; low-T MgSO4 (-2 to +14 C); concentration value assumed molality (no molarity-to-molality conversion applied); k_ohm_cm=0.001006 S/cm; dissociated C_ion_M=0.00823; Lambda_eq=61.12,1.0,False,
MgSO4,Horne1966,experimental,4.94,0.1,0.010124,0.989,Horne1966 absolute specific conductance; low-T MgSO4 (-2 to +14 C); concentration value assumed molality (no molarity-to-molality conversion applied); k_ohm_cm=0.000989 S/cm; dissociated C_ion_M=0.00825; Lambda_eq=59.95,1.0,False,
MgSO4,Horne1966,experimental,4.63,0.1,0.010124,0.984,Horne1966 absolute specific conductance; low-T MgSO4 (-2 to +14 C); concentration value assumed molality (no molarity-to-molality conversion applied); k_ohm_cm=0.000984 S/cm; dissociated C_ion_M=0.00827; Lambda_eq=59.48,1.0,False,
MgSO4,Horne1966,experimental,4.352,0.1,0.010124,0.973,Horne1966 absolute specific conductance; low-T MgSO4 (-2 to +14 C); concentration value assumed molality (no molarity-to-molality conversion applied); k_ohm_cm=0.000973 S/cm; dissociated C_ion_M=0.00827; Lambda_eq=58.8,1.0,False,
MgSO4,Horne1966,experimental,4.14,0.1,0.010124,0.972,Horne1966 absolute specific conductance; low-T MgSO4 (-2 to +14 C); concentration value assumed molality (no molarity-to-molality conversion applied); k_ohm_cm=0.000972 S/cm; dissociated C_ion_M=0.0083; Lambda_eq=58.54,1.0,False,
MgSO4,Horne1966,experimental,3.395,0.1,0.010124,0.945,Horne1966 absolute specific conductance; low-T MgSO4 (-2 to +14 C); concentration value assumed molality (no molarity-to-molality conversion applied); k_ohm_cm=0.000945 S/cm; dissociated C_ion_M=0.00833; Lambda_eq=56.7,1.0,False,
MgSO4,Horne1966,experimental,3.26,0.1,0.010124,0.947,Horne1966 absolute specific conductance; low-T MgSO4 (-2 to +14 C); concentration value assumed molality (no molarity-to-molality conversion applied); k_ohm_cm=0.000947 S/cm; dissociated C_ion_M=0.00834; Lambda_eq=56.75,1.0,False,
MgSO4,Horne1966,experimental,3.079,0.1,0.010124,0.94,Horne1966 absolute specific conductance; low-T MgSO4 (-2 to +14 C); concentration value assumed molality (no molarity-to-molality conversion applied); k_ohm_cm=0.00094 S/cm; dissociated C_ion_M=0.00835; Lambda_eq=56.31,1.0,False,
MgSO4,Horne1966,experimental,2.902,0.1,0.010124,0.937,Horne1966 absolute specific conductance; low-T MgSO4 (-2 to +14 C); concentration value assumed molality (no molarity-to-molality conversion applied); k_ohm_cm=0.000937 S/cm; dissociated C_ion_M=0.00835; Lambda_eq=56.1,1.0,False,
MgSO4,Horne1966,experimental,2.1,0.1,0.010124,0.915,Horne1966 absolute specific conductance; low-T MgSO4 (-2 to +14 C); concentration value assumed molality (no molarity-to-molality conversion applied); k_ohm_cm=0.000915 S/cm; dissociated C_ion_M=0.0084; Lambda_eq=54.48,1.0,False,
MgSO4,Horne1966,experimental,2.04,0.1,0.010124,0.913,Horne1966 absolute specific conductance; low-T MgSO4 (-2 to +14 C); concentration value assumed molality (no molarity-to-molality conversion applied); k_ohm_cm=0.000913 S/cm; dissociated C_ion_M=0.0084; Lambda_eq=54.32,1.0,False,
MgSO4,Horne1966,experimental,1.9,0.1,0.010124,0.906,Horne1966 absolute specific conductance; low-T MgSO4 (-2 to +14 C); concentration value assumed molality (no molarity-to-molality conversion applied); k_ohm_cm=0.000906 S/cm; dissociated C_ion_M=0.0084; Lambda_eq=53.9,1.0,False,
MgSO4,Horne1966,experimental,1.675,0.1,0.010124,0.901,Horne1966 absolute specific conductance; low-T MgSO4 (-2 to +14 C); concentration value assumed molality (no molarity-to-molality conversion applied); k_ohm_cm=0.000901 S/cm; dissociated C_ion_M=0.00842; Lambda_eq=53.52,1.0,False,
MgSO4,Horne1966,experimental,1.475,0.1,0.010124,0.898,Horne1966 absolute specific conductance; low-T MgSO4 (-2 to +14 C); concentration value assumed molality (no molarity-to-molality conversion applied); k_ohm_cm=0.000898 S/cm; dissociated C_ion_M=0.00843; Lambda_eq=53.25,1.0,False,
MgSO4,Horne1966,experimental,0.86,0.1,0.010124,0.878,Horne1966 absolute specific conductance; low-T MgSO4 (-2 to +14 C); concentration value assumed molality (no molarity-to-molality conversion applied); k_ohm_cm=0.000878 S/cm; dissociated C_ion_M=0.00846; Lambda_eq=51.88,1.0,False,
MgSO4,Horne1966,experimental,0.32,0.1,0.010124,0.864,Horne1966 absolute specific conductance; low-T MgSO4 (-2 to +14 C); concentration value assumed molality (no molarity-to-molality conversion applied); k_ohm_cm=0.000864 S/cm; dissociated C_ion_M=0.00849; Lambda_eq=50.88,1.0,False,
MgSO4,Horne1966,experimental,-0.245,0.1,0.010124,0.847,Horne1966 absolute specific conductance; low-T MgSO4 (-2 to +14 C); concentration value assumed molality (no molarity-to-molality conversion applied); k_ohm_cm=0.000847 S/cm; dissociated C_ion_M=0.00852; Lambda_eq=49.73,1.0,False,
MgSO4,Horne1966,experimental,-0.32,0.1,0.010124,0.846,Horne1966 absolute specific conductance; low-T MgSO4 (-2 to +14 C); concentration value assumed molality (no molarity-to-molality conversion applied); k_ohm_cm=0.000846 S/cm; dissociated C_ion_M=0.00852; Lambda_eq=49.63,1.0,False,
MgSO4,Horne1966,experimental,-0.56,0.1,0.010124,0.838,Horne1966 absolute specific conductance; low-T MgSO4 (-2 to +14 C); concentration value assumed molality (no molarity-to-molality conversion applied); k_ohm_cm=0.000838 S/cm; dissociated C_ion_M=0.00853; Lambda_eq=49.12,1.0,False,
MgSO4,Horne1966,experimental,-0.66,0.1,0.010124,0.835,Horne1966 absolute specific conductance; low-T MgSO4 (-2 to +14 C); concentration value assumed molality (no molarity-to-molality conversion applied); k_ohm_cm=0.000835 S/cm; dissociated C_ion_M=0.00854; Lambda_eq=48.9,1.0,False,
MgSO4,Horne1966,experimental,-0.97,0.1,0.010124,0.826,Horne1966 absolute specific conductance; low-T MgSO4 (-2 to +14 C); concentration value assumed molality (no molarity-to-molality conversion applied); k_ohm_cm=0.000826 S/cm; dissociated C_ion_M=0.00855; Lambda_eq=48.27,1.0,False,
MgSO4,Horne1966,experimental,-1.138,0.1,0.010124,0.819,Horne1966 absolute specific conductance; low-T MgSO4 (-2 to +14 C); concentration value assumed molality (no molarity-to-molality conversion applied); k_ohm_cm=0.000819 S/cm; dissociated C_ion_M=0.00856; Lambda_eq=47.85,1.0,False,
MgSO4,Horne1966,experimental,14.193,0.1,0.10124,8.066,Horne1966 absolute specific conductance; low-T MgSO4 (-2 to +14 C); concentration value assumed molality (no molarity-to-molality conversion applied); k_ohm_cm=0.008066 S/cm; dissociated C_ion_M=0.0614; Lambda_eq=65.68,1.0,False,
MgSO4,Horne1966,experimental,14.123,0.1,0.10124,8.066,Horne1966 absolute specific conductance; low-T MgSO4 (-2 to +14 C); concentration value assumed molality (no molarity-to-molality conversion applied); k_ohm_cm=0.008066 S/cm; dissociated C_ion_M=0.0614; Lambda_eq=65.58,1.0,False,
MgSO4,Horne1966,experimental,14.06,0.1,0.10124,8.058,Horne1966 absolute specific conductance; low-T MgSO4 (-2 to +14 C); concentration value assumed molality (no molarity-to-molality conversion applied); k_ohm_cm=0.008058 S/cm; dissociated C_ion_M=0.0614; Lambda_eq=65.62,1.0,False,
MgSO4,Horne1966,experimental,13.85,0.1,0.10124,8.03,Horne1966 absolute specific conductance; low-T MgSO4 (-2 to +14 C); concentration value assumed molality (no molarity-to-molality conversion applied); k_ohm_cm=0.00803 S/cm; dissociated C_ion_M=0.0614; Lambda_eq=65.39,1.0,False,
MgSO4,Horne1966,experimental,13.56,0.1,0.10124,7.986,Horne1966 absolute specific conductance; low-T MgSO4 (-2 to +14 C); concentration value assumed molality (no molarity-to-molality conversion applied); k_ohm_cm=0.007986 S/cm; dissociated C_ion_M=0.0616; Lambda_eq=64.82,1.0,False,
MgSO4,Horne1966,experimental,12.645,0.1,0.10124,7.813,Horne1966 absolute specific conductance; low-T MgSO4 (-2 to +14 C); concentration value assumed molality (no molarity-to-molality conversion applied); k_ohm_cm=0.007813 S/cm; dissociated C_ion_M=0.0622; Lambda_eq=62.81,1.0,False,
MgSO4,Horne1966,experimental,12.252,0.1,0.10124,7.742,Horne1966 absolute specific conductance; low-T MgSO4 (-2 to +14 C); concentration value assumed molality (no molarity-to-molality conversion applied); k_ohm_cm=0.007742 S/cm; dissociated C_ion_M=0.0624; Lambda_eq=62.04,1.0,False,
MgSO4,Horne1966,experimental,10.382,0.1,0.10124,7.409,Horne1966 absolute specific conductance; low-T MgSO4 (-2 to +14 C); concentration value assumed molality (no molarity-to-molality conversion applied); k_ohm_cm=0.007409 S/cm; dissociated C_ion_M=0.0633; Lambda_eq=58.52,1.0,False,
MgSO4,Horne1966,experimental,9.62,0.1,0.10124,7.199,Horne1966 absolute specific conductance; low-T MgSO4 (-2 to +14 C); concentration value assumed molality (no molarity-to-molality conversion applied); k_ohm_cm=0.007199 S/cm; dissociated C_ion_M=0.0637; Lambda_eq=56.51,1.0,False,
MgSO4,Horne1966,experimental,8.46,0.1,0.10124,6.976,Horne1966 absolute specific conductance; low-T MgSO4 (-2 to +14 C); concentration value assumed molality (no molarity-to-molality conversion applied); k_ohm_cm=0.006976 S/cm; dissociated C_ion_M=0.0644; Lambda_eq=54.16,1.0,False,
MgSO4,Horne1966,experimental,8.025,0.1,0.10124,6.919,Horne1966 absolute specific conductance; low-T MgSO4 (-2 to +14 C); concentration value assumed molality (no molarity-to-molality conversion applied); k_ohm_cm=0.006919 S/cm; dissociated C_ion_M=0.0647; Lambda_eq=53.47,1.0,False,
MgSO4,Horne1966,experimental,7.678,0.1,0.10124,6.885,Horne1966 absolute specific conductance; low-T MgSO4 (-2 to +14 C); concentration value assumed molality (no molarity-to-molality conversion applied); k_ohm_cm=0.006885 S/cm; dissociated C_ion_M=0.0648; Lambda_eq=53.13,1.0,False,
MgSO4,Horne1966,experimental,6.745,0.1,0.10124,6.721,Horne1966 absolute specific conductance; low-T MgSO4 (-2 to +14 C); concentration value assumed molality (no molarity-to-molality conversion applied); k_ohm_cm=0.006721 S/cm; dissociated C_ion_M=0.0653; Lambda_eq=51.46,1.0,False,
MgSO4,Horne1966,experimental,6.745,0.1,0.10124,6.72,Horne1966 absolute specific conductance; low-T MgSO4 (-2 to +14 C); concentration value assumed molality (no molarity-to-molality conversion applied); k_ohm_cm=0.00672 S/cm; dissociated C_ion_M=0.0653; Lambda_eq=51.45,1.0,False,
MgSO4,Horne1966,experimental,6.743,0.1,0.10124,6.72,Horne1966 absolute specific conductance; low-T MgSO4 (-2 to +14 C); concentration value assumed molality (no molarity-to-molality conversion applied); k_ohm_cm=0.00672 S/cm; dissociated C_ion_M=0.0653; Lambda_eq=51.45,1.0,False,
MgSO4,Horne1966,experimental,6.743,0.1,0.10124,6.719,Horne1966 absolute specific conductance; low-T MgSO4 (-2 to +14 C); concentration value assumed molality (no molarity-to-molality conversion applied); k_ohm_cm=0.006719 S/cm; dissociated C_ion_M=0.0653; Lambda_eq=51.45,1.0,False,
MgSO4,Horne1966,experimental,6.058,0.1,0.10124,6.598,Horne1966 absolute specific conductance; low-T MgSO4 (-2 to +14 C); concentration value assumed molality (no molarity-to-molality conversion applied); k_ohm_cm=0.006598 S/cm; dissociated C_ion_M=0.0657; Lambda_eq=50.21,1.0,False,
MgSO4,Horne1966,experimental,5.72,0.1,0.10124,6.546,Horne1966 absolute specific conductance; low-T MgSO4 (-2 to +14 C); concentration value assumed molality (no molarity-to-molality conversion applied); k_ohm_cm=0.006546 S/cm; dissociated C_ion_M=0.0659; Lambda_eq=49.58,1.0,False,
MgSO4,Horne1966,experimental,5.35,0.1,0.10124,6.471,Horne1966 absolute specific conductance; low-T MgSO4 (-2 to +14 C); concentration value assumed molality (no molarity-to-molality conversion applied); k_ohm_cm=0.006471 S/cm; dissociated C_ion_M=0.0661; Lambda_eq=48.95,1.0,False,
MgSO4,Horne1966,experimental,5.14,0.1,0.10124,6.431,Horne1966 absolute specific conductance; low-T MgSO4 (-2 to +14 C); concentration value assumed molality (no molarity-to-molality conversion applied); k_ohm_cm=0.006431 S/cm; dissociated C_ion_M=0.0662; Lambda_eq=48.57,1.0,False,
MgSO4,Horne1966,experimental,4.996,0.1,0.10124,6.405,Horne1966 absolute specific conductance; low-T MgSO4 (-2 to +14 C); concentration value assumed molality (no molarity-to-molality conversion applied); k_ohm_cm=0.006405 S/cm; dissociated C_ion_M=0.0663; Lambda_eq=48.3,1.0,False,
MgSO4,Horne1966,experimental,4.62,0.1,0.10124,6.304,Horne1966 absolute specific conductance; low-T MgSO4 (-2 to +14 C); concentration value assumed molality (no molarity-to-molality conversion applied); k_ohm_cm=0.006304 S/cm; dissociated C_ion_M=0.0665; Lambda_eq=47.4,1.0,False,
MgSO4,Horne1966,experimental,4.508,0.1,0.10124,6.305,Horne1966 absolute specific conductance; low-T MgSO4 (-2 to +14 C); concentration value assumed molality (no molarity-to-molality conversion applied); k_ohm_cm=0.006305 S/cm; dissociated C_ion_M=0.0666; Lambda_eq=47.33,1.0,False,
MgSO4,Horne1966,experimental,3.668,0.1,0.10124,6.166,Horne1966 absolute specific conductance; low-T MgSO4 (-2 to +14 C); concentration value assumed molality (no molarity-to-molality conversion applied); k_ohm_cm=0.006166 S/cm; dissociated C_ion_M=0.0671; Lambda_eq=45.95,1.0,False,
MgSO4,Horne1966,experimental,3.648,0.1,0.10124,6.165,Horne1966 absolute specific conductance; low-T MgSO4 (-2 to +14 C); concentration value assumed molality (no molarity-to-molality conversion applied); k_ohm_cm=0.006165 S/cm; dissociated C_ion_M=0.0671; Lambda_eq=45.94,1.0,False,
MgSO4,Horne1966,experimental,2.529,0.1,0.10124,5.967,Horne1966 absolute specific conductance; low-T MgSO4 (-2 to +14 C); concentration value assumed molality (no molarity-to-molality conversion applied); k_ohm_cm=0.005967 S/cm; dissociated C_ion_M=0.0677; Lambda_eq=44.07,1.0,False,
MgSO4,Horne1966,experimental,2.062,0.1,0.10124,5.889,Horne1966 absolute specific conductance; low-T MgSO4 (-2 to +14 C); concentration value assumed molality (no molarity-to-molality conversion applied); k_ohm_cm=0.005889 S/cm; dissociated C_ion_M=0.0679; Lambda_eq=43.37,1.0,False,
MgSO4,Horne1966,experimental,1.859,0.1,0.10124,5.85,Horne1966 absolute specific conductance; low-T MgSO4 (-2 to +14 C); concentration value assumed molality (no molarity-to-molality conversion applied); k_ohm_cm=0.00585 S/cm; dissociated C_ion_M=0.068; Lambda_eq=43.01,1.0,False,
MgSO4,Horne1966,experimental,1.55,0.1,0.10124,5.795,Horne1966 absolute specific conductance; low-T MgSO4 (-2 to +14 C); concentration value assumed molality (no molarity-to-molality conversion applied); k_ohm_cm=0.005795 S/cm; dissociated C_ion_M=0.0685; Lambda_eq=42.3,1.0,False,
MgSO4,Horne1966,experimental,0.89,0.1,0.10124,5.68,Horne1966 absolute specific conductance; low-T MgSO4 (-2 to +14 C); concentration value assumed molality (no molarity-to-molality conversion applied); k_ohm_cm=0.00568 S/cm; dissociated C_ion_M=0.0686; Lambda_eq=41.4,1.0,False,
MgSO4,Horne1966,experimental,0.23,0.1,0.10124,5.561,Horne1966 absolute specific conductance; low-T MgSO4 (-2 to +14 C); concentration value assumed molality (no molarity-to-molality conversion applied); k_ohm_cm=0.005561 S/cm; dissociated C_ion_M=0.0689; Lambda_eq=40.36,1.0,False,
MgSO4,Horne1966,experimental,0.07,0.1,0.10124,5.46,Horne1966 absolute specific conductance; low-T MgSO4 (-2 to +14 C); concentration value assumed molality (no molarity-to-molality conversion applied); k_ohm_cm=0.00546 S/cm; dissociated C_ion_M=0.069; Lambda_eq=39.57,1.0,False,
MgSO4,Horne1966,experimental,-0.01,0.1,0.10124,5.451,Horne1966 absolute specific conductance; low-T MgSO4 (-2 to +14 C); concentration value assumed molality (no molarity-to-molality conversion applied); k_ohm_cm=0.005451 S/cm; dissociated C_ion_M=0.0691; Lambda_eq=39.44,1.0,False,
MgSO4,Horne1966,experimental,-0.645,0.1,0.10124,5.342,Horne1966 absolute specific conductance; low-T MgSO4 (-2 to +14 C); concentration value assumed molality (no molarity-to-molality conversion applied); k_ohm_cm=0.005342 S/cm; dissociated C_ion_M=0.0694; Lambda_eq=38.49,1.0,False,
MgSO4,Horne1966,experimental,-0.739,0.1,0.10124,5.331,Horne1966 absolute specific conductance; low-T MgSO4 (-2 to +14 C); concentration value assumed molality (no molarity-to-molality conversion applied); k_ohm_cm=0.005331 S/cm; dissociated C_ion_M=0.0695; Lambda_eq=38.35,1.0,False,
MgSO4,Horne1966,experimental,-1.19,0.1,0.10124,5.239,Horne1966 absolute specific conductance; low-T MgSO4 (-2 to +14 C); concentration value assumed molality (no molarity-to-molality conversion applied); k_ohm_cm=0.005239 S/cm; dissociated C_ion_M=0.0697; Lambda_eq=37.58,1.0,False,
MgSO4,Horne1966,experimental,-1.425,0.1,0.10124,5.202,Horne1966 absolute specific conductance; low-T MgSO4 (-2 to +14 C); concentration value assumed molality (no molarity-to-molality conversion applied); k_ohm_cm=0.005202 S/cm; dissociated C_ion_M=0.0698; Lambda_eq=37.26,1.0,False,
MgSO4,Horne1966,experimental,-2.26,0.1,0.10124,5.06,Horne1966 absolute specific conductance; low-T MgSO4 (-2 to +14 C); concentration value assumed molality (no molarity-to-molality conversion applied); k_ohm_cm=0.00506 S/cm; dissociated C_ion_M=0.0702; Lambda_eq=36.04,1.0,False,
MgSO4,Horne1966,experimental,-2.28,0.1,0.10124,5.059,Horne1966 absolute specific conductance; low-T MgSO4 (-2 to +14 C); concentration value assumed molality (no molarity-to-molality conversion applied); k_ohm_cm=0.005059 S/cm; dissociated C_ion_M=0.0703; Lambda_eq=35.98,1.0,False,
NaCl,AdamsHall1931,experimental,29.93,0.1,4.34763,,AdamsHall1931 RELATIVE: kappa(P)/kappa(1bar) in Conductivity_Ratio; wt%=20.26; R_ohm=64.31; R/R0=1.0,1.0,False,1.0
NaCl,AdamsHall1931,experimental,29.93,24.3,4.34763,,AdamsHall1931 RELATIVE: kappa(P)/kappa(1bar) in Conductivity_Ratio; wt%=20.26; R_ohm=64.26; R/R0=0.9992,1.0,False,1.000801
NaCl,AdamsHall1931,experimental,29.93,49.7,4.34763,,AdamsHall1931 RELATIVE: kappa(P)/kappa(1bar) in Conductivity_Ratio; wt%=20.26; R_ohm=64.28; R/R0=0.9995,1.0,False,1.0005
NaCl,AdamsHall1931,experimental,29.93,75.4,4.34763,,AdamsHall1931 RELATIVE: kappa(P)/kappa(1bar) in Conductivity_Ratio; wt%=20.26; R_ohm=64.38; R/R0=1.0011,1.0,False,0.998901
NaCl,AdamsHall1931,experimental,29.93,99.9,4.34763,,AdamsHall1931 RELATIVE: kappa(P)/kappa(1bar) in Conductivity_Ratio; wt%=20.26; R_ohm=64.53; R/R0=1.0034,1.0,False,0.996612
NaCl,AdamsHall1931,experimental,29.93,151.6,4.34763,,AdamsHall1931 RELATIVE: kappa(P)/kappa(1bar) in Conductivity_Ratio; wt%=20.26; R_ohm=65.06; R/R0=1.0117,1.0,False,0.988435
NaCl,AdamsHall1931,experimental,29.93,203.2,4.34763,,AdamsHall1931 RELATIVE: kappa(P)/kappa(1bar) in Conductivity_Ratio; wt%=20.26; R_ohm=65.8; R/R0=1.0232,1.0,False,0.977326
NaCl,AdamsHall1931,experimental,29.93,242.7,4.34763,,AdamsHall1931 RELATIVE: kappa(P)/kappa(1bar) in Conductivity_Ratio; wt%=20.26; R_ohm=66.52; R/R0=1.0344,1.0,False,0.966744
NaCl,AdamsHall1931,experimental,29.93,314.5,4.34763,,AdamsHall1931 RELATIVE: kappa(P)/kappa(1bar) in Conductivity_Ratio; wt%=20.26; R_ohm=67.98; R/R0=1.0571,1.0,False,0.945984
NaCl,AdamsHall1931,experimental,29.93,0.1,4.34763,,AdamsHall1931 RELATIVE: kappa(P)/kappa(1bar) in Conductivity_Ratio; wt%=20.26; R_ohm=64.31; R/R0=1.0,1.0,False,1.0
NaCl,AdamsHall1931,experimental,29.93,24.5,4.34763,,AdamsHall1931 RELATIVE: kappa(P)/kappa(1bar) in Conductivity_Ratio; wt%=20.26; R_ohm=64.26; R/R0=0.9992,1.0,False,1.000801
NaCl,AdamsHall1931,experimental,29.93,48.5,4.34763,,AdamsHall1931 RELATIVE: kappa(P)/kappa(1bar) in Conductivity_Ratio; wt%=20.26; R_ohm=64.29; R/R0=0.9997,1.0,False,1.0003
NaCl,AdamsHall1931,experimental,29.93,74.4,4.34763,,AdamsHall1931 RELATIVE: kappa(P)/kappa(1bar) in Conductivity_Ratio; wt%=20.26; R_ohm=64.38; R/R0=1.0011,1.0,False,0.998901
NaCl,AdamsHall1931,experimental,29.93,101.4,4.34763,,AdamsHall1931 RELATIVE: kappa(P)/kappa(1bar) in Conductivity_Ratio; wt%=20.26; R_ohm=64.55; R/R0=1.0038,1.0,False,0.996214
NaCl,AdamsHall1931,experimental,29.93,149.2,4.34763,,AdamsHall1931 RELATIVE: kappa(P)/kappa(1bar) in Conductivity_Ratio; wt%=20.26; R_ohm=65.03; R/R0=1.0112,1.0,False,0.988924
NaCl,AdamsHall1931,experimental,29.93,201.8,4.34763,,AdamsHall1931 RELATIVE: kappa(P)/kappa(1bar) in Conductivity_Ratio; wt%=20.26; R_ohm=65.77; R/R0=1.0227,1.0,False,0.977804
NaCl,AdamsHall1931,experimental,29.93,242.1,4.34763,,AdamsHall1931 RELATIVE: kappa(P)/kappa(1bar) in Conductivity_Ratio; wt%=20.26; R_ohm=66.46; R/R0=1.0334,1.0,False,0.96768
NaCl,AdamsHall1931,experimental,29.93,304.0,4.34763,,AdamsHall1931 RELATIVE: kappa(P)/kappa(1bar) in Conductivity_Ratio; wt%=20.26; R_ohm=67.74; R/R0=1.0534,1.0,False,0.949307
NaCl,AdamsHall1931,experimental,29.93,345.5,4.34763,,AdamsHall1931 RELATIVE: kappa(P)/kappa(1bar) in Conductivity_Ratio; wt%=20.26; R_ohm=68.74; R/R0=1.0689,1.0,False,0.935541
NaCl,AdamsHall1931,experimental,29.93,390.1,4.34763,,AdamsHall1931 RELATIVE: kappa(P)/kappa(1bar) in Conductivity_Ratio; wt%=20.26; R_ohm=69.9; R/R0=1.0869,1.0,False,0.920048
NaCl,AdamsHall1931,experimental,29.93,278.8,4.34763,,AdamsHall1931 RELATIVE: kappa(P)/kappa(1bar) in Conductivity_Ratio; wt%=20.26; R_ohm=67.2; R/R0=1.0449,1.0,False,0.957029
NaCl,AdamsHall1931,experimental,29.93,180.8,4.34763,,AdamsHall1931 RELATIVE: kappa(P)/kappa(1bar) in Conductivity_Ratio; wt%=20.26; R_ohm=65.43; R/R0=1.0174,1.0,False,0.982898
NaCl,AdamsHall1931,experimental,29.93,86.3,4.34763,,AdamsHall1931 RELATIVE: kappa(P)/kappa(1bar) in Conductivity_Ratio; wt%=20.26; R_ohm=64.42; R/R0=1.0017,1.0,False,0.998303
NaCl,AdamsHall1931,experimental,29.93,0.1,4.34763,,AdamsHall1931 RELATIVE: kappa(P)/kappa(1bar) in Conductivity_Ratio; wt%=20.26; R_ohm=64.31; R/R0=1.0,1.0,False,1.0
NaCl,AdamsHall1931,experimental,24.93,0.1,5.34161,,AdamsHall1931 RELATIVE: kappa(P)/kappa(1bar) in Conductivity_Ratio; wt%=23.79; R_ohm=90.963; R/R0=1.0,1.0,False,1.0
NaCl,AdamsHall1931,experimental,24.93,29.4,5.34161,,AdamsHall1931 RELATIVE: kappa(P)/kappa(1bar) in Conductivity_Ratio; wt%=23.79; R_ohm=91.181; R/R0=1.0024,1.0,False,0.997606
NaCl,AdamsHall1931,experimental,24.93,52.8,5.34161,,AdamsHall1931 RELATIVE: kappa(P)/kappa(1bar) in Conductivity_Ratio; wt%=23.79; R_ohm=91.463; R/R0=1.0055,1.0,False,0.99453
NaCl,AdamsHall1931,experimental,24.93,79.1,5.34161,,AdamsHall1931 RELATIVE: kappa(P)/kappa(1bar) in Conductivity_Ratio; wt%=23.79; R_ohm=91.868; R/R0=1.0099,1.0,False,0.990197
NaCl,AdamsHall1931,experimental,24.93,104.6,5.34161,,AdamsHall1931 RELATIVE: kappa(P)/kappa(1bar) in Conductivity_Ratio; wt%=23.79; R_ohm=92.344; R/R0=1.0152,1.0,False,0.985028
NaCl,AdamsHall1931,experimental,24.93,128.2,5.34161,,AdamsHall1931 RELATIVE: kappa(P)/kappa(1bar) in Conductivity_Ratio; wt%=23.79; R_ohm=92.853; R/R0=1.0208,1.0,False,0.979624
NaCl,AdamsHall1931,experimental,24.93,154.0,5.34161,,AdamsHall1931 RELATIVE: kappa(P)/kappa(1bar) in Conductivity_Ratio; wt%=23.79; R_ohm=93.475; R/R0=1.0276,1.0,False,0.973141
NaCl,AdamsHall1931,experimental,29.93,0.1,5.37998,,AdamsHall1931 RELATIVE: kappa(P)/kappa(1bar) in Conductivity_Ratio; wt%=23.92; R_ohm=59.85; R/R0=1.0,1.0,False,1.0
NaCl,AdamsHall1931,experimental,29.93,24.1,5.37998,,AdamsHall1931 RELATIVE: kappa(P)/kappa(1bar) in Conductivity_Ratio; wt%=23.92; R_ohm=59.98; R/R0=1.0022,1.0,False,0.997805
NaCl,AdamsHall1931,experimental,29.93,49.5,5.37998,,AdamsHall1931 RELATIVE: kappa(P)/kappa(1bar) in Conductivity_Ratio; wt%=23.92; R_ohm=60.17; R/R0=1.0053,1.0,False,0.994728
NaCl,AdamsHall1931,experimental,29.93,76.4,5.37998,,AdamsHall1931 RELATIVE: kappa(P)/kappa(1bar) in Conductivity_Ratio; wt%=23.92; R_ohm=60.43; R/R0=1.0097,1.0,False,0.990393
NaCl,AdamsHall1931,experimental,29.93,98.8,5.37998,,AdamsHall1931 RELATIVE: kappa(P)/kappa(1bar) in Conductivity_Ratio; wt%=23.92; R_ohm=60.69; R/R0=1.014,1.0,False,0.986193
NaCl,AdamsHall1931,experimental,29.93,147.2,5.37998,,AdamsHall1931 RELATIVE: kappa(P)/kappa(1bar) in Conductivity_Ratio; wt%=23.92; R_ohm=61.37; R/R0=1.0254,1.0,False,0.975229
NaCl,AdamsHall1931,experimental,29.93,198.5,5.37998,,AdamsHall1931 RELATIVE: kappa(P)/kappa(1bar) in Conductivity_Ratio; wt%=23.92; R_ohm=62.26; R/R0=1.0403,1.0,False,0.961261
NaCl,AdamsHall1931,experimental,29.93,248.6,5.37998,,AdamsHall1931 RELATIVE: kappa(P)/kappa(1bar) in Conductivity_Ratio; wt%=23.92; R_ohm=63.26; R/R0=1.057,1.0,False,0.946074
NaCl,AdamsHall1931,experimental,29.93,308.9,5.37998,,AdamsHall1931 RELATIVE: kappa(P)/kappa(1bar) in Conductivity_Ratio; wt%=23.92; R_ohm=64.65; R/R0=1.0802,1.0,False,0.925754
NaCl,AdamsHall1931,experimental,29.93,351.5,5.37998,,AdamsHall1931 RELATIVE: kappa(P)/kappa(1bar) in Conductivity_Ratio; wt%=23.92; R_ohm=65.74; R/R0=1.0984,1.0,False,0.910415
NaCl,AdamsHall1931,experimental,29.93,389.3,5.37998,,AdamsHall1931 RELATIVE: kappa(P)/kappa(1bar) in Conductivity_Ratio; wt%=23.92; R_ohm=66.78; R/R0=1.1158,1.0,False,0.896218
NaCl,AdamsHall1931,experimental,29.93,268.3,5.37998,,AdamsHall1931 RELATIVE: kappa(P)/kappa(1bar) in Conductivity_Ratio; wt%=23.92; R_ohm=63.68; R/R0=1.064,1.0,False,0.93985
NaCl,AdamsHall1931,experimental,29.93,188.5,5.37998,,AdamsHall1931 RELATIVE: kappa(P)/kappa(1bar) in Conductivity_Ratio; wt%=23.92; R_ohm=62.03; R/R0=1.0364,1.0,False,0.964878
NaCl,AdamsHall1931,experimental,29.93,119.8,5.37998,,AdamsHall1931 RELATIVE: kappa(P)/kappa(1bar) in Conductivity_Ratio; wt%=23.92; R_ohm=60.94; R/R0=1.0182,1.0,False,0.982125
NaCl,AdamsHall1931,experimental,29.93,71.5,5.37998,,AdamsHall1931 RELATIVE: kappa(P)/kappa(1bar) in Conductivity_Ratio; wt%=23.92; R_ohm=60.36; R/R0=1.0085,1.0,False,0.991572
NaCl,AdamsHall1931,experimental,29.93,0.1,5.37998,,AdamsHall1931 RELATIVE: kappa(P)/kappa(1bar) in Conductivity_Ratio; wt%=23.92; R_ohm=59.88; R/R0=1.0005,1.0,False,0.9995
NaCl,AdamsHall1931,experimental,24.93,0.1,5.39773,,AdamsHall1931 RELATIVE: kappa(P)/kappa(1bar) in Conductivity_Ratio; wt%=23.98; R_ohm=65.92; R/R0=1.0,1.0,False,1.0
NaCl,AdamsHall1931,experimental,24.93,26.6,5.39773,,AdamsHall1931 RELATIVE: kappa(P)/kappa(1bar) in Conductivity_Ratio; wt%=23.98; R_ohm=66.07; R/R0=1.0023,1.0,False,0.997705
NaCl,AdamsHall1931,experimental,24.93,50.7,5.39773,,AdamsHall1931 RELATIVE: kappa(P)/kappa(1bar) in Conductivity_Ratio; wt%=23.98; R_ohm=66.28; R/R0=1.0055,1.0,False,0.99453
NaCl,AdamsHall1931,experimental,24.93,77.2,5.39773,,AdamsHall1931 RELATIVE: kappa(P)/kappa(1bar) in Conductivity_Ratio; wt%=23.98; R_ohm=66.58; R/R0=1.01,1.0,False,0.990099
NaCl,AdamsHall1931,experimental,24.93,102.6,5.39773,,AdamsHall1931 RELATIVE: kappa(P)/kappa(1bar) in Conductivity_Ratio; wt%=23.98; R_ohm=66.93; R/R0=1.0153,1.0,False,0.984931
NaCl,AdamsHall1931,experimental,24.93,126.6,5.39773,,AdamsHall1931 RELATIVE: kappa(P)/kappa(1bar) in Conductivity_Ratio; wt%=23.98; R_ohm=67.31; R/R0=1.0211,1.0,False,0.979336
NaCl,AdamsHall1931,experimental,24.93,153.8,5.39773,,AdamsHall1931 RELATIVE: kappa(P)/kappa(1bar) in Conductivity_Ratio; wt%=23.98; R_ohm=67.8; R/R0=1.0285,1.0,False,0.97229
NaCl,AdamsHall1931,experimental,24.93,211.6,5.39773,,AdamsHall1931 RELATIVE: kappa(P)/kappa(1bar) in Conductivity_Ratio; wt%=23.98; R_ohm=69.04; R/R0=1.0473,1.0,False,0.954836
NaCl,AdamsHall1931,experimental,24.93,256.7,5.39773,,AdamsHall1931 RELATIVE: kappa(P)/kappa(1bar) in Conductivity_Ratio; wt%=23.98; R_ohm=70.17; R/R0=1.0645,1.0,False,0.939408
NaCl,AdamsHall1931,experimental,24.93,316.6,5.39773,,AdamsHall1931 RELATIVE: kappa(P)/kappa(1bar) in Conductivity_Ratio; wt%=23.98; R_ohm=71.87; R/R0=1.0903,1.0,False,0.917179
NaCl,AdamsHall1931,experimental,24.93,354.3,5.39773,,AdamsHall1931 RELATIVE: kappa(P)/kappa(1bar) in Conductivity_Ratio; wt%=23.98; R_ohm=73.05; R/R0=1.1082,1.0,False,0.902364
NaCl,AdamsHall1931,experimental,24.93,392.3,5.39773,,AdamsHall1931 RELATIVE: kappa(P)/kappa(1bar) in Conductivity_Ratio; wt%=23.98; R_ohm=74.27; R/R0=1.1267,1.0,False,0.887548
NaCl,AdamsHall1931,experimental,24.93,267.4,5.39773,,AdamsHall1931 RELATIVE: kappa(P)/kappa(1bar) in Conductivity_Ratio; wt%=23.98; R_ohm=70.44; R/R0=1.0686,1.0,False,0.935804
NaCl,AdamsHall1931,experimental,24.93,173.5,5.39773,,AdamsHall1931 RELATIVE: kappa(P)/kappa(1bar) in Conductivity_Ratio; wt%=23.98; R_ohm=68.16; R/R0=1.034,1.0,False,0.967118
NaCl,AdamsHall1931,experimental,24.93,82.6,5.39773,,AdamsHall1931 RELATIVE: kappa(P)/kappa(1bar) in Conductivity_Ratio; wt%=23.98; R_ohm=66.61; R/R0=1.0105,1.0,False,0.989609
NaCl,AdamsHall1931,experimental,24.93,37.8,5.39773,,AdamsHall1931 RELATIVE: kappa(P)/kappa(1bar) in Conductivity_Ratio; wt%=23.98; R_ohm=66.13; R/R0=1.0032,1.0,False,0.99681
NaCl,AdamsHall1931,experimental,24.93,0.1,5.39773,,AdamsHall1931 RELATIVE: kappa(P)/kappa(1bar) in Conductivity_Ratio; wt%=23.98; R_ohm=65.92; R/R0=1.0,1.0,False,1.0
NaCl,AdamsHall1931,experimental,29.93,0.1,6.16314,,AdamsHall1931 RELATIVE: kappa(P)/kappa(1bar) in Conductivity_Ratio; wt%=26.48; R_ohm=58.19; R/R0=1.0,1.0,False,1.0
NaCl,AdamsHall1931,experimental,29.93,23.0,6.16314,,AdamsHall1931 RELATIVE: kappa(P)/kappa(1bar) in Conductivity_Ratio; wt%=26.48; R_ohm=58.42; R/R0=1.004,1.0,False,0.996016
NaCl,AdamsHall1931,experimental,29.93,49.9,6.16314,,AdamsHall1931 RELATIVE: kappa(P)/kappa(1bar) in Conductivity_Ratio; wt%=26.48; R_ohm=58.74; R/R0=1.0095,1.0,False,0.990589
NaCl,AdamsHall1931,experimental,29.93,75.4,6.16314,,AdamsHall1931 RELATIVE: kappa(P)/kappa(1bar) in Conductivity_Ratio; wt%=26.48; R_ohm=59.08; R/R0=1.0153,1.0,False,0.984931
NaCl,AdamsHall1931,experimental,29.93,99.1,6.16314,,AdamsHall1931 RELATIVE: kappa(P)/kappa(1bar) in Conductivity_Ratio; wt%=26.48; R_ohm=59.45; R/R0=1.0217,1.0,False,0.978761
NaCl,AdamsHall1931,experimental,29.93,123.5,6.16314,,AdamsHall1931 RELATIVE: kappa(P)/kappa(1bar) in Conductivity_Ratio; wt%=26.48; R_ohm=59.86; R/R0=1.0287,1.0,False,0.972101
NaCl,AdamsHall1931,experimental,29.93,150.2,6.16314,,AdamsHall1931 RELATIVE: kappa(P)/kappa(1bar) in Conductivity_Ratio; wt%=26.48; R_ohm=60.34; R/R0=1.0369,1.0,False,0.964413
NaCl,AdamsHall1931,experimental,29.93,212.7,6.16314,,AdamsHall1931 RELATIVE: kappa(P)/kappa(1bar) in Conductivity_Ratio; wt%=26.48; R_ohm=61.65; R/R0=1.0595,1.0,False,0.943841
NaCl,AdamsHall1931,experimental,29.93,250.4,6.16314,,AdamsHall1931 RELATIVE: kappa(P)/kappa(1bar) in Conductivity_Ratio; wt%=26.48; R_ohm=62.52; R/R0=1.0744,1.0,False,0.930752
NaCl,AdamsHall1931,experimental,29.93,313.7,6.16314,,AdamsHall1931 RELATIVE: kappa(P)/kappa(1bar) in Conductivity_Ratio; wt%=26.48; R_ohm=64.13; R/R0=1.1021,1.0,False,0.907359
NaCl,AdamsHall1931,experimental,29.93,342.3,6.16314,,AdamsHall1931 RELATIVE: kappa(P)/kappa(1bar) in Conductivity_Ratio; wt%=26.48; R_ohm=64.93; R/R0=1.1158,1.0,False,0.896218
NaCl,AdamsHall1931,experimental,29.93,386.6,6.16314,,AdamsHall1931 RELATIVE: kappa(P)/kappa(1bar) in Conductivity_Ratio; wt%=26.48; R_ohm=66.21; R/R0=1.1378,1.0,False,0.878889
NaCl,AdamsHall1931,experimental,29.93,256.3,6.16314,,AdamsHall1931 RELATIVE: kappa(P)/kappa(1bar) in Conductivity_Ratio; wt%=26.48; R_ohm=62.64; R/R0=1.0765,1.0,False,0.928936
NaCl,AdamsHall1931,experimental,29.93,158.2,6.16314,,AdamsHall1931 RELATIVE: kappa(P)/kappa(1bar) in Conductivity_Ratio; wt%=26.48; R_ohm=60.49; R/R0=1.0395,1.0,False,0.962001
NaCl,AdamsHall1931,experimental,29.93,73.1,6.16314,,AdamsHall1931 RELATIVE: kappa(P)/kappa(1bar) in Conductivity_Ratio; wt%=26.48; R_ohm=59.03; R/R0=1.0144,1.0,False,0.985804
NaCl,AdamsHall1931,experimental,29.93,0.1,6.16314,,AdamsHall1931 RELATIVE: kappa(P)/kappa(1bar) in Conductivity_Ratio; wt%=26.48; R_ohm=58.2; R/R0=1.0002,1.0,False,0.9998
NaCl,AdamsHall1931,experimental,24.93,0.1,5.63108,,AdamsHall1931 RELATIVE: kappa(P)/kappa(1bar) in Conductivity_Ratio; wt%=24.76; R_ohm=65.28; R/R0=1.0,1.0,False,1.0
NaCl,AdamsHall1931,experimental,24.93,27.3,5.63108,,AdamsHall1931 RELATIVE: kappa(P)/kappa(1bar) in Conductivity_Ratio; wt%=24.76; R_ohm=65.5; R/R0=1.0034,1.0,False,0.996612
NaCl,AdamsHall1931,experimental,24.93,52.0,5.63108,,AdamsHall1931 RELATIVE: kappa(P)/kappa(1bar) in Conductivity_Ratio; wt%=24.76; R_ohm=65.75; R/R0=1.0072,1.0,False,0.992851
NaCl,AdamsHall1931,experimental,24.93,78.4,5.63108,,AdamsHall1931 RELATIVE: kappa(P)/kappa(1bar) in Conductivity_Ratio; wt%=24.76; R_ohm=66.1; R/R0=1.0126,1.0,False,0.987557
NaCl,AdamsHall1931,experimental,24.93,103.3,5.63108,,AdamsHall1931 RELATIVE: kappa(P)/kappa(1bar) in Conductivity_Ratio; wt%=24.76; R_ohm=66.46; R/R0=1.0181,1.0,False,0.982222
NaCl,AdamsHall1931,experimental,24.93,127.5,5.63108,,AdamsHall1931 RELATIVE: kappa(P)/kappa(1bar) in Conductivity_Ratio; wt%=24.76; R_ohm=66.89; R/R0=1.0247,1.0,False,0.975895
NaCl,AdamsHall1931,experimental,24.93,153.6,5.63108,,AdamsHall1931 RELATIVE: kappa(P)/kappa(1bar) in Conductivity_Ratio; wt%=24.76; R_ohm=67.39; R/R0=1.0323,1.0,False,0.968711
NaCl,AdamsHall1931,experimental,24.93,201.5,5.63108,,AdamsHall1931 RELATIVE: kappa(P)/kappa(1bar) in Conductivity_Ratio; wt%=24.76; R_ohm=68.45; R/R0=1.0486,1.0,False,0.953652
NaCl,AdamsHall1931,experimental,24.93,257.9,5.63108,,AdamsHall1931 RELATIVE: kappa(P)/kappa(1bar) in Conductivity_Ratio; wt%=24.76; R_ohm=69.89; R/R0=1.0706,1.0,False,0.934056
NaCl,AdamsHall1931,experimental,24.93,305.3,5.63108,,AdamsHall1931 RELATIVE: kappa(P)/kappa(1bar) in Conductivity_Ratio; wt%=24.76; R_ohm=71.25; R/R0=1.0915,1.0,False,0.91617
NaCl,AdamsHall1931,experimental,24.93,351.7,5.63108,,AdamsHall1931 RELATIVE: kappa(P)/kappa(1bar) in Conductivity_Ratio; wt%=24.76; R_ohm=72.69; R/R0=1.1135,1.0,False,0.898069
NaCl,AdamsHall1931,experimental,24.93,390.5,5.63108,,AdamsHall1931 RELATIVE: kappa(P)/kappa(1bar) in Conductivity_Ratio; wt%=24.76; R_ohm=73.95; R/R0=1.1328,1.0,False,0.882768
NaCl,AdamsHall1931,experimental,24.93,243.0,5.63108,,AdamsHall1931 RELATIVE: kappa(P)/kappa(1bar) in Conductivity_Ratio; wt%=24.76; R_ohm=69.44; R/R0=1.0637,1.0,False,0.940115
NaCl,AdamsHall1931,experimental,24.93,157.6,5.63108,,AdamsHall1931 RELATIVE: kappa(P)/kappa(1bar) in Conductivity_Ratio; wt%=24.76; R_ohm=67.43; R/R0=1.0329,1.0,False,0.968148
NaCl,AdamsHall1931,experimental,24.93,69.8,5.63108,,AdamsHall1931 RELATIVE: kappa(P)/kappa(1bar) in Conductivity_Ratio; wt%=24.76; R_ohm=65.93; R/R0=1.01,1.0,False,0.990099
NaCl,AdamsHall1931,experimental,24.93,0.1,5.63108,,AdamsHall1931 RELATIVE: kappa(P)/kappa(1bar) in Conductivity_Ratio; wt%=24.76; R_ohm=65.29; R/R0=1.0002,1.0,False,0.9998
NaCl,AdamsHall1931,experimental,0.0,0.1,6.04033,,AdamsHall1931 RELATIVE: kappa(P)/kappa(1bar) in Conductivity_Ratio; wt%=26.09; R_ohm=132.26; R/R0=1.0,1.0,False,1.0
NaCl,AdamsHall1931,experimental,0.0,28.5,6.04033,,AdamsHall1931 RELATIVE: kappa(P)/kappa(1bar) in Conductivity_Ratio; wt%=26.09; R_ohm=133.05; R/R0=1.006,1.0,False,0.994036
NaCl,AdamsHall1931,experimental,0.0,47.7,6.04033,,AdamsHall1931 RELATIVE: kappa(P)/kappa(1bar) in Conductivity_Ratio; wt%=26.09; R_ohm=133.83; R/R0=1.0119,1.0,False,0.98824
NaCl,AdamsHall1931,experimental,0.0,99.7,6.04033,,AdamsHall1931 RELATIVE: kappa(P)/kappa(1bar) in Conductivity_Ratio; wt%=26.09; R_ohm=136.26; R/R0=1.0302,1.0,False,0.970685
NaCl,AdamsHall1931,experimental,0.0,150.3,6.04033,,AdamsHall1931 RELATIVE: kappa(P)/kappa(1bar) in Conductivity_Ratio; wt%=26.09; R_ohm=139.34; R/R0=1.0535,1.0,False,0.949217
NaCl,AdamsHall1931,experimental,0.0,190.2,6.04033,,AdamsHall1931 RELATIVE: kappa(P)/kappa(1bar) in Conductivity_Ratio; wt%=26.09; R_ohm=142.19; R/R0=1.0751,1.0,False,0.930146
NaCl,AdamsHall1931,experimental,0.0,229.4,6.04033,,AdamsHall1931 RELATIVE: kappa(P)/kappa(1bar) in Conductivity_Ratio; wt%=26.09; R_ohm=145.35; R/R0=1.099,1.0,False,0.909918
NaCl,AdamsHall1931,experimental,0.0,287.7,6.04033,,AdamsHall1931 RELATIVE: kappa(P)/kappa(1bar) in Conductivity_Ratio; wt%=26.09; R_ohm=150.88; R/R0=1.1408,1.0,False,0.876578
NaCl,AdamsHall1931,experimental,0.0,328.9,6.04033,,AdamsHall1931 RELATIVE: kappa(P)/kappa(1bar) in Conductivity_Ratio; wt%=26.09; R_ohm=154.76; R/R0=1.1701,1.0,False,0.854628
NaCl,AdamsHall1931,experimental,0.0,239.7,6.04033,,AdamsHall1931 RELATIVE: kappa(P)/kappa(1bar) in Conductivity_Ratio; wt%=26.09; R_ohm=146.73; R/R0=1.1094,1.0,False,0.901388
NaCl,AdamsHall1931,experimental,0.0,136.1,6.04033,,AdamsHall1931 RELATIVE: kappa(P)/kappa(1bar) in Conductivity_Ratio; wt%=26.09; R_ohm=138.84; R/R0=1.0497,1.0,False,0.952653
NaCl,AdamsHall1931,experimental,0.0,47.7,6.04033,,AdamsHall1931 RELATIVE: kappa(P)/kappa(1bar) in Conductivity_Ratio; wt%=26.09; R_ohm=134.19; R/R0=1.0146,1.0,False,0.98561
NaCl,AdamsHall1931,experimental,0.0,0.1,6.04033,,AdamsHall1931 RELATIVE: kappa(P)/kappa(1bar) in Conductivity_Ratio; wt%=26.09; R_ohm=132.97; R/R0=1.0054,1.0,False,0.994629
NaCl,AdamsHall1931,experimental,25.0,0.1,0.10045,,AdamsHall1931 RELATIVE: kappa(P)/kappa(1bar) in Conductivity_Ratio; wt%=0.5836; R_ohm=533.6; R/R0=1.0,1.0,False,1.0
NaCl,AdamsHall1931,experimental,25.0,51.1,0.10045,,AdamsHall1931 RELATIVE: kappa(P)/kappa(1bar) in Conductivity_Ratio; wt%=0.5836; R_ohm=515.35; R/R0=0.96578,1.0,False,1.035433
NaCl,AdamsHall1931,experimental,25.0,102.1,0.10045,,AdamsHall1931 RELATIVE: kappa(P)/kappa(1bar) in Conductivity_Ratio; wt%=0.5836; R_ohm=504.28; R/R0=0.94504,1.0,False,1.058156
NaCl,AdamsHall1931,experimental,25.0,152.4,0.10045,,AdamsHall1931 RELATIVE: kappa(P)/kappa(1bar) in Conductivity_Ratio; wt%=0.5836; R_ohm=498.51; R/R0=0.93424,1.0,False,1.070389
NaCl,AdamsHall1931,experimental,25.0,182.4,0.10045,,AdamsHall1931 RELATIVE: kappa(P)/kappa(1bar) in Conductivity_Ratio; wt%=0.5836; R_ohm=496.88; R/R0=0.93118,1.0,False,1.073906
NaCl,AdamsHall1931,experimental,25.0,208.2,0.10045,,AdamsHall1931 RELATIVE: kappa(P)/kappa(1bar) in Conductivity_Ratio; wt%=0.5836; R_ohm=496.42; R/R0=0.93032,1.0,False,1.074899
NaCl,AdamsHall1931,experimental,25.0,234.0,0.10045,,AdamsHall1931 RELATIVE: kappa(P)/kappa(1bar) in Conductivity_Ratio; wt%=0.5836; R_ohm=496.75; R/R0=0.93094,1.0,False,1.074183
NaCl,AdamsHall1931,experimental,25.0,258.8,0.10045,,AdamsHall1931 RELATIVE: kappa(P)/kappa(1bar) in Conductivity_Ratio; wt%=0.5836; R_ohm=497.71; R/R0=0.93274,1.0,False,1.07211
NaCl,AdamsHall1931,experimental,25.0,313.5,0.10045,,AdamsHall1931 RELATIVE: kappa(P)/kappa(1bar) in Conductivity_Ratio; wt%=0.5836; R_ohm=501.83; R/R0=0.94046,1.0,False,1.063309
NaCl,AdamsHall1931,experimental,25.0,364.6,0.10045,,AdamsHall1931 RELATIVE: kappa(P)/kappa(1bar) in Conductivity_Ratio; wt%=0.5836; R_ohm=507.81; R/R0=0.95166,1.0,False,1.050795
NaCl,AdamsHall1931,experimental,25.0,416.8,0.10045,,AdamsHall1931 RELATIVE: kappa(P)/kappa(1bar) in Conductivity_Ratio; wt%=0.5836; R_ohm=515.67; R/R0=0.96638,1.0,False,1.03479
NaCl,AdamsHall1931,experimental,25.0,307.7,0.10045,,AdamsHall1931 RELATIVE: kappa(P)/kappa(1bar) in Conductivity_Ratio; wt%=0.5836; R_ohm=501.04; R/R0=0.93896,1.0,False,1.065008
NaCl,AdamsHall1931,experimental,25.0,217.8,0.10045,,AdamsHall1931 RELATIVE: kappa(P)/kappa(1bar) in Conductivity_Ratio; wt%=0.5836; R_ohm=496.12; R/R0=0.92976,1.0,False,1.075546
NaCl,AdamsHall1931,experimental,25.0,95.7,0.10045,,AdamsHall1931 RELATIVE: kappa(P)/kappa(1bar) in Conductivity_Ratio; wt%=0.5836; R_ohm=504.91; R/R0=0.94624,1.0,False,1.056814
NaCl,AdamsHall1931,experimental,25.0,0.1,0.10045,,AdamsHall1931 RELATIVE: kappa(P)/kappa(1bar) in Conductivity_Ratio; wt%=0.5836; R_ohm=533.48; R/R0=0.99975,1.0,False,1.00025
NaCl,AdamsHall1931,experimental,25.0,0.1,0.02001,,AdamsHall1931 RELATIVE: kappa(P)/kappa(1bar) in Conductivity_Ratio; wt%=0.1168; R_ohm=2466.0; R/R0=1.0,1.0,False,1.0
NaCl,AdamsHall1931,experimental,25.0,51.8,0.02001,,AdamsHall1931 RELATIVE: kappa(P)/kappa(1bar) in Conductivity_Ratio; wt%=0.1168; R_ohm=2381.7; R/R0=0.96583,1.0,False,1.035379
NaCl,AdamsHall1931,experimental,25.0,104.7,0.02001,,AdamsHall1931 RELATIVE: kappa(P)/kappa(1bar) in Conductivity_Ratio; wt%=0.1168; R_ohm=2330.2; R/R0=0.94493,1.0,False,1.058279
NaCl,AdamsHall1931,experimental,25.0,151.9,0.02001,,AdamsHall1931 RELATIVE: kappa(P)/kappa(1bar) in Conductivity_Ratio; wt%=0.1168; R_ohm=2306.0; R/R0=0.93512,1.0,False,1.069381
NaCl,AdamsHall1931,experimental,25.0,184.8,0.02001,,AdamsHall1931 RELATIVE: kappa(P)/kappa(1bar) in Conductivity_Ratio; wt%=0.1168; R_ohm=2299.0; R/R0=0.9323,1.0,False,1.072616
NaCl,AdamsHall1931,experimental,25.0,215.5,0.02001,,AdamsHall1931 RELATIVE: kappa(P)/kappa(1bar) in Conductivity_Ratio; wt%=0.1168; R_ohm=2298.3; R/R0=0.932,1.0,False,1.072961
NaCl,AdamsHall1931,experimental,25.0,264.3,0.02001,,AdamsHall1931 RELATIVE: kappa(P)/kappa(1bar) in Conductivity_Ratio; wt%=0.1168; R_ohm=2307.1; R/R0=0.93558,1.0,False,1.068856
NaCl,AdamsHall1931,experimental,25.0,318.1,0.02001,,AdamsHall1931 RELATIVE: kappa(P)/kappa(1bar) in Conductivity_Ratio; wt%=0.1168; R_ohm=2328.3; R/R0=0.9442,1.0,False,1.059098
NaCl,AdamsHall1931,experimental,25.0,367.6,0.02001,,AdamsHall1931 RELATIVE: kappa(P)/kappa(1bar) in Conductivity_Ratio; wt%=0.1168; R_ohm=2357.3; R/R0=0.95592,1.0,False,1.046113
NaCl,AdamsHall1931,experimental,25.0,418.6,0.02001,,AdamsHall1931 RELATIVE: kappa(P)/kappa(1bar) in Conductivity_Ratio; wt%=0.1168; R_ohm=2395.0; R/R0=0.97125,1.0,False,1.029601
NaCl,AdamsHall1931,experimental,25.0,288.1,0.02001,,AdamsHall1931 RELATIVE: kappa(P)/kappa(1bar) in Conductivity_Ratio; wt%=0.1168; R_ohm=2313.7; R/R0=0.93825,1.0,False,1.065814
NaCl,AdamsHall1931,experimental,25.0,229.1,0.02001,,AdamsHall1931 RELATIVE: kappa(P)/kappa(1bar) in Conductivity_Ratio; wt%=0.1168; R_ohm=2298.4; R/R0=0.93205,1.0,False,1.072904
NaCl,AdamsHall1931,experimental,25.0,0.1,0.02001,,AdamsHall1931 RELATIVE: kappa(P)/kappa(1bar) in Conductivity_Ratio; wt%=0.1168; R_ohm=2465.5; R/R0=0.99982,1.0,False,1.00018
NaCl,AdamsHall1931,experimental,25.0,0.1,0.19709,,AdamsHall1931 RELATIVE: kappa(P)/kappa(1bar) in Conductivity_Ratio; wt%=1.1387; R_ohm=285.6; R/R0=1.0,1.0,False,1.0
NaCl,AdamsHall1931,experimental,25.0,24.5,0.19709,,AdamsHall1931 RELATIVE: kappa(P)/kappa(1bar) in Conductivity_Ratio; wt%=1.1387; R_ohm=280.45; R/R0=0.98197,1.0,False,1.018361
NaCl,AdamsHall1931,experimental,25.0,52.4,0.19709,,AdamsHall1931 RELATIVE: kappa(P)/kappa(1bar) in Conductivity_Ratio; wt%=1.1387; R_ohm=275.75; R/R0=0.96551,1.0,False,1.035722
NaCl,AdamsHall1931,experimental,25.0,0.1,0.19709,,AdamsHall1931 RELATIVE: kappa(P)/kappa(1bar) in Conductivity_Ratio; wt%=1.1387; R_ohm=285.66; R/R0=1.0,1.0,False,1.0
NaCl,AdamsHall1931,experimental,25.0,25.2,0.19709,,AdamsHall1931 RELATIVE: kappa(P)/kappa(1bar) in Conductivity_Ratio; wt%=1.1387; R_ohm=280.4; R/R0=0.98159,1.0,False,1.018755
NaCl,AdamsHall1931,experimental,25.0,55.5,0.19709,,AdamsHall1931 RELATIVE: kappa(P)/kappa(1bar) in Conductivity_Ratio; wt%=1.1387; R_ohm=275.4; R/R0=0.96408,1.0,False,1.037258
NaCl,AdamsHall1931,experimental,25.0,79.0,0.19709,,AdamsHall1931 RELATIVE: kappa(P)/kappa(1bar) in Conductivity_Ratio; wt%=1.1387; R_ohm=272.44; R/R0=0.95372,1.0,False,1.048526
NaCl,AdamsHall1931,experimental,25.0,103.3,0.19709,,AdamsHall1931 RELATIVE: kappa(P)/kappa(1bar) in Conductivity_Ratio; wt%=1.1387; R_ohm=270.07; R/R0=0.94542,1.0,False,1.057731
NaCl,AdamsHall1931,experimental,25.0,129.4,0.19709,,AdamsHall1931 RELATIVE: kappa(P)/kappa(1bar) in Conductivity_Ratio; wt%=1.1387; R_ohm=268.22; R/R0=0.93895,1.0,False,1.065019
NaCl,AdamsHall1931,experimental,25.0,154.5,0.19709,,AdamsHall1931 RELATIVE: kappa(P)/kappa(1bar) in Conductivity_Ratio; wt%=1.1387; R_ohm=267.02; R/R0=0.93475,1.0,False,1.069805
NaCl,AdamsHall1931,experimental,25.0,182.2,0.19709,,AdamsHall1931 RELATIVE: kappa(P)/kappa(1bar) in Conductivity_Ratio; wt%=1.1387; R_ohm=266.26; R/R0=0.93209,1.0,False,1.072858
NaCl,AdamsHall1931,experimental,25.0,208.7,0.19709,,AdamsHall1931 RELATIVE: kappa(P)/kappa(1bar) in Conductivity_Ratio; wt%=1.1387; R_ohm=266.02; R/R0=0.93125,1.0,False,1.073826
NaCl,AdamsHall1931,experimental,25.0,235.2,0.19709,,AdamsHall1931 RELATIVE: kappa(P)/kappa(1bar) in Conductivity_Ratio; wt%=1.1387; R_ohm=266.22; R/R0=0.93195,1.0,False,1.073019
NaCl,AdamsHall1931,experimental,25.0,263.0,0.19709,,AdamsHall1931 RELATIVE: kappa(P)/kappa(1bar) in Conductivity_Ratio; wt%=1.1387; R_ohm=266.84; R/R0=0.93412,1.0,False,1.070526
NaCl,AdamsHall1931,experimental,25.0,312.5,0.19709,,AdamsHall1931 RELATIVE: kappa(P)/kappa(1bar) in Conductivity_Ratio; wt%=1.1387; R_ohm=268.87; R/R0=0.94122,1.0,False,1.062451
NaCl,AdamsHall1931,experimental,25.0,368.0,0.19709,,AdamsHall1931 RELATIVE: kappa(P)/kappa(1bar) in Conductivity_Ratio; wt%=1.1387; R_ohm=272.35; R/R0=0.95341,1.0,False,1.048867
NaCl,AdamsHall1931,experimental,25.0,419.5,0.19709,,AdamsHall1931 RELATIVE: kappa(P)/kappa(1bar) in Conductivity_Ratio; wt%=1.1387; R_ohm=276.54; R/R0=0.96807,1.0,False,1.032983
NaCl,AdamsHall1931,experimental,25.0,312.1,0.19709,,AdamsHall1931 RELATIVE: kappa(P)/kappa(1bar) in Conductivity_Ratio; wt%=1.1387; R_ohm=268.73; R/R0=0.94073,1.0,False,1.063004
NaCl,AdamsHall1931,experimental,25.0,210.6,0.19709,,AdamsHall1931 RELATIVE: kappa(P)/kappa(1bar) in Conductivity_Ratio; wt%=1.1387; R_ohm=265.87; R/R0=0.93072,1.0,False,1.074437
NaCl,AdamsHall1931,experimental,25.0,111.7,0.19709,,AdamsHall1931 RELATIVE: kappa(P)/kappa(1bar) in Conductivity_Ratio; wt%=1.1387; R_ohm=269.23; R/R0=0.94248,1.0,False,1.06103
NaCl,AdamsHall1931,experimental,25.0,0.1,0.19709,,AdamsHall1931 RELATIVE: kappa(P)/kappa(1bar) in Conductivity_Ratio; wt%=1.1387; R_ohm=285.67; R/R0=1.00003,1.0,False,0.99997
NaCl,AdamsHall1931,experimental,25.0,0.1,0.05013,,AdamsHall1931 RELATIVE: kappa(P)/kappa(1bar) in Conductivity_Ratio; wt%=0.2921; R_ohm=1026.55; R/R0=1.0,1.0,False,1.0
NaCl,AdamsHall1931,experimental,25.0,49.7,0.05013,,AdamsHall1931 RELATIVE: kappa(P)/kappa(1bar) in Conductivity_Ratio; wt%=0.2921; R_ohm=991.98; R/R0=0.96636,1.0,False,1.034811
NaCl,AdamsHall1931,experimental,25.0,99.7,0.05013,,AdamsHall1931 RELATIVE: kappa(P)/kappa(1bar) in Conductivity_Ratio; wt%=0.2921; R_ohm=970.58; R/R0=0.94552,1.0,False,1.057619
NaCl,AdamsHall1931,experimental,25.0,152.2,0.05013,,AdamsHall1931 RELATIVE: kappa(P)/kappa(1bar) in Conductivity_Ratio; wt%=0.2921; R_ohm=958.86; R/R0=0.9341,1.0,False,1.070549
NaCl,AdamsHall1931,experimental,25.0,186.9,0.05013,,AdamsHall1931 RELATIVE: kappa(P)/kappa(1bar) in Conductivity_Ratio; wt%=0.2921; R_ohm=955.67; R/R0=0.931,1.0,False,1.074114
NaCl,AdamsHall1931,experimental,25.0,212.7,0.05013,,AdamsHall1931 RELATIVE: kappa(P)/kappa(1bar) in Conductivity_Ratio; wt%=0.2921; R_ohm=955.15; R/R0=0.93048,1.0,False,1.074714
NaCl,AdamsHall1931,experimental,25.0,240.4,0.05013,,AdamsHall1931 RELATIVE: kappa(P)/kappa(1bar) in Conductivity_Ratio; wt%=0.2921; R_ohm=956.28; R/R0=0.93158,1.0,False,1.073445
NaCl,AdamsHall1931,experimental,25.0,268.0,0.05013,,AdamsHall1931 RELATIVE: kappa(P)/kappa(1bar) in Conductivity_Ratio; wt%=0.2921; R_ohm=958.92; R/R0=0.93416,1.0,False,1.07048
NaCl,AdamsHall1931,experimental,25.0,347.0,0.05013,,AdamsHall1931 RELATIVE: kappa(P)/kappa(1bar) in Conductivity_Ratio; wt%=0.2921; R_ohm=973.39; R/R0=0.94826,1.0,False,1.054563
NaCl,AdamsHall1931,experimental,25.0,416.1,0.05013,,AdamsHall1931 RELATIVE: kappa(P)/kappa(1bar) in Conductivity_Ratio; wt%=0.2921; R_ohm=993.62; R/R0=0.96796,1.0,False,1.033101
NaCl,AdamsHall1931,experimental,25.0,310.1,0.05013,,AdamsHall1931 RELATIVE: kappa(P)/kappa(1bar) in Conductivity_Ratio; wt%=0.2921; R_ohm=965.2; R/R0=0.94028,1.0,False,1.063513
NaCl,AdamsHall1931,experimental,25.0,196.7,0.05013,,AdamsHall1931 RELATIVE: kappa(P)/kappa(1bar) in Conductivity_Ratio; wt%=0.2921; R_ohm=954.71; R/R0=0.93006,1.0,False,1.075199
NaCl,AdamsHall1931,experimental,25.0,0.1,0.05013,,AdamsHall1931 RELATIVE: kappa(P)/kappa(1bar) in Conductivity_Ratio; wt%=0.2921; R_ohm=1026.34; R/R0=0.99984,1.0,False,1.00016
NaCl,AdamsHall1931,experimental,25.0,0.1,0.19898,,AdamsHall1931 RELATIVE: kappa(P)/kappa(1bar) in Conductivity_Ratio; wt%=1.1495; R_ohm=297.4; R/R0=1.0,1.0,False,1.0
NaCl,AdamsHall1931,experimental,25.0,28.3,0.19898,,AdamsHall1931 RELATIVE: kappa(P)/kappa(1bar) in Conductivity_Ratio; wt%=1.1495; R_ohm=291.33; R/R0=0.9796,1.0,False,1.020825
NaCl,AdamsHall1931,experimental,25.0,58.1,0.19898,,AdamsHall1931 RELATIVE: kappa(P)/kappa(1bar) in Conductivity_Ratio; wt%=1.1495; R_ohm=286.41; R/R0=0.96305,1.0,False,1.038368
NaCl,AdamsHall1931,experimental,25.0,75.0,0.19898,,AdamsHall1931 RELATIVE: kappa(P)/kappa(1bar) in Conductivity_Ratio; wt%=1.1495; R_ohm=284.2; R/R0=0.9556,1.0,False,1.046463
NaCl,AdamsHall1931,experimental,25.0,104.6,0.19898,,AdamsHall1931 RELATIVE: kappa(P)/kappa(1bar) in Conductivity_Ratio; wt%=1.1495; R_ohm=281.24; R/R0=0.94568,1.0,False,1.05744
NaCl,AdamsHall1931,experimental,25.0,130.0,0.19898,,AdamsHall1931 RELATIVE: kappa(P)/kappa(1bar) in Conductivity_Ratio; wt%=1.1495; R_ohm=279.56; R/R0=0.94001,1.0,False,1.063818
NaCl,AdamsHall1931,experimental,25.0,155.2,0.19898,,AdamsHall1931 RELATIVE: kappa(P)/kappa(1bar) in Conductivity_Ratio; wt%=1.1495; R_ohm=278.49; R/R0=0.93642,1.0,False,1.067897
NaCl,AdamsHall1931,experimental,25.0,179.1,0.19898,,AdamsHall1931 RELATIVE: kappa(P)/kappa(1bar) in Conductivity_Ratio; wt%=1.1495; R_ohm=278.0; R/R0=0.93476,1.0,False,1.069793
NaCl,AdamsHall1931,experimental,25.0,208.0,0.19898,,AdamsHall1931 RELATIVE: kappa(P)/kappa(1bar) in Conductivity_Ratio; wt%=1.1495; R_ohm=277.8; R/R0=0.9341,1.0,False,1.070549
NaCl,AdamsHall1931,experimental,25.0,240.9,0.19898,,AdamsHall1931 RELATIVE: kappa(P)/kappa(1bar) in Conductivity_Ratio; wt%=1.1495; R_ohm=278.23; R/R0=0.93556,1.0,False,1.068879
NaCl,AdamsHall1931,experimental,25.0,267.8,0.19898,,AdamsHall1931 RELATIVE: kappa(P)/kappa(1bar) in Conductivity_Ratio; wt%=1.1495; R_ohm=279.02; R/R0=0.93818,1.0,False,1.065894
NaCl,AdamsHall1931,experimental,25.0,316.5,0.19898,,AdamsHall1931 RELATIVE: kappa(P)/kappa(1bar) in Conductivity_Ratio; wt%=1.1495; R_ohm=281.29; R/R0=0.94584,1.0,False,1.057261
NaCl,AdamsHall1931,experimental,25.0,369.0,0.19898,,AdamsHall1931 RELATIVE: kappa(P)/kappa(1bar) in Conductivity_Ratio; wt%=1.1495; R_ohm=284.87; R/R0=0.95788,1.0,False,1.043972
NaCl,AdamsHall1931,experimental,25.0,407.2,0.19898,,AdamsHall1931 RELATIVE: kappa(P)/kappa(1bar) in Conductivity_Ratio; wt%=1.1495; R_ohm=288.33; R/R0=0.9695,1.0,False,1.03146
NaCl,AdamsHall1931,experimental,25.0,307.4,0.19898,,AdamsHall1931 RELATIVE: kappa(P)/kappa(1bar) in Conductivity_Ratio; wt%=1.1495; R_ohm=280.72; R/R0=0.9439,1.0,False,1.059434
NaCl,AdamsHall1931,experimental,25.0,215.3,0.19898,,AdamsHall1931 RELATIVE: kappa(P)/kappa(1bar) in Conductivity_Ratio; wt%=1.1495; R_ohm=278.06; R/R0=0.93498,1.0,False,1.069542
NaCl,AdamsHall1931,experimental,25.0,117.6,0.19898,,AdamsHall1931 RELATIVE: kappa(P)/kappa(1bar) in Conductivity_Ratio; wt%=1.1495; R_ohm=281.12; R/R0=0.94526,1.0,False,1.05791
NaCl,AdamsHall1931,experimental,25.0,0.1,0.19898,,AdamsHall1931 RELATIVE: kappa(P)/kappa(1bar) in Conductivity_Ratio; wt%=1.1495; R_ohm=297.56; R/R0=1.00054,1.0,False,0.99946
NaCl,AdamsHall1931,experimental,25.0,0.1,0.50471,,AdamsHall1931 RELATIVE: kappa(P)/kappa(1bar) in Conductivity_Ratio; wt%=2.865; R_ohm=122.103; R/R0=1.0,1.0,False,1.0
NaCl,AdamsHall1931,experimental,25.0,50.3,0.50471,,AdamsHall1931 RELATIVE: kappa(P)/kappa(1bar) in Conductivity_Ratio; wt%=2.865; R_ohm=118.356; R/R0=0.96933,1.0,False,1.03164
NaCl,AdamsHall1931,experimental,25.0,108.9,0.50471,,AdamsHall1931 RELATIVE: kappa(P)/kappa(1bar) in Conductivity_Ratio; wt%=2.865; R_ohm=115.773; R/R0=0.94814,1.0,False,1.054697
NaCl,AdamsHall1931,experimental,25.0,158.8,0.50471,,AdamsHall1931 RELATIVE: kappa(P)/kappa(1bar) in Conductivity_Ratio; wt%=2.865; R_ohm=114.741; R/R0=0.93968,1.0,False,1.064192
NaCl,AdamsHall1931,experimental,25.0,193.0,0.50471,,AdamsHall1931 RELATIVE: kappa(P)/kappa(1bar) in Conductivity_Ratio; wt%=2.865; R_ohm=114.494; R/R0=0.93765,1.0,False,1.066496
NaCl,AdamsHall1931,experimental,25.0,217.4,0.50471,,AdamsHall1931 RELATIVE: kappa(P)/kappa(1bar) in Conductivity_Ratio; wt%=2.865; R_ohm=114.506; R/R0=0.93782,1.0,False,1.066303
NaCl,AdamsHall1931,experimental,25.0,262.4,0.50471,,AdamsHall1931 RELATIVE: kappa(P)/kappa(1bar) in Conductivity_Ratio; wt%=2.865; R_ohm=114.897; R/R0=0.941,1.0,False,1.062699
NaCl,AdamsHall1931,experimental,25.0,345.1,0.50471,,AdamsHall1931 RELATIVE: kappa(P)/kappa(1bar) in Conductivity_Ratio; wt%=2.865; R_ohm=116.66; R/R0=0.9554,1.0,False,1.046682
NaCl,AdamsHall1931,experimental,25.0,418.9,0.50471,,AdamsHall1931 RELATIVE: kappa(P)/kappa(1bar) in Conductivity_Ratio; wt%=2.865; R_ohm=119.152; R/R0=0.97582,1.0,False,1.024779
NaCl,AdamsHall1931,experimental,25.0,309.0,0.50471,,AdamsHall1931 RELATIVE: kappa(P)/kappa(1bar) in Conductivity_Ratio; wt%=2.865; R_ohm=115.704; R/R0=0.94754,1.0,False,1.055364
NaCl,AdamsHall1931,experimental,25.0,210.2,0.50471,,AdamsHall1931 RELATIVE: kappa(P)/kappa(1bar) in Conductivity_Ratio; wt%=2.865; R_ohm=114.446; R/R0=0.93733,1.0,False,1.06686
NaCl,AdamsHall1931,experimental,25.0,0.1,0.50471,,AdamsHall1931 RELATIVE: kappa(P)/kappa(1bar) in Conductivity_Ratio; wt%=2.865; R_ohm=122.08; R/R0=0.99981,1.0,False,1.00019
K2SO4,AdamsHall1931,experimental,25.0,0.1,0.09842,,AdamsHall1931 RELATIVE: kappa(P)/kappa(1bar) in Conductivity_Ratio; wt%=1.6861; R_ohm=287.01; R/R0=1.0,1.0,False,1.0
K2SO4,AdamsHall1931,experimental,25.0,58.3,0.09842,,AdamsHall1931 RELATIVE: kappa(P)/kappa(1bar) in Conductivity_Ratio; wt%=1.6861; R_ohm=272.41; R/R0=0.94913,1.0,False,1.053596
K2SO4,AdamsHall1931,experimental,25.0,105.5,0.09842,,AdamsHall1931 RELATIVE: kappa(P)/kappa(1bar) in Conductivity_Ratio; wt%=1.6861; R_ohm=264.7; R/R0=0.92227,1.0,False,1.084281
K2SO4,AdamsHall1931,experimental,25.0,163.3,0.09842,,AdamsHall1931 RELATIVE: kappa(P)/kappa(1bar) in Conductivity_Ratio; wt%=1.6861; R_ohm=258.7; R/R0=0.90136,1.0,False,1.109435
K2SO4,AdamsHall1931,experimental,25.0,188.5,0.09842,,AdamsHall1931 RELATIVE: kappa(P)/kappa(1bar) in Conductivity_Ratio; wt%=1.6861; R_ohm=256.99; R/R0=0.8954,1.0,False,1.116819
K2SO4,AdamsHall1931,experimental,25.0,214.5,0.09842,,AdamsHall1931 RELATIVE: kappa(P)/kappa(1bar) in Conductivity_Ratio; wt%=1.6861; R_ohm=255.68; R/R0=0.89084,1.0,False,1.122536
K2SO4,AdamsHall1931,experimental,25.0,260.6,0.09842,,AdamsHall1931 RELATIVE: kappa(P)/kappa(1bar) in Conductivity_Ratio; wt%=1.6861; R_ohm=254.39; R/R0=0.88634,1.0,False,1.128235
K2SO4,AdamsHall1931,experimental,25.0,312.8,0.09842,,AdamsHall1931 RELATIVE: kappa(P)/kappa(1bar) in Conductivity_Ratio; wt%=1.6861; R_ohm=254.19; R/R0=0.88565,1.0,False,1.129114
K2SO4,AdamsHall1931,experimental,25.0,369.1,0.09842,,AdamsHall1931 RELATIVE: kappa(P)/kappa(1bar) in Conductivity_Ratio; wt%=1.6861; R_ohm=255.3; R/R0=0.88952,1.0,False,1.124202
K2SO4,AdamsHall1931,experimental,25.0,294.1,0.09842,,AdamsHall1931 RELATIVE: kappa(P)/kappa(1bar) in Conductivity_Ratio; wt%=1.6861; R_ohm=254.05; R/R0=0.88516,1.0,False,1.129739
K2SO4,AdamsHall1931,experimental,25.0,136.8,0.09842,,AdamsHall1931 RELATIVE: kappa(P)/kappa(1bar) in Conductivity_Ratio; wt%=1.6861; R_ohm=260.88; R/R0=0.90896,1.0,False,1.100158
K2SO4,AdamsHall1931,experimental,25.0,0.1,0.09842,,AdamsHall1931 RELATIVE: kappa(P)/kappa(1bar) in Conductivity_Ratio; wt%=1.6861; R_ohm=286.94; R/R0=0.99976,1.0,False,1.00024
K2SO4,AdamsHall1931,experimental,25.0,0.1,0.01,,AdamsHall1931 RELATIVE: kappa(P)/kappa(1bar) in Conductivity_Ratio; wt%=0.1739; R_ohm=2234.5; R/R0=1.0,1.0,False,1.0
K2SO4,AdamsHall1931,experimental,25.0,56.2,0.01,,AdamsHall1931 RELATIVE: kappa(P)/kappa(1bar) in Conductivity_Ratio; wt%=0.1739; R_ohm=2144.4; R/R0=0.95967,1.0,False,1.042025
K2SO4,AdamsHall1931,experimental,25.0,108.8,0.01,,AdamsHall1931 RELATIVE: kappa(P)/kappa(1bar) in Conductivity_Ratio; wt%=0.1739; R_ohm=2092.4; R/R0=0.93643,1.0,False,1.067885
K2SO4,AdamsHall1931,experimental,25.0,156.5,0.01,,AdamsHall1931 RELATIVE: kappa(P)/kappa(1bar) in Conductivity_Ratio; wt%=0.1739; R_ohm=2064.6; R/R0=0.92395,1.0,False,1.08231
K2SO4,AdamsHall1931,experimental,25.0,209.6,0.01,,AdamsHall1931 RELATIVE: kappa(P)/kappa(1bar) in Conductivity_Ratio; wt%=0.1739; R_ohm=2049.5; R/R0=0.91719,1.0,False,1.090287
K2SO4,AdamsHall1931,experimental,25.0,261.0,0.01,,AdamsHall1931 RELATIVE: kappa(P)/kappa(1bar) in Conductivity_Ratio; wt%=0.1739; R_ohm=2047.0; R/R0=0.91609,1.0,False,1.091596
K2SO4,AdamsHall1931,experimental,25.0,303.7,0.01,,AdamsHall1931 RELATIVE: kappa(P)/kappa(1bar) in Conductivity_Ratio; wt%=0.1739; R_ohm=2052.2; R/R0=0.91842,1.0,False,1.088826
K2SO4,AdamsHall1931,experimental,25.0,369.8,0.01,,AdamsHall1931 RELATIVE: kappa(P)/kappa(1bar) in Conductivity_Ratio; wt%=0.1739; R_ohm=2071.5; R/R0=0.92706,1.0,False,1.078679
K2SO4,AdamsHall1931,experimental,25.0,273.4,0.01,,AdamsHall1931 RELATIVE: kappa(P)/kappa(1bar) in Conductivity_Ratio; wt%=0.1739; R_ohm=2047.0; R/R0=0.9161,1.0,False,1.091584
K2SO4,AdamsHall1931,experimental,25.0,235.8,0.01,,AdamsHall1931 RELATIVE: kappa(P)/kappa(1bar) in Conductivity_Ratio; wt%=0.1739; R_ohm=2046.1; R/R0=0.91568,1.0,False,1.092085
K2SO4,AdamsHall1931,experimental,25.0,0.1,0.01,,AdamsHall1931 RELATIVE: kappa(P)/kappa(1bar) in Conductivity_Ratio; wt%=0.1739; R_ohm=2234.5; R/R0=1.00002,1.0,False,0.99998
K2SO4,AdamsHall1931,experimental,25.0,0.1,0.02499,,AdamsHall1931 RELATIVE: kappa(P)/kappa(1bar) in Conductivity_Ratio; wt%=0.4336; R_ohm=969.77; R/R0=1.0,1.0,False,1.0
K2SO4,AdamsHall1931,experimental,25.0,54.0,0.02499,,AdamsHall1931 RELATIVE: kappa(P)/kappa(1bar) in Conductivity_Ratio; wt%=0.4336; R_ohm=928.54; R/R0=0.95748,1.0,False,1.044408
K2SO4,AdamsHall1931,experimental,25.0,106.7,0.02499,,AdamsHall1931 RELATIVE: kappa(P)/kappa(1bar) in Conductivity_Ratio; wt%=0.4336; R_ohm=902.9; R/R0=0.93104,1.0,False,1.074068
K2SO4,AdamsHall1931,experimental,25.0,172.0,0.02499,,AdamsHall1931 RELATIVE: kappa(P)/kappa(1bar) in Conductivity_Ratio; wt%=0.4336; R_ohm=885.1; R/R0=0.91269,1.0,False,1.095662
K2SO4,AdamsHall1931,experimental,25.0,243.0,0.02499,,AdamsHall1931 RELATIVE: kappa(P)/kappa(1bar) in Conductivity_Ratio; wt%=0.4336; R_ohm=877.59; R/R0=0.90494,1.0,False,1.105046
K2SO4,AdamsHall1931,experimental,25.0,285.9,0.02499,,AdamsHall1931 RELATIVE: kappa(P)/kappa(1bar) in Conductivity_Ratio; wt%=0.4336; R_ohm=877.44; R/R0=0.90479,1.0,False,1.105229
K2SO4,AdamsHall1931,experimental,25.0,353.0,0.02499,,AdamsHall1931 RELATIVE: kappa(P)/kappa(1bar) in Conductivity_Ratio; wt%=0.4336; R_ohm=882.68; R/R0=0.9102,1.0,False,1.09866
K2SO4,AdamsHall1931,experimental,25.0,416.2,0.02499,,AdamsHall1931 RELATIVE: kappa(P)/kappa(1bar) in Conductivity_Ratio; wt%=0.4336; R_ohm=892.5; R/R0=0.92032,1.0,False,1.086579
K2SO4,AdamsHall1931,experimental,25.0,308.7,0.02499,,AdamsHall1931 RELATIVE: kappa(P)/kappa(1bar) in Conductivity_Ratio; wt%=0.4336; R_ohm=878.16; R/R0=0.90553,1.0,False,1.104326
K2SO4,AdamsHall1931,experimental,25.0,259.9,0.02499,,AdamsHall1931 RELATIVE: kappa(P)/kappa(1bar) in Conductivity_Ratio; wt%=0.4336; R_ohm=876.94; R/R0=0.90428,1.0,False,1.105852
K2SO4,AdamsHall1931,experimental,25.0,0.1,0.02499,,AdamsHall1931 RELATIVE: kappa(P)/kappa(1bar) in Conductivity_Ratio; wt%=0.4336; R_ohm=969.68; R/R0=0.99991,1.0,False,1.00009
KCl,AdamsHall1931,experimental,25.0,0.1,0.05022,,AdamsHall1931 RELATIVE: kappa(P)/kappa(1bar) in Conductivity_Ratio; wt%=0.373; R_ohm=757.71; R/R0=1.0,1.0,False,1.0
KCl,AdamsHall1931,experimental,25.0,25.8,0.05022,,AdamsHall1931 RELATIVE: kappa(P)/kappa(1bar) in Conductivity_Ratio; wt%=0.373; R_ohm=742.76; R/R0=0.98027,1.0,False,1.020127
KCl,AdamsHall1931,experimental,25.0,51.7,0.05022,,AdamsHall1931 RELATIVE: kappa(P)/kappa(1bar) in Conductivity_Ratio; wt%=0.373; R_ohm=730.78; R/R0=0.96446,1.0,False,1.03685
KCl,AdamsHall1931,experimental,25.0,76.6,0.05022,,AdamsHall1931 RELATIVE: kappa(P)/kappa(1bar) in Conductivity_Ratio; wt%=0.373; R_ohm=721.68; R/R0=0.95245,1.0,False,1.049924
KCl,AdamsHall1931,experimental,25.0,102.3,0.05022,,AdamsHall1931 RELATIVE: kappa(P)/kappa(1bar) in Conductivity_Ratio; wt%=0.373; R_ohm=714.38; R/R0=0.94281,1.0,False,1.060659
KCl,AdamsHall1931,experimental,25.0,128.5,0.05022,,AdamsHall1931 RELATIVE: kappa(P)/kappa(1bar) in Conductivity_Ratio; wt%=0.373; R_ohm=709.07; R/R0=0.93581,1.0,False,1.068593
KCl,AdamsHall1931,experimental,25.0,154.2,0.05022,,AdamsHall1931 RELATIVE: kappa(P)/kappa(1bar) in Conductivity_Ratio; wt%=0.373; R_ohm=705.32; R/R0=0.93086,1.0,False,1.074275
KCl,AdamsHall1931,experimental,25.0,184.8,0.05022,,AdamsHall1931 RELATIVE: kappa(P)/kappa(1bar) in Conductivity_Ratio; wt%=0.373; R_ohm=702.75; R/R0=0.92747,1.0,False,1.078202
KCl,AdamsHall1931,experimental,25.0,211.5,0.05022,,AdamsHall1931 RELATIVE: kappa(P)/kappa(1bar) in Conductivity_Ratio; wt%=0.373; R_ohm=701.93; R/R0=0.92638,1.0,False,1.079471
KCl,AdamsHall1931,experimental,25.0,270.5,0.05022,,AdamsHall1931 RELATIVE: kappa(P)/kappa(1bar) in Conductivity_Ratio; wt%=0.373; R_ohm=704.1; R/R0=0.92925,1.0,False,1.076137
KCl,AdamsHall1931,experimental,25.0,160.5,0.05022,,AdamsHall1931 RELATIVE: kappa(P)/kappa(1bar) in Conductivity_Ratio; wt%=0.373; R_ohm=704.41; R/R0=0.92966,1.0,False,1.075662
KCl,AdamsHall1931,experimental,25.0,55.4,0.05022,,AdamsHall1931 RELATIVE: kappa(P)/kappa(1bar) in Conductivity_Ratio; wt%=0.373; R_ohm=728.95; R/R0=0.96204,1.0,False,1.039458
KCl,AdamsHall1931,experimental,25.0,0.1,0.05022,,AdamsHall1931 RELATIVE: kappa(P)/kappa(1bar) in Conductivity_Ratio; wt%=0.373; R_ohm=757.6; R/R0=0.99985,1.0,False,1.00015
